start_s,end_s,generation_W,load_W,batteryEnd_Wh,unmet_Wh,thrustOn
0,60,650,560,241.35,0,1
60,120,650,560,242.7,0,1
120,180,650,560,244.05,0,1
180,240,650,560,245.4,0,1
240,300,650,560,246.75,0,1
300,360,650,560,248.1,0,1
360,420,650,560,249.45,0,1
420,480,650,560,250.8,0,1
480,540,650,560,252.15,0,1
540,600,650,560,253.5,0,1
600,660,650,560,254.85,0,1
660,720,650,560,256.2,0,1
720,780,650,560,257.55,0,1
780,840,650,560,258.9,0,1
840,900,650,560,260.25,0,1
900,960,650,560,261.6,0,1
960,1020,650,560,262.95,0,1
1020,1080,650,560,264.3,0,1
1080,1140,650,560,265.65,0,1
1140,1200,650,560,267,0,1
1200,1260,650,560,268.35,0,1
1260,1320,650,560,269.7,0,1
1320,1380,650,560,271.05,0,1
1380,1440,650,560,272.4,0,1
1440,1500,650,560,273.75,0,1
1500,1560,650,560,275.1,0,1
1560,1620,650,560,276.45,0,1
1620,1680,650,560,277.8,0,1
1680,1740,650,560,279.15,0,1
1740,1800,650,560,280.5,0,1
1800,1801.15183318044,650,560,280.52591624656,0,1
1801.15183318044,1861.15183318044,0,560,270.15554587619,0,1
1861.15183318044,1921.15183318044,0,560,259.78517550582,0,1
1921.15183318044,1981.15183318044,0,560,249.414805135449,0,1
1981.15183318044,2041.15183318044,0,560,239.044434765079,0,1
2041.15183318044,2101.15183318044,0,560,228.674064394709,0,1
2101.15183318044,2161.15183318044,0,560,218.303694024338,0,1
2161.15183318044,2221.15183318044,0,230,214.044434765079,0,0
2221.15183318044,2281.15183318044,0,230,209.78517550582,0,0
2281.15183318044,2341.15183318044,0,230,205.52591624656,0,0
2341.15183318044,2401.15183318044,0,230,201.266656987301,0,0
2401.15183318044,2461.15183318044,0,230,197.007397728042,0,0
2461.15183318044,2521.15183318044,0,230,192.748138468783,0,0
2521.15183318044,2581.15183318044,0,230,188.488879209523,0,0
2581.15183318044,2641.15183318044,0,230,184.229619950264,0,0
2641.15183318044,2701.15183318044,0,230,179.970360691005,0,0
2701.15183318044,2761.15183318044,0,230,175.711101431745,0,0
2761.15183318044,2821.15183318044,0,230,171.451842172486,0,0
2821.15183318044,2881.15183318044,0,230,167.192582913227,0,0
2881.15183318044,2941.15183318044,0,230,162.933323653968,0,0
2941.15183318044,3001.15183318044,0,230,158.674064394708,0,0
3001.15183318044,3061.15183318044,0,230,154.414805135449,0,0
3061.15183318044,3121.15183318044,0,230,150.15554587619,0,0
3121.15183318044,3181.15183318044,0,230,145.896286616931,0,0
3181.15183318044,3241.15183318044,0,230,141.637027357671,0,0
3241.15183318044,3301.15183318044,0,230,137.377768098412,0,0
3301.15183318044,3361.15183318044,0,230,133.118508839153,0,0
3361.15183318044,3421.15183318044,0,230,128.859249579894,0,0
3421.15183318044,3481.15183318044,0,230,124.599990320634,0,0
3481.15183318044,3541.15183318044,0,230,120.340731061375,0,0
3541.15183318044,3601.15183318044,0,230,116.081471802116,0,0
3601.15183318044,3661.15183318044,0,230,111.822212542856,0,0
3661.15183318044,3721.15183318044,0,230,107.562953283597,0,0
3721.15183318044,3781.15183318044,0,230,103.303694024338,0,0
3781.15183318044,3841.15183318044,0,230,99.0444347650787,0,0
3841.15183318044,3901.15183318044,0,230,94.7851755058194,0,0
3901.15183318044,3937.84098183435,0,230,92.1806989038444,0,0
3937.84098183435,3997.84098183435,650,230,98.1806989038444,0,0
3997.84098183435,4057.84098183435,650,230,104.180698903844,0,0
4057.84098183435,4117.84098183435,650,230,110.180698903844,0,0
4117.84098183435,4177.84098183435,650,230,116.180698903844,0,0
4177.84098183435,4237.84098183435,650,230,122.180698903844,0,0
4237.84098183435,4297.84098183435,650,230,128.180698903844,0,0
4297.84098183435,4357.84098183435,650,230,134.180698903844,0,0
4357.84098183435,4417.84098183435,650,230,140.180698903844,0,0
4417.84098183435,4477.84098183435,650,230,146.180698903844,0,0
4477.84098183435,4537.84098183435,650,230,152.180698903844,0,0
4537.84098183435,4597.84098183435,650,230,158.180698903844,0,0
4597.84098183435,4657.84098183435,650,230,164.180698903844,0,0
4657.84098183435,4717.84098183435,650,230,170.180698903844,0,0
4717.84098183435,4777.84098183435,650,230,176.180698903844,0,0
4777.84098183435,4837.84098183435,650,230,182.180698903844,0,0
4837.84098183435,4897.84098183435,650,230,188.180698903844,0,0
4897.84098183435,4957.84098183435,650,230,194.180698903844,0,0
4957.84098183435,5017.84098183435,650,230,200.180698903844,0,0
5017.84098183435,5077.84098183435,650,230,206.180698903844,0,0
5077.84098183435,5137.84098183435,650,230,212.180698903844,0,0
5137.84098183435,5197.84098183435,650,230,218.180698903844,0,0
5197.84098183435,5257.84098183435,650,230,224.180698903844,0,0
5257.84098183435,5317.84098183435,650,230,230.180698903844,0,0
5317.84098183435,5377.84098183435,650,230,236.180698903844,0,0
5377.84098183435,5437.84098183435,650,230,242.180698903844,0,0
5437.84098183435,5497.84098183435,650,230,248.180698903844,0,0
5497.84098183435,5557.84098183435,650,230,254.180698903844,0,0
5557.84098183435,5617.84098183435,650,230,260.180698903844,0,0
5617.84098183435,5677.84098183435,650,230,266.180698903844,0,0
5677.84098183435,5737.84098183435,650,230,272.180698903844,0,0
5737.84098183435,5738.9928150148,650,230,272.295882221889,0,0
5738.9928150148,5798.9928150148,650,560,273.645882221889,0,1
5798.9928150148,5858.9928150148,650,560,274.995882221889,0,1
5858.9928150148,5918.9928150148,650,560,276.345882221889,0,1
5918.9928150148,5978.9928150148,650,560,277.695882221889,0,1
5978.9928150148,6038.9928150148,650,560,279.045882221889,0,1
6038.9928150148,6098.9928150148,650,560,280.395882221889,0,1
6098.9928150148,6158.9928150148,650,560,281.745882221889,0,1
6158.9928150148,6218.9928150148,650,560,283.095882221889,0,1
6218.9928150148,6278.9928150148,650,560,284.445882221889,0,1
6278.9928150148,6338.9928150148,650,560,285.795882221889,0,1
6338.9928150148,6398.9928150148,650,560,287.145882221889,0,1
6398.9928150148,6458.9928150148,650,560,288.495882221889,0,1
6458.9928150148,6518.9928150148,650,560,289.845882221889,0,1
6518.9928150148,6578.9928150148,650,560,291.195882221889,0,1
6578.9928150148,6638.9928150148,650,560,292.545882221889,0,1
6638.9928150148,6698.9928150148,650,560,293.895882221889,0,1
6698.9928150148,6758.9928150148,650,560,295.245882221889,0,1
6758.9928150148,6818.9928150148,650,560,296.595882221889,0,1
6818.9928150148,6878.9928150148,650,560,297.945882221889,0,1
6878.9928150148,6938.9928150148,650,560,299.295882221889,0,1
6938.9928150148,6998.9928150148,650,560,300,0,1
6998.9928150148,7058.9928150148,650,560,300,0,1
7058.9928150148,7118.9928150148,650,560,300,0,1
7118.9928150148,7178.9928150148,650,560,300,0,1
7178.9928150148,7238.9928150148,650,560,300,0,1
7238.9928150148,7298.9928150148,650,560,300,0,1
7298.9928150148,7358.9928150148,650,560,300,0,1
7358.9928150148,7418.9928150148,650,560,300,0,1
7418.9928150148,7478.9928150148,650,560,300,0,1
7478.9928150148,7538.9928150148,650,560,300,0,1
7538.9928150148,7540.14464819524,650,560,300,0,1
7540.14464819524,7600.14464819524,0,560,289.62962962963,0,1
7600.14464819524,7660.14464819524,0,560,279.259259259259,0,1
7660.14464819524,7720.14464819524,0,560,268.888888888889,0,1
7720.14464819524,7780.14464819524,0,560,258.518518518518,0,1
7780.14464819524,7840.14464819524,0,560,248.148148148148,0,1
7840.14464819524,7900.14464819524,0,560,237.777777777778,0,1
7900.14464819524,7960.14464819524,0,560,227.407407407407,0,1
7960.14464819524,8020.14464819524,0,560,217.037037037037,0,1
8020.14464819524,8080.14464819524,0,560,206.666666666667,0,1
8080.14464819524,8140.14464819524,0,230,202.407407407407,0,0
8140.14464819524,8200.14464819524,0,230,198.148148148148,0,0
8200.14464819524,8260.14464819524,0,230,193.888888888889,0,0
8260.14464819524,8320.14464819524,0,230,189.62962962963,0,0
8320.14464819524,8380.14464819524,0,230,185.37037037037,0,0
8380.14464819524,8440.14464819524,0,230,181.111111111111,0,0
8440.14464819524,8500.14464819524,0,230,176.851851851852,0,0
8500.14464819524,8560.14464819524,0,230,172.592592592592,0,0
8560.14464819524,8620.14464819524,0,230,168.333333333333,0,0
8620.14464819524,8680.14464819524,0,230,164.074074074074,0,0
8680.14464819524,8740.14464819524,0,230,159.814814814815,0,0
8740.14464819524,8800.14464819524,0,230,155.555555555555,0,0
8800.14464819524,8860.14464819524,0,230,151.296296296296,0,0
8860.14464819524,8920.14464819524,0,230,147.037037037037,0,0
8920.14464819524,8980.14464819524,0,230,142.777777777778,0,0
8980.14464819524,9040.14464819524,0,230,138.518518518518,0,0
9040.14464819524,9100.14464819524,0,230,134.259259259259,0,0
9100.14464819524,9160.14464819524,0,230,130,0,0
9160.14464819524,9220.14464819524,0,230,125.740740740741,0,0
9220.14464819524,9280.14464819524,0,230,121.481481481481,0,0
9280.14464819524,9340.14464819524,0,230,117.222222222222,0,0
9340.14464819524,9400.14464819524,0,230,112.962962962963,0,0
9400.14464819524,9460.14464819524,0,230,108.703703703703,0,0
9460.14464819524,9520.14464819524,0,230,104.444444444444,0,0
9520.14464819524,9580.14464819524,0,230,100.185185185185,0,0
9580.14464819524,9640.14464819524,0,230,95.9259259259256,0,0
9640.14464819524,9676.83379684915,0,230,93.3214493239507,0,0
9676.83379684915,9736.83379684915,650,230,99.3214493239507,0,0
9736.83379684915,9796.83379684915,650,230,105.321449323951,0,0
9796.83379684915,9856.83379684915,650,230,111.321449323951,0,0
9856.83379684915,9916.83379684915,650,230,117.321449323951,0,0
9916.83379684915,9976.83379684915,650,230,123.321449323951,0,0
9976.83379684915,10036.8337968492,650,230,129.321449323951,0,0
10036.8337968492,10096.8337968492,650,230,135.321449323951,0,0
10096.8337968492,10156.8337968492,650,230,141.321449323951,0,0
10156.8337968492,10216.8337968492,650,230,147.321449323951,0,0
10216.8337968492,10276.8337968492,650,230,153.321449323951,0,0
10276.8337968492,10336.8337968492,650,230,159.321449323951,0,0
10336.8337968492,10396.8337968492,650,230,165.321449323951,0,0
10396.8337968492,10456.8337968492,650,230,171.321449323951,0,0
10456.8337968492,10516.8337968492,650,230,177.321449323951,0,0
10516.8337968492,10576.8337968492,650,230,183.321449323951,0,0
10576.8337968492,10636.8337968492,650,230,189.321449323951,0,0
10636.8337968492,10696.8337968492,650,230,195.321449323951,0,0
10696.8337968492,10756.8337968492,650,230,201.321449323951,0,0
10756.8337968492,10816.8337968492,650,230,207.321449323951,0,0
10816.8337968492,10876.8337968492,650,230,213.321449323951,0,0
10876.8337968492,10936.8337968492,650,230,219.321449323951,0,0
10936.8337968492,10996.8337968492,650,230,225.321449323951,0,0
10996.8337968492,11056.8337968492,650,230,231.321449323951,0,0
11056.8337968492,11116.8337968492,650,230,237.321449323951,0,0
11116.8337968492,11176.8337968492,650,230,243.321449323951,0,0
11176.8337968492,11236.8337968492,650,230,249.321449323951,0,0
11236.8337968492,11296.8337968492,650,230,255.321449323951,0,0
11296.8337968492,11356.8337968492,650,230,261.321449323951,0,0
11356.8337968492,11416.8337968492,650,230,267.321449323951,0,0
11416.8337968492,11476.8337968492,650,230,273.321449323951,0,0
11476.8337968492,11477.9856300296,650,230,273.436632641995,0,0
11477.9856300296,11537.9856300296,650,560,274.786632641995,0,1
11537.9856300296,11597.9856300296,650,560,276.136632641995,0,1
11597.9856300296,11657.9856300296,650,560,277.486632641995,0,1
11657.9856300296,11717.9856300296,650,560,278.836632641995,0,1
11717.9856300296,11777.9856300296,650,560,280.186632641995,0,1
11777.9856300296,11837.9856300296,650,560,281.536632641995,0,1
11837.9856300296,11897.9856300296,650,560,282.886632641995,0,1
11897.9856300296,11957.9856300296,650,560,284.236632641995,0,1
11957.9856300296,12017.9856300296,650,560,285.586632641995,0,1
12017.9856300296,12077.9856300296,650,560,286.936632641995,0,1
12077.9856300296,12137.9856300296,650,560,288.286632641995,0,1
12137.9856300296,12197.9856300296,650,560,289.636632641996,0,1
12197.9856300296,12257.9856300296,650,560,290.986632641996,0,1
12257.9856300296,12317.9856300296,650,560,292.336632641996,0,1
12317.9856300296,12377.9856300296,650,560,293.686632641996,0,1
12377.9856300296,12437.9856300296,650,560,295.036632641996,0,1
12437.9856300296,12497.9856300296,650,560,296.386632641996,0,1
12497.9856300296,12557.9856300296,650,560,297.736632641996,0,1
12557.9856300296,12617.9856300296,650,560,299.086632641996,0,1
12617.9856300296,12677.9856300296,650,560,300,0,1
12677.9856300296,12737.9856300296,650,560,300,0,1
12737.9856300296,12797.9856300296,650,560,300,0,1
12797.9856300296,12857.9856300296,650,560,300,0,1
12857.9856300296,12917.9856300296,650,560,300,0,1
12917.9856300296,12977.9856300296,650,560,300,0,1
12977.9856300296,13037.9856300296,650,560,300,0,1
13037.9856300296,13097.9856300296,650,560,300,0,1
13097.9856300296,13157.9856300296,650,560,300,0,1
13157.9856300296,13217.9856300296,650,560,300,0,1
13217.9856300296,13277.9856300296,650,560,300,0,1
13277.9856300296,13279.13746321,650,560,300,0,1
13279.13746321,13339.13746321,0,560,289.62962962963,0,1
13339.13746321,13399.13746321,0,560,279.259259259259,0,1
13399.13746321,13459.13746321,0,560,268.888888888889,0,1
13459.13746321,13519.13746321,0,560,258.518518518518,0,1
13519.13746321,13579.13746321,0,560,248.148148148148,0,1
13579.13746321,13639.13746321,0,560,237.777777777778,0,1
13639.13746321,13699.13746321,0,560,227.407407407407,0,1
13699.13746321,13759.13746321,0,560,217.037037037037,0,1
13759.13746321,13819.13746321,0,560,206.666666666667,0,1
13819.13746321,13879.13746321,0,230,202.407407407407,0,0
13879.13746321,13939.13746321,0,230,198.148148148148,0,0
13939.13746321,13999.13746321,0,230,193.888888888889,0,0
13999.13746321,14059.13746321,0,230,189.62962962963,0,0
14059.13746321,14119.13746321,0,230,185.37037037037,0,0
14119.13746321,14179.13746321,0,230,181.111111111111,0,0
14179.13746321,14239.13746321,0,230,176.851851851852,0,0
14239.13746321,14299.13746321,0,230,172.592592592592,0,0
14299.13746321,14359.13746321,0,230,168.333333333333,0,0
14359.13746321,14419.13746321,0,230,164.074074074074,0,0
14419.13746321,14479.13746321,0,230,159.814814814815,0,0
14479.13746321,14539.13746321,0,230,155.555555555555,0,0
14539.13746321,14599.13746321,0,230,151.296296296296,0,0
14599.13746321,14659.13746321,0,230,147.037037037037,0,0
14659.13746321,14719.13746321,0,230,142.777777777778,0,0
14719.13746321,14779.13746321,0,230,138.518518518518,0,0
14779.13746321,14839.13746321,0,230,134.259259259259,0,0
14839.13746321,14899.13746321,0,230,130,0,0
14899.13746321,14959.13746321,0,230,125.740740740741,0,0
14959.13746321,15019.13746321,0,230,121.481481481481,0,0
15019.13746321,15079.13746321,0,230,117.222222222222,0,0
15079.13746321,15139.13746321,0,230,112.962962962963,0,0
15139.13746321,15199.13746321,0,230,108.703703703703,0,0
15199.13746321,15259.13746321,0,230,104.444444444444,0,0
15259.13746321,15319.13746321,0,230,100.185185185185,0,0
15319.13746321,15379.13746321,0,230,95.9259259259256,0,0
15379.13746321,15415.8266118639,0,230,93.3214493239507,0,0
15415.8266118639,15475.8266118639,650,230,99.3214493239507,0,0
15475.8266118639,15535.8266118639,650,230,105.321449323951,0,0
15535.8266118639,15595.8266118639,650,230,111.321449323951,0,0
15595.8266118639,15655.8266118639,650,230,117.321449323951,0,0
15655.8266118639,15715.8266118639,650,230,123.321449323951,0,0
15715.8266118639,15775.8266118639,650,230,129.321449323951,0,0
15775.8266118639,15835.8266118639,650,230,135.321449323951,0,0
15835.8266118639,15895.8266118639,650,230,141.321449323951,0,0
15895.8266118639,15955.8266118639,650,230,147.321449323951,0,0
15955.8266118639,16015.8266118639,650,230,153.321449323951,0,0
16015.8266118639,16075.8266118639,650,230,159.321449323951,0,0
16075.8266118639,16135.8266118639,650,230,165.321449323951,0,0
16135.8266118639,16195.8266118639,650,230,171.321449323951,0,0
16195.8266118639,16255.8266118639,650,230,177.321449323951,0,0
16255.8266118639,16315.8266118639,650,230,183.321449323951,0,0
16315.8266118639,16375.8266118639,650,230,189.321449323951,0,0
16375.8266118639,16435.826611864,650,230,195.321449323951,0,0
16435.826611864,16495.826611864,650,230,201.321449323951,0,0
16495.826611864,16555.826611864,650,230,207.321449323951,0,0
16555.826611864,16615.826611864,650,230,213.321449323951,0,0
16615.826611864,16675.826611864,650,230,219.321449323951,0,0
16675.826611864,16735.826611864,650,230,225.321449323951,0,0
16735.826611864,16795.826611864,650,230,231.321449323951,0,0
16795.826611864,16855.826611864,650,230,237.321449323951,0,0
16855.826611864,16915.826611864,650,230,243.321449323951,0,0
16915.826611864,16975.826611864,650,230,249.321449323951,0,0
16975.826611864,17035.826611864,650,230,255.321449323951,0,0
17035.826611864,17095.826611864,650,230,261.321449323951,0,0
17095.826611864,17155.826611864,650,230,267.321449323951,0,0
17155.826611864,17215.826611864,650,230,273.321449323951,0,0
17215.826611864,17216.9784450444,650,230,273.436632641995,0,0
17216.9784450444,17276.9784450444,650,560,274.786632641995,0,1
17276.9784450444,17336.9784450444,650,560,276.136632641995,0,1
17336.9784450444,17396.9784450444,650,560,277.486632641995,0,1
17396.9784450444,17456.9784450444,650,560,278.836632641995,0,1
17456.9784450444,17516.9784450444,650,560,280.186632641995,0,1
17516.9784450444,17576.9784450444,650,560,281.536632641995,0,1
17576.9784450444,17636.9784450444,650,560,282.886632641995,0,1
17636.9784450444,17696.9784450444,650,560,284.236632641995,0,1
17696.9784450444,17756.9784450444,650,560,285.586632641995,0,1
17756.9784450444,17816.9784450444,650,560,286.936632641995,0,1
17816.9784450444,17876.9784450444,650,560,288.286632641995,0,1
17876.9784450444,17936.9784450444,650,560,289.636632641996,0,1
17936.9784450444,17996.9784450444,650,560,290.986632641996,0,1
17996.9784450444,18056.9784450444,650,560,292.336632641996,0,1
18056.9784450444,18116.9784450444,650,560,293.686632641996,0,1
18116.9784450444,18176.9784450444,650,560,295.036632641996,0,1
18176.9784450444,18236.9784450444,650,560,296.386632641996,0,1
18236.9784450444,18296.9784450444,650,560,297.736632641996,0,1
18296.9784450444,18356.9784450444,650,560,299.086632641996,0,1
18356.9784450444,18416.9784450444,650,560,300,0,1
18416.9784450444,18476.9784450444,650,560,300,0,1
18476.9784450444,18536.9784450444,650,560,300,0,1
18536.9784450444,18596.9784450444,650,560,300,0,1
18596.9784450444,18656.9784450444,650,560,300,0,1
18656.9784450444,18716.9784450444,650,560,300,0,1
18716.9784450444,18776.9784450444,650,560,300,0,1
18776.9784450444,18836.9784450444,650,560,300,0,1
18836.9784450444,18896.9784450444,650,560,300,0,1
18896.9784450444,18956.9784450444,650,560,300,0,1
18956.9784450444,19016.9784450444,650,560,300,0,1
19016.9784450444,19018.1302782248,650,560,300,0,1
19018.1302782248,19078.1302782248,0,560,289.62962962963,0,1
19078.1302782248,19138.1302782248,0,560,279.259259259259,0,1
19138.1302782248,19198.1302782248,0,560,268.888888888889,0,1
19198.1302782248,19258.1302782248,0,560,258.518518518518,0,1
19258.1302782248,19318.1302782248,0,560,248.148148148148,0,1
19318.1302782248,19378.1302782248,0,560,237.777777777778,0,1
19378.1302782248,19438.1302782248,0,560,227.407407407407,0,1
19438.1302782248,19498.1302782248,0,560,217.037037037037,0,1
19498.1302782248,19558.1302782248,0,560,206.666666666667,0,1
19558.1302782248,19618.1302782248,0,230,202.407407407407,0,0
19618.1302782248,19678.1302782248,0,230,198.148148148148,0,0
19678.1302782248,19738.1302782248,0,230,193.888888888889,0,0
19738.1302782248,19798.1302782248,0,230,189.62962962963,0,0
19798.1302782248,19858.1302782248,0,230,185.37037037037,0,0
19858.1302782248,19918.1302782248,0,230,181.111111111111,0,0
19918.1302782248,19978.1302782248,0,230,176.851851851852,0,0
19978.1302782248,20038.1302782248,0,230,172.592592592592,0,0
20038.1302782248,20098.1302782248,0,230,168.333333333333,0,0
20098.1302782248,20158.1302782248,0,230,164.074074074074,0,0
20158.1302782248,20218.1302782248,0,230,159.814814814815,0,0
20218.1302782248,20278.1302782248,0,230,155.555555555555,0,0
20278.1302782248,20338.1302782248,0,230,151.296296296296,0,0
20338.1302782248,20398.1302782248,0,230,147.037037037037,0,0
20398.1302782248,20458.1302782248,0,230,142.777777777778,0,0
20458.1302782248,20518.1302782248,0,230,138.518518518518,0,0
20518.1302782248,20578.1302782248,0,230,134.259259259259,0,0
20578.1302782248,20638.1302782248,0,230,130,0,0
20638.1302782248,20698.1302782248,0,230,125.740740740741,0,0
20698.1302782248,20758.1302782248,0,230,121.481481481481,0,0
20758.1302782248,20818.1302782248,0,230,117.222222222222,0,0
20818.1302782248,20878.1302782248,0,230,112.962962962963,0,0
20878.1302782248,20938.1302782248,0,230,108.703703703703,0,0
20938.1302782248,20998.1302782248,0,230,104.444444444444,0,0
20998.1302782248,21058.1302782248,0,230,100.185185185185,0,0
21058.1302782248,21118.1302782248,0,230,95.9259259259256,0,0
21118.1302782248,21154.8194268787,0,230,93.3214493239506,0,0
21154.8194268787,21214.8194268787,650,230,99.3214493239506,0,0
21214.8194268787,21274.8194268787,650,230,105.321449323951,0,0
21274.8194268787,21334.8194268787,650,230,111.321449323951,0,0
21334.8194268787,21394.8194268787,650,230,117.321449323951,0,0
21394.8194268787,21454.8194268787,650,230,123.321449323951,0,0
21454.8194268787,21514.8194268787,650,230,129.321449323951,0,0
21514.8194268787,21574.8194268787,650,230,135.321449323951,0,0
21574.8194268787,21634.8194268787,650,230,141.321449323951,0,0
21634.8194268787,21694.8194268787,650,230,147.321449323951,0,0
21694.8194268787,21754.8194268787,650,230,153.321449323951,0,0
21754.8194268787,21814.8194268787,650,230,159.321449323951,0,0
21814.8194268787,21874.8194268787,650,230,165.321449323951,0,0
21874.8194268787,21934.8194268787,650,230,171.321449323951,0,0
21934.8194268787,21994.8194268787,650,230,177.321449323951,0,0
21994.8194268787,22054.8194268787,650,230,183.321449323951,0,0
22054.8194268787,22114.8194268787,650,230,189.321449323951,0,0
22114.8194268787,22174.8194268787,650,230,195.321449323951,0,0
22174.8194268787,22234.8194268787,650,230,201.321449323951,0,0
22234.8194268787,22294.8194268787,650,230,207.321449323951,0,0
22294.8194268787,22354.8194268787,650,230,213.321449323951,0,0
22354.8194268787,22414.8194268787,650,230,219.321449323951,0,0
22414.8194268787,22474.8194268787,650,230,225.321449323951,0,0
22474.8194268787,22534.8194268787,650,230,231.321449323951,0,0
22534.8194268787,22594.8194268787,650,230,237.321449323951,0,0
22594.8194268787,22654.8194268787,650,230,243.321449323951,0,0
22654.8194268787,22714.8194268787,650,230,249.321449323951,0,0
22714.8194268787,22774.8194268787,650,230,255.321449323951,0,0
22774.8194268787,22834.8194268787,650,230,261.321449323951,0,0
22834.8194268787,22894.8194268787,650,230,267.321449323951,0,0
22894.8194268787,22954.8194268787,650,230,273.321449323951,0,0
22954.8194268787,22955.9712600592,650,230,273.436632641995,0,0
22955.9712600592,23015.9712600592,650,560,274.786632641995,0,1
23015.9712600592,23075.9712600592,650,560,276.136632641995,0,1
23075.9712600592,23135.9712600592,650,560,277.486632641995,0,1
23135.9712600592,23195.9712600592,650,560,278.836632641995,0,1
23195.9712600592,23255.9712600592,650,560,280.186632641995,0,1
23255.9712600592,23315.9712600592,650,560,281.536632641995,0,1
23315.9712600592,23375.9712600592,650,560,282.886632641995,0,1
23375.9712600592,23435.9712600592,650,560,284.236632641995,0,1
23435.9712600592,23495.9712600592,650,560,285.586632641995,0,1
23495.9712600592,23555.9712600592,650,560,286.936632641995,0,1
23555.9712600592,23615.9712600592,650,560,288.286632641995,0,1
23615.9712600592,23675.9712600592,650,560,289.636632641995,0,1
23675.9712600592,23735.9712600592,650,560,290.986632641995,0,1
23735.9712600592,23795.9712600592,650,560,292.336632641995,0,1
23795.9712600592,23855.9712600592,650,560,293.686632641995,0,1
23855.9712600592,23915.9712600592,650,560,295.036632641995,0,1
23915.9712600592,23975.9712600592,650,560,296.386632641995,0,1
23975.9712600592,24035.9712600592,650,560,297.736632641995,0,1
24035.9712600592,24095.9712600592,650,560,299.086632641995,0,1
24095.9712600592,24155.9712600592,650,560,300,0,1
24155.9712600592,24215.9712600592,650,560,300,0,1
24215.9712600592,24275.9712600592,650,560,300,0,1
24275.9712600592,24335.9712600592,650,560,300,0,1
24335.9712600592,24395.9712600592,650,560,300,0,1
24395.9712600592,24455.9712600592,650,560,300,0,1
24455.9712600592,24515.9712600592,650,560,300,0,1
24515.9712600592,24575.9712600592,650,560,300,0,1
24575.9712600592,24635.9712600592,650,560,300,0,1
24635.9712600592,24695.9712600592,650,560,300,0,1
24695.9712600592,24755.9712600592,650,560,300,0,1
24755.9712600592,24757.1230932396,650,560,300,0,1
24757.1230932396,24817.1230932396,0,560,289.62962962963,0,1
24817.1230932396,24877.1230932396,0,560,279.259259259259,0,1
24877.1230932396,24937.1230932396,0,560,268.888888888889,0,1
24937.1230932396,24997.1230932396,0,560,258.518518518518,0,1
24997.1230932396,25057.1230932396,0,560,248.148148148148,0,1
25057.1230932396,25117.1230932396,0,560,237.777777777778,0,1
25117.1230932396,25177.1230932396,0,560,227.407407407407,0,1
25177.1230932396,25237.1230932396,0,560,217.037037037037,0,1
25237.1230932396,25297.1230932396,0,560,206.666666666667,0,1
25297.1230932396,25357.1230932396,0,230,202.407407407407,0,0
25357.1230932396,25417.1230932396,0,230,198.148148148148,0,0
25417.1230932396,25477.1230932396,0,230,193.888888888889,0,0
25477.1230932396,25537.1230932396,0,230,189.62962962963,0,0
25537.1230932396,25597.1230932396,0,230,185.37037037037,0,0
25597.1230932396,25657.1230932396,0,230,181.111111111111,0,0
25657.1230932396,25717.1230932396,0,230,176.851851851852,0,0
25717.1230932396,25777.1230932396,0,230,172.592592592592,0,0
25777.1230932396,25837.1230932396,0,230,168.333333333333,0,0
25837.1230932396,25897.1230932396,0,230,164.074074074074,0,0
25897.1230932396,25957.1230932396,0,230,159.814814814815,0,0
25957.1230932396,26017.1230932396,0,230,155.555555555555,0,0
26017.1230932396,26077.1230932396,0,230,151.296296296296,0,0
26077.1230932396,26137.1230932396,0,230,147.037037037037,0,0
26137.1230932396,26197.1230932396,0,230,142.777777777778,0,0
26197.1230932396,26257.1230932396,0,230,138.518518518518,0,0
26257.1230932396,26317.1230932396,0,230,134.259259259259,0,0
26317.1230932396,26377.1230932396,0,230,130,0,0
26377.1230932396,26437.1230932396,0,230,125.740740740741,0,0
26437.1230932396,26497.1230932396,0,230,121.481481481481,0,0
26497.1230932396,26557.1230932396,0,230,117.222222222222,0,0
26557.1230932396,26617.1230932396,0,230,112.962962962963,0,0
26617.1230932396,26677.1230932396,0,230,108.703703703703,0,0
26677.1230932396,26737.1230932396,0,230,104.444444444444,0,0
26737.1230932396,26797.1230932396,0,230,100.185185185185,0,0
26797.1230932396,26857.1230932396,0,230,95.9259259259256,0,0
26857.1230932396,26893.8122418935,0,230,93.3214493239506,0,0
26893.8122418935,26953.8122418935,650,230,99.3214493239506,0,0
26953.8122418935,27013.8122418935,650,230,105.321449323951,0,0
27013.8122418935,27073.8122418935,650,230,111.321449323951,0,0
27073.8122418935,27133.8122418935,650,230,117.321449323951,0,0
27133.8122418935,27193.8122418935,650,230,123.321449323951,0,0
27193.8122418935,27253.8122418935,650,230,129.321449323951,0,0
27253.8122418935,27313.8122418935,650,230,135.321449323951,0,0
27313.8122418935,27373.8122418935,650,230,141.321449323951,0,0
27373.8122418935,27433.8122418935,650,230,147.321449323951,0,0
27433.8122418935,27493.8122418935,650,230,153.321449323951,0,0
27493.8122418935,27553.8122418935,650,230,159.321449323951,0,0
27553.8122418935,27613.8122418935,650,230,165.321449323951,0,0
27613.8122418935,27673.8122418935,650,230,171.321449323951,0,0
27673.8122418935,27733.8122418935,650,230,177.321449323951,0,0
27733.8122418935,27793.8122418935,650,230,183.321449323951,0,0
27793.8122418935,27853.8122418935,650,230,189.321449323951,0,0
27853.8122418935,27913.8122418935,650,230,195.321449323951,0,0
27913.8122418935,27973.8122418935,650,230,201.321449323951,0,0
27973.8122418935,28033.8122418935,650,230,207.321449323951,0,0
28033.8122418935,28093.8122418935,650,230,213.321449323951,0,0
28093.8122418935,28153.8122418935,650,230,219.321449323951,0,0
28153.8122418935,28213.8122418935,650,230,225.321449323951,0,0
28213.8122418935,28273.8122418935,650,230,231.321449323951,0,0
28273.8122418935,28333.8122418935,650,230,237.321449323951,0,0
28333.8122418935,28393.8122418935,650,230,243.321449323951,0,0
28393.8122418935,28453.8122418935,650,230,249.321449323951,0,0
28453.8122418935,28513.8122418935,650,230,255.321449323951,0,0
28513.8122418935,28573.8122418935,650,230,261.321449323951,0,0
28573.8122418935,28633.8122418935,650,230,267.321449323951,0,0
28633.8122418935,28693.8122418935,650,230,273.321449323951,0,0
28693.8122418935,28694.964075074,650,230,273.436632641995,0,0
28694.964075074,28754.964075074,650,560,274.786632641995,0,1
28754.964075074,28814.964075074,650,560,276.136632641995,0,1
28814.964075074,28874.964075074,650,560,277.486632641995,0,1
28874.964075074,28934.964075074,650,560,278.836632641995,0,1
28934.964075074,28994.964075074,650,560,280.186632641995,0,1
28994.964075074,29054.964075074,650,560,281.536632641995,0,1
29054.964075074,29114.964075074,650,560,282.886632641995,0,1
29114.964075074,29174.964075074,650,560,284.236632641995,0,1
29174.964075074,29234.964075074,650,560,285.586632641995,0,1
29234.964075074,29294.964075074,650,560,286.936632641995,0,1
29294.964075074,29354.964075074,650,560,288.286632641995,0,1
29354.964075074,29414.964075074,650,560,289.636632641995,0,1
29414.964075074,29474.964075074,650,560,290.986632641995,0,1
29474.964075074,29534.964075074,650,560,292.336632641995,0,1
29534.964075074,29594.964075074,650,560,293.686632641995,0,1
29594.964075074,29654.964075074,650,560,295.036632641995,0,1
29654.964075074,29714.964075074,650,560,296.386632641995,0,1
29714.964075074,29774.964075074,650,560,297.736632641995,0,1
29774.964075074,29834.964075074,650,560,299.086632641995,0,1
29834.964075074,29894.964075074,650,560,300,0,1
29894.964075074,29954.964075074,650,560,300,0,1
29954.964075074,30014.964075074,650,560,300,0,1
30014.964075074,30074.964075074,650,560,300,0,1
30074.964075074,30134.964075074,650,560,300,0,1
30134.964075074,30194.964075074,650,560,300,0,1
30194.964075074,30254.964075074,650,560,300,0,1
30254.964075074,30314.964075074,650,560,300,0,1
30314.964075074,30374.964075074,650,560,300,0,1
30374.964075074,30434.964075074,650,560,300,0,1
30434.964075074,30494.964075074,650,560,300,0,1
30494.964075074,30496.1159082544,650,560,300,0,1
30496.1159082544,30556.1159082544,0,560,289.62962962963,0,1
30556.1159082544,30616.1159082544,0,560,279.259259259259,0,1
30616.1159082544,30676.1159082544,0,560,268.888888888889,0,1
30676.1159082544,30736.1159082544,0,560,258.518518518518,0,1
30736.1159082544,30796.1159082544,0,560,248.148148148148,0,1
30796.1159082544,30856.1159082544,0,560,237.777777777778,0,1
30856.1159082544,30916.1159082544,0,560,227.407407407407,0,1
30916.1159082544,30976.1159082544,0,560,217.037037037037,0,1
30976.1159082544,31036.1159082544,0,560,206.666666666667,0,1
31036.1159082544,31096.1159082544,0,230,202.407407407407,0,0
31096.1159082544,31156.1159082544,0,230,198.148148148148,0,0
31156.1159082544,31216.1159082544,0,230,193.888888888889,0,0
31216.1159082544,31276.1159082544,0,230,189.62962962963,0,0
31276.1159082544,31336.1159082544,0,230,185.37037037037,0,0
31336.1159082544,31396.1159082544,0,230,181.111111111111,0,0
31396.1159082544,31456.1159082544,0,230,176.851851851852,0,0
31456.1159082544,31516.1159082544,0,230,172.592592592592,0,0
31516.1159082544,31576.1159082544,0,230,168.333333333333,0,0
31576.1159082544,31636.1159082544,0,230,164.074074074074,0,0
31636.1159082544,31696.1159082544,0,230,159.814814814815,0,0
31696.1159082544,31756.1159082544,0,230,155.555555555555,0,0
31756.1159082544,31816.1159082544,0,230,151.296296296296,0,0
31816.1159082544,31876.1159082544,0,230,147.037037037037,0,0
31876.1159082544,31936.1159082544,0,230,142.777777777778,0,0
31936.1159082544,31996.1159082544,0,230,138.518518518518,0,0
31996.1159082544,32056.1159082544,0,230,134.259259259259,0,0
32056.1159082544,32116.1159082544,0,230,130,0,0
32116.1159082544,32176.1159082544,0,230,125.740740740741,0,0
32176.1159082544,32236.1159082544,0,230,121.481481481481,0,0
32236.1159082544,32296.1159082544,0,230,117.222222222222,0,0
32296.1159082544,32356.1159082544,0,230,112.962962962963,0,0
32356.1159082544,32416.1159082544,0,230,108.703703703703,0,0
32416.1159082544,32476.1159082544,0,230,104.444444444444,0,0
32476.1159082544,32536.1159082544,0,230,100.185185185185,0,0
32536.1159082544,32596.1159082544,0,230,95.9259259259256,0,0
32596.1159082544,32632.8050569083,0,230,93.3214493239506,0,0
32632.8050569083,32692.8050569083,650,230,99.3214493239506,0,0
32692.8050569083,32752.8050569083,650,230,105.321449323951,0,0
32752.8050569083,32812.8050569083,650,230,111.321449323951,0,0
32812.8050569083,32872.8050569083,650,230,117.321449323951,0,0
32872.8050569083,32932.8050569083,650,230,123.321449323951,0,0
32932.8050569083,32992.8050569083,650,230,129.321449323951,0,0
32992.8050569083,33052.8050569083,650,230,135.321449323951,0,0
33052.8050569083,33112.8050569083,650,230,141.321449323951,0,0
33112.8050569083,33172.8050569083,650,230,147.321449323951,0,0
33172.8050569083,33232.8050569083,650,230,153.321449323951,0,0
33232.8050569083,33292.8050569083,650,230,159.321449323951,0,0
33292.8050569083,33352.8050569083,650,230,165.321449323951,0,0
33352.8050569083,33412.8050569083,650,230,171.321449323951,0,0
33412.8050569083,33472.8050569083,650,230,177.321449323951,0,0
33472.8050569083,33532.8050569083,650,230,183.321449323951,0,0
33532.8050569083,33592.8050569083,650,230,189.321449323951,0,0
33592.8050569083,33652.8050569083,650,230,195.321449323951,0,0
33652.8050569083,33712.8050569083,650,230,201.321449323951,0,0
33712.8050569083,33772.8050569083,650,230,207.321449323951,0,0
33772.8050569083,33832.8050569083,650,230,213.321449323951,0,0
33832.8050569083,33892.8050569083,650,230,219.321449323951,0,0
33892.8050569083,33952.8050569083,650,230,225.321449323951,0,0
33952.8050569083,34012.8050569083,650,230,231.321449323951,0,0
34012.8050569083,34072.8050569083,650,230,237.321449323951,0,0
34072.8050569083,34132.8050569083,650,230,243.321449323951,0,0
34132.8050569083,34192.8050569083,650,230,249.321449323951,0,0
34192.8050569083,34252.8050569083,650,230,255.321449323951,0,0
34252.8050569083,34312.8050569083,650,230,261.321449323951,0,0
34312.8050569083,34372.8050569083,650,230,267.321449323951,0,0
34372.8050569083,34432.8050569083,650,230,273.321449323951,0,0
34432.8050569083,34433.9568900888,650,230,273.436632641995,0,0
34433.9568900888,34493.9568900888,650,560,274.786632641995,0,1
34493.9568900888,34553.9568900888,650,560,276.136632641995,0,1
34553.9568900888,34613.9568900888,650,560,277.486632641995,0,1
34613.9568900888,34673.9568900888,650,560,278.836632641995,0,1
34673.9568900888,34733.9568900888,650,560,280.186632641995,0,1
34733.9568900888,34793.9568900888,650,560,281.536632641995,0,1
34793.9568900888,34853.9568900888,650,560,282.886632641995,0,1
34853.9568900888,34913.9568900888,650,560,284.236632641995,0,1
34913.9568900888,34973.9568900888,650,560,285.586632641995,0,1
34973.9568900888,35033.9568900888,650,560,286.936632641996,0,1
35033.9568900888,35093.9568900888,650,560,288.286632641996,0,1
35093.9568900888,35153.9568900888,650,560,289.636632641996,0,1
35153.9568900888,35213.9568900888,650,560,290.986632641996,0,1
35213.9568900888,35273.9568900888,650,560,292.336632641996,0,1
35273.9568900888,35333.9568900888,650,560,293.686632641996,0,1
35333.9568900888,35393.9568900888,650,560,295.036632641996,0,1
35393.9568900888,35453.9568900888,650,560,296.386632641996,0,1
35453.9568900888,35513.9568900888,650,560,297.736632641996,0,1
35513.9568900888,35573.9568900888,650,560,299.086632641996,0,1
35573.9568900888,35633.9568900888,650,560,300,0,1
35633.9568900888,35693.9568900888,650,560,300,0,1
35693.9568900888,35753.9568900888,650,560,300,0,1
35753.9568900888,35813.9568900888,650,560,300,0,1
35813.9568900888,35873.9568900888,650,560,300,0,1
35873.9568900888,35933.9568900888,650,560,300,0,1
35933.9568900888,35993.9568900888,650,560,300,0,1
35993.9568900888,36053.9568900888,650,560,300,0,1
36053.9568900888,36113.9568900888,650,560,300,0,1
36113.9568900888,36173.9568900888,650,560,300,0,1
36173.9568900888,36233.9568900888,650,560,300,0,1
36233.9568900888,36235.1087232692,650,560,300,0,1
36235.1087232692,36295.1087232692,0,560,289.62962962963,0,1
36295.1087232692,36355.1087232692,0,560,279.259259259259,0,1
36355.1087232692,36415.1087232692,0,560,268.888888888889,0,1
36415.1087232692,36475.1087232692,0,560,258.518518518518,0,1
36475.1087232692,36535.1087232692,0,560,248.148148148148,0,1
36535.1087232692,36595.1087232692,0,560,237.777777777778,0,1
36595.1087232692,36655.1087232692,0,560,227.407407407407,0,1
36655.1087232692,36715.1087232692,0,560,217.037037037037,0,1
36715.1087232692,36775.1087232692,0,560,206.666666666667,0,1
36775.1087232692,36835.1087232692,0,230,202.407407407407,0,0
36835.1087232692,36895.1087232692,0,230,198.148148148148,0,0
36895.1087232692,36955.1087232692,0,230,193.888888888889,0,0
36955.1087232692,37015.1087232692,0,230,189.62962962963,0,0
37015.1087232692,37075.1087232692,0,230,185.37037037037,0,0
37075.1087232692,37135.1087232692,0,230,181.111111111111,0,0
37135.1087232692,37195.1087232692,0,230,176.851851851852,0,0
37195.1087232692,37255.1087232692,0,230,172.592592592592,0,0
37255.1087232692,37315.1087232692,0,230,168.333333333333,0,0
37315.1087232692,37375.1087232692,0,230,164.074074074074,0,0
37375.1087232692,37435.1087232692,0,230,159.814814814815,0,0
37435.1087232692,37495.1087232692,0,230,155.555555555555,0,0
37495.1087232692,37555.1087232692,0,230,151.296296296296,0,0
37555.1087232692,37615.1087232692,0,230,147.037037037037,0,0
37615.1087232692,37675.1087232692,0,230,142.777777777778,0,0
37675.1087232692,37735.1087232692,0,230,138.518518518518,0,0
37735.1087232692,37795.1087232692,0,230,134.259259259259,0,0
37795.1087232692,37855.1087232692,0,230,130,0,0
37855.1087232692,37915.1087232692,0,230,125.740740740741,0,0
37915.1087232692,37975.1087232692,0,230,121.481481481481,0,0
37975.1087232692,38035.1087232692,0,230,117.222222222222,0,0
38035.1087232692,38095.1087232692,0,230,112.962962962963,0,0
38095.1087232692,38155.1087232692,0,230,108.703703703703,0,0
38155.1087232692,38215.1087232692,0,230,104.444444444444,0,0
38215.1087232692,38275.1087232692,0,230,100.185185185185,0,0
38275.1087232692,38335.1087232692,0,230,95.9259259259256,0,0
38335.1087232692,38371.7978719231,0,230,93.3214493239511,0,0
38371.7978719231,38431.7978719231,650,230,99.3214493239511,0,0
38431.7978719231,38491.7978719231,650,230,105.321449323951,0,0
38491.7978719231,38551.7978719231,650,230,111.321449323951,0,0
38551.7978719231,38611.7978719231,650,230,117.321449323951,0,0
38611.7978719231,38671.7978719231,650,230,123.321449323951,0,0
38671.7978719231,38731.7978719231,650,230,129.321449323951,0,0
38731.7978719231,38791.7978719231,650,230,135.321449323951,0,0
38791.7978719231,38851.7978719231,650,230,141.321449323951,0,0
38851.7978719231,38911.7978719231,650,230,147.321449323951,0,0
38911.7978719231,38971.7978719231,650,230,153.321449323951,0,0
38971.7978719231,39031.7978719231,650,230,159.321449323951,0,0
39031.7978719231,39091.7978719231,650,230,165.321449323951,0,0
39091.7978719231,39151.7978719231,650,230,171.321449323951,0,0
39151.7978719231,39211.7978719231,650,230,177.321449323951,0,0
39211.7978719231,39271.7978719231,650,230,183.321449323951,0,0
39271.7978719231,39331.7978719231,650,230,189.321449323951,0,0
39331.7978719231,39391.7978719231,650,230,195.321449323951,0,0
39391.7978719231,39451.7978719231,650,230,201.321449323951,0,0
39451.7978719231,39511.7978719231,650,230,207.321449323951,0,0
39511.7978719231,39571.7978719231,650,230,213.321449323951,0,0
39571.7978719231,39631.7978719231,650,230,219.321449323951,0,0
39631.7978719231,39691.7978719231,650,230,225.321449323951,0,0
39691.7978719231,39751.7978719231,650,230,231.321449323951,0,0
39751.7978719231,39811.7978719231,650,230,237.321449323951,0,0
39811.7978719231,39871.7978719231,650,230,243.321449323951,0,0
39871.7978719231,39931.7978719231,650,230,249.321449323951,0,0
39931.7978719231,39991.7978719231,650,230,255.321449323951,0,0
39991.7978719231,40051.7978719231,650,230,261.321449323951,0,0
40051.7978719231,40111.7978719231,650,230,267.321449323951,0,0
40111.7978719231,40171.7978719231,650,230,273.321449323951,0,0
40171.7978719231,40172.9497051036,650,230,273.436632641996,0,0
40172.9497051036,40232.9497051036,650,560,274.786632641996,0,1
40232.9497051036,40292.9497051036,650,560,276.136632641996,0,1
40292.9497051036,40352.9497051036,650,560,277.486632641996,0,1
40352.9497051036,40412.9497051036,650,560,278.836632641996,0,1
40412.9497051036,40472.9497051036,650,560,280.186632641996,0,1
40472.9497051036,40532.9497051036,650,560,281.536632641996,0,1
40532.9497051036,40592.9497051036,650,560,282.886632641996,0,1
40592.9497051036,40652.9497051036,650,560,284.236632641996,0,1
40652.9497051036,40712.9497051036,650,560,285.586632641996,0,1
40712.9497051036,40772.9497051036,650,560,286.936632641996,0,1
40772.9497051036,40832.9497051036,650,560,288.286632641996,0,1
40832.9497051036,40892.9497051036,650,560,289.636632641996,0,1
40892.9497051036,40952.9497051036,650,560,290.986632641996,0,1
40952.9497051036,41012.9497051036,650,560,292.336632641996,0,1
41012.9497051036,41072.9497051036,650,560,293.686632641996,0,1
41072.9497051036,41132.9497051036,650,560,295.036632641996,0,1
41132.9497051036,41192.9497051036,650,560,296.386632641996,0,1
41192.9497051036,41252.9497051036,650,560,297.736632641996,0,1
41252.9497051036,41312.9497051036,650,560,299.086632641996,0,1
41312.9497051036,41372.9497051036,650,560,300,0,1
41372.9497051036,41432.9497051036,650,560,300,0,1
41432.9497051036,41492.9497051036,650,560,300,0,1
41492.9497051036,41552.9497051036,650,560,300,0,1
41552.9497051036,41612.9497051036,650,560,300,0,1
41612.9497051036,41672.9497051036,650,560,300,0,1
41672.9497051036,41732.9497051036,650,560,300,0,1
41732.9497051036,41792.9497051036,650,560,300,0,1
41792.9497051036,41852.9497051036,650,560,300,0,1
41852.9497051036,41912.9497051036,650,560,300,0,1
41912.9497051036,41972.9497051036,650,560,300,0,1
41972.9497051036,41974.101538284,650,560,300,0,1
41974.101538284,42034.101538284,0,560,289.62962962963,0,1
42034.101538284,42094.101538284,0,560,279.259259259259,0,1
42094.101538284,42154.101538284,0,560,268.888888888889,0,1
42154.101538284,42214.101538284,0,560,258.518518518518,0,1
42214.101538284,42274.101538284,0,560,248.148148148148,0,1
42274.101538284,42334.101538284,0,560,237.777777777778,0,1
42334.101538284,42394.101538284,0,560,227.407407407407,0,1
42394.101538284,42454.101538284,0,560,217.037037037037,0,1
42454.101538284,42514.101538284,0,560,206.666666666667,0,1
42514.101538284,42574.101538284,0,230,202.407407407407,0,0
42574.101538284,42634.101538284,0,230,198.148148148148,0,0
42634.101538284,42694.101538284,0,230,193.888888888889,0,0
42694.101538284,42754.101538284,0,230,189.62962962963,0,0
42754.101538284,42814.101538284,0,230,185.37037037037,0,0
42814.101538284,42874.101538284,0,230,181.111111111111,0,0
42874.101538284,42934.101538284,0,230,176.851851851852,0,0
42934.101538284,42994.101538284,0,230,172.592592592592,0,0
42994.101538284,43054.101538284,0,230,168.333333333333,0,0
43054.101538284,43114.101538284,0,230,164.074074074074,0,0
43114.101538284,43174.101538284,0,230,159.814814814815,0,0
43174.101538284,43234.101538284,0,230,155.555555555555,0,0
43234.101538284,43294.101538284,0,230,151.296296296296,0,0
43294.101538284,43354.101538284,0,230,147.037037037037,0,0
43354.101538284,43414.101538284,0,230,142.777777777778,0,0
43414.101538284,43474.101538284,0,230,138.518518518518,0,0
43474.101538284,43534.101538284,0,230,134.259259259259,0,0
43534.101538284,43594.101538284,0,230,130,0,0
43594.101538284,43654.101538284,0,230,125.740740740741,0,0
43654.101538284,43714.101538284,0,230,121.481481481481,0,0
43714.101538284,43774.101538284,0,230,117.222222222222,0,0
43774.101538284,43834.101538284,0,230,112.962962962963,0,0
43834.101538284,43894.101538284,0,230,108.703703703703,0,0
43894.101538284,43954.101538284,0,230,104.444444444444,0,0
43954.101538284,44014.101538284,0,230,100.185185185185,0,0
44014.101538284,44074.101538284,0,230,95.9259259259256,0,0
44074.101538284,44110.7906869379,0,230,93.3214493239511,0,0
44110.7906869379,44170.7906869379,650,230,99.3214493239511,0,0
44170.7906869379,44230.7906869379,650,230,105.321449323951,0,0
44230.7906869379,44290.7906869379,650,230,111.321449323951,0,0
44290.7906869379,44350.7906869379,650,230,117.321449323951,0,0
44350.7906869379,44410.7906869379,650,230,123.321449323951,0,0
44410.7906869379,44470.7906869379,650,230,129.321449323951,0,0
44470.7906869379,44530.7906869379,650,230,135.321449323951,0,0
44530.7906869379,44590.7906869379,650,230,141.321449323951,0,0
44590.7906869379,44650.7906869379,650,230,147.321449323951,0,0
44650.7906869379,44710.7906869379,650,230,153.321449323951,0,0
44710.7906869379,44770.7906869379,650,230,159.321449323951,0,0
44770.7906869379,44830.7906869379,650,230,165.321449323951,0,0
44830.7906869379,44890.7906869379,650,230,171.321449323951,0,0
44890.7906869379,44950.7906869379,650,230,177.321449323951,0,0
44950.7906869379,45010.7906869379,650,230,183.321449323951,0,0
45010.7906869379,45070.7906869379,650,230,189.321449323951,0,0
45070.7906869379,45130.7906869379,650,230,195.321449323951,0,0
45130.7906869379,45190.7906869379,650,230,201.321449323951,0,0
45190.7906869379,45250.7906869379,650,230,207.321449323951,0,0
45250.7906869379,45310.7906869379,650,230,213.321449323951,0,0
45310.7906869379,45370.7906869379,650,230,219.321449323951,0,0
45370.7906869379,45430.7906869379,650,230,225.321449323951,0,0
45430.7906869379,45490.7906869379,650,230,231.321449323951,0,0
45490.7906869379,45550.7906869379,650,230,237.321449323951,0,0
45550.7906869379,45610.7906869379,650,230,243.321449323951,0,0
45610.7906869379,45670.7906869379,650,230,249.321449323951,0,0
45670.7906869379,45730.7906869379,650,230,255.321449323951,0,0
45730.7906869379,45790.7906869379,650,230,261.321449323951,0,0
45790.7906869379,45850.7906869379,650,230,267.321449323951,0,0
45850.7906869379,45910.7906869379,650,230,273.321449323951,0,0
45910.7906869379,45911.9425201184,650,230,273.436632641996,0,0
45911.9425201184,45971.9425201184,650,560,274.786632641996,0,1
45971.9425201184,46031.9425201184,650,560,276.136632641996,0,1
46031.9425201184,46091.9425201184,650,560,277.486632641996,0,1
46091.9425201184,46151.9425201184,650,560,278.836632641996,0,1
46151.9425201184,46211.9425201184,650,560,280.186632641996,0,1
46211.9425201184,46271.9425201184,650,560,281.536632641996,0,1
46271.9425201184,46331.9425201184,650,560,282.886632641996,0,1
46331.9425201184,46391.9425201184,650,560,284.236632641996,0,1
46391.9425201184,46451.9425201184,650,560,285.586632641996,0,1
46451.9425201184,46511.9425201184,650,560,286.936632641996,0,1
46511.9425201184,46571.9425201184,650,560,288.286632641996,0,1
46571.9425201184,46631.9425201184,650,560,289.636632641996,0,1
46631.9425201184,46691.9425201184,650,560,290.986632641996,0,1
46691.9425201184,46751.9425201184,650,560,292.336632641996,0,1
46751.9425201184,46811.9425201184,650,560,293.686632641996,0,1
46811.9425201184,46871.9425201184,650,560,295.036632641996,0,1
46871.9425201184,46931.9425201184,650,560,296.386632641996,0,1
46931.9425201184,46991.9425201184,650,560,297.736632641996,0,1
46991.9425201184,47051.9425201184,650,560,299.086632641996,0,1
47051.9425201184,47111.9425201184,650,560,300,0,1
47111.9425201184,47171.9425201184,650,560,300,0,1
47171.9425201184,47231.9425201184,650,560,300,0,1
47231.9425201184,47291.9425201184,650,560,300,0,1
47291.9425201184,47351.9425201184,650,560,300,0,1
47351.9425201184,47411.9425201184,650,560,300,0,1
47411.9425201184,47471.9425201184,650,560,300,0,1
47471.9425201184,47531.9425201184,650,560,300,0,1
47531.9425201184,47591.9425201184,650,560,300,0,1
47591.9425201184,47651.9425201184,650,560,300,0,1
47651.9425201184,47711.9425201184,650,560,300,0,1
47711.9425201184,47713.0943532988,650,560,300,0,1
47713.0943532988,47773.0943532988,0,560,289.62962962963,0,1
47773.0943532988,47833.0943532988,0,560,279.259259259259,0,1
47833.0943532988,47893.0943532988,0,560,268.888888888889,0,1
47893.0943532988,47953.0943532988,0,560,258.518518518518,0,1
47953.0943532988,48013.0943532988,0,560,248.148148148148,0,1
48013.0943532988,48073.0943532988,0,560,237.777777777778,0,1
48073.0943532988,48133.0943532988,0,560,227.407407407407,0,1
48133.0943532988,48193.0943532988,0,560,217.037037037037,0,1
48193.0943532988,48253.0943532988,0,560,206.666666666667,0,1
48253.0943532988,48313.0943532988,0,230,202.407407407407,0,0
48313.0943532988,48373.0943532988,0,230,198.148148148148,0,0
48373.0943532988,48433.0943532988,0,230,193.888888888889,0,0
48433.0943532988,48493.0943532988,0,230,189.62962962963,0,0
48493.0943532988,48553.0943532988,0,230,185.37037037037,0,0
48553.0943532988,48613.0943532988,0,230,181.111111111111,0,0
48613.0943532988,48673.0943532988,0,230,176.851851851852,0,0
48673.0943532988,48733.0943532988,0,230,172.592592592592,0,0
48733.0943532988,48793.0943532988,0,230,168.333333333333,0,0
48793.0943532988,48853.0943532988,0,230,164.074074074074,0,0
48853.0943532988,48913.0943532988,0,230,159.814814814815,0,0
48913.0943532988,48973.0943532988,0,230,155.555555555555,0,0
48973.0943532988,49033.0943532988,0,230,151.296296296296,0,0
49033.0943532988,49093.0943532988,0,230,147.037037037037,0,0
49093.0943532988,49153.0943532988,0,230,142.777777777778,0,0
49153.0943532988,49213.0943532988,0,230,138.518518518518,0,0
49213.0943532988,49273.0943532988,0,230,134.259259259259,0,0
49273.0943532988,49333.0943532988,0,230,130,0,0
49333.0943532988,49393.0943532988,0,230,125.740740740741,0,0
49393.0943532988,49453.0943532988,0,230,121.481481481481,0,0
49453.0943532988,49513.0943532988,0,230,117.222222222222,0,0
49513.0943532988,49573.0943532988,0,230,112.962962962963,0,0
49573.0943532988,49633.0943532988,0,230,108.703703703703,0,0
49633.0943532988,49693.0943532988,0,230,104.444444444444,0,0
49693.0943532988,49753.0943532988,0,230,100.185185185185,0,0
49753.0943532988,49813.0943532988,0,230,95.9259259259256,0,0
49813.0943532988,49849.7835019527,0,230,93.3214493239511,0,0
49849.7835019527,49909.7835019527,650,230,99.3214493239511,0,0
49909.7835019527,49969.7835019527,650,230,105.321449323951,0,0
49969.7835019527,50029.7835019527,650,230,111.321449323951,0,0
50029.7835019527,50089.7835019527,650,230,117.321449323951,0,0
50089.7835019527,50149.7835019527,650,230,123.321449323951,0,0
50149.7835019527,50209.7835019527,650,230,129.321449323951,0,0
50209.7835019527,50269.7835019527,650,230,135.321449323951,0,0
50269.7835019527,50329.7835019527,650,230,141.321449323951,0,0
50329.7835019527,50389.7835019527,650,230,147.321449323951,0,0
50389.7835019527,50449.7835019527,650,230,153.321449323951,0,0
50449.7835019527,50509.7835019527,650,230,159.321449323951,0,0
50509.7835019527,50569.7835019527,650,230,165.321449323951,0,0
50569.7835019527,50629.7835019527,650,230,171.321449323951,0,0
50629.7835019527,50689.7835019527,650,230,177.321449323951,0,0
50689.7835019527,50749.7835019527,650,230,183.321449323951,0,0
50749.7835019527,50809.7835019527,650,230,189.321449323951,0,0
50809.7835019527,50869.7835019527,650,230,195.321449323951,0,0
50869.7835019527,50929.7835019527,650,230,201.321449323951,0,0
50929.7835019527,50989.7835019527,650,230,207.321449323951,0,0
50989.7835019527,51049.7835019527,650,230,213.321449323951,0,0
51049.7835019527,51109.7835019527,650,230,219.321449323951,0,0
51109.7835019527,51169.7835019527,650,230,225.321449323951,0,0
51169.7835019527,51229.7835019527,650,230,231.321449323951,0,0
51229.7835019527,51289.7835019527,650,230,237.321449323951,0,0
51289.7835019527,51349.7835019527,650,230,243.321449323951,0,0
51349.7835019527,51409.7835019527,650,230,249.321449323951,0,0
51409.7835019527,51469.7835019527,650,230,255.321449323951,0,0
51469.7835019527,51529.7835019527,650,230,261.321449323951,0,0
51529.7835019527,51589.7835019527,650,230,267.321449323951,0,0
51589.7835019527,51649.7835019527,650,230,273.321449323951,0,0
51649.7835019527,51650.9353351332,650,230,273.436632641996,0,0
51650.9353351332,51710.9353351332,650,560,274.786632641996,0,1
51710.9353351332,51770.9353351332,650,560,276.136632641996,0,1
51770.9353351332,51830.9353351332,650,560,277.486632641996,0,1
51830.9353351332,51890.9353351332,650,560,278.836632641996,0,1
51890.9353351332,51950.9353351332,650,560,280.186632641996,0,1
51950.9353351332,52010.9353351332,650,560,281.536632641996,0,1
52010.9353351332,52070.9353351332,650,560,282.886632641996,0,1
52070.9353351332,52130.9353351332,650,560,284.236632641996,0,1
52130.9353351332,52190.9353351332,650,560,285.586632641996,0,1
52190.9353351332,52250.9353351332,650,560,286.936632641996,0,1
52250.9353351332,52310.9353351332,650,560,288.286632641996,0,1
52310.9353351332,52370.9353351332,650,560,289.636632641996,0,1
52370.9353351332,52430.9353351332,650,560,290.986632641996,0,1
52430.9353351332,52490.9353351332,650,560,292.336632641996,0,1
52490.9353351332,52550.9353351332,650,560,293.686632641996,0,1
52550.9353351332,52610.9353351332,650,560,295.036632641996,0,1
52610.9353351332,52670.9353351332,650,560,296.386632641996,0,1
52670.9353351332,52730.9353351332,650,560,297.736632641996,0,1
52730.9353351332,52790.9353351332,650,560,299.086632641996,0,1
52790.9353351332,52850.9353351332,650,560,300,0,1
52850.9353351332,52910.9353351332,650,560,300,0,1
52910.9353351332,52970.9353351332,650,560,300,0,1
52970.9353351332,53030.9353351332,650,560,300,0,1
53030.9353351332,53090.9353351332,650,560,300,0,1
53090.9353351332,53150.9353351332,650,560,300,0,1
53150.9353351332,53210.9353351332,650,560,300,0,1
53210.9353351332,53270.9353351332,650,560,300,0,1
53270.9353351332,53330.9353351332,650,560,300,0,1
53330.9353351332,53390.9353351332,650,560,300,0,1
53390.9353351332,53450.9353351332,650,560,300,0,1
53450.9353351332,53452.0871683136,650,560,300,0,1
53452.0871683136,53512.0871683136,0,560,289.62962962963,0,1
53512.0871683136,53572.0871683136,0,560,279.259259259259,0,1
53572.0871683136,53632.0871683136,0,560,268.888888888889,0,1
53632.0871683136,53692.0871683136,0,560,258.518518518518,0,1
53692.0871683136,53752.0871683136,0,560,248.148148148148,0,1
53752.0871683136,53812.0871683136,0,560,237.777777777778,0,1
53812.0871683136,53872.0871683136,0,560,227.407407407407,0,1
53872.0871683136,53932.0871683136,0,560,217.037037037037,0,1
53932.0871683136,53992.0871683136,0,560,206.666666666667,0,1
53992.0871683136,54052.0871683136,0,230,202.407407407407,0,0
54052.0871683136,54112.0871683136,0,230,198.148148148148,0,0
54112.0871683136,54172.0871683136,0,230,193.888888888889,0,0
54172.0871683136,54232.0871683136,0,230,189.62962962963,0,0
54232.0871683136,54292.0871683136,0,230,185.37037037037,0,0
54292.0871683136,54352.0871683136,0,230,181.111111111111,0,0
54352.0871683136,54412.0871683136,0,230,176.851851851852,0,0
54412.0871683136,54472.0871683136,0,230,172.592592592592,0,0
54472.0871683136,54532.0871683136,0,230,168.333333333333,0,0
54532.0871683136,54592.0871683136,0,230,164.074074074074,0,0
54592.0871683136,54652.0871683136,0,230,159.814814814815,0,0
54652.0871683136,54712.0871683136,0,230,155.555555555555,0,0
54712.0871683136,54772.0871683136,0,230,151.296296296296,0,0
54772.0871683136,54832.0871683136,0,230,147.037037037037,0,0
54832.0871683136,54892.0871683136,0,230,142.777777777778,0,0
54892.0871683136,54952.0871683136,0,230,138.518518518518,0,0
54952.0871683136,55012.0871683136,0,230,134.259259259259,0,0
55012.0871683136,55072.0871683136,0,230,130,0,0
55072.0871683136,55132.0871683136,0,230,125.740740740741,0,0
55132.0871683136,55192.0871683136,0,230,121.481481481481,0,0
55192.0871683136,55252.0871683136,0,230,117.222222222222,0,0
55252.0871683136,55312.0871683136,0,230,112.962962962963,0,0
55312.0871683136,55372.0871683136,0,230,108.703703703703,0,0
55372.0871683136,55432.0871683136,0,230,104.444444444444,0,0
55432.0871683136,55492.0871683136,0,230,100.185185185185,0,0
55492.0871683136,55552.0871683136,0,230,95.9259259259256,0,0
55552.0871683136,55588.7763169675,0,230,93.3214493239511,0,0
55588.7763169675,55648.7763169675,650,230,99.3214493239511,0,0
55648.7763169675,55708.7763169675,650,230,105.321449323951,0,0
55708.7763169675,55768.7763169675,650,230,111.321449323951,0,0
55768.7763169675,55828.7763169675,650,230,117.321449323951,0,0
55828.7763169675,55888.7763169675,650,230,123.321449323951,0,0
55888.7763169675,55948.7763169675,650,230,129.321449323951,0,0
55948.7763169675,56008.7763169675,650,230,135.321449323951,0,0
56008.7763169675,56068.7763169675,650,230,141.321449323951,0,0
56068.7763169675,56128.7763169675,650,230,147.321449323951,0,0
56128.7763169675,56188.7763169675,650,230,153.321449323951,0,0
56188.7763169675,56248.7763169675,650,230,159.321449323951,0,0
56248.7763169675,56308.7763169675,650,230,165.321449323951,0,0
56308.7763169675,56368.7763169675,650,230,171.321449323951,0,0
56368.7763169675,56428.7763169675,650,230,177.321449323951,0,0
56428.7763169675,56488.7763169675,650,230,183.321449323951,0,0
56488.7763169675,56548.7763169675,650,230,189.321449323951,0,0
56548.7763169675,56608.7763169675,650,230,195.321449323951,0,0
56608.7763169675,56668.7763169675,650,230,201.321449323951,0,0
56668.7763169675,56728.7763169675,650,230,207.321449323951,0,0
56728.7763169675,56788.7763169675,650,230,213.321449323951,0,0
56788.7763169675,56848.7763169675,650,230,219.321449323951,0,0
56848.7763169675,56908.7763169675,650,230,225.321449323951,0,0
56908.7763169675,56968.7763169675,650,230,231.321449323951,0,0
56968.7763169675,57028.7763169675,650,230,237.321449323951,0,0
57028.7763169675,57088.7763169675,650,230,243.321449323951,0,0
57088.7763169675,57148.7763169675,650,230,249.321449323951,0,0
57148.7763169675,57208.7763169675,650,230,255.321449323951,0,0
57208.7763169675,57268.7763169675,650,230,261.321449323951,0,0
57268.7763169675,57328.7763169675,650,230,267.321449323951,0,0
57328.7763169675,57388.7763169675,650,230,273.321449323951,0,0
57388.7763169675,57389.928150148,650,230,273.436632641996,0,0
57389.928150148,57449.928150148,650,560,274.786632641996,0,1
57449.928150148,57509.928150148,650,560,276.136632641996,0,1
57509.928150148,57569.928150148,650,560,277.486632641996,0,1
57569.928150148,57629.928150148,650,560,278.836632641996,0,1
57629.928150148,57689.928150148,650,560,280.186632641996,0,1
57689.928150148,57749.928150148,650,560,281.536632641996,0,1
57749.928150148,57809.928150148,650,560,282.886632641996,0,1
57809.928150148,57869.928150148,650,560,284.236632641996,0,1
57869.928150148,57929.928150148,650,560,285.586632641996,0,1
57929.928150148,57989.928150148,650,560,286.936632641996,0,1
57989.928150148,58049.928150148,650,560,288.286632641996,0,1
58049.928150148,58109.928150148,650,560,289.636632641996,0,1
58109.928150148,58169.928150148,650,560,290.986632641996,0,1
58169.928150148,58229.928150148,650,560,292.336632641996,0,1
58229.928150148,58289.928150148,650,560,293.686632641996,0,1
58289.928150148,58349.928150148,650,560,295.036632641996,0,1
58349.928150148,58409.928150148,650,560,296.386632641996,0,1
58409.928150148,58469.928150148,650,560,297.736632641996,0,1
58469.928150148,58529.928150148,650,560,299.086632641996,0,1
58529.928150148,58589.928150148,650,560,300,0,1
58589.928150148,58649.928150148,650,560,300,0,1
58649.928150148,58709.928150148,650,560,300,0,1
58709.928150148,58769.928150148,650,560,300,0,1
58769.928150148,58829.928150148,650,560,300,0,1
58829.928150148,58889.928150148,650,560,300,0,1
58889.928150148,58949.928150148,650,560,300,0,1
58949.928150148,59009.928150148,650,560,300,0,1
59009.928150148,59069.928150148,650,560,300,0,1
59069.928150148,59129.928150148,650,560,300,0,1
59129.928150148,59189.928150148,650,560,300,0,1
59189.928150148,59191.0799833284,650,560,300,0,1
59191.0799833284,59251.0799833284,0,560,289.62962962963,0,1
59251.0799833284,59311.0799833284,0,560,279.259259259259,0,1
59311.0799833284,59371.0799833284,0,560,268.888888888889,0,1
59371.0799833284,59431.0799833284,0,560,258.518518518518,0,1
59431.0799833284,59491.0799833284,0,560,248.148148148148,0,1
59491.0799833284,59551.0799833284,0,560,237.777777777778,0,1
59551.0799833284,59611.0799833284,0,560,227.407407407407,0,1
59611.0799833284,59671.0799833284,0,560,217.037037037037,0,1
59671.0799833284,59731.0799833284,0,560,206.666666666667,0,1
59731.0799833284,59791.0799833284,0,230,202.407407407407,0,0
59791.0799833284,59851.0799833284,0,230,198.148148148148,0,0
59851.0799833284,59911.0799833284,0,230,193.888888888889,0,0
59911.0799833284,59971.0799833284,0,230,189.62962962963,0,0
59971.0799833284,60031.0799833284,0,230,185.37037037037,0,0
60031.0799833284,60091.0799833284,0,230,181.111111111111,0,0
60091.0799833284,60151.0799833284,0,230,176.851851851852,0,0
60151.0799833284,60211.0799833284,0,230,172.592592592592,0,0
60211.0799833284,60271.0799833284,0,230,168.333333333333,0,0
60271.0799833284,60331.0799833284,0,230,164.074074074074,0,0
60331.0799833284,60391.0799833284,0,230,159.814814814815,0,0
60391.0799833284,60451.0799833284,0,230,155.555555555555,0,0
60451.0799833284,60511.0799833284,0,230,151.296296296296,0,0
60511.0799833284,60571.0799833284,0,230,147.037037037037,0,0
60571.0799833284,60631.0799833284,0,230,142.777777777778,0,0
60631.0799833284,60691.0799833284,0,230,138.518518518518,0,0
60691.0799833284,60751.0799833284,0,230,134.259259259259,0,0
60751.0799833284,60811.0799833284,0,230,130,0,0
60811.0799833284,60871.0799833284,0,230,125.740740740741,0,0
60871.0799833284,60931.0799833284,0,230,121.481481481481,0,0
60931.0799833284,60991.0799833284,0,230,117.222222222222,0,0
60991.0799833284,61051.0799833284,0,230,112.962962962963,0,0
61051.0799833284,61111.0799833284,0,230,108.703703703703,0,0
61111.0799833284,61171.0799833284,0,230,104.444444444444,0,0
61171.0799833284,61231.0799833284,0,230,100.185185185185,0,0
61231.0799833284,61291.0799833284,0,230,95.9259259259256,0,0
61291.0799833284,61327.7691319823,0,230,93.3214493239511,0,0
61327.7691319823,61387.7691319823,650,230,99.3214493239511,0,0
61387.7691319823,61447.7691319823,650,230,105.321449323951,0,0
61447.7691319823,61507.7691319823,650,230,111.321449323951,0,0
61507.7691319823,61567.7691319823,650,230,117.321449323951,0,0
61567.7691319823,61627.7691319823,650,230,123.321449323951,0,0
61627.7691319823,61687.7691319823,650,230,129.321449323951,0,0
61687.7691319823,61747.7691319823,650,230,135.321449323951,0,0
61747.7691319823,61807.7691319823,650,230,141.321449323951,0,0
61807.7691319823,61867.7691319823,650,230,147.321449323951,0,0
61867.7691319823,61927.7691319823,650,230,153.321449323951,0,0
61927.7691319823,61987.7691319823,650,230,159.321449323951,0,0
61987.7691319823,62047.7691319823,650,230,165.321449323951,0,0
62047.7691319823,62107.7691319823,650,230,171.321449323951,0,0
62107.7691319823,62167.7691319823,650,230,177.321449323951,0,0
62167.7691319823,62227.7691319823,650,230,183.321449323951,0,0
62227.7691319823,62287.7691319823,650,230,189.321449323951,0,0
62287.7691319823,62347.7691319823,650,230,195.321449323951,0,0
62347.7691319823,62407.7691319823,650,230,201.321449323951,0,0
62407.7691319823,62467.7691319823,650,230,207.321449323951,0,0
62467.7691319823,62527.7691319823,650,230,213.321449323951,0,0
62527.7691319823,62587.7691319823,650,230,219.321449323951,0,0
62587.7691319823,62647.7691319823,650,230,225.321449323951,0,0
62647.7691319823,62707.7691319823,650,230,231.321449323951,0,0
62707.7691319823,62767.7691319823,650,230,237.321449323951,0,0
62767.7691319823,62827.7691319823,650,230,243.321449323951,0,0
62827.7691319823,62887.7691319823,650,230,249.321449323951,0,0
62887.7691319823,62947.7691319823,650,230,255.321449323951,0,0
62947.7691319823,63007.7691319823,650,230,261.321449323951,0,0
63007.7691319823,63067.7691319823,650,230,267.321449323951,0,0
63067.7691319823,63127.7691319823,650,230,273.321449323951,0,0
63127.7691319823,63128.9209651628,650,230,273.436632641996,0,0
63128.9209651628,63188.9209651628,650,560,274.786632641996,0,1
63188.9209651628,63248.9209651628,650,560,276.136632641996,0,1
63248.9209651628,63308.9209651628,650,560,277.486632641996,0,1
63308.9209651628,63368.9209651628,650,560,278.836632641996,0,1
63368.9209651628,63428.9209651628,650,560,280.186632641996,0,1
63428.9209651628,63488.9209651628,650,560,281.536632641996,0,1
63488.9209651628,63548.9209651628,650,560,282.886632641996,0,1
63548.9209651628,63608.9209651628,650,560,284.236632641996,0,1
63608.9209651628,63668.9209651628,650,560,285.586632641996,0,1
63668.9209651628,63728.9209651628,650,560,286.936632641996,0,1
63728.9209651628,63788.9209651628,650,560,288.286632641996,0,1
63788.9209651628,63848.9209651628,650,560,289.636632641996,0,1
63848.9209651628,63908.9209651628,650,560,290.986632641996,0,1
63908.9209651628,63968.9209651628,650,560,292.336632641996,0,1
63968.9209651628,64028.9209651628,650,560,293.686632641996,0,1
64028.9209651628,64088.9209651628,650,560,295.036632641996,0,1
64088.9209651628,64148.9209651628,650,560,296.386632641996,0,1
64148.9209651628,64208.9209651628,650,560,297.736632641996,0,1
64208.9209651628,64268.9209651628,650,560,299.086632641996,0,1
64268.9209651628,64328.9209651628,650,560,300,0,1
64328.9209651628,64388.9209651628,650,560,300,0,1
64388.9209651628,64448.9209651628,650,560,300,0,1
64448.9209651628,64508.9209651628,650,560,300,0,1
64508.9209651628,64568.9209651628,650,560,300,0,1
64568.9209651628,64628.9209651628,650,560,300,0,1
64628.9209651628,64688.9209651628,650,560,300,0,1
64688.9209651628,64748.9209651628,650,560,300,0,1
64748.9209651628,64808.9209651628,650,560,300,0,1
64808.9209651628,64868.9209651628,650,560,300,0,1
64868.9209651628,64928.9209651628,650,560,300,0,1
64928.9209651628,64930.0727983432,650,560,300,0,1
64930.0727983432,64990.0727983432,0,560,289.62962962963,0,1
64990.0727983432,65050.0727983432,0,560,279.259259259259,0,1
65050.0727983432,65110.0727983432,0,560,268.888888888889,0,1
65110.0727983432,65170.0727983432,0,560,258.518518518518,0,1
65170.0727983432,65230.0727983432,0,560,248.148148148148,0,1
65230.0727983432,65290.0727983432,0,560,237.777777777778,0,1
65290.0727983432,65350.0727983432,0,560,227.407407407407,0,1
65350.0727983432,65410.0727983432,0,560,217.037037037037,0,1
65410.0727983432,65470.0727983432,0,560,206.666666666667,0,1
65470.0727983432,65530.0727983432,0,230,202.407407407407,0,0
65530.0727983432,65590.0727983432,0,230,198.148148148148,0,0
65590.0727983432,65650.0727983432,0,230,193.888888888888,0,0
65650.0727983432,65710.0727983432,0,230,189.629629629629,0,0
65710.0727983432,65770.0727983432,0,230,185.37037037037,0,0
65770.0727983432,65830.0727983432,0,230,181.11111111111,0,0
65830.0727983432,65890.0727983432,0,230,176.851851851851,0,0
65890.0727983432,65950.0727983432,0,230,172.592592592592,0,0
65950.0727983432,66010.0727983432,0,230,168.333333333333,0,0
66010.0727983432,66070.0727983432,0,230,164.074074074073,0,0
66070.0727983432,66130.0727983432,0,230,159.814814814814,0,0
66130.0727983432,66190.0727983432,0,230,155.555555555555,0,0
66190.0727983432,66250.0727983432,0,230,151.296296296296,0,0
66250.0727983432,66310.0727983432,0,230,147.037037037036,0,0
66310.0727983432,66370.0727983432,0,230,142.777777777777,0,0
66370.0727983432,66430.0727983432,0,230,138.518518518518,0,0
66430.0727983432,66490.0727983432,0,230,134.259259259259,0,0
66490.0727983432,66550.0727983432,0,230,129.999999999999,0,0
66550.0727983432,66610.0727983432,0,230,125.74074074074,0,0
66610.0727983432,66670.0727983432,0,230,121.481481481481,0,0
66670.0727983432,66730.0727983432,0,230,117.222222222221,0,0
66730.0727983432,66790.0727983432,0,230,112.962962962962,0,0
66790.0727983432,66850.0727983432,0,230,108.703703703703,0,0
66850.0727983432,66910.0727983432,0,230,104.444444444444,0,0
66910.0727983432,66970.0727983432,0,230,100.185185185184,0,0
66970.0727983432,67030.0727983432,0,230,95.9259259259251,0,0
67030.0727983432,67066.7619469971,0,230,93.3214493239511,0,0
67066.7619469971,67126.7619469971,650,230,99.3214493239511,0,0
67126.7619469971,67186.7619469971,650,230,105.321449323951,0,0
67186.7619469971,67246.7619469971,650,230,111.321449323951,0,0
67246.7619469971,67306.7619469971,650,230,117.321449323951,0,0
67306.7619469971,67366.7619469971,650,230,123.321449323951,0,0
67366.7619469971,67426.7619469971,650,230,129.321449323951,0,0
67426.7619469971,67486.7619469971,650,230,135.321449323951,0,0
67486.7619469971,67546.7619469971,650,230,141.321449323951,0,0
67546.7619469971,67606.7619469971,650,230,147.321449323951,0,0
67606.7619469971,67666.7619469971,650,230,153.321449323951,0,0
67666.7619469971,67726.7619469971,650,230,159.321449323951,0,0
67726.7619469971,67786.7619469971,650,230,165.321449323951,0,0
67786.7619469971,67846.7619469971,650,230,171.321449323951,0,0
67846.7619469971,67906.7619469971,650,230,177.321449323951,0,0
67906.7619469971,67966.7619469971,650,230,183.321449323951,0,0
67966.7619469971,68026.7619469971,650,230,189.321449323951,0,0
68026.7619469971,68086.7619469971,650,230,195.321449323951,0,0
68086.7619469971,68146.7619469971,650,230,201.321449323951,0,0
68146.7619469971,68206.7619469971,650,230,207.321449323951,0,0
68206.7619469971,68266.7619469971,650,230,213.321449323951,0,0
68266.7619469971,68326.7619469971,650,230,219.321449323951,0,0
68326.7619469971,68386.7619469971,650,230,225.321449323951,0,0
68386.7619469971,68446.7619469971,650,230,231.321449323951,0,0
68446.7619469971,68506.7619469971,650,230,237.321449323951,0,0
68506.7619469971,68566.7619469971,650,230,243.321449323951,0,0
68566.7619469971,68626.7619469971,650,230,249.321449323951,0,0
68626.7619469971,68686.7619469971,650,230,255.321449323951,0,0
68686.7619469971,68746.7619469971,650,230,261.321449323951,0,0
68746.7619469971,68806.7619469971,650,230,267.321449323951,0,0
68806.7619469971,68866.7619469971,650,230,273.321449323951,0,0
68866.7619469971,68867.9137801776,650,230,273.436632641997,0,0
68867.9137801776,68927.9137801776,650,560,274.786632641997,0,1
68927.9137801776,68987.9137801776,650,560,276.136632641997,0,1
68987.9137801776,69047.9137801776,650,560,277.486632641997,0,1
69047.9137801776,69107.9137801776,650,560,278.836632641997,0,1
69107.9137801776,69167.9137801776,650,560,280.186632641997,0,1
69167.9137801776,69227.9137801776,650,560,281.536632641997,0,1
69227.9137801776,69287.9137801776,650,560,282.886632641997,0,1
69287.9137801776,69347.9137801776,650,560,284.236632641997,0,1
69347.9137801776,69407.9137801776,650,560,285.586632641997,0,1
69407.9137801776,69467.9137801776,650,560,286.936632641997,0,1
69467.9137801776,69527.9137801776,650,560,288.286632641997,0,1
69527.9137801776,69587.9137801776,650,560,289.636632641997,0,1
69587.9137801776,69647.9137801776,650,560,290.986632641997,0,1
69647.9137801776,69707.9137801776,650,560,292.336632641997,0,1
69707.9137801776,69767.9137801776,650,560,293.686632641997,0,1
69767.9137801776,69827.9137801776,650,560,295.036632641997,0,1
69827.9137801776,69887.9137801776,650,560,296.386632641997,0,1
69887.9137801776,69947.9137801776,650,560,297.736632641997,0,1
69947.9137801776,70007.9137801776,650,560,299.086632641997,0,1
70007.9137801776,70067.9137801776,650,560,300,0,1
70067.9137801776,70127.9137801776,650,560,300,0,1
70127.9137801776,70187.9137801776,650,560,300,0,1
70187.9137801776,70247.9137801776,650,560,300,0,1
70247.9137801776,70307.9137801776,650,560,300,0,1
70307.9137801776,70367.9137801776,650,560,300,0,1
70367.9137801776,70427.9137801776,650,560,300,0,1
70427.9137801776,70487.9137801776,650,560,300,0,1
70487.9137801776,70547.9137801776,650,560,300,0,1
70547.9137801776,70607.9137801776,650,560,300,0,1
70607.9137801776,70667.9137801776,650,560,300,0,1
70667.9137801776,70669.065613358,650,560,300,0,1
70669.065613358,70729.065613358,0,560,289.62962962963,0,1
70729.065613358,70789.065613358,0,560,279.259259259259,0,1
70789.065613358,70849.065613358,0,560,268.888888888889,0,1
70849.065613358,70909.065613358,0,560,258.518518518518,0,1
70909.065613358,70969.065613358,0,560,248.148148148148,0,1
70969.065613358,71029.065613358,0,560,237.777777777778,0,1
71029.065613358,71089.065613358,0,560,227.407407407407,0,1
71089.065613358,71149.065613358,0,560,217.037037037037,0,1
71149.065613358,71209.065613358,0,560,206.666666666667,0,1
71209.065613358,71269.065613358,0,230,202.407407407407,0,0
71269.065613358,71329.065613358,0,230,198.148148148148,0,0
71329.065613358,71389.065613358,0,230,193.888888888889,0,0
71389.065613358,71449.065613358,0,230,189.62962962963,0,0
71449.065613358,71509.065613358,0,230,185.37037037037,0,0
71509.065613358,71569.065613358,0,230,181.111111111111,0,0
71569.065613358,71629.065613358,0,230,176.851851851852,0,0
71629.065613358,71689.065613358,0,230,172.592592592592,0,0
71689.065613358,71749.065613358,0,230,168.333333333333,0,0
71749.065613358,71809.065613358,0,230,164.074074074074,0,0
71809.065613358,71869.065613358,0,230,159.814814814815,0,0
71869.065613358,71929.065613358,0,230,155.555555555555,0,0
71929.065613358,71989.065613358,0,230,151.296296296296,0,0
71989.065613358,72049.065613358,0,230,147.037037037037,0,0
72049.065613358,72109.065613358,0,230,142.777777777778,0,0
72109.065613358,72169.065613358,0,230,138.518518518518,0,0
72169.065613358,72229.065613358,0,230,134.259259259259,0,0
72229.065613358,72289.065613358,0,230,130,0,0
72289.065613358,72349.065613358,0,230,125.740740740741,0,0
72349.065613358,72409.065613358,0,230,121.481481481481,0,0
72409.065613358,72469.065613358,0,230,117.222222222222,0,0
72469.065613358,72529.065613358,0,230,112.962962962963,0,0
72529.065613358,72589.065613358,0,230,108.703703703703,0,0
72589.065613358,72649.065613358,0,230,104.444444444444,0,0
72649.065613358,72709.065613358,0,230,100.185185185185,0,0
72709.065613358,72769.065613358,0,230,95.9259259259256,0,0
72769.065613358,72805.7547620119,0,230,93.3214493239506,0,0
72805.7547620119,72865.7547620119,650,230,99.3214493239506,0,0
72865.7547620119,72925.7547620119,650,230,105.321449323951,0,0
72925.7547620119,72985.7547620119,650,230,111.321449323951,0,0
72985.7547620119,73045.7547620119,650,230,117.321449323951,0,0
73045.7547620119,73105.7547620119,650,230,123.321449323951,0,0
73105.7547620119,73165.7547620119,650,230,129.321449323951,0,0
73165.7547620119,73225.7547620119,650,230,135.321449323951,0,0
73225.7547620119,73285.7547620119,650,230,141.321449323951,0,0
73285.7547620119,73345.7547620119,650,230,147.321449323951,0,0
73345.7547620119,73405.7547620119,650,230,153.321449323951,0,0
73405.7547620119,73465.7547620119,650,230,159.321449323951,0,0
73465.7547620119,73525.7547620119,650,230,165.321449323951,0,0
73525.7547620119,73585.7547620119,650,230,171.321449323951,0,0
73585.7547620119,73645.7547620119,650,230,177.321449323951,0,0
73645.7547620119,73705.7547620119,650,230,183.321449323951,0,0
73705.7547620119,73765.7547620119,650,230,189.321449323951,0,0
73765.7547620119,73825.7547620119,650,230,195.321449323951,0,0
73825.7547620119,73885.7547620119,650,230,201.321449323951,0,0
73885.7547620119,73945.7547620119,650,230,207.321449323951,0,0
73945.7547620119,74005.7547620119,650,230,213.321449323951,0,0
74005.7547620119,74065.7547620119,650,230,219.321449323951,0,0
74065.7547620119,74125.7547620119,650,230,225.321449323951,0,0
74125.7547620119,74185.7547620119,650,230,231.321449323951,0,0
74185.7547620119,74245.7547620119,650,230,237.321449323951,0,0
74245.7547620119,74305.7547620119,650,230,243.321449323951,0,0
74305.7547620119,74365.7547620119,650,230,249.321449323951,0,0
74365.7547620119,74425.7547620119,650,230,255.321449323951,0,0
74425.7547620119,74485.7547620119,650,230,261.321449323951,0,0
74485.7547620119,74545.7547620119,650,230,267.321449323951,0,0
74545.7547620119,74605.7547620119,650,230,273.321449323951,0,0
74605.7547620119,74606.9065951924,650,230,273.436632641995,0,0
74606.9065951924,74666.9065951924,650,560,274.786632641995,0,1
74666.9065951924,74726.9065951924,650,560,276.136632641995,0,1
74726.9065951924,74786.9065951924,650,560,277.486632641995,0,1
74786.9065951924,74846.9065951924,650,560,278.836632641995,0,1
74846.9065951924,74906.9065951924,650,560,280.186632641995,0,1
74906.9065951924,74966.9065951924,650,560,281.536632641995,0,1
74966.9065951924,75026.9065951924,650,560,282.886632641995,0,1
75026.9065951924,75086.9065951924,650,560,284.236632641995,0,1
75086.9065951924,75146.9065951924,650,560,285.586632641995,0,1
75146.9065951924,75206.9065951924,650,560,286.936632641995,0,1
75206.9065951924,75266.9065951924,650,560,288.286632641995,0,1
75266.9065951924,75326.9065951924,650,560,289.636632641995,0,1
75326.9065951924,75386.9065951924,650,560,290.986632641995,0,1
75386.9065951924,75446.9065951924,650,560,292.336632641995,0,1
75446.9065951924,75506.9065951924,650,560,293.686632641995,0,1
75506.9065951924,75566.9065951924,650,560,295.036632641995,0,1
75566.9065951924,75626.9065951924,650,560,296.386632641995,0,1
75626.9065951924,75686.9065951924,650,560,297.736632641995,0,1
75686.9065951924,75746.9065951924,650,560,299.086632641995,0,1
75746.9065951924,75806.9065951924,650,560,300,0,1
75806.9065951924,75866.9065951924,650,560,300,0,1
75866.9065951924,75926.9065951924,650,560,300,0,1
75926.9065951924,75986.9065951924,650,560,300,0,1
75986.9065951924,76046.9065951924,650,560,300,0,1
76046.9065951924,76106.9065951924,650,560,300,0,1
76106.9065951924,76166.9065951924,650,560,300,0,1
76166.9065951924,76226.9065951924,650,560,300,0,1
76226.9065951924,76286.9065951924,650,560,300,0,1
76286.9065951924,76346.9065951924,650,560,300,0,1
76346.9065951924,76406.9065951924,650,560,300,0,1
76406.9065951924,76408.0584283728,650,560,300,0,1
76408.0584283728,76468.0584283728,0,560,289.62962962963,0,1
76468.0584283728,76528.0584283728,0,560,279.259259259259,0,1
76528.0584283728,76588.0584283728,0,560,268.888888888889,0,1
76588.0584283728,76648.0584283728,0,560,258.518518518518,0,1
76648.0584283728,76708.0584283728,0,560,248.148148148148,0,1
76708.0584283728,76768.0584283728,0,560,237.777777777778,0,1
76768.0584283728,76828.0584283728,0,560,227.407407407407,0,1
76828.0584283728,76888.0584283728,0,560,217.037037037037,0,1
76888.0584283728,76948.0584283728,0,560,206.666666666667,0,1
76948.0584283728,77008.0584283728,0,230,202.407407407407,0,0
77008.0584283728,77068.0584283728,0,230,198.148148148148,0,0
77068.0584283728,77128.0584283728,0,230,193.888888888889,0,0
77128.0584283728,77188.0584283728,0,230,189.62962962963,0,0
77188.0584283728,77248.0584283728,0,230,185.37037037037,0,0
77248.0584283728,77308.0584283728,0,230,181.111111111111,0,0
77308.0584283728,77368.0584283728,0,230,176.851851851852,0,0
77368.0584283728,77428.0584283728,0,230,172.592592592592,0,0
77428.0584283728,77488.0584283728,0,230,168.333333333333,0,0
77488.0584283728,77548.0584283728,0,230,164.074074074074,0,0
77548.0584283728,77608.0584283728,0,230,159.814814814815,0,0
77608.0584283728,77668.0584283728,0,230,155.555555555555,0,0
77668.0584283728,77728.0584283728,0,230,151.296296296296,0,0
77728.0584283728,77788.0584283728,0,230,147.037037037037,0,0
77788.0584283728,77848.0584283728,0,230,142.777777777778,0,0
77848.0584283728,77908.0584283728,0,230,138.518518518518,0,0
77908.0584283728,77968.0584283728,0,230,134.259259259259,0,0
77968.0584283728,78028.0584283728,0,230,130,0,0
78028.0584283728,78088.0584283728,0,230,125.740740740741,0,0
78088.0584283728,78148.0584283728,0,230,121.481481481481,0,0
78148.0584283728,78208.0584283728,0,230,117.222222222222,0,0
78208.0584283728,78268.0584283728,0,230,112.962962962963,0,0
78268.0584283728,78328.0584283728,0,230,108.703703703703,0,0
78328.0584283728,78388.0584283728,0,230,104.444444444444,0,0
78388.0584283728,78448.0584283728,0,230,100.185185185185,0,0
78448.0584283728,78508.0584283728,0,230,95.9259259259256,0,0
78508.0584283728,78544.7475770267,0,230,93.3214493239506,0,0
78544.7475770267,78604.7475770267,650,230,99.3214493239506,0,0
78604.7475770267,78664.7475770267,650,230,105.321449323951,0,0
78664.7475770267,78724.7475770267,650,230,111.321449323951,0,0
78724.7475770267,78784.7475770267,650,230,117.321449323951,0,0
78784.7475770267,78844.7475770267,650,230,123.321449323951,0,0
78844.7475770267,78904.7475770267,650,230,129.321449323951,0,0
78904.7475770267,78964.7475770267,650,230,135.321449323951,0,0
78964.7475770267,79024.7475770267,650,230,141.321449323951,0,0
79024.7475770267,79084.7475770267,650,230,147.321449323951,0,0
79084.7475770267,79144.7475770267,650,230,153.321449323951,0,0
79144.7475770267,79204.7475770267,650,230,159.321449323951,0,0
79204.7475770267,79264.7475770267,650,230,165.321449323951,0,0
79264.7475770267,79324.7475770267,650,230,171.321449323951,0,0
79324.7475770267,79384.7475770267,650,230,177.321449323951,0,0
79384.7475770267,79444.7475770267,650,230,183.321449323951,0,0
79444.7475770267,79504.7475770267,650,230,189.321449323951,0,0
79504.7475770267,79564.7475770267,650,230,195.321449323951,0,0
79564.7475770267,79624.7475770267,650,230,201.321449323951,0,0
79624.7475770267,79684.7475770267,650,230,207.321449323951,0,0
79684.7475770267,79744.7475770267,650,230,213.321449323951,0,0
79744.7475770267,79804.7475770267,650,230,219.321449323951,0,0
79804.7475770267,79864.7475770267,650,230,225.321449323951,0,0
79864.7475770267,79924.7475770267,650,230,231.321449323951,0,0
79924.7475770267,79984.7475770267,650,230,237.321449323951,0,0
79984.7475770267,80044.7475770267,650,230,243.321449323951,0,0
80044.7475770267,80104.7475770267,650,230,249.321449323951,0,0
80104.7475770267,80164.7475770267,650,230,255.321449323951,0,0
80164.7475770267,80224.7475770267,650,230,261.321449323951,0,0
80224.7475770267,80284.7475770267,650,230,267.321449323951,0,0
80284.7475770267,80344.7475770267,650,230,273.321449323951,0,0
80344.7475770267,80345.8994102072,650,230,273.436632641996,0,0
80345.8994102072,80405.8994102072,650,560,274.786632641996,0,1
80405.8994102072,80465.8994102072,650,560,276.136632641996,0,1
80465.8994102072,80525.8994102072,650,560,277.486632641996,0,1
80525.8994102072,80585.8994102072,650,560,278.836632641996,0,1
80585.8994102072,80645.8994102072,650,560,280.186632641996,0,1
80645.8994102072,80705.8994102072,650,560,281.536632641996,0,1
80705.8994102072,80765.8994102072,650,560,282.886632641996,0,1
80765.8994102072,80825.8994102072,650,560,284.236632641996,0,1
80825.8994102072,80885.8994102072,650,560,285.586632641996,0,1
80885.8994102072,80945.8994102072,650,560,286.936632641996,0,1
80945.8994102072,81005.8994102072,650,560,288.286632641996,0,1
81005.8994102072,81065.8994102072,650,560,289.636632641996,0,1
81065.8994102072,81125.8994102072,650,560,290.986632641996,0,1
81125.8994102072,81185.8994102072,650,560,292.336632641996,0,1
81185.8994102072,81245.8994102072,650,560,293.686632641996,0,1
81245.8994102072,81305.8994102072,650,560,295.036632641996,0,1
81305.8994102072,81365.8994102072,650,560,296.386632641996,0,1
81365.8994102072,81425.8994102072,650,560,297.736632641996,0,1
81425.8994102072,81485.8994102072,650,560,299.086632641996,0,1
81485.8994102072,81545.8994102072,650,560,300,0,1
81545.8994102072,81605.8994102072,650,560,300,0,1
81605.8994102072,81665.8994102072,650,560,300,0,1
81665.8994102072,81725.8994102072,650,560,300,0,1
81725.8994102072,81785.8994102072,650,560,300,0,1
81785.8994102072,81845.8994102072,650,560,300,0,1
81845.8994102072,81905.8994102072,650,560,300,0,1
81905.8994102072,81965.8994102072,650,560,300,0,1
81965.8994102072,82025.8994102072,650,560,300,0,1
82025.8994102072,82085.8994102072,650,560,300,0,1
82085.8994102072,82145.8994102072,650,560,300,0,1
82145.8994102072,82147.0512433876,650,560,300,0,1
82147.0512433876,82207.0512433876,0,560,289.62962962963,0,1
82207.0512433876,82267.0512433876,0,560,279.259259259259,0,1
82267.0512433876,82327.0512433876,0,560,268.888888888889,0,1
82327.0512433876,82387.0512433876,0,560,258.518518518518,0,1
82387.0512433876,82447.0512433876,0,560,248.148148148148,0,1
82447.0512433876,82507.0512433876,0,560,237.777777777778,0,1
82507.0512433876,82567.0512433876,0,560,227.407407407407,0,1
82567.0512433876,82627.0512433876,0,560,217.037037037037,0,1
82627.0512433876,82687.0512433876,0,560,206.666666666667,0,1
82687.0512433876,82747.0512433876,0,230,202.407407407407,0,0
82747.0512433876,82807.0512433876,0,230,198.148148148148,0,0
82807.0512433876,82867.0512433876,0,230,193.888888888889,0,0
82867.0512433876,82927.0512433876,0,230,189.62962962963,0,0
82927.0512433876,82987.0512433876,0,230,185.37037037037,0,0
82987.0512433876,83047.0512433876,0,230,181.111111111111,0,0
83047.0512433876,83107.0512433876,0,230,176.851851851852,0,0
83107.0512433876,83167.0512433876,0,230,172.592592592592,0,0
83167.0512433876,83227.0512433876,0,230,168.333333333333,0,0
83227.0512433876,83287.0512433876,0,230,164.074074074074,0,0
83287.0512433876,83347.0512433876,0,230,159.814814814815,0,0
83347.0512433876,83407.0512433876,0,230,155.555555555555,0,0
83407.0512433876,83467.0512433876,0,230,151.296296296296,0,0
83467.0512433876,83527.0512433876,0,230,147.037037037037,0,0
83527.0512433876,83587.0512433876,0,230,142.777777777778,0,0
83587.0512433876,83647.0512433876,0,230,138.518518518518,0,0
83647.0512433876,83707.0512433876,0,230,134.259259259259,0,0
83707.0512433876,83767.0512433876,0,230,130,0,0
83767.0512433876,83827.0512433876,0,230,125.740740740741,0,0
83827.0512433876,83887.0512433876,0,230,121.481481481481,0,0
83887.0512433876,83947.0512433876,0,230,117.222222222222,0,0
83947.0512433876,84007.0512433876,0,230,112.962962962963,0,0
84007.0512433876,84067.0512433876,0,230,108.703703703703,0,0
84067.0512433876,84127.0512433876,0,230,104.444444444444,0,0
84127.0512433876,84187.0512433876,0,230,100.185185185185,0,0
84187.0512433876,84247.0512433876,0,230,95.9259259259256,0,0
84247.0512433876,84283.7403920415,0,230,93.3214493239506,0,0
84283.7403920415,84343.7403920415,650,230,99.3214493239506,0,0
84343.7403920415,84403.7403920415,650,230,105.321449323951,0,0
84403.7403920415,84463.7403920415,650,230,111.321449323951,0,0
84463.7403920415,84523.7403920415,650,230,117.321449323951,0,0
84523.7403920415,84583.7403920415,650,230,123.321449323951,0,0
84583.7403920415,84643.7403920415,650,230,129.321449323951,0,0
84643.7403920415,84703.7403920415,650,230,135.321449323951,0,0
84703.7403920415,84763.7403920415,650,230,141.321449323951,0,0
84763.7403920415,84823.7403920415,650,230,147.321449323951,0,0
84823.7403920415,84883.7403920415,650,230,153.321449323951,0,0
84883.7403920415,84943.7403920415,650,230,159.321449323951,0,0
84943.7403920415,85003.7403920415,650,230,165.321449323951,0,0
85003.7403920415,85063.7403920415,650,230,171.321449323951,0,0
85063.7403920415,85123.7403920415,650,230,177.321449323951,0,0
85123.7403920415,85183.7403920415,650,230,183.321449323951,0,0
85183.7403920415,85243.7403920415,650,230,189.321449323951,0,0
85243.7403920415,85303.7403920415,650,230,195.321449323951,0,0
85303.7403920415,85363.7403920415,650,230,201.321449323951,0,0
85363.7403920415,85423.7403920415,650,230,207.321449323951,0,0
85423.7403920415,85483.7403920415,650,230,213.321449323951,0,0
85483.7403920415,85543.7403920415,650,230,219.321449323951,0,0
85543.7403920415,85603.7403920415,650,230,225.321449323951,0,0
85603.7403920415,85663.7403920415,650,230,231.321449323951,0,0
85663.7403920415,85723.7403920415,650,230,237.321449323951,0,0
85723.7403920415,85783.7403920415,650,230,243.321449323951,0,0
85783.7403920415,85843.7403920415,650,230,249.321449323951,0,0
85843.7403920415,85903.7403920415,650,230,255.321449323951,0,0
85903.7403920415,85963.7403920415,650,230,261.321449323951,0,0
85963.7403920415,86023.7403920415,650,230,267.321449323951,0,0
86023.7403920415,86083.7403920415,650,230,273.321449323951,0,0
86083.7403920415,86084.892225222,650,230,273.436632641995,0,0
86084.892225222,86084.8922257959,650,230,273.436632699384,0,0
86084.8922257959,86144.8922257959,650,560,274.786632699384,0,1
86144.8922257959,86204.8922257959,650,560,276.136632699384,0,1
86204.8922257959,86264.8922257959,650,560,277.486632699384,0,1
86264.8922257959,86324.8922257959,650,560,278.836632699384,0,1
86324.8922257959,86384.8922257959,650,560,280.186632699385,0,1
86384.8922257959,86444.8922257959,650,560,281.536632699385,0,1
86444.8922257959,86504.8922257959,650,560,282.886632699385,0,1
86504.8922257959,86564.8922257959,650,560,284.236632699385,0,1
86564.8922257959,86624.8922257959,650,560,285.586632699385,0,1
86624.8922257959,86684.8922257959,650,560,286.936632699385,0,1
86684.8922257959,86744.8922257959,650,560,288.286632699385,0,1
86744.8922257959,86804.8922257959,650,560,289.636632699385,0,1
86804.8922257959,86864.8922257959,650,560,290.986632699385,0,1
86864.8922257959,86924.8922257959,650,560,292.336632699385,0,1
86924.8922257959,86984.8922257959,650,560,293.686632699385,0,1
86984.8922257959,87044.8922257959,650,560,295.036632699385,0,1
87044.8922257959,87104.8922257959,650,560,296.386632699385,0,1
87104.8922257959,87164.8922257959,650,560,297.736632699385,0,1
87164.8922257959,87224.8922257959,650,560,299.086632699385,0,1
87224.8922257959,87284.8922257959,650,560,300,0,1
87284.8922257959,87344.8922257959,650,560,300,0,1
87344.8922257959,87404.8922257959,650,560,300,0,1
87404.8922257959,87464.8922257959,650,560,300,0,1
87464.8922257959,87524.8922257959,650,560,300,0,1
87524.8922257959,87584.8922257959,650,560,300,0,1
87584.8922257959,87644.8922257959,650,560,300,0,1
87644.8922257959,87704.8922257959,650,560,300,0,1
87704.8922257959,87764.8922257959,650,560,300,0,1
87764.8922257959,87824.8922257959,650,560,300,0,1
87824.8922257959,87884.8922257959,650,560,300,0,1
87884.8922257959,87886.0440584024,650,560,300,0,1
87886.0440584024,87946.0440584024,0,560,289.62962962963,0,1
87946.0440584024,88006.0440584024,0,560,279.259259259259,0,1
88006.0440584024,88066.0440584024,0,560,268.888888888889,0,1
88066.0440584024,88126.0440584024,0,560,258.518518518518,0,1
88126.0440584024,88186.0440584024,0,560,248.148148148148,0,1
88186.0440584024,88246.0440584024,0,560,237.777777777778,0,1
88246.0440584024,88306.0440584024,0,560,227.407407407407,0,1
88306.0440584024,88366.0440584024,0,560,217.037037037037,0,1
88366.0440584024,88426.0440584024,0,560,206.666666666667,0,1
88426.0440584024,88486.0440584024,0,230,202.407407407407,0,0
88486.0440584024,88546.0440584024,0,230,198.148148148148,0,0
88546.0440584024,88606.0440584024,0,230,193.888888888889,0,0
88606.0440584024,88666.0440584024,0,230,189.62962962963,0,0
88666.0440584024,88726.0440584024,0,230,185.37037037037,0,0
88726.0440584024,88786.0440584024,0,230,181.111111111111,0,0
88786.0440584024,88846.0440584024,0,230,176.851851851852,0,0
88846.0440584024,88906.0440584024,0,230,172.592592592592,0,0
88906.0440584024,88966.0440584024,0,230,168.333333333333,0,0
88966.0440584024,89026.0440584024,0,230,164.074074074074,0,0
89026.0440584024,89086.0440584024,0,230,159.814814814815,0,0
89086.0440584024,89146.0440584024,0,230,155.555555555555,0,0
89146.0440584024,89206.0440584024,0,230,151.296296296296,0,0
89206.0440584024,89266.0440584024,0,230,147.037037037037,0,0
89266.0440584024,89326.0440584024,0,230,142.777777777778,0,0
89326.0440584024,89386.0440584024,0,230,138.518518518518,0,0
89386.0440584024,89446.0440584024,0,230,134.259259259259,0,0
89446.0440584024,89506.0440584024,0,230,130,0,0
89506.0440584024,89566.0440584024,0,230,125.740740740741,0,0
89566.0440584024,89626.0440584024,0,230,121.481481481481,0,0
89626.0440584024,89686.0440584024,0,230,117.222222222222,0,0
89686.0440584024,89746.0440584024,0,230,112.962962962963,0,0
89746.0440584024,89806.0440584024,0,230,108.703703703703,0,0
89806.0440584024,89866.0440584024,0,230,104.444444444444,0,0
89866.0440584024,89926.0440584024,0,230,100.185185185185,0,0
89926.0440584024,89986.0440584024,0,230,95.9259259259256,0,0
89986.0440584024,90022.7332070563,0,230,93.3214493239506,0,0
90022.7332070563,90082.7332070563,650,230,99.3214493239506,0,0
90082.7332070563,90142.7332070563,650,230,105.321449323951,0,0
90142.7332070563,90202.7332070563,650,230,111.321449323951,0,0
90202.7332070563,90262.7332070563,650,230,117.321449323951,0,0
90262.7332070563,90322.7332070563,650,230,123.321449323951,0,0
90322.7332070563,90382.7332070563,650,230,129.321449323951,0,0
90382.7332070563,90442.7332070563,650,230,135.321449323951,0,0
90442.7332070563,90502.7332070563,650,230,141.321449323951,0,0
90502.7332070563,90562.7332070563,650,230,147.321449323951,0,0
90562.7332070563,90622.7332070563,650,230,153.321449323951,0,0
90622.7332070563,90682.7332070563,650,230,159.321449323951,0,0
90682.7332070563,90742.7332070563,650,230,165.321449323951,0,0
90742.7332070563,90802.7332070563,650,230,171.321449323951,0,0
90802.7332070563,90862.7332070563,650,230,177.321449323951,0,0
90862.7332070563,90922.7332070563,650,230,183.321449323951,0,0
90922.7332070563,90982.7332070563,650,230,189.321449323951,0,0
90982.7332070563,91042.7332070563,650,230,195.321449323951,0,0
91042.7332070563,91102.7332070563,650,230,201.321449323951,0,0
91102.7332070563,91162.7332070563,650,230,207.321449323951,0,0
91162.7332070563,91222.7332070563,650,230,213.321449323951,0,0
91222.7332070563,91282.7332070563,650,230,219.321449323951,0,0
91282.7332070563,91342.7332070563,650,230,225.321449323951,0,0
91342.7332070563,91402.7332070563,650,230,231.321449323951,0,0
91402.7332070563,91462.7332070563,650,230,237.321449323951,0,0
91462.7332070563,91522.7332070563,650,230,243.321449323951,0,0
91522.7332070563,91582.7332070563,650,230,249.321449323951,0,0
91582.7332070563,91642.7332070563,650,230,255.321449323951,0,0
91642.7332070563,91702.7332070563,650,230,261.321449323951,0,0
91702.7332070563,91762.7332070563,650,230,267.321449323951,0,0
91762.7332070563,91822.7332070563,650,230,273.321449323951,0,0
91822.7332070563,91823.8850402368,650,230,273.436632641996,0,0
91823.8850402368,91883.8850402368,650,560,274.786632641996,0,1
91883.8850402368,91943.8850402368,650,560,276.136632641996,0,1
91943.8850402368,92003.8850402368,650,560,277.486632641996,0,1
92003.8850402368,92063.8850402368,650,560,278.836632641996,0,1
92063.8850402368,92123.8850402368,650,560,280.186632641996,0,1
92123.8850402368,92183.8850402368,650,560,281.536632641996,0,1
92183.8850402368,92243.8850402368,650,560,282.886632641996,0,1
92243.8850402368,92303.8850402368,650,560,284.236632641996,0,1
92303.8850402368,92363.8850402368,650,560,285.586632641996,0,1
92363.8850402368,92423.8850402368,650,560,286.936632641996,0,1
92423.8850402368,92483.8850402368,650,560,288.286632641996,0,1
92483.8850402368,92543.8850402368,650,560,289.636632641996,0,1
92543.8850402368,92603.8850402368,650,560,290.986632641996,0,1
92603.8850402368,92663.8850402368,650,560,292.336632641996,0,1
92663.8850402368,92723.8850402368,650,560,293.686632641996,0,1
92723.8850402368,92783.8850402368,650,560,295.036632641996,0,1
92783.8850402368,92843.8850402368,650,560,296.386632641996,0,1
92843.8850402368,92903.8850402368,650,560,297.736632641996,0,1
92903.8850402368,92963.8850402368,650,560,299.086632641996,0,1
92963.8850402368,93023.8850402368,650,560,300,0,1
93023.8850402368,93083.8850402368,650,560,300,0,1
93083.8850402368,93143.8850402368,650,560,300,0,1
93143.8850402368,93203.8850402368,650,560,300,0,1
93203.8850402368,93263.8850402368,650,560,300,0,1
93263.8850402368,93323.8850402368,650,560,300,0,1
93323.8850402368,93383.8850402368,650,560,300,0,1
93383.8850402368,93443.8850402368,650,560,300,0,1
93443.8850402368,93503.8850402368,650,560,300,0,1
93503.8850402368,93563.8850402368,650,560,300,0,1
93563.8850402368,93623.8850402368,650,560,300,0,1
93623.8850402368,93625.0368734172,650,560,300,0,1
93625.0368734172,93685.0368734172,0,560,289.62962962963,0,1
93685.0368734172,93745.0368734172,0,560,279.259259259259,0,1
93745.0368734172,93805.0368734172,0,560,268.888888888889,0,1
93805.0368734172,93865.0368734172,0,560,258.518518518518,0,1
93865.0368734172,93925.0368734172,0,560,248.148148148148,0,1
93925.0368734172,93985.0368734172,0,560,237.777777777778,0,1
93985.0368734172,94045.0368734172,0,560,227.407407407407,0,1
94045.0368734172,94105.0368734172,0,560,217.037037037037,0,1
94105.0368734172,94165.0368734172,0,560,206.666666666667,0,1
94165.0368734172,94225.0368734172,0,230,202.407407407407,0,0
94225.0368734172,94285.0368734172,0,230,198.148148148148,0,0
94285.0368734172,94345.0368734172,0,230,193.888888888889,0,0
94345.0368734172,94405.0368734172,0,230,189.62962962963,0,0
94405.0368734172,94465.0368734172,0,230,185.37037037037,0,0
94465.0368734172,94525.0368734172,0,230,181.111111111111,0,0
94525.0368734172,94585.0368734172,0,230,176.851851851852,0,0
94585.0368734172,94645.0368734172,0,230,172.592592592592,0,0
94645.0368734172,94705.0368734172,0,230,168.333333333333,0,0
94705.0368734172,94765.0368734172,0,230,164.074074074074,0,0
94765.0368734172,94825.0368734172,0,230,159.814814814815,0,0
94825.0368734172,94885.0368734172,0,230,155.555555555555,0,0
94885.0368734172,94945.0368734172,0,230,151.296296296296,0,0
94945.0368734172,95005.0368734172,0,230,147.037037037037,0,0
95005.0368734172,95065.0368734172,0,230,142.777777777778,0,0
95065.0368734172,95125.0368734172,0,230,138.518518518518,0,0
95125.0368734172,95185.0368734172,0,230,134.259259259259,0,0
95185.0368734172,95245.0368734172,0,230,130,0,0
95245.0368734172,95305.0368734172,0,230,125.740740740741,0,0
95305.0368734172,95365.0368734172,0,230,121.481481481481,0,0
95365.0368734172,95425.0368734172,0,230,117.222222222222,0,0
95425.0368734172,95485.0368734172,0,230,112.962962962963,0,0
95485.0368734172,95545.0368734172,0,230,108.703703703703,0,0
95545.0368734172,95605.0368734172,0,230,104.444444444444,0,0
95605.0368734172,95665.0368734172,0,230,100.185185185185,0,0
95665.0368734172,95725.0368734172,0,230,95.9259259259256,0,0
95725.0368734172,95761.7260220711,0,230,93.3214493239506,0,0
95761.7260220711,95821.7260220711,650,230,99.3214493239506,0,0
95821.7260220711,95881.7260220711,650,230,105.321449323951,0,0
95881.7260220711,95941.7260220711,650,230,111.321449323951,0,0
95941.7260220711,96001.7260220711,650,230,117.321449323951,0,0
96001.7260220711,96061.7260220711,650,230,123.321449323951,0,0
96061.7260220711,96121.7260220711,650,230,129.321449323951,0,0
96121.7260220711,96181.7260220711,650,230,135.321449323951,0,0
96181.7260220711,96241.7260220711,650,230,141.321449323951,0,0
96241.7260220711,96301.7260220711,650,230,147.321449323951,0,0
96301.7260220711,96361.7260220711,650,230,153.321449323951,0,0
96361.7260220711,96421.7260220711,650,230,159.321449323951,0,0
96421.7260220711,96481.7260220711,650,230,165.321449323951,0,0
96481.7260220711,96541.7260220711,650,230,171.321449323951,0,0
96541.7260220711,96601.7260220711,650,230,177.321449323951,0,0
96601.7260220711,96661.7260220711,650,230,183.321449323951,0,0
96661.7260220711,96721.7260220711,650,230,189.321449323951,0,0
96721.7260220711,96781.7260220711,650,230,195.321449323951,0,0
96781.7260220711,96841.7260220711,650,230,201.321449323951,0,0
96841.7260220711,96901.7260220711,650,230,207.321449323951,0,0
96901.7260220711,96961.7260220711,650,230,213.321449323951,0,0
96961.7260220711,97021.7260220711,650,230,219.321449323951,0,0
97021.7260220711,97081.7260220711,650,230,225.321449323951,0,0
97081.7260220711,97141.7260220711,650,230,231.321449323951,0,0
97141.7260220711,97201.7260220711,650,230,237.321449323951,0,0
97201.7260220711,97261.7260220711,650,230,243.321449323951,0,0
97261.7260220711,97321.7260220711,650,230,249.321449323951,0,0
97321.7260220711,97381.7260220711,650,230,255.321449323951,0,0
97381.7260220711,97441.7260220711,650,230,261.321449323951,0,0
97441.7260220711,97501.7260220711,650,230,267.321449323951,0,0
97501.7260220711,97561.7260220711,650,230,273.321449323951,0,0
97561.7260220711,97562.8778552516,650,230,273.436632641996,0,0
97562.8778552516,97622.8778552516,650,560,274.786632641996,0,1
97622.8778552516,97682.8778552516,650,560,276.136632641996,0,1
97682.8778552516,97742.8778552516,650,560,277.486632641996,0,1
97742.8778552516,97802.8778552516,650,560,278.836632641996,0,1
97802.8778552516,97862.8778552516,650,560,280.186632641996,0,1
97862.8778552516,97922.8778552516,650,560,281.536632641996,0,1
97922.8778552516,97982.8778552516,650,560,282.886632641996,0,1
97982.8778552516,98042.8778552516,650,560,284.236632641996,0,1
98042.8778552516,98102.8778552516,650,560,285.586632641996,0,1
98102.8778552516,98162.8778552516,650,560,286.936632641996,0,1
98162.8778552516,98222.8778552516,650,560,288.286632641996,0,1
98222.8778552516,98282.8778552516,650,560,289.636632641996,0,1
98282.8778552516,98342.8778552516,650,560,290.986632641996,0,1
98342.8778552516,98402.8778552516,650,560,292.336632641996,0,1
98402.8778552516,98462.8778552516,650,560,293.686632641996,0,1
98462.8778552516,98522.8778552516,650,560,295.036632641996,0,1
98522.8778552516,98582.8778552516,650,560,296.386632641996,0,1
98582.8778552516,98642.8778552516,650,560,297.736632641996,0,1
98642.8778552516,98702.8778552516,650,560,299.086632641996,0,1
98702.8778552516,98762.8778552516,650,560,300,0,1
98762.8778552516,98822.8778552516,650,560,300,0,1
98822.8778552516,98882.8778552516,650,560,300,0,1
98882.8778552516,98942.8778552516,650,560,300,0,1
98942.8778552516,99002.8778552516,650,560,300,0,1
99002.8778552516,99062.8778552516,650,560,300,0,1
99062.8778552516,99122.8778552516,650,560,300,0,1
99122.8778552516,99182.8778552516,650,560,300,0,1
99182.8778552516,99242.8778552516,650,560,300,0,1
99242.8778552516,99302.8778552516,650,560,300,0,1
99302.8778552516,99362.8778552516,650,560,300,0,1
99362.8778552516,99364.029688432,650,560,300,0,1
99364.029688432,99424.029688432,0,560,289.62962962963,0,1
99424.029688432,99484.029688432,0,560,279.259259259259,0,1
99484.029688432,99544.029688432,0,560,268.888888888889,0,1
99544.029688432,99604.029688432,0,560,258.518518518518,0,1
99604.029688432,99664.029688432,0,560,248.148148148148,0,1
99664.029688432,99724.029688432,0,560,237.777777777778,0,1
99724.029688432,99784.029688432,0,560,227.407407407407,0,1
99784.029688432,99844.029688432,0,560,217.037037037037,0,1
99844.029688432,99904.029688432,0,560,206.666666666667,0,1
99904.029688432,99964.029688432,0,230,202.407407407407,0,0
99964.029688432,100024.029688432,0,230,198.148148148148,0,0
100024.029688432,100084.029688432,0,230,193.888888888889,0,0
100084.029688432,100144.029688432,0,230,189.62962962963,0,0
100144.029688432,100204.029688432,0,230,185.37037037037,0,0
100204.029688432,100264.029688432,0,230,181.111111111111,0,0
100264.029688432,100324.029688432,0,230,176.851851851852,0,0
100324.029688432,100384.029688432,0,230,172.592592592592,0,0
100384.029688432,100444.029688432,0,230,168.333333333333,0,0
100444.029688432,100504.029688432,0,230,164.074074074074,0,0
100504.029688432,100564.029688432,0,230,159.814814814815,0,0
100564.029688432,100624.029688432,0,230,155.555555555555,0,0
100624.029688432,100684.029688432,0,230,151.296296296296,0,0
100684.029688432,100744.029688432,0,230,147.037037037037,0,0
100744.029688432,100804.029688432,0,230,142.777777777778,0,0
100804.029688432,100864.029688432,0,230,138.518518518518,0,0
100864.029688432,100924.029688432,0,230,134.259259259259,0,0
100924.029688432,100984.029688432,0,230,130,0,0
100984.029688432,101044.029688432,0,230,125.740740740741,0,0
101044.029688432,101104.029688432,0,230,121.481481481481,0,0
101104.029688432,101164.029688432,0,230,117.222222222222,0,0
101164.029688432,101224.029688432,0,230,112.962962962963,0,0
101224.029688432,101284.029688432,0,230,108.703703703703,0,0
101284.029688432,101344.029688432,0,230,104.444444444444,0,0
101344.029688432,101404.029688432,0,230,100.185185185185,0,0
101404.029688432,101464.029688432,0,230,95.9259259259256,0,0
101464.029688432,101500.718837086,0,230,93.3214493239506,0,0
101500.718837086,101560.718837086,650,230,99.3214493239506,0,0
101560.718837086,101620.718837086,650,230,105.321449323951,0,0
101620.718837086,101680.718837086,650,230,111.321449323951,0,0
101680.718837086,101740.718837086,650,230,117.321449323951,0,0
101740.718837086,101800.718837086,650,230,123.321449323951,0,0
101800.718837086,101860.718837086,650,230,129.321449323951,0,0
101860.718837086,101920.718837086,650,230,135.321449323951,0,0
101920.718837086,101980.718837086,650,230,141.321449323951,0,0
101980.718837086,102040.718837086,650,230,147.321449323951,0,0
102040.718837086,102100.718837086,650,230,153.321449323951,0,0
102100.718837086,102160.718837086,650,230,159.321449323951,0,0
102160.718837086,102220.718837086,650,230,165.321449323951,0,0
102220.718837086,102280.718837086,650,230,171.321449323951,0,0
102280.718837086,102340.718837086,650,230,177.321449323951,0,0
102340.718837086,102400.718837086,650,230,183.321449323951,0,0
102400.718837086,102460.718837086,650,230,189.321449323951,0,0
102460.718837086,102520.718837086,650,230,195.321449323951,0,0
102520.718837086,102580.718837086,650,230,201.321449323951,0,0
102580.718837086,102640.718837086,650,230,207.321449323951,0,0
102640.718837086,102700.718837086,650,230,213.321449323951,0,0
102700.718837086,102760.718837086,650,230,219.321449323951,0,0
102760.718837086,102820.718837086,650,230,225.321449323951,0,0
102820.718837086,102880.718837086,650,230,231.321449323951,0,0
102880.718837086,102940.718837086,650,230,237.321449323951,0,0
102940.718837086,103000.718837086,650,230,243.321449323951,0,0
103000.718837086,103060.718837086,650,230,249.321449323951,0,0
103060.718837086,103120.718837086,650,230,255.321449323951,0,0
103120.718837086,103180.718837086,650,230,261.321449323951,0,0
103180.718837086,103240.718837086,650,230,267.321449323951,0,0
103240.718837086,103300.718837086,650,230,273.321449323951,0,0
103300.718837086,103301.870670266,650,230,273.436632641995,0,0
103301.870670266,103361.870670266,650,560,274.786632641995,0,1
103361.870670266,103421.870670266,650,560,276.136632641995,0,1
103421.870670266,103481.870670266,650,560,277.486632641995,0,1
103481.870670266,103541.870670266,650,560,278.836632641995,0,1
103541.870670266,103601.870670266,650,560,280.186632641995,0,1
103601.870670266,103661.870670266,650,560,281.536632641995,0,1
103661.870670266,103721.870670266,650,560,282.886632641995,0,1
103721.870670266,103781.870670266,650,560,284.236632641995,0,1
103781.870670266,103841.870670266,650,560,285.586632641995,0,1
103841.870670266,103901.870670266,650,560,286.936632641995,0,1
103901.870670266,103961.870670266,650,560,288.286632641995,0,1
103961.870670266,104021.870670266,650,560,289.636632641995,0,1
104021.870670266,104081.870670266,650,560,290.986632641995,0,1
104081.870670266,104141.870670266,650,560,292.336632641995,0,1
104141.870670266,104201.870670266,650,560,293.686632641995,0,1
104201.870670266,104261.870670266,650,560,295.036632641995,0,1
104261.870670266,104321.870670266,650,560,296.386632641995,0,1
104321.870670266,104381.870670266,650,560,297.736632641995,0,1
104381.870670266,104441.870670266,650,560,299.086632641995,0,1
104441.870670266,104501.870670266,650,560,300,0,1
104501.870670266,104561.870670266,650,560,300,0,1
104561.870670266,104621.870670266,650,560,300,0,1
104621.870670266,104681.870670266,650,560,300,0,1
104681.870670266,104741.870670266,650,560,300,0,1
104741.870670266,104801.870670266,650,560,300,0,1
104801.870670266,104861.870670266,650,560,300,0,1
104861.870670266,104921.870670266,650,560,300,0,1
104921.870670266,104981.870670266,650,560,300,0,1
104981.870670266,105041.870670266,650,560,300,0,1
105041.870670266,105101.870670266,650,560,300,0,1
105101.870670266,105103.022503447,650,560,300,0,1
105103.022503447,105163.022503447,0,560,289.62962962963,0,1
105163.022503447,105223.022503447,0,560,279.259259259259,0,1
105223.022503447,105283.022503447,0,560,268.888888888889,0,1
105283.022503447,105343.022503447,0,560,258.518518518518,0,1
105343.022503447,105403.022503447,0,560,248.148148148148,0,1
105403.022503447,105463.022503447,0,560,237.777777777778,0,1
105463.022503447,105523.022503447,0,560,227.407407407407,0,1
105523.022503447,105583.022503447,0,560,217.037037037037,0,1
105583.022503447,105643.022503447,0,560,206.666666666667,0,1
105643.022503447,105703.022503447,0,230,202.407407407407,0,0
105703.022503447,105763.022503447,0,230,198.148148148148,0,0
105763.022503447,105823.022503447,0,230,193.888888888889,0,0
105823.022503447,105883.022503447,0,230,189.62962962963,0,0
105883.022503447,105943.022503447,0,230,185.37037037037,0,0
105943.022503447,106003.022503447,0,230,181.111111111111,0,0
106003.022503447,106063.022503447,0,230,176.851851851852,0,0
106063.022503447,106123.022503447,0,230,172.592592592592,0,0
106123.022503447,106183.022503447,0,230,168.333333333333,0,0
106183.022503447,106243.022503447,0,230,164.074074074074,0,0
106243.022503447,106303.022503447,0,230,159.814814814815,0,0
106303.022503447,106363.022503447,0,230,155.555555555555,0,0
106363.022503447,106423.022503447,0,230,151.296296296296,0,0
106423.022503447,106483.022503447,0,230,147.037037037037,0,0
106483.022503447,106543.022503447,0,230,142.777777777778,0,0
106543.022503447,106603.022503447,0,230,138.518518518518,0,0
106603.022503447,106663.022503447,0,230,134.259259259259,0,0
106663.022503447,106723.022503447,0,230,130,0,0
106723.022503447,106783.022503447,0,230,125.740740740741,0,0
106783.022503447,106843.022503447,0,230,121.481481481481,0,0
106843.022503447,106903.022503447,0,230,117.222222222222,0,0
106903.022503447,106963.022503447,0,230,112.962962962963,0,0
106963.022503447,107023.022503447,0,230,108.703703703703,0,0
107023.022503447,107083.022503447,0,230,104.444444444444,0,0
107083.022503447,107143.022503447,0,230,100.185185185185,0,0
107143.022503447,107203.022503447,0,230,95.9259259259256,0,0
107203.022503447,107239.711652101,0,230,93.3214493239506,0,0
107239.711652101,107299.711652101,650,230,99.3214493239506,0,0
107299.711652101,107359.711652101,650,230,105.321449323951,0,0
107359.711652101,107419.711652101,650,230,111.321449323951,0,0
107419.711652101,107479.711652101,650,230,117.321449323951,0,0
107479.711652101,107539.711652101,650,230,123.321449323951,0,0
107539.711652101,107599.711652101,650,230,129.321449323951,0,0
107599.711652101,107659.711652101,650,230,135.321449323951,0,0
107659.711652101,107719.711652101,650,230,141.321449323951,0,0
107719.711652101,107779.711652101,650,230,147.321449323951,0,0
107779.711652101,107839.711652101,650,230,153.321449323951,0,0
107839.711652101,107899.711652101,650,230,159.321449323951,0,0
107899.711652101,107959.711652101,650,230,165.321449323951,0,0
107959.711652101,108019.711652101,650,230,171.321449323951,0,0
108019.711652101,108079.711652101,650,230,177.321449323951,0,0
108079.711652101,108139.711652101,650,230,183.321449323951,0,0
108139.711652101,108199.711652101,650,230,189.321449323951,0,0
108199.711652101,108259.711652101,650,230,195.321449323951,0,0
108259.711652101,108319.711652101,650,230,201.321449323951,0,0
108319.711652101,108379.711652101,650,230,207.321449323951,0,0
108379.711652101,108439.711652101,650,230,213.321449323951,0,0
108439.711652101,108499.711652101,650,230,219.321449323951,0,0
108499.711652101,108559.711652101,650,230,225.321449323951,0,0
108559.711652101,108619.711652101,650,230,231.321449323951,0,0
108619.711652101,108679.711652101,650,230,237.321449323951,0,0
108679.711652101,108739.711652101,650,230,243.321449323951,0,0
108739.711652101,108799.711652101,650,230,249.321449323951,0,0
108799.711652101,108859.711652101,650,230,255.321449323951,0,0
108859.711652101,108919.711652101,650,230,261.321449323951,0,0
108919.711652101,108979.711652101,650,230,267.321449323951,0,0
108979.711652101,109039.711652101,650,230,273.321449323951,0,0
109039.711652101,109040.863485281,650,230,273.436632641996,0,0
109040.863485281,109100.863485281,650,560,274.786632641996,0,1
109100.863485281,109160.863485281,650,560,276.136632641996,0,1
109160.863485281,109220.863485281,650,560,277.486632641996,0,1
109220.863485281,109280.863485281,650,560,278.836632641996,0,1
109280.863485281,109340.863485281,650,560,280.186632641996,0,1
109340.863485281,109400.863485281,650,560,281.536632641996,0,1
109400.863485281,109460.863485281,650,560,282.886632641996,0,1
109460.863485281,109520.863485281,650,560,284.236632641996,0,1
109520.863485281,109580.863485281,650,560,285.586632641996,0,1
109580.863485281,109640.863485281,650,560,286.936632641996,0,1
109640.863485281,109700.863485281,650,560,288.286632641996,0,1
109700.863485281,109760.863485281,650,560,289.636632641996,0,1
109760.863485281,109820.863485281,650,560,290.986632641996,0,1
109820.863485281,109880.863485281,650,560,292.336632641996,0,1
109880.863485281,109940.863485281,650,560,293.686632641996,0,1
109940.863485281,110000.863485281,650,560,295.036632641996,0,1
110000.863485281,110060.863485281,650,560,296.386632641996,0,1
110060.863485281,110120.863485281,650,560,297.736632641996,0,1
110120.863485281,110180.863485281,650,560,299.086632641996,0,1
110180.863485281,110240.863485281,650,560,300,0,1
110240.863485281,110300.863485281,650,560,300,0,1
110300.863485281,110360.863485281,650,560,300,0,1
110360.863485281,110420.863485281,650,560,300,0,1
110420.863485281,110480.863485281,650,560,300,0,1
110480.863485281,110540.863485281,650,560,300,0,1
110540.863485281,110600.863485281,650,560,300,0,1
110600.863485281,110660.863485281,650,560,300,0,1
110660.863485281,110720.863485281,650,560,300,0,1
110720.863485281,110780.863485281,650,560,300,0,1
110780.863485281,110840.863485281,650,560,300,0,1
110840.863485281,110842.015318462,650,560,300,0,1
110842.015318462,110902.015318462,0,560,289.62962962963,0,1
110902.015318462,110962.015318462,0,560,279.259259259259,0,1
110962.015318462,111022.015318462,0,560,268.888888888889,0,1
111022.015318462,111082.015318462,0,560,258.518518518518,0,1
111082.015318462,111142.015318462,0,560,248.148148148148,0,1
111142.015318462,111202.015318462,0,560,237.777777777778,0,1
111202.015318462,111262.015318462,0,560,227.407407407407,0,1
111262.015318462,111322.015318462,0,560,217.037037037037,0,1
111322.015318462,111382.015318462,0,560,206.666666666667,0,1
111382.015318462,111442.015318462,0,230,202.407407407407,0,0
111442.015318462,111502.015318462,0,230,198.148148148148,0,0
111502.015318462,111562.015318462,0,230,193.888888888889,0,0
111562.015318462,111622.015318462,0,230,189.62962962963,0,0
111622.015318462,111682.015318462,0,230,185.37037037037,0,0
111682.015318462,111742.015318462,0,230,181.111111111111,0,0
111742.015318462,111802.015318462,0,230,176.851851851852,0,0
111802.015318462,111862.015318462,0,230,172.592592592592,0,0
111862.015318462,111922.015318462,0,230,168.333333333333,0,0
111922.015318462,111982.015318462,0,230,164.074074074074,0,0
111982.015318462,112042.015318462,0,230,159.814814814815,0,0
112042.015318462,112102.015318462,0,230,155.555555555555,0,0
112102.015318462,112162.015318462,0,230,151.296296296296,0,0
112162.015318462,112222.015318462,0,230,147.037037037037,0,0
112222.015318462,112282.015318462,0,230,142.777777777778,0,0
112282.015318462,112342.015318462,0,230,138.518518518518,0,0
112342.015318462,112402.015318462,0,230,134.259259259259,0,0
112402.015318462,112462.015318462,0,230,130,0,0
112462.015318462,112522.015318462,0,230,125.740740740741,0,0
112522.015318462,112582.015318462,0,230,121.481481481481,0,0
112582.015318462,112642.015318462,0,230,117.222222222222,0,0
112642.015318462,112702.015318462,0,230,112.962962962963,0,0
112702.015318462,112762.015318462,0,230,108.703703703703,0,0
112762.015318462,112822.015318462,0,230,104.444444444444,0,0
112822.015318462,112882.015318462,0,230,100.185185185185,0,0
112882.015318462,112942.015318462,0,230,95.9259259259256,0,0
112942.015318462,112978.704467116,0,230,93.3214493239506,0,0
112978.704467116,113038.704467116,650,230,99.3214493239506,0,0
113038.704467116,113098.704467116,650,230,105.321449323951,0,0
113098.704467116,113158.704467116,650,230,111.321449323951,0,0
113158.704467116,113218.704467116,650,230,117.321449323951,0,0
113218.704467116,113278.704467116,650,230,123.321449323951,0,0
113278.704467116,113338.704467116,650,230,129.321449323951,0,0
113338.704467116,113398.704467116,650,230,135.321449323951,0,0
113398.704467116,113458.704467116,650,230,141.321449323951,0,0
113458.704467116,113518.704467116,650,230,147.321449323951,0,0
113518.704467116,113578.704467116,650,230,153.321449323951,0,0
113578.704467116,113638.704467116,650,230,159.321449323951,0,0
113638.704467116,113698.704467116,650,230,165.321449323951,0,0
113698.704467116,113758.704467116,650,230,171.321449323951,0,0
113758.704467116,113818.704467116,650,230,177.321449323951,0,0
113818.704467116,113878.704467116,650,230,183.321449323951,0,0
113878.704467116,113938.704467116,650,230,189.321449323951,0,0
113938.704467116,113998.704467116,650,230,195.321449323951,0,0
113998.704467116,114058.704467116,650,230,201.321449323951,0,0
114058.704467116,114118.704467116,650,230,207.321449323951,0,0
114118.704467116,114178.704467116,650,230,213.321449323951,0,0
114178.704467116,114238.704467116,650,230,219.321449323951,0,0
114238.704467116,114298.704467116,650,230,225.321449323951,0,0
114298.704467116,114358.704467116,650,230,231.321449323951,0,0
114358.704467116,114418.704467116,650,230,237.321449323951,0,0
114418.704467116,114478.704467116,650,230,243.321449323951,0,0
114478.704467116,114538.704467116,650,230,249.321449323951,0,0
114538.704467116,114598.704467116,650,230,255.321449323951,0,0
114598.704467116,114658.704467116,650,230,261.321449323951,0,0
114658.704467116,114718.704467116,650,230,267.321449323951,0,0
114718.704467116,114778.704467116,650,230,273.321449323951,0,0
114778.704467116,114779.856300296,650,230,273.436632641995,0,0
114779.856300296,114839.856300296,650,560,274.786632641995,0,1
114839.856300296,114899.856300296,650,560,276.136632641995,0,1
114899.856300296,114959.856300296,650,560,277.486632641995,0,1
114959.856300296,115019.856300296,650,560,278.836632641995,0,1
115019.856300296,115079.856300296,650,560,280.186632641995,0,1
115079.856300296,115139.856300296,650,560,281.536632641995,0,1
115139.856300296,115199.856300296,650,560,282.886632641995,0,1
115199.856300296,115259.856300296,650,560,284.236632641995,0,1
115259.856300296,115319.856300296,650,560,285.586632641995,0,1
115319.856300296,115379.856300296,650,560,286.936632641995,0,1
115379.856300296,115439.856300296,650,560,288.286632641995,0,1
115439.856300296,115499.856300296,650,560,289.636632641995,0,1
115499.856300296,115559.856300296,650,560,290.986632641995,0,1
115559.856300296,115619.856300296,650,560,292.336632641995,0,1
115619.856300296,115679.856300296,650,560,293.686632641995,0,1
115679.856300296,115739.856300296,650,560,295.036632641995,0,1
115739.856300296,115799.856300296,650,560,296.386632641995,0,1
115799.856300296,115859.856300296,650,560,297.736632641995,0,1
115859.856300296,115919.856300296,650,560,299.086632641995,0,1
115919.856300296,115979.856300296,650,560,300,0,1
115979.856300296,116039.856300296,650,560,300,0,1
116039.856300296,116099.856300296,650,560,300,0,1
116099.856300296,116159.856300296,650,560,300,0,1
116159.856300296,116219.856300296,650,560,300,0,1
116219.856300296,116279.856300296,650,560,300,0,1
116279.856300296,116339.856300296,650,560,300,0,1
116339.856300296,116399.856300296,650,560,300,0,1
116399.856300296,116459.856300296,650,560,300,0,1
116459.856300296,116519.856300296,650,560,300,0,1
116519.856300296,116579.856300296,650,560,300,0,1
116579.856300296,116581.008133476,650,560,300,0,1
116581.008133476,116641.008133476,0,560,289.62962962963,0,1
116641.008133476,116701.008133476,0,560,279.259259259259,0,1
116701.008133476,116761.008133476,0,560,268.888888888889,0,1
116761.008133476,116821.008133476,0,560,258.518518518518,0,1
116821.008133476,116881.008133476,0,560,248.148148148148,0,1
116881.008133476,116941.008133476,0,560,237.777777777778,0,1
116941.008133476,117001.008133476,0,560,227.407407407407,0,1
117001.008133476,117061.008133476,0,560,217.037037037037,0,1
117061.008133476,117121.008133476,0,560,206.666666666667,0,1
117121.008133476,117181.008133476,0,230,202.407407407407,0,0
117181.008133476,117241.008133476,0,230,198.148148148148,0,0
117241.008133476,117301.008133476,0,230,193.888888888889,0,0
117301.008133476,117361.008133476,0,230,189.62962962963,0,0
117361.008133476,117421.008133476,0,230,185.37037037037,0,0
117421.008133476,117481.008133476,0,230,181.111111111111,0,0
117481.008133476,117541.008133476,0,230,176.851851851852,0,0
117541.008133476,117601.008133476,0,230,172.592592592592,0,0
117601.008133476,117661.008133476,0,230,168.333333333333,0,0
117661.008133476,117721.008133476,0,230,164.074074074074,0,0
117721.008133476,117781.008133476,0,230,159.814814814815,0,0
117781.008133476,117841.008133476,0,230,155.555555555555,0,0
117841.008133476,117901.008133476,0,230,151.296296296296,0,0
117901.008133476,117961.008133476,0,230,147.037037037037,0,0
117961.008133476,118021.008133476,0,230,142.777777777778,0,0
118021.008133476,118081.008133476,0,230,138.518518518518,0,0
118081.008133476,118141.008133476,0,230,134.259259259259,0,0
118141.008133476,118201.008133476,0,230,130,0,0
118201.008133476,118261.008133476,0,230,125.740740740741,0,0
118261.008133476,118321.008133476,0,230,121.481481481481,0,0
118321.008133476,118381.008133476,0,230,117.222222222222,0,0
118381.008133476,118441.008133476,0,230,112.962962962963,0,0
118441.008133476,118501.008133476,0,230,108.703703703703,0,0
118501.008133476,118561.008133476,0,230,104.444444444444,0,0
118561.008133476,118621.008133476,0,230,100.185185185185,0,0
118621.008133476,118681.008133476,0,230,95.9259259259256,0,0
118681.008133476,118717.69728213,0,230,93.3214493239506,0,0
118717.69728213,118777.69728213,650,230,99.3214493239506,0,0
118777.69728213,118837.69728213,650,230,105.321449323951,0,0
118837.69728213,118897.69728213,650,230,111.321449323951,0,0
118897.69728213,118957.69728213,650,230,117.321449323951,0,0
118957.69728213,119017.69728213,650,230,123.321449323951,0,0
119017.69728213,119077.69728213,650,230,129.321449323951,0,0
119077.69728213,119137.69728213,650,230,135.321449323951,0,0
119137.69728213,119197.69728213,650,230,141.321449323951,0,0
119197.69728213,119257.69728213,650,230,147.321449323951,0,0
119257.69728213,119317.69728213,650,230,153.321449323951,0,0
119317.69728213,119377.69728213,650,230,159.321449323951,0,0
119377.69728213,119437.69728213,650,230,165.321449323951,0,0
119437.69728213,119497.69728213,650,230,171.321449323951,0,0
119497.69728213,119557.69728213,650,230,177.321449323951,0,0
119557.69728213,119617.69728213,650,230,183.321449323951,0,0
119617.69728213,119677.69728213,650,230,189.321449323951,0,0
119677.69728213,119737.69728213,650,230,195.321449323951,0,0
119737.69728213,119797.69728213,650,230,201.321449323951,0,0
119797.69728213,119857.69728213,650,230,207.321449323951,0,0
119857.69728213,119917.69728213,650,230,213.321449323951,0,0
119917.69728213,119977.69728213,650,230,219.321449323951,0,0
119977.69728213,120037.69728213,650,230,225.321449323951,0,0
120037.69728213,120097.69728213,650,230,231.321449323951,0,0
120097.69728213,120157.69728213,650,230,237.321449323951,0,0
120157.69728213,120217.69728213,650,230,243.321449323951,0,0
120217.69728213,120277.69728213,650,230,249.321449323951,0,0
120277.69728213,120337.69728213,650,230,255.321449323951,0,0
120337.69728213,120397.69728213,650,230,261.321449323951,0,0
120397.69728213,120457.69728213,650,230,267.321449323951,0,0
120457.69728213,120517.69728213,650,230,273.321449323951,0,0
120517.69728213,120518.849115311,650,230,273.436632641996,0,0
120518.849115311,120578.849115311,650,560,274.786632641996,0,1
120578.849115311,120638.849115311,650,560,276.136632641996,0,1
120638.849115311,120698.849115311,650,560,277.486632641996,0,1
120698.849115311,120758.849115311,650,560,278.836632641996,0,1
120758.849115311,120818.849115311,650,560,280.186632641996,0,1
120818.849115311,120878.849115311,650,560,281.536632641996,0,1
120878.849115311,120938.849115311,650,560,282.886632641996,0,1
120938.849115311,120998.849115311,650,560,284.236632641996,0,1
120998.849115311,121058.849115311,650,560,285.586632641996,0,1
121058.849115311,121118.849115311,650,560,286.936632641996,0,1
121118.849115311,121178.849115311,650,560,288.286632641996,0,1
121178.849115311,121238.849115311,650,560,289.636632641996,0,1
121238.849115311,121298.849115311,650,560,290.986632641996,0,1
121298.849115311,121358.849115311,650,560,292.336632641996,0,1
121358.849115311,121418.849115311,650,560,293.686632641996,0,1
121418.849115311,121478.849115311,650,560,295.036632641996,0,1
121478.849115311,121538.849115311,650,560,296.386632641996,0,1
121538.849115311,121598.849115311,650,560,297.736632641996,0,1
121598.849115311,121658.849115311,650,560,299.086632641996,0,1
121658.849115311,121718.849115311,650,560,300,0,1
121718.849115311,121778.849115311,650,560,300,0,1
121778.849115311,121838.849115311,650,560,300,0,1
121838.849115311,121898.849115311,650,560,300,0,1
121898.849115311,121958.849115311,650,560,300,0,1
121958.849115311,122018.849115311,650,560,300,0,1
122018.849115311,122078.849115311,650,560,300,0,1
122078.849115311,122138.849115311,650,560,300,0,1
122138.849115311,122198.849115311,650,560,300,0,1
122198.849115311,122258.849115311,650,560,300,0,1
122258.849115311,122318.849115311,650,560,300,0,1
122318.849115311,122320.000948491,650,560,300,0,1
122320.000948491,122380.000948491,0,560,289.62962962963,0,1
122380.000948491,122440.000948491,0,560,279.259259259259,0,1
122440.000948491,122500.000948491,0,560,268.888888888889,0,1
122500.000948491,122560.000948491,0,560,258.518518518518,0,1
122560.000948491,122620.000948491,0,560,248.148148148148,0,1
122620.000948491,122680.000948491,0,560,237.777777777778,0,1
122680.000948491,122740.000948491,0,560,227.407407407407,0,1
122740.000948491,122800.000948491,0,560,217.037037037037,0,1
122800.000948491,122860.000948491,0,560,206.666666666667,0,1
122860.000948491,122920.000948491,0,230,202.407407407407,0,0
122920.000948491,122980.000948491,0,230,198.148148148148,0,0
122980.000948491,123040.000948491,0,230,193.888888888889,0,0
123040.000948491,123100.000948491,0,230,189.62962962963,0,0
123100.000948491,123160.000948491,0,230,185.37037037037,0,0
123160.000948491,123220.000948491,0,230,181.111111111111,0,0
123220.000948491,123280.000948491,0,230,176.851851851852,0,0
123280.000948491,123340.000948491,0,230,172.592592592592,0,0
123340.000948491,123400.000948491,0,230,168.333333333333,0,0
123400.000948491,123460.000948491,0,230,164.074074074074,0,0
123460.000948491,123520.000948491,0,230,159.814814814815,0,0
123520.000948491,123580.000948491,0,230,155.555555555555,0,0
123580.000948491,123640.000948491,0,230,151.296296296296,0,0
123640.000948491,123700.000948491,0,230,147.037037037037,0,0
123700.000948491,123760.000948491,0,230,142.777777777778,0,0
123760.000948491,123820.000948491,0,230,138.518518518518,0,0
123820.000948491,123880.000948491,0,230,134.259259259259,0,0
123880.000948491,123940.000948491,0,230,130,0,0
123940.000948491,124000.000948491,0,230,125.740740740741,0,0
124000.000948491,124060.000948491,0,230,121.481481481481,0,0
124060.000948491,124120.000948491,0,230,117.222222222222,0,0
124120.000948491,124180.000948491,0,230,112.962962962963,0,0
124180.000948491,124240.000948491,0,230,108.703703703703,0,0
124240.000948491,124300.000948491,0,230,104.444444444444,0,0
124300.000948491,124360.000948491,0,230,100.185185185185,0,0
124360.000948491,124420.000948491,0,230,95.9259259259256,0,0
124420.000948491,124456.690097145,0,230,93.3214493239506,0,0
124456.690097145,124516.690097145,650,230,99.3214493239506,0,0
124516.690097145,124576.690097145,650,230,105.321449323951,0,0
124576.690097145,124636.690097145,650,230,111.321449323951,0,0
124636.690097145,124696.690097145,650,230,117.321449323951,0,0
124696.690097145,124756.690097145,650,230,123.321449323951,0,0
124756.690097145,124816.690097145,650,230,129.321449323951,0,0
124816.690097145,124876.690097145,650,230,135.321449323951,0,0
124876.690097145,124936.690097145,650,230,141.321449323951,0,0
124936.690097145,124996.690097145,650,230,147.321449323951,0,0
124996.690097145,125056.690097145,650,230,153.321449323951,0,0
125056.690097145,125116.690097145,650,230,159.321449323951,0,0
125116.690097145,125176.690097145,650,230,165.321449323951,0,0
125176.690097145,125236.690097145,650,230,171.321449323951,0,0
125236.690097145,125296.690097145,650,230,177.321449323951,0,0
125296.690097145,125356.690097145,650,230,183.321449323951,0,0
125356.690097145,125416.690097145,650,230,189.321449323951,0,0
125416.690097145,125476.690097145,650,230,195.321449323951,0,0
125476.690097145,125536.690097145,650,230,201.321449323951,0,0
125536.690097145,125596.690097145,650,230,207.321449323951,0,0
125596.690097145,125656.690097145,650,230,213.321449323951,0,0
125656.690097145,125716.690097145,650,230,219.321449323951,0,0
125716.690097145,125776.690097145,650,230,225.321449323951,0,0
125776.690097145,125836.690097145,650,230,231.321449323951,0,0
125836.690097145,125896.690097145,650,230,237.321449323951,0,0
125896.690097145,125956.690097145,650,230,243.321449323951,0,0
125956.690097145,126016.690097145,650,230,249.321449323951,0,0
126016.690097145,126076.690097145,650,230,255.321449323951,0,0
126076.690097145,126136.690097145,650,230,261.321449323951,0,0
126136.690097145,126196.690097145,650,230,267.321449323951,0,0
126196.690097145,126256.690097145,650,230,273.321449323951,0,0
126256.690097145,126257.841930326,650,230,273.436632641995,0,0
126257.841930326,126317.841930326,650,560,274.786632641995,0,1
126317.841930326,126377.841930326,650,560,276.136632641995,0,1
126377.841930326,126437.841930326,650,560,277.486632641995,0,1
126437.841930326,126497.841930326,650,560,278.836632641995,0,1
126497.841930326,126557.841930326,650,560,280.186632641995,0,1
126557.841930326,126617.841930326,650,560,281.536632641995,0,1
126617.841930326,126677.841930326,650,560,282.886632641995,0,1
126677.841930326,126737.841930326,650,560,284.236632641995,0,1
126737.841930326,126797.841930326,650,560,285.586632641995,0,1
126797.841930326,126857.841930326,650,560,286.936632641995,0,1
126857.841930326,126917.841930326,650,560,288.286632641995,0,1
126917.841930326,126977.841930326,650,560,289.636632641995,0,1
126977.841930326,127037.841930326,650,560,290.986632641995,0,1
127037.841930326,127097.841930326,650,560,292.336632641995,0,1
127097.841930326,127157.841930326,650,560,293.686632641995,0,1
127157.841930326,127217.841930326,650,560,295.036632641995,0,1
127217.841930326,127277.841930326,650,560,296.386632641995,0,1
127277.841930326,127337.841930326,650,560,297.736632641995,0,1
127337.841930326,127397.841930326,650,560,299.086632641995,0,1
127397.841930326,127457.841930326,650,560,300,0,1
127457.841930326,127517.841930326,650,560,300,0,1
127517.841930326,127577.841930326,650,560,300,0,1
127577.841930326,127637.841930326,650,560,300,0,1
127637.841930326,127697.841930326,650,560,300,0,1
127697.841930326,127757.841930326,650,560,300,0,1
127757.841930326,127817.841930326,650,560,300,0,1
127817.841930326,127877.841930326,650,560,300,0,1
127877.841930326,127937.841930326,650,560,300,0,1
127937.841930326,127997.841930326,650,560,300,0,1
127997.841930326,128057.841930326,650,560,300,0,1
128057.841930326,128058.993763506,650,560,300,0,1
128058.993763506,128118.993763506,0,560,289.62962962963,0,1
128118.993763506,128178.993763506,0,560,279.259259259259,0,1
128178.993763506,128238.993763506,0,560,268.888888888889,0,1
128238.993763506,128298.993763506,0,560,258.518518518518,0,1
128298.993763506,128358.993763506,0,560,248.148148148148,0,1
128358.993763506,128418.993763506,0,560,237.777777777778,0,1
128418.993763506,128478.993763506,0,560,227.407407407407,0,1
128478.993763506,128538.993763506,0,560,217.037037037037,0,1
128538.993763506,128598.993763506,0,560,206.666666666667,0,1
128598.993763506,128658.993763506,0,230,202.407407407407,0,0
128658.993763506,128718.993763506,0,230,198.148148148148,0,0
128718.993763506,128778.993763506,0,230,193.888888888889,0,0
128778.993763506,128838.993763506,0,230,189.62962962963,0,0
128838.993763506,128898.993763506,0,230,185.37037037037,0,0
128898.993763506,128958.993763506,0,230,181.111111111111,0,0
128958.993763506,129018.993763506,0,230,176.851851851852,0,0
129018.993763506,129078.993763506,0,230,172.592592592592,0,0
129078.993763506,129138.993763506,0,230,168.333333333333,0,0
129138.993763506,129198.993763506,0,230,164.074074074074,0,0
129198.993763506,129258.993763506,0,230,159.814814814815,0,0
129258.993763506,129318.993763506,0,230,155.555555555555,0,0
129318.993763506,129378.993763506,0,230,151.296296296296,0,0
129378.993763506,129438.993763506,0,230,147.037037037037,0,0
129438.993763506,129498.993763506,0,230,142.777777777778,0,0
129498.993763506,129558.993763506,0,230,138.518518518518,0,0
129558.993763506,129618.993763506,0,230,134.259259259259,0,0
129618.993763506,129678.993763506,0,230,130,0,0
129678.993763506,129738.993763506,0,230,125.740740740741,0,0
129738.993763506,129798.993763506,0,230,121.481481481481,0,0
129798.993763506,129858.993763506,0,230,117.222222222222,0,0
129858.993763506,129918.993763506,0,230,112.962962962963,0,0
129918.993763506,129978.993763506,0,230,108.703703703703,0,0
129978.993763506,130038.993763506,0,230,104.444444444444,0,0
130038.993763506,130098.993763506,0,230,100.185185185185,0,0
130098.993763506,130158.993763506,0,230,95.9259259259256,0,0
130158.993763506,130195.68291216,0,230,93.3214493239506,0,0
130195.68291216,130255.68291216,650,230,99.3214493239506,0,0
130255.68291216,130315.68291216,650,230,105.321449323951,0,0
130315.68291216,130375.68291216,650,230,111.321449323951,0,0
130375.68291216,130435.68291216,650,230,117.321449323951,0,0
130435.68291216,130495.68291216,650,230,123.321449323951,0,0
130495.68291216,130555.68291216,650,230,129.321449323951,0,0
130555.68291216,130615.68291216,650,230,135.321449323951,0,0
130615.68291216,130675.68291216,650,230,141.321449323951,0,0
130675.68291216,130735.68291216,650,230,147.321449323951,0,0
130735.68291216,130795.68291216,650,230,153.321449323951,0,0
130795.68291216,130855.68291216,650,230,159.321449323951,0,0
130855.68291216,130915.68291216,650,230,165.321449323951,0,0
130915.68291216,130975.68291216,650,230,171.321449323951,0,0
130975.68291216,131035.68291216,650,230,177.321449323951,0,0
131035.68291216,131095.68291216,650,230,183.321449323949,0,0
131095.68291216,131155.68291216,650,230,189.321449323949,0,0
131155.68291216,131215.68291216,650,230,195.321449323949,0,0
131215.68291216,131275.68291216,650,230,201.321449323949,0,0
131275.68291216,131335.68291216,650,230,207.321449323949,0,0
131335.68291216,131395.68291216,650,230,213.321449323949,0,0
131395.68291216,131455.68291216,650,230,219.321449323949,0,0
131455.68291216,131515.68291216,650,230,225.321449323949,0,0
131515.68291216,131575.68291216,650,230,231.321449323949,0,0
131575.68291216,131635.68291216,650,230,237.321449323949,0,0
131635.68291216,131695.68291216,650,230,243.321449323949,0,0
131695.68291216,131755.68291216,650,230,249.321449323949,0,0
131755.68291216,131815.68291216,650,230,255.321449323949,0,0
131815.68291216,131875.68291216,650,230,261.321449323949,0,0
131875.68291216,131935.68291216,650,230,267.321449323949,0,0
131935.68291216,131995.68291216,650,230,273.321449323949,0,0
131995.68291216,131996.83474534,650,230,273.436632641995,0,0
131996.83474534,131996.834745914,650,230,273.436632699384,0,0
131996.834745914,132056.834745914,650,560,274.786632699384,0,1
132056.834745914,132116.834745914,650,560,276.136632699384,0,1
132116.834745914,132176.834745914,650,560,277.486632699384,0,1
132176.834745914,132236.834745914,650,560,278.836632699384,0,1
132236.834745914,132296.834745914,650,560,280.186632699385,0,1
132296.834745914,132356.834745914,650,560,281.536632699385,0,1
132356.834745914,132416.834745914,650,560,282.886632699385,0,1
132416.834745914,132476.834745914,650,560,284.236632699385,0,1
132476.834745914,132536.834745914,650,560,285.586632699385,0,1
132536.834745914,132596.834745914,650,560,286.936632699385,0,1
132596.834745914,132656.834745914,650,560,288.286632699385,0,1
132656.834745914,132716.834745914,650,560,289.636632699385,0,1
132716.834745914,132776.834745914,650,560,290.986632699385,0,1
132776.834745914,132836.834745914,650,560,292.336632699385,0,1
132836.834745914,132896.834745914,650,560,293.686632699385,0,1
132896.834745914,132956.834745914,650,560,295.036632699385,0,1
132956.834745914,133016.834745914,650,560,296.386632699385,0,1
133016.834745914,133076.834745914,650,560,297.736632699385,0,1
133076.834745914,133136.834745914,650,560,299.086632699385,0,1
133136.834745914,133196.834745914,650,560,300,0,1
133196.834745914,133256.834745914,650,560,300,0,1
133256.834745914,133316.834745914,650,560,300,0,1
133316.834745914,133376.834745914,650,560,300,0,1
133376.834745914,133436.834745914,650,560,300,0,1
133436.834745914,133496.834745914,650,560,300,0,1
133496.834745914,133556.834745914,650,560,300,0,1
133556.834745914,133616.834745914,650,560,300,0,1
133616.834745914,133676.834745914,650,560,300,0,1
133676.834745914,133736.834745914,650,560,300,0,1
133736.834745914,133796.834745914,650,560,300,0,1
133796.834745914,133797.986578521,650,560,300,0,1
133797.986578521,133857.986578521,0,560,289.62962962963,0,1
133857.986578521,133917.986578521,0,560,279.259259259259,0,1
133917.986578521,133977.986578521,0,560,268.888888888889,0,1
133977.986578521,134037.986578521,0,560,258.518518518518,0,1
134037.986578521,134097.986578521,0,560,248.148148148148,0,1
134097.986578521,134157.986578521,0,560,237.777777777778,0,1
134157.986578521,134217.986578521,0,560,227.407407407407,0,1
134217.986578521,134277.986578521,0,560,217.037037037037,0,1
134277.986578521,134337.986578521,0,560,206.666666666667,0,1
134337.986578521,134397.986578521,0,230,202.407407407407,0,0
134397.986578521,134457.986578521,0,230,198.148148148148,0,0
134457.986578521,134517.986578521,0,230,193.888888888889,0,0
134517.986578521,134577.986578521,0,230,189.62962962963,0,0
134577.986578521,134637.986578521,0,230,185.37037037037,0,0
134637.986578521,134697.986578521,0,230,181.111111111111,0,0
134697.986578521,134757.986578521,0,230,176.851851851852,0,0
134757.986578521,134817.986578521,0,230,172.592592592592,0,0
134817.986578521,134877.986578521,0,230,168.333333333333,0,0
134877.986578521,134937.986578521,0,230,164.074074074074,0,0
134937.986578521,134997.986578521,0,230,159.814814814815,0,0
134997.986578521,135057.986578521,0,230,155.555555555555,0,0
135057.986578521,135117.986578521,0,230,151.296296296296,0,0
135117.986578521,135177.986578521,0,230,147.037037037037,0,0
135177.986578521,135237.986578521,0,230,142.777777777778,0,0
135237.986578521,135297.986578521,0,230,138.518518518518,0,0
135297.986578521,135357.986578521,0,230,134.259259259259,0,0
135357.986578521,135417.986578521,0,230,130,0,0
135417.986578521,135477.986578521,0,230,125.740740740741,0,0
135477.986578521,135537.986578521,0,230,121.481481481481,0,0
135537.986578521,135597.986578521,0,230,117.222222222222,0,0
135597.986578521,135657.986578521,0,230,112.962962962963,0,0
135657.986578521,135717.986578521,0,230,108.703703703703,0,0
135717.986578521,135777.986578521,0,230,104.444444444444,0,0
135777.986578521,135837.986578521,0,230,100.185185185185,0,0
135837.986578521,135897.986578521,0,230,95.9259259259256,0,0
135897.986578521,135934.675727175,0,230,93.3214493239506,0,0
135934.675727175,135994.675727175,650,230,99.3214493239506,0,0
135994.675727175,136054.675727175,650,230,105.321449323951,0,0
136054.675727175,136114.675727175,650,230,111.321449323951,0,0
136114.675727175,136174.675727175,650,230,117.321449323951,0,0
136174.675727175,136234.675727175,650,230,123.321449323951,0,0
136234.675727175,136294.675727175,650,230,129.321449323951,0,0
136294.675727175,136354.675727175,650,230,135.321449323951,0,0
136354.675727175,136414.675727175,650,230,141.321449323951,0,0
136414.675727175,136474.675727175,650,230,147.321449323951,0,0
136474.675727175,136534.675727175,650,230,153.321449323951,0,0
136534.675727175,136594.675727175,650,230,159.321449323951,0,0
136594.675727175,136654.675727175,650,230,165.321449323951,0,0
136654.675727175,136714.675727175,650,230,171.321449323951,0,0
136714.675727175,136774.675727175,650,230,177.321449323951,0,0
136774.675727175,136834.675727175,650,230,183.321449323951,0,0
136834.675727175,136894.675727175,650,230,189.321449323951,0,0
136894.675727175,136954.675727175,650,230,195.321449323951,0,0
136954.675727175,137014.675727175,650,230,201.321449323951,0,0
137014.675727175,137074.675727175,650,230,207.321449323951,0,0
137074.675727175,137134.675727175,650,230,213.321449323951,0,0
137134.675727175,137194.675727175,650,230,219.321449323951,0,0
137194.675727175,137254.675727175,650,230,225.321449323951,0,0
137254.675727175,137314.675727175,650,230,231.321449323951,0,0
137314.675727175,137374.675727175,650,230,237.321449323951,0,0
137374.675727175,137434.675727175,650,230,243.321449323951,0,0
137434.675727175,137494.675727175,650,230,249.321449323951,0,0
137494.675727175,137554.675727175,650,230,255.321449323951,0,0
137554.675727175,137614.675727175,650,230,261.321449323951,0,0
137614.675727175,137674.675727175,650,230,267.321449323951,0,0
137674.675727175,137734.675727175,650,230,273.321449323951,0,0
137734.675727175,137735.827560355,650,230,273.436632641993,0,0
137735.827560355,137735.828134254,650,230,273.436690031921,0,0
137735.828134254,137795.828134254,650,560,274.786690031921,0,1
137795.828134254,137855.828134254,650,560,276.136690031921,0,1
137855.828134254,137915.828134254,650,560,277.486690031921,0,1
137915.828134254,137975.828134254,650,560,278.836690031921,0,1
137975.828134254,138035.828134254,650,560,280.186690031921,0,1
138035.828134254,138095.828134254,650,560,281.536690031921,0,1
138095.828134254,138155.828134254,650,560,282.886690031921,0,1
138155.828134254,138215.828134254,650,560,284.236690031921,0,1
138215.828134254,138275.828134254,650,560,285.586690031921,0,1
138275.828134254,138335.828134254,650,560,286.936690031921,0,1
138335.828134254,138395.828134254,650,560,288.286690031921,0,1
138395.828134254,138455.828134254,650,560,289.636690031921,0,1
138455.828134254,138515.828134254,650,560,290.986690031921,0,1
138515.828134254,138575.828134254,650,560,292.336690031921,0,1
138575.828134254,138635.828134254,650,560,293.686690031921,0,1
138635.828134254,138695.828134254,650,560,295.036690031921,0,1
138695.828134254,138755.828134254,650,560,296.386690031921,0,1
138755.828134254,138815.828134254,650,560,297.736690031921,0,1
138815.828134254,138875.828134254,650,560,299.086690031921,0,1
138875.828134254,138935.828134254,650,560,300,0,1
138935.828134254,138995.828134254,650,560,300,0,1
138995.828134254,139055.828134254,650,560,300,0,1
139055.828134254,139115.828134254,650,560,300,0,1
139115.828134254,139175.828134254,650,560,300,0,1
139175.828134254,139235.828134254,650,560,300,0,1
139235.828134254,139295.828134254,650,560,300,0,1
139295.828134254,139355.828134254,650,560,300,0,1
139355.828134254,139415.828134254,650,560,300,0,1
139415.828134254,139475.828134254,650,560,300,0,1
139475.828134254,139535.828134254,650,560,300,0,1
139535.828134254,139536.979393536,650,560,300,0,1
139536.979393536,139596.979393536,0,560,289.62962962963,0,1
139596.979393536,139656.979393536,0,560,279.259259259259,0,1
139656.979393536,139716.979393536,0,560,268.888888888889,0,1
139716.979393536,139776.979393536,0,560,258.518518518518,0,1
139776.979393536,139836.979393536,0,560,248.148148148148,0,1
139836.979393536,139896.979393536,0,560,237.777777777778,0,1
139896.979393536,139956.979393536,0,560,227.407407407407,0,1
139956.979393536,140016.979393536,0,560,217.037037037037,0,1
140016.979393536,140076.979393536,0,560,206.666666666667,0,1
140076.979393536,140136.979393536,0,230,202.407407407407,0,0
140136.979393536,140196.979393536,0,230,198.148148148148,0,0
140196.979393536,140256.979393536,0,230,193.888888888889,0,0
140256.979393536,140316.979393536,0,230,189.62962962963,0,0
140316.979393536,140376.979393536,0,230,185.37037037037,0,0
140376.979393536,140436.979393536,0,230,181.111111111111,0,0
140436.979393536,140496.979393536,0,230,176.851851851852,0,0
140496.979393536,140556.979393536,0,230,172.592592592592,0,0
140556.979393536,140616.979393536,0,230,168.333333333333,0,0
140616.979393536,140676.979393536,0,230,164.074074074074,0,0
140676.979393536,140736.979393536,0,230,159.814814814815,0,0
140736.979393536,140796.979393536,0,230,155.555555555555,0,0
140796.979393536,140856.979393536,0,230,151.296296296296,0,0
140856.979393536,140916.979393536,0,230,147.037037037037,0,0
140916.979393536,140976.979393536,0,230,142.777777777778,0,0
140976.979393536,141036.979393536,0,230,138.518518518518,0,0
141036.979393536,141096.979393536,0,230,134.259259259259,0,0
141096.979393536,141156.979393536,0,230,130,0,0
141156.979393536,141216.979393536,0,230,125.740740740741,0,0
141216.979393536,141276.979393536,0,230,121.481481481481,0,0
141276.979393536,141336.979393536,0,230,117.222222222222,0,0
141336.979393536,141396.979393536,0,230,112.962962962963,0,0
141396.979393536,141456.979393536,0,230,108.703703703703,0,0
141456.979393536,141516.979393536,0,230,104.444444444444,0,0
141516.979393536,141576.979393536,0,230,100.185185185185,0,0
141576.979393536,141636.979393536,0,230,95.9259259259256,0,0
141636.979393536,141673.66854219,0,230,93.3214493239506,0,0
141673.66854219,141733.66854219,650,230,99.3214493239506,0,0
141733.66854219,141793.66854219,650,230,105.321449323951,0,0
141793.66854219,141853.66854219,650,230,111.321449323951,0,0
141853.66854219,141913.66854219,650,230,117.321449323951,0,0
141913.66854219,141973.66854219,650,230,123.321449323951,0,0
141973.66854219,142033.66854219,650,230,129.321449323951,0,0
142033.66854219,142093.66854219,650,230,135.321449323951,0,0
142093.66854219,142153.66854219,650,230,141.321449323951,0,0
142153.66854219,142213.66854219,650,230,147.321449323951,0,0
142213.66854219,142273.66854219,650,230,153.321449323951,0,0
142273.66854219,142333.66854219,650,230,159.321449323951,0,0
142333.66854219,142393.66854219,650,230,165.321449323951,0,0
142393.66854219,142453.66854219,650,230,171.321449323951,0,0
142453.66854219,142513.66854219,650,230,177.321449323951,0,0
142513.66854219,142573.66854219,650,230,183.321449323951,0,0
142573.66854219,142633.66854219,650,230,189.321449323951,0,0
142633.66854219,142693.66854219,650,230,195.321449323951,0,0
142693.66854219,142753.66854219,650,230,201.321449323951,0,0
142753.66854219,142813.66854219,650,230,207.321449323951,0,0
142813.66854219,142873.66854219,650,230,213.321449323951,0,0
142873.66854219,142933.66854219,650,230,219.321449323951,0,0
142933.66854219,142993.66854219,650,230,225.321449323951,0,0
142993.66854219,143053.66854219,650,230,231.321449323951,0,0
143053.66854219,143113.66854219,650,230,237.321449323951,0,0
143113.66854219,143173.66854219,650,230,243.321449323951,0,0
143173.66854219,143233.66854219,650,230,249.321449323951,0,0
143233.66854219,143293.66854219,650,230,255.321449323951,0,0
143293.66854219,143353.66854219,650,230,261.321449323951,0,0
143353.66854219,143413.66854219,650,230,267.321449323951,0,0
143413.66854219,143473.66854219,650,230,273.321449323951,0,0
143473.66854219,143474.82037537,650,230,273.436632641993,0,0
143474.82037537,143534.82037537,650,560,274.786632641993,0,1
143534.82037537,143594.82037537,650,560,276.136632641993,0,1
143594.82037537,143654.82037537,650,560,277.486632641993,0,1
143654.82037537,143714.82037537,650,560,278.836632641993,0,1
143714.82037537,143774.82037537,650,560,280.186632641993,0,1
143774.82037537,143834.82037537,650,560,281.536632641993,0,1
143834.82037537,143894.82037537,650,560,282.886632641993,0,1
143894.82037537,143954.82037537,650,560,284.236632641993,0,1
143954.82037537,144014.82037537,650,560,285.586632641993,0,1
144014.82037537,144074.82037537,650,560,286.936632641993,0,1
144074.82037537,144134.82037537,650,560,288.286632641993,0,1
144134.82037537,144194.82037537,650,560,289.636632641993,0,1
144194.82037537,144254.82037537,650,560,290.986632641993,0,1
144254.82037537,144314.82037537,650,560,292.336632641993,0,1
144314.82037537,144374.82037537,650,560,293.686632641993,0,1
144374.82037537,144434.82037537,650,560,295.036632641993,0,1
144434.82037537,144494.82037537,650,560,296.386632641994,0,1
144494.82037537,144554.82037537,650,560,297.736632641994,0,1
144554.82037537,144614.82037537,650,560,299.086632641994,0,1
144614.82037537,144674.82037537,650,560,300,0,1
144674.82037537,144734.82037537,650,560,300,0,1
144734.82037537,144794.82037537,650,560,300,0,1
144794.82037537,144854.82037537,650,560,300,0,1
144854.82037537,144914.82037537,650,560,300,0,1
144914.82037537,144974.82037537,650,560,300,0,1
144974.82037537,145034.82037537,650,560,300,0,1
145034.82037537,145094.82037537,650,560,300,0,1
145094.82037537,145154.82037537,650,560,300,0,1
145154.82037537,145214.82037537,650,560,300,0,1
145214.82037537,145274.82037537,650,560,300,0,1
145274.82037537,145275.97220855,650,560,300,0,1
145275.97220855,145335.97220855,0,560,289.62962962963,0,1
145335.97220855,145395.97220855,0,560,279.259259259259,0,1
145395.97220855,145455.97220855,0,560,268.888888888889,0,1
145455.97220855,145515.97220855,0,560,258.518518518518,0,1
145515.97220855,145575.97220855,0,560,248.148148148148,0,1
145575.97220855,145635.97220855,0,560,237.777777777778,0,1
145635.97220855,145695.97220855,0,560,227.407407407407,0,1
145695.97220855,145755.97220855,0,560,217.037037037037,0,1
145755.97220855,145815.97220855,0,560,206.666666666667,0,1
145815.97220855,145875.97220855,0,230,202.407407407407,0,0
145875.97220855,145935.97220855,0,230,198.148148148148,0,0
145935.97220855,145995.97220855,0,230,193.888888888889,0,0
145995.97220855,146055.97220855,0,230,189.62962962963,0,0
146055.97220855,146115.97220855,0,230,185.37037037037,0,0
146115.97220855,146175.97220855,0,230,181.111111111111,0,0
146175.97220855,146235.97220855,0,230,176.851851851852,0,0
146235.97220855,146295.97220855,0,230,172.592592592592,0,0
146295.97220855,146355.97220855,0,230,168.333333333333,0,0
146355.97220855,146415.97220855,0,230,164.074074074074,0,0
146415.97220855,146475.97220855,0,230,159.814814814815,0,0
146475.97220855,146535.97220855,0,230,155.555555555555,0,0
146535.97220855,146595.97220855,0,230,151.296296296296,0,0
146595.97220855,146655.97220855,0,230,147.037037037037,0,0
146655.97220855,146715.97220855,0,230,142.777777777778,0,0
146715.97220855,146775.97220855,0,230,138.518518518518,0,0
146775.97220855,146835.97220855,0,230,134.259259259259,0,0
146835.97220855,146895.97220855,0,230,130,0,0
146895.97220855,146955.97220855,0,230,125.740740740741,0,0
146955.97220855,147015.97220855,0,230,121.481481481481,0,0
147015.97220855,147075.97220855,0,230,117.222222222222,0,0
147075.97220855,147135.97220855,0,230,112.962962962963,0,0
147135.97220855,147195.97220855,0,230,108.703703703703,0,0
147195.97220855,147255.97220855,0,230,104.444444444444,0,0
147255.97220855,147315.97220855,0,230,100.185185185185,0,0
147315.97220855,147375.97220855,0,230,95.9259259259256,0,0
147375.97220855,147412.661357204,0,230,93.3214493239506,0,0
147412.661357204,147472.661357204,650,230,99.3214493239506,0,0
147472.661357204,147532.661357204,650,230,105.321449323951,0,0
147532.661357204,147592.661357204,650,230,111.321449323951,0,0
147592.661357204,147652.661357204,650,230,117.321449323951,0,0
147652.661357204,147712.661357204,650,230,123.321449323951,0,0
147712.661357204,147772.661357204,650,230,129.321449323951,0,0
147772.661357204,147832.661357204,650,230,135.321449323951,0,0
147832.661357204,147892.661357204,650,230,141.321449323951,0,0
147892.661357204,147952.661357204,650,230,147.321449323951,0,0
147952.661357204,148012.661357204,650,230,153.321449323951,0,0
148012.661357204,148072.661357204,650,230,159.321449323951,0,0
148072.661357204,148132.661357204,650,230,165.321449323951,0,0
148132.661357204,148192.661357204,650,230,171.321449323951,0,0
148192.661357204,148252.661357204,650,230,177.321449323951,0,0
148252.661357204,148312.661357204,650,230,183.321449323951,0,0
148312.661357204,148372.661357204,650,230,189.321449323951,0,0
148372.661357204,148432.661357204,650,230,195.321449323951,0,0
148432.661357204,148492.661357204,650,230,201.321449323951,0,0
148492.661357204,148552.661357204,650,230,207.321449323951,0,0
148552.661357204,148612.661357204,650,230,213.321449323951,0,0
148612.661357204,148672.661357204,650,230,219.321449323951,0,0
148672.661357204,148732.661357204,650,230,225.321449323951,0,0
148732.661357204,148792.661357204,650,230,231.321449323951,0,0
148792.661357204,148852.661357204,650,230,237.321449323951,0,0
148852.661357204,148912.661357204,650,230,243.321449323951,0,0
148912.661357204,148972.661357204,650,230,249.321449323951,0,0
148972.661357204,149032.661357204,650,230,255.321449323951,0,0
149032.661357204,149092.661357204,650,230,261.321449323951,0,0
149092.661357204,149152.661357204,650,230,267.321449323951,0,0
149152.661357204,149212.661357204,650,230,273.321449323951,0,0
149212.661357204,149213.813190385,650,230,273.436632641993,0,0
149213.813190385,149273.813190385,650,560,274.786632641993,0,1
149273.813190385,149333.813190385,650,560,276.136632641993,0,1
149333.813190385,149393.813190385,650,560,277.486632641993,0,1
149393.813190385,149453.813190385,650,560,278.836632641993,0,1
149453.813190385,149513.813190385,650,560,280.186632641993,0,1
149513.813190385,149573.813190385,650,560,281.536632641993,0,1
149573.813190385,149633.813190385,650,560,282.886632641993,0,1
149633.813190385,149693.813190385,650,560,284.236632641993,0,1
149693.813190385,149753.813190385,650,560,285.586632641993,0,1
149753.813190385,149813.813190385,650,560,286.936632641993,0,1
149813.813190385,149873.813190385,650,560,288.286632641993,0,1
149873.813190385,149933.813190385,650,560,289.636632641993,0,1
149933.813190385,149993.813190385,650,560,290.986632641993,0,1
149993.813190385,150053.813190385,650,560,292.336632641993,0,1
150053.813190385,150113.813190385,650,560,293.686632641993,0,1
150113.813190385,150173.813190385,650,560,295.036632641993,0,1
150173.813190385,150233.813190385,650,560,296.386632641994,0,1
150233.813190385,150293.813190385,650,560,297.736632641994,0,1
150293.813190385,150353.813190385,650,560,299.086632641994,0,1
150353.813190385,150413.813190385,650,560,300,0,1
150413.813190385,150473.813190385,650,560,300,0,1
150473.813190385,150533.813190385,650,560,300,0,1
150533.813190385,150593.813190385,650,560,300,0,1
150593.813190385,150653.813190385,650,560,300,0,1
150653.813190385,150713.813190385,650,560,300,0,1
150713.813190385,150773.813190385,650,560,300,0,1
150773.813190385,150833.813190385,650,560,300,0,1
150833.813190385,150893.813190385,650,560,300,0,1
150893.813190385,150953.813190385,650,560,300,0,1
150953.813190385,151013.813190385,650,560,300,0,1
151013.813190385,151014.965023565,650,560,300,0,1
151014.965023565,151074.965023565,0,560,289.62962962963,0,1
151074.965023565,151134.965023565,0,560,279.259259259259,0,1
151134.965023565,151194.965023565,0,560,268.888888888889,0,1
151194.965023565,151254.965023565,0,560,258.518518518518,0,1
151254.965023565,151314.965023565,0,560,248.148148148148,0,1
151314.965023565,151374.965023565,0,560,237.777777777778,0,1
151374.965023565,151434.965023565,0,560,227.407407407407,0,1
151434.965023565,151494.965023565,0,560,217.037037037037,0,1
151494.965023565,151554.965023565,0,560,206.666666666667,0,1
151554.965023565,151614.965023565,0,230,202.407407407407,0,0
151614.965023565,151674.965023565,0,230,198.148148148148,0,0
151674.965023565,151734.965023565,0,230,193.888888888889,0,0
151734.965023565,151794.965023565,0,230,189.62962962963,0,0
151794.965023565,151854.965023565,0,230,185.37037037037,0,0
151854.965023565,151914.965023565,0,230,181.111111111111,0,0
151914.965023565,151974.965023565,0,230,176.851851851852,0,0
151974.965023565,152034.965023565,0,230,172.592592592592,0,0
152034.965023565,152094.965023565,0,230,168.333333333333,0,0
152094.965023565,152154.965023565,0,230,164.074074074074,0,0
152154.965023565,152214.965023565,0,230,159.814814814815,0,0
152214.965023565,152274.965023565,0,230,155.555555555555,0,0
152274.965023565,152334.965023565,0,230,151.296296296296,0,0
152334.965023565,152394.965023565,0,230,147.037037037037,0,0
152394.965023565,152454.965023565,0,230,142.777777777778,0,0
152454.965023565,152514.965023565,0,230,138.518518518518,0,0
152514.965023565,152574.965023565,0,230,134.259259259259,0,0
152574.965023565,152634.965023565,0,230,130,0,0
152634.965023565,152694.965023565,0,230,125.740740740741,0,0
152694.965023565,152754.965023565,0,230,121.481481481481,0,0
152754.965023565,152814.965023565,0,230,117.222222222222,0,0
152814.965023565,152874.965023565,0,230,112.962962962963,0,0
152874.965023565,152934.965023565,0,230,108.703703703703,0,0
152934.965023565,152994.965023565,0,230,104.444444444444,0,0
152994.965023565,153054.965023565,0,230,100.185185185185,0,0
153054.965023565,153114.965023565,0,230,95.9259259259256,0,0
153114.965023565,153151.654172219,0,230,93.3214493239506,0,0
153151.654172219,153211.654172219,650,230,99.3214493239506,0,0
153211.654172219,153271.654172219,650,230,105.321449323951,0,0
153271.654172219,153331.654172219,650,230,111.321449323951,0,0
153331.654172219,153391.654172219,650,230,117.321449323951,0,0
153391.654172219,153451.654172219,650,230,123.321449323951,0,0
153451.654172219,153511.654172219,650,230,129.321449323951,0,0
153511.654172219,153571.654172219,650,230,135.321449323951,0,0
153571.654172219,153631.654172219,650,230,141.321449323951,0,0
153631.654172219,153691.654172219,650,230,147.321449323951,0,0
153691.654172219,153751.654172219,650,230,153.321449323951,0,0
153751.654172219,153811.654172219,650,230,159.321449323951,0,0
153811.654172219,153871.654172219,650,230,165.321449323951,0,0
153871.654172219,153931.654172219,650,230,171.321449323951,0,0
153931.654172219,153991.654172219,650,230,177.321449323951,0,0
153991.654172219,154051.654172219,650,230,183.321449323951,0,0
154051.654172219,154111.654172219,650,230,189.321449323951,0,0
154111.654172219,154171.654172219,650,230,195.321449323951,0,0
154171.654172219,154231.654172219,650,230,201.321449323951,0,0
154231.654172219,154291.654172219,650,230,207.321449323951,0,0
154291.654172219,154351.654172219,650,230,213.321449323951,0,0
154351.654172219,154411.654172219,650,230,219.321449323951,0,0
154411.654172219,154471.654172219,650,230,225.321449323951,0,0
154471.654172219,154531.654172219,650,230,231.321449323951,0,0
154531.654172219,154591.654172219,650,230,237.321449323951,0,0
154591.654172219,154651.654172219,650,230,243.321449323951,0,0
154651.654172219,154711.654172219,650,230,249.321449323951,0,0
154711.654172219,154771.654172219,650,230,255.321449323951,0,0
154771.654172219,154831.654172219,650,230,261.321449323951,0,0
154831.654172219,154891.654172219,650,230,267.321449323951,0,0
154891.654172219,154951.654172219,650,230,273.321449323951,0,0
154951.654172219,154952.8060054,650,230,273.436632641993,0,0
154952.8060054,154952.806579299,650,230,273.436690031921,0,0
154952.806579299,155012.806579299,650,560,274.786690031921,0,1
155012.806579299,155072.806579299,650,560,276.136690031921,0,1
155072.806579299,155132.806579299,650,560,277.486690031921,0,1
155132.806579299,155192.806579299,650,560,278.836690031921,0,1
155192.806579299,155252.806579299,650,560,280.186690031921,0,1
155252.806579299,155312.806579299,650,560,281.536690031921,0,1
155312.806579299,155372.806579299,650,560,282.886690031921,0,1
155372.806579299,155432.806579299,650,560,284.236690031921,0,1
155432.806579299,155492.806579299,650,560,285.586690031921,0,1
155492.806579299,155552.806579299,650,560,286.936690031921,0,1
155552.806579299,155612.806579299,650,560,288.286690031921,0,1
155612.806579299,155672.806579299,650,560,289.636690031921,0,1
155672.806579299,155732.806579299,650,560,290.986690031921,0,1
155732.806579299,155792.806579299,650,560,292.336690031921,0,1
155792.806579299,155852.806579299,650,560,293.686690031921,0,1
155852.806579299,155912.806579299,650,560,295.036690031921,0,1
155912.806579299,155972.806579299,650,560,296.386690031921,0,1
155972.806579299,156032.806579299,650,560,297.736690031921,0,1
156032.806579299,156092.806579299,650,560,299.086690031921,0,1
156092.806579299,156152.806579299,650,560,300,0,1
156152.806579299,156212.806579299,650,560,300,0,1
156212.806579299,156272.806579299,650,560,300,0,1
156272.806579299,156332.806579299,650,560,300,0,1
156332.806579299,156392.806579299,650,560,300,0,1
156392.806579299,156452.806579299,650,560,300,0,1
156452.806579299,156512.806579299,650,560,300,0,1
156512.806579299,156572.806579299,650,560,300,0,1
156572.806579299,156632.806579299,650,560,300,0,1
156632.806579299,156692.806579299,650,560,300,0,1
156692.806579299,156752.806579299,650,560,300,0,1
156752.806579299,156753.95783858,650,560,300,0,1
156753.95783858,156813.95783858,0,560,289.62962962963,0,1
156813.95783858,156873.95783858,0,560,279.259259259259,0,1
156873.95783858,156933.95783858,0,560,268.888888888889,0,1
156933.95783858,156993.95783858,0,560,258.518518518518,0,1
156993.95783858,157053.95783858,0,560,248.148148148148,0,1
157053.95783858,157113.95783858,0,560,237.777777777778,0,1
157113.95783858,157173.95783858,0,560,227.407407407407,0,1
157173.95783858,157233.95783858,0,560,217.037037037037,0,1
157233.95783858,157293.95783858,0,560,206.666666666667,0,1
157293.95783858,157353.95783858,0,230,202.407407407407,0,0
157353.95783858,157413.95783858,0,230,198.148148148148,0,0
157413.95783858,157473.95783858,0,230,193.888888888889,0,0
157473.95783858,157533.95783858,0,230,189.62962962963,0,0
157533.95783858,157593.95783858,0,230,185.37037037037,0,0
157593.95783858,157653.95783858,0,230,181.111111111111,0,0
157653.95783858,157713.95783858,0,230,176.851851851852,0,0
157713.95783858,157773.95783858,0,230,172.592592592592,0,0
157773.95783858,157833.95783858,0,230,168.333333333333,0,0
157833.95783858,157893.95783858,0,230,164.074074074074,0,0
157893.95783858,157953.95783858,0,230,159.814814814815,0,0
157953.95783858,158013.95783858,0,230,155.555555555555,0,0
158013.95783858,158073.95783858,0,230,151.296296296296,0,0
158073.95783858,158133.95783858,0,230,147.037037037037,0,0
158133.95783858,158193.95783858,0,230,142.777777777778,0,0
158193.95783858,158253.95783858,0,230,138.518518518518,0,0
158253.95783858,158313.95783858,0,230,134.259259259259,0,0
158313.95783858,158373.95783858,0,230,130,0,0
158373.95783858,158433.95783858,0,230,125.740740740741,0,0
158433.95783858,158493.95783858,0,230,121.481481481481,0,0
158493.95783858,158553.95783858,0,230,117.222222222222,0,0
158553.95783858,158613.95783858,0,230,112.962962962963,0,0
158613.95783858,158673.95783858,0,230,108.703703703703,0,0
158673.95783858,158733.95783858,0,230,104.444444444444,0,0
158733.95783858,158793.95783858,0,230,100.185185185185,0,0
158793.95783858,158853.95783858,0,230,95.9259259259256,0,0
158853.95783858,158890.646987234,0,230,93.3214493239506,0,0
158890.646987234,158950.646987234,650,230,99.3214493239506,0,0
158950.646987234,159010.646987234,650,230,105.321449323951,0,0
159010.646987234,159070.646987234,650,230,111.321449323951,0,0
159070.646987234,159130.646987234,650,230,117.321449323951,0,0
159130.646987234,159190.646987234,650,230,123.321449323951,0,0
159190.646987234,159250.646987234,650,230,129.321449323951,0,0
159250.646987234,159310.646987234,650,230,135.321449323951,0,0
159310.646987234,159370.646987234,650,230,141.321449323951,0,0
159370.646987234,159430.646987234,650,230,147.321449323951,0,0
159430.646987234,159490.646987234,650,230,153.321449323951,0,0
159490.646987234,159550.646987234,650,230,159.321449323951,0,0
159550.646987234,159610.646987234,650,230,165.321449323951,0,0
159610.646987234,159670.646987234,650,230,171.321449323951,0,0
159670.646987234,159730.646987234,650,230,177.321449323951,0,0
159730.646987234,159790.646987234,650,230,183.321449323951,0,0
159790.646987234,159850.646987234,650,230,189.321449323951,0,0
159850.646987234,159910.646987234,650,230,195.321449323951,0,0
159910.646987234,159970.646987234,650,230,201.321449323951,0,0
159970.646987234,160030.646987234,650,230,207.321449323951,0,0
160030.646987234,160090.646987234,650,230,213.321449323951,0,0
160090.646987234,160150.646987234,650,230,219.321449323951,0,0
160150.646987234,160210.646987234,650,230,225.321449323951,0,0
160210.646987234,160270.646987234,650,230,231.321449323951,0,0
160270.646987234,160330.646987234,650,230,237.321449323951,0,0
160330.646987234,160390.646987234,650,230,243.321449323951,0,0
160390.646987234,160450.646987234,650,230,249.321449323951,0,0
160450.646987234,160510.646987234,650,230,255.321449323951,0,0
160510.646987234,160570.646987234,650,230,261.321449323951,0,0
160570.646987234,160630.646987234,650,230,267.321449323951,0,0
160630.646987234,160690.646987234,650,230,273.321449323951,0,0
160690.646987234,160691.798820414,650,230,273.436632641993,0,0
160691.798820414,160751.798820414,650,560,274.786632641993,0,1
160751.798820414,160811.798820414,650,560,276.136632641993,0,1
160811.798820414,160871.798820414,650,560,277.486632641993,0,1
160871.798820414,160931.798820414,650,560,278.836632641993,0,1
160931.798820414,160991.798820414,650,560,280.186632641993,0,1
160991.798820414,161051.798820414,650,560,281.536632641993,0,1
161051.798820414,161111.798820414,650,560,282.886632641993,0,1
161111.798820414,161171.798820414,650,560,284.236632641993,0,1
161171.798820414,161231.798820414,650,560,285.586632641993,0,1
161231.798820414,161291.798820414,650,560,286.936632641993,0,1
161291.798820414,161351.798820414,650,560,288.286632641993,0,1
161351.798820414,161411.798820414,650,560,289.636632641993,0,1
161411.798820414,161471.798820414,650,560,290.986632641993,0,1
161471.798820414,161531.798820414,650,560,292.336632641993,0,1
161531.798820414,161591.798820414,650,560,293.686632641993,0,1
161591.798820414,161651.798820414,650,560,295.036632641993,0,1
161651.798820414,161711.798820414,650,560,296.386632641994,0,1
161711.798820414,161771.798820414,650,560,297.736632641994,0,1
161771.798820414,161831.798820414,650,560,299.086632641994,0,1
161831.798820414,161891.798820414,650,560,300,0,1
161891.798820414,161951.798820414,650,560,300,0,1
161951.798820414,162011.798820414,650,560,300,0,1
162011.798820414,162071.798820414,650,560,300,0,1
162071.798820414,162131.798820414,650,560,300,0,1
162131.798820414,162191.798820414,650,560,300,0,1
162191.798820414,162251.798820414,650,560,300,0,1
162251.798820414,162311.798820414,650,560,300,0,1
162311.798820414,162371.798820414,650,560,300,0,1
162371.798820414,162431.798820414,650,560,300,0,1
162431.798820414,162491.798820414,650,560,300,0,1
162491.798820414,162492.950653595,650,560,300,0,1
162492.950653595,162552.950653595,0,560,289.62962962963,0,1
162552.950653595,162612.950653595,0,560,279.259259259259,0,1
162612.950653595,162672.950653595,0,560,268.888888888889,0,1
162672.950653595,162732.950653595,0,560,258.518518518518,0,1
162732.950653595,162792.950653595,0,560,248.148148148148,0,1
162792.950653595,162852.950653595,0,560,237.777777777778,0,1
162852.950653595,162912.950653595,0,560,227.407407407407,0,1
162912.950653595,162972.950653595,0,560,217.037037037037,0,1
162972.950653595,163032.950653595,0,560,206.666666666667,0,1
163032.950653595,163092.950653595,0,230,202.407407407407,0,0
163092.950653595,163152.950653595,0,230,198.148148148148,0,0
163152.950653595,163212.950653595,0,230,193.888888888889,0,0
163212.950653595,163272.950653595,0,230,189.62962962963,0,0
163272.950653595,163332.950653595,0,230,185.37037037037,0,0
163332.950653595,163392.950653595,0,230,181.111111111111,0,0
163392.950653595,163452.950653595,0,230,176.851851851852,0,0
163452.950653595,163512.950653595,0,230,172.592592592592,0,0
163512.950653595,163572.950653595,0,230,168.333333333333,0,0
163572.950653595,163632.950653595,0,230,164.074074074074,0,0
163632.950653595,163692.950653595,0,230,159.814814814815,0,0
163692.950653595,163752.950653595,0,230,155.555555555555,0,0
163752.950653595,163812.950653595,0,230,151.296296296296,0,0
163812.950653595,163872.950653595,0,230,147.037037037037,0,0
163872.950653595,163932.950653595,0,230,142.777777777778,0,0
163932.950653595,163992.950653595,0,230,138.518518518518,0,0
163992.950653595,164052.950653595,0,230,134.259259259259,0,0
164052.950653595,164112.950653595,0,230,130,0,0
164112.950653595,164172.950653595,0,230,125.740740740741,0,0
164172.950653595,164232.950653595,0,230,121.481481481481,0,0
164232.950653595,164292.950653595,0,230,117.222222222222,0,0
164292.950653595,164352.950653595,0,230,112.962962962963,0,0
164352.950653595,164412.950653595,0,230,108.703703703703,0,0
164412.950653595,164472.950653595,0,230,104.444444444444,0,0
164472.950653595,164532.950653595,0,230,100.185185185185,0,0
164532.950653595,164592.950653595,0,230,95.9259259259256,0,0
164592.950653595,164629.639802249,0,230,93.3214493239506,0,0
164629.639802249,164689.639802249,650,230,99.3214493239506,0,0
164689.639802249,164749.639802249,650,230,105.321449323951,0,0
164749.639802249,164809.639802249,650,230,111.321449323951,0,0
164809.639802249,164869.639802249,650,230,117.321449323951,0,0
164869.639802249,164929.639802249,650,230,123.321449323951,0,0
164929.639802249,164989.639802249,650,230,129.321449323951,0,0
164989.639802249,165049.639802249,650,230,135.321449323951,0,0
165049.639802249,165109.639802249,650,230,141.321449323951,0,0
165109.639802249,165169.639802249,650,230,147.321449323951,0,0
165169.639802249,165229.639802249,650,230,153.321449323951,0,0
165229.639802249,165289.639802249,650,230,159.321449323951,0,0
165289.639802249,165349.639802249,650,230,165.321449323951,0,0
165349.639802249,165409.639802249,650,230,171.321449323951,0,0
165409.639802249,165469.639802249,650,230,177.321449323951,0,0
165469.639802249,165529.639802249,650,230,183.321449323951,0,0
165529.639802249,165589.639802249,650,230,189.321449323951,0,0
165589.639802249,165649.639802249,650,230,195.321449323951,0,0
165649.639802249,165709.639802249,650,230,201.321449323951,0,0
165709.639802249,165769.639802249,650,230,207.321449323951,0,0
165769.639802249,165829.639802249,650,230,213.321449323951,0,0
165829.639802249,165889.639802249,650,230,219.321449323951,0,0
165889.639802249,165949.639802249,650,230,225.321449323951,0,0
165949.639802249,166009.639802249,650,230,231.321449323951,0,0
166009.639802249,166069.639802249,650,230,237.321449323951,0,0
166069.639802249,166129.639802249,650,230,243.321449323951,0,0
166129.639802249,166189.639802249,650,230,249.321449323951,0,0
166189.639802249,166249.639802249,650,230,255.321449323951,0,0
166249.639802249,166309.639802249,650,230,261.321449323951,0,0
166309.639802249,166369.639802249,650,230,267.321449323951,0,0
166369.639802249,166429.639802249,650,230,273.321449323951,0,0
166429.639802249,166430.791635429,650,230,273.436632641993,0,0
166430.791635429,166490.791635429,650,560,274.786632641993,0,1
166490.791635429,166550.791635429,650,560,276.136632641993,0,1
166550.791635429,166610.791635429,650,560,277.486632641993,0,1
166610.791635429,166670.791635429,650,560,278.836632641993,0,1
166670.791635429,166730.791635429,650,560,280.186632641993,0,1
166730.791635429,166790.791635429,650,560,281.536632641993,0,1
166790.791635429,166850.791635429,650,560,282.886632641993,0,1
166850.791635429,166910.791635429,650,560,284.236632641993,0,1
166910.791635429,166970.791635429,650,560,285.586632641993,0,1
166970.791635429,167030.791635429,650,560,286.936632641993,0,1
167030.791635429,167090.791635429,650,560,288.286632641993,0,1
167090.791635429,167150.791635429,650,560,289.636632641993,0,1
167150.791635429,167210.791635429,650,560,290.986632641993,0,1
167210.791635429,167270.791635429,650,560,292.336632641993,0,1
167270.791635429,167330.791635429,650,560,293.686632641993,0,1
167330.791635429,167390.791635429,650,560,295.036632641993,0,1
167390.791635429,167450.791635429,650,560,296.386632641994,0,1
167450.791635429,167510.791635429,650,560,297.736632641994,0,1
167510.791635429,167570.791635429,650,560,299.086632641994,0,1
167570.791635429,167630.791635429,650,560,300,0,1
167630.791635429,167690.791635429,650,560,300,0,1
167690.791635429,167750.791635429,650,560,300,0,1
167750.791635429,167810.791635429,650,560,300,0,1
167810.791635429,167870.791635429,650,560,300,0,1
167870.791635429,167930.791635429,650,560,300,0,1
167930.791635429,167990.791635429,650,560,300,0,1
167990.791635429,168050.791635429,650,560,300,0,1
168050.791635429,168110.791635429,650,560,300,0,1
168110.791635429,168170.791635429,650,560,300,0,1
168170.791635429,168230.791635429,650,560,300,0,1
168230.791635429,168231.94346861,650,560,300,0,1
168231.94346861,168291.94346861,0,560,289.62962962963,0,1
168291.94346861,168351.94346861,0,560,279.259259259259,0,1
168351.94346861,168411.94346861,0,560,268.888888888889,0,1
168411.94346861,168471.94346861,0,560,258.518518518518,0,1
168471.94346861,168531.94346861,0,560,248.148148148148,0,1
168531.94346861,168591.94346861,0,560,237.777777777778,0,1
168591.94346861,168651.94346861,0,560,227.407407407407,0,1
168651.94346861,168711.94346861,0,560,217.037037037037,0,1
168711.94346861,168771.94346861,0,560,206.666666666667,0,1
168771.94346861,168831.94346861,0,230,202.407407407407,0,0
168831.94346861,168891.94346861,0,230,198.148148148148,0,0
168891.94346861,168951.94346861,0,230,193.888888888889,0,0
168951.94346861,169011.94346861,0,230,189.62962962963,0,0
169011.94346861,169071.94346861,0,230,185.37037037037,0,0
169071.94346861,169131.94346861,0,230,181.111111111111,0,0
169131.94346861,169191.94346861,0,230,176.851851851852,0,0
169191.94346861,169251.94346861,0,230,172.592592592592,0,0
169251.94346861,169311.94346861,0,230,168.333333333333,0,0
169311.94346861,169371.94346861,0,230,164.074074074074,0,0
169371.94346861,169431.94346861,0,230,159.814814814815,0,0
169431.94346861,169491.94346861,0,230,155.555555555555,0,0
169491.94346861,169551.94346861,0,230,151.296296296296,0,0
169551.94346861,169611.94346861,0,230,147.037037037037,0,0
169611.94346861,169671.94346861,0,230,142.777777777778,0,0
169671.94346861,169731.94346861,0,230,138.518518518518,0,0
169731.94346861,169791.94346861,0,230,134.259259259259,0,0
169791.94346861,169851.94346861,0,230,130,0,0
169851.94346861,169911.94346861,0,230,125.740740740741,0,0
169911.94346861,169971.94346861,0,230,121.481481481481,0,0
169971.94346861,170031.94346861,0,230,117.222222222222,0,0
170031.94346861,170091.94346861,0,230,112.962962962963,0,0
170091.94346861,170151.94346861,0,230,108.703703703703,0,0
170151.94346861,170211.94346861,0,230,104.444444444444,0,0
170211.94346861,170271.94346861,0,230,100.185185185185,0,0
170271.94346861,170331.94346861,0,230,95.9259259259256,0,0
170331.94346861,170368.632617264,0,230,93.3214493239506,0,0
170368.632617264,170428.632617264,650,230,99.3214493239506,0,0
170428.632617264,170488.632617264,650,230,105.321449323951,0,0
170488.632617264,170548.632617264,650,230,111.321449323951,0,0
170548.632617264,170608.632617264,650,230,117.321449323951,0,0
170608.632617264,170668.632617264,650,230,123.321449323951,0,0
170668.632617264,170728.632617264,650,230,129.321449323951,0,0
170728.632617264,170788.632617264,650,230,135.321449323951,0,0
170788.632617264,170848.632617264,650,230,141.321449323951,0,0
170848.632617264,170908.632617264,650,230,147.321449323951,0,0
170908.632617264,170968.632617264,650,230,153.321449323951,0,0
170968.632617264,171028.632617264,650,230,159.321449323951,0,0
171028.632617264,171088.632617264,650,230,165.321449323951,0,0
171088.632617264,171148.632617264,650,230,171.321449323951,0,0
171148.632617264,171208.632617264,650,230,177.321449323951,0,0
171208.632617264,171268.632617264,650,230,183.321449323951,0,0
171268.632617264,171328.632617264,650,230,189.321449323951,0,0
171328.632617264,171388.632617264,650,230,195.321449323951,0,0
171388.632617264,171448.632617264,650,230,201.321449323951,0,0
171448.632617264,171508.632617264,650,230,207.321449323951,0,0
171508.632617264,171568.632617264,650,230,213.321449323951,0,0
171568.632617264,171628.632617264,650,230,219.321449323951,0,0
171628.632617264,171688.632617264,650,230,225.321449323951,0,0
171688.632617264,171748.632617264,650,230,231.321449323951,0,0
171748.632617264,171808.632617264,650,230,237.321449323951,0,0
171808.632617264,171868.632617264,650,230,243.321449323951,0,0
171868.632617264,171928.632617264,650,230,249.321449323951,0,0
171928.632617264,171988.632617264,650,230,255.321449323951,0,0
171988.632617264,172048.632617264,650,230,261.321449323951,0,0
172048.632617264,172108.632617264,650,230,267.321449323951,0,0
172108.632617264,172168.632617264,650,230,273.321449323951,0,0
172168.632617264,172169.784450444,650,230,273.436632641993,0,0
172169.784450444,172169.784451018,650,230,273.436632699383,0,0
172169.784451018,172229.784451018,650,560,274.786632699383,0,1
172229.784451018,172289.784451018,650,560,276.136632699383,0,1
172289.784451018,172349.784451018,650,560,277.486632699383,0,1
172349.784451018,172409.784451018,650,560,278.836632699383,0,1
172409.784451018,172469.784451018,650,560,280.186632699383,0,1
172469.784451018,172529.784451018,650,560,281.536632699383,0,1
172529.784451018,172589.784451018,650,560,282.886632699383,0,1
172589.784451018,172649.784451018,650,560,284.236632699383,0,1
172649.784451018,172709.784451018,650,560,285.586632699383,0,1
172709.784451018,172769.784451018,650,560,286.936632699383,0,1
172769.784451018,172829.784451018,650,560,288.286632699383,0,1
172829.784451018,172889.784451018,650,560,289.636632699383,0,1
172889.784451018,172949.784451018,650,560,290.986632699383,0,1
172949.784451018,173009.784451018,650,560,292.336632699383,0,1
173009.784451018,173069.784451018,650,560,293.686632699383,0,1
173069.784451018,173129.784451018,650,560,295.036632699383,0,1
173129.784451018,173189.784451018,650,560,296.386632699383,0,1
173189.784451018,173249.784451018,650,560,297.736632699383,0,1
173249.784451018,173309.784451018,650,560,299.086632699383,0,1
173309.784451018,173369.784451018,650,560,300,0,1
173369.784451018,173429.784451018,650,560,300,0,1
173429.784451018,173489.784451018,650,560,300,0,1
173489.784451018,173549.784451018,650,560,300,0,1
173549.784451018,173609.784451018,650,560,300,0,1
173609.784451018,173669.784451018,650,560,300,0,1
173669.784451018,173729.784451018,650,560,300,0,1
173729.784451018,173789.784451018,650,560,300,0,1
173789.784451018,173849.784451018,650,560,300,0,1
173849.784451018,173909.784451018,650,560,300,0,1
173909.784451018,173969.784451018,650,560,300,0,1
173969.784451018,173970.936283624,650,560,300,0,1
173970.936283624,174030.936283624,0,560,289.62962962963,0,1
174030.936283624,174090.936283624,0,560,279.259259259259,0,1
174090.936283624,174150.936283624,0,560,268.888888888889,0,1
174150.936283624,174210.936283624,0,560,258.518518518518,0,1
174210.936283624,174270.936283624,0,560,248.148148148148,0,1
174270.936283624,174330.936283624,0,560,237.777777777778,0,1
174330.936283624,174390.936283624,0,560,227.407407407407,0,1
174390.936283624,174450.936283624,0,560,217.037037037037,0,1
174450.936283624,174510.936283624,0,560,206.666666666667,0,1
174510.936283624,174570.936283624,0,230,202.407407407407,0,0
174570.936283624,174630.936283624,0,230,198.148148148148,0,0
174630.936283624,174690.936283624,0,230,193.888888888889,0,0
174690.936283624,174750.936283624,0,230,189.62962962963,0,0
174750.936283624,174810.936283624,0,230,185.37037037037,0,0
174810.936283624,174870.936283624,0,230,181.111111111111,0,0
174870.936283624,174930.936283624,0,230,176.851851851852,0,0
174930.936283624,174990.936283624,0,230,172.592592592592,0,0
174990.936283624,175050.936283624,0,230,168.333333333333,0,0
175050.936283624,175110.936283624,0,230,164.074074074074,0,0
175110.936283624,175170.936283624,0,230,159.814814814815,0,0
175170.936283624,175230.936283624,0,230,155.555555555555,0,0
175230.936283624,175290.936283624,0,230,151.296296296296,0,0
175290.936283624,175350.936283624,0,230,147.037037037037,0,0
175350.936283624,175410.936283624,0,230,142.777777777778,0,0
175410.936283624,175470.936283624,0,230,138.518518518518,0,0
175470.936283624,175530.936283624,0,230,134.259259259259,0,0
175530.936283624,175590.936283624,0,230,130,0,0
175590.936283624,175650.936283624,0,230,125.740740740741,0,0
175650.936283624,175710.936283624,0,230,121.481481481481,0,0
175710.936283624,175770.936283624,0,230,117.222222222222,0,0
175770.936283624,175830.936283624,0,230,112.962962962963,0,0
175830.936283624,175890.936283624,0,230,108.703703703703,0,0
175890.936283624,175950.936283624,0,230,104.444444444444,0,0
175950.936283624,176010.936283624,0,230,100.185185185185,0,0
176010.936283624,176070.936283624,0,230,95.9259259259256,0,0
176070.936283624,176107.625432278,0,230,93.3214493239506,0,0
176107.625432278,176167.625432278,650,230,99.3214493239506,0,0
176167.625432278,176227.625432278,650,230,105.321449323951,0,0
176227.625432278,176287.625432278,650,230,111.321449323951,0,0
176287.625432278,176347.625432278,650,230,117.321449323951,0,0
176347.625432278,176407.625432278,650,230,123.321449323951,0,0
176407.625432278,176467.625432278,650,230,129.321449323951,0,0
176467.625432278,176527.625432278,650,230,135.321449323951,0,0
176527.625432278,176587.625432278,650,230,141.321449323951,0,0
176587.625432278,176647.625432278,650,230,147.321449323951,0,0
176647.625432278,176707.625432278,650,230,153.321449323951,0,0
176707.625432278,176767.625432278,650,230,159.321449323951,0,0
176767.625432278,176827.625432278,650,230,165.321449323951,0,0
176827.625432278,176887.625432278,650,230,171.321449323951,0,0
176887.625432278,176947.625432278,650,230,177.321449323951,0,0
176947.625432278,177007.625432278,650,230,183.321449323951,0,0
177007.625432278,177067.625432278,650,230,189.321449323951,0,0
177067.625432278,177127.625432278,650,230,195.321449323951,0,0
177127.625432278,177187.625432278,650,230,201.321449323951,0,0
177187.625432278,177247.625432278,650,230,207.321449323951,0,0
177247.625432278,177307.625432278,650,230,213.321449323951,0,0
177307.625432278,177367.625432278,650,230,219.321449323951,0,0
177367.625432278,177427.625432278,650,230,225.321449323951,0,0
177427.625432278,177487.625432278,650,230,231.321449323951,0,0
177487.625432278,177547.625432278,650,230,237.321449323951,0,0
177547.625432278,177607.625432278,650,230,243.321449323951,0,0
177607.625432278,177667.625432278,650,230,249.321449323951,0,0
177667.625432278,177727.625432278,650,230,255.321449323951,0,0
177727.625432278,177787.625432278,650,230,261.321449323951,0,0
177787.625432278,177847.625432278,650,230,267.321449323951,0,0
177847.625432278,177907.625432278,650,230,273.321449323951,0,0
177907.625432278,177908.777265459,650,230,273.436632641993,0,0
177908.777265459,177908.777839358,650,230,273.436690031921,0,0
177908.777839358,177968.777839358,650,560,274.786690031921,0,1
177968.777839358,178028.777839358,650,560,276.136690031921,0,1
178028.777839358,178088.777839358,650,560,277.486690031921,0,1
178088.777839358,178148.777839358,650,560,278.836690031921,0,1
178148.777839358,178208.777839358,650,560,280.186690031921,0,1
178208.777839358,178268.777839358,650,560,281.536690031921,0,1
178268.777839358,178328.777839358,650,560,282.886690031921,0,1
178328.777839358,178388.777839358,650,560,284.236690031921,0,1
178388.777839358,178448.777839358,650,560,285.586690031921,0,1
178448.777839358,178508.777839358,650,560,286.936690031921,0,1
178508.777839358,178568.777839358,650,560,288.286690031921,0,1
178568.777839358,178628.777839358,650,560,289.636690031921,0,1
178628.777839358,178688.777839358,650,560,290.986690031921,0,1
178688.777839358,178748.777839358,650,560,292.336690031921,0,1
178748.777839358,178808.777839358,650,560,293.686690031921,0,1
178808.777839358,178868.777839358,650,560,295.036690031921,0,1
178868.777839358,178928.777839358,650,560,296.386690031921,0,1
178928.777839358,178988.777839358,650,560,297.736690031921,0,1
178988.777839358,179048.777839358,650,560,299.086690031921,0,1
179048.777839358,179108.777839358,650,560,300,0,1
179108.777839358,179168.777839358,650,560,300,0,1
179168.777839358,179228.777839358,650,560,300,0,1
179228.777839358,179288.777839358,650,560,300,0,1
179288.777839358,179348.777839358,650,560,300,0,1
179348.777839358,179408.777839358,650,560,300,0,1
179408.777839358,179468.777839358,650,560,300,0,1
179468.777839358,179528.777839358,650,560,300,0,1
179528.777839358,179588.777839358,650,560,300,0,1
179588.777839358,179648.777839358,650,560,300,0,1
179648.777839358,179708.777839358,650,560,300,0,1
179708.777839358,179709.929098639,650,560,300,0,1
179709.929098639,179769.929098639,0,560,289.62962962963,0,1
179769.929098639,179829.929098639,0,560,279.259259259259,0,1
179829.929098639,179889.929098639,0,560,268.888888888889,0,1
179889.929098639,179949.929098639,0,560,258.518518518518,0,1
179949.929098639,180009.929098639,0,560,248.148148148148,0,1
180009.929098639,180069.929098639,0,560,237.777777777778,0,1
180069.929098639,180129.929098639,0,560,227.407407407407,0,1
180129.929098639,180189.929098639,0,560,217.037037037037,0,1
180189.929098639,180249.929098639,0,560,206.666666666667,0,1
180249.929098639,180309.929098639,0,230,202.407407407407,0,0
180309.929098639,180369.929098639,0,230,198.148148148148,0,0
180369.929098639,180429.929098639,0,230,193.888888888889,0,0
180429.929098639,180489.929098639,0,230,189.62962962963,0,0
180489.929098639,180549.929098639,0,230,185.37037037037,0,0
180549.929098639,180609.929098639,0,230,181.111111111111,0,0
180609.929098639,180669.929098639,0,230,176.851851851852,0,0
180669.929098639,180729.929098639,0,230,172.592592592592,0,0
180729.929098639,180789.929098639,0,230,168.333333333333,0,0
180789.929098639,180849.929098639,0,230,164.074074074074,0,0
180849.929098639,180909.929098639,0,230,159.814814814815,0,0
180909.929098639,180969.929098639,0,230,155.555555555555,0,0
180969.929098639,181029.929098639,0,230,151.296296296296,0,0
181029.929098639,181089.929098639,0,230,147.037037037037,0,0
181089.929098639,181149.929098639,0,230,142.777777777778,0,0
181149.929098639,181209.929098639,0,230,138.518518518518,0,0
181209.929098639,181269.929098639,0,230,134.259259259259,0,0
181269.929098639,181329.929098639,0,230,130,0,0
181329.929098639,181389.929098639,0,230,125.740740740741,0,0
181389.929098639,181449.929098639,0,230,121.481481481481,0,0
181449.929098639,181509.929098639,0,230,117.222222222222,0,0
181509.929098639,181569.929098639,0,230,112.962962962963,0,0
181569.929098639,181629.929098639,0,230,108.703703703703,0,0
181629.929098639,181689.929098639,0,230,104.444444444444,0,0
181689.929098639,181749.929098639,0,230,100.185185185185,0,0
181749.929098639,181809.929098639,0,230,95.9259259259256,0,0
181809.929098639,181846.618247293,0,230,93.3214493239506,0,0
181846.618247293,181906.618247293,650,230,99.3214493239506,0,0
181906.618247293,181966.618247293,650,230,105.321449323951,0,0
181966.618247293,182026.618247293,650,230,111.321449323951,0,0
182026.618247293,182086.618247293,650,230,117.321449323951,0,0
182086.618247293,182146.618247293,650,230,123.321449323951,0,0
182146.618247293,182206.618247293,650,230,129.321449323951,0,0
182206.618247293,182266.618247293,650,230,135.321449323951,0,0
182266.618247293,182326.618247293,650,230,141.321449323951,0,0
182326.618247293,182386.618247293,650,230,147.321449323951,0,0
182386.618247293,182446.618247293,650,230,153.321449323951,0,0
182446.618247293,182506.618247293,650,230,159.321449323951,0,0
182506.618247293,182566.618247293,650,230,165.321449323951,0,0
182566.618247293,182626.618247293,650,230,171.321449323951,0,0
182626.618247293,182686.618247293,650,230,177.321449323951,0,0
182686.618247293,182746.618247293,650,230,183.321449323951,0,0
182746.618247293,182806.618247293,650,230,189.321449323951,0,0
182806.618247293,182866.618247293,650,230,195.321449323951,0,0
182866.618247293,182926.618247293,650,230,201.321449323951,0,0
182926.618247293,182986.618247293,650,230,207.321449323951,0,0
182986.618247293,183046.618247293,650,230,213.321449323951,0,0
183046.618247293,183106.618247293,650,230,219.321449323951,0,0
183106.618247293,183166.618247293,650,230,225.321449323951,0,0
183166.618247293,183226.618247293,650,230,231.321449323951,0,0
183226.618247293,183286.618247293,650,230,237.321449323951,0,0
183286.618247293,183346.618247293,650,230,243.321449323951,0,0
183346.618247293,183406.618247293,650,230,249.321449323951,0,0
183406.618247293,183466.618247293,650,230,255.321449323951,0,0
183466.618247293,183526.618247293,650,230,261.321449323951,0,0
183526.618247293,183586.618247293,650,230,267.321449323951,0,0
183586.618247293,183646.618247293,650,230,273.321449323951,0,0
183646.618247293,183647.770080474,650,230,273.436632641993,0,0
183647.770080474,183707.770080474,650,560,274.786632641993,0,1
183707.770080474,183767.770080474,650,560,276.136632641993,0,1
183767.770080474,183827.770080474,650,560,277.486632641993,0,1
183827.770080474,183887.770080474,650,560,278.836632641993,0,1
183887.770080474,183947.770080474,650,560,280.186632641993,0,1
183947.770080474,184007.770080474,650,560,281.536632641993,0,1
184007.770080474,184067.770080474,650,560,282.886632641993,0,1
184067.770080474,184127.770080474,650,560,284.236632641993,0,1
184127.770080474,184187.770080474,650,560,285.586632641993,0,1
184187.770080474,184247.770080474,650,560,286.936632641993,0,1
184247.770080474,184307.770080474,650,560,288.286632641993,0,1
184307.770080474,184367.770080474,650,560,289.636632641993,0,1
184367.770080474,184427.770080474,650,560,290.986632641993,0,1
184427.770080474,184487.770080474,650,560,292.336632641993,0,1
184487.770080474,184547.770080474,650,560,293.686632641993,0,1
184547.770080474,184607.770080474,650,560,295.036632641993,0,1
184607.770080474,184667.770080474,650,560,296.386632641994,0,1
184667.770080474,184727.770080474,650,560,297.736632641994,0,1
184727.770080474,184787.770080474,650,560,299.086632641994,0,1
184787.770080474,184847.770080474,650,560,300,0,1
184847.770080474,184907.770080474,650,560,300,0,1
184907.770080474,184967.770080474,650,560,300,0,1
184967.770080474,185027.770080474,650,560,300,0,1
185027.770080474,185087.770080474,650,560,300,0,1
185087.770080474,185147.770080474,650,560,300,0,1
185147.770080474,185207.770080474,650,560,300,0,1
185207.770080474,185267.770080474,650,560,300,0,1
185267.770080474,185327.770080474,650,560,300,0,1
185327.770080474,185387.770080474,650,560,300,0,1
185387.770080474,185447.770080474,650,560,300,0,1
185447.770080474,185448.921913654,650,560,300,0,1
185448.921913654,185508.921913654,0,560,289.62962962963,0,1
185508.921913654,185568.921913654,0,560,279.259259259259,0,1
185568.921913654,185628.921913654,0,560,268.888888888889,0,1
185628.921913654,185688.921913654,0,560,258.518518518518,0,1
185688.921913654,185748.921913654,0,560,248.148148148148,0,1
185748.921913654,185808.921913654,0,560,237.777777777778,0,1
185808.921913654,185868.921913654,0,560,227.407407407407,0,1
185868.921913654,185928.921913654,0,560,217.037037037037,0,1
185928.921913654,185988.921913654,0,560,206.666666666667,0,1
185988.921913654,186048.921913654,0,230,202.407407407407,0,0
186048.921913654,186108.921913654,0,230,198.148148148148,0,0
186108.921913654,186168.921913654,0,230,193.888888888889,0,0
186168.921913654,186228.921913654,0,230,189.62962962963,0,0
186228.921913654,186288.921913654,0,230,185.37037037037,0,0
186288.921913654,186348.921913654,0,230,181.111111111111,0,0
186348.921913654,186408.921913654,0,230,176.851851851852,0,0
186408.921913654,186468.921913654,0,230,172.592592592592,0,0
186468.921913654,186528.921913654,0,230,168.333333333333,0,0
186528.921913654,186588.921913654,0,230,164.074074074074,0,0
186588.921913654,186648.921913654,0,230,159.814814814815,0,0
186648.921913654,186708.921913654,0,230,155.555555555555,0,0
186708.921913654,186768.921913654,0,230,151.296296296296,0,0
186768.921913654,186828.921913654,0,230,147.037037037037,0,0
186828.921913654,186888.921913654,0,230,142.777777777778,0,0
186888.921913654,186948.921913654,0,230,138.518518518518,0,0
186948.921913654,187008.921913654,0,230,134.259259259259,0,0
187008.921913654,187068.921913654,0,230,130,0,0
187068.921913654,187128.921913654,0,230,125.740740740741,0,0
187128.921913654,187188.921913654,0,230,121.481481481481,0,0
187188.921913654,187248.921913654,0,230,117.222222222222,0,0
187248.921913654,187308.921913654,0,230,112.962962962963,0,0
187308.921913654,187368.921913654,0,230,108.703703703703,0,0
187368.921913654,187428.921913654,0,230,104.444444444444,0,0
187428.921913654,187488.921913654,0,230,100.185185185185,0,0
187488.921913654,187548.921913654,0,230,95.9259259259256,0,0
187548.921913654,187585.611062308,0,230,93.3214493239506,0,0
187585.611062308,187645.611062308,650,230,99.3214493239506,0,0
187645.611062308,187705.611062308,650,230,105.321449323951,0,0
187705.611062308,187765.611062308,650,230,111.321449323951,0,0
187765.611062308,187825.611062308,650,230,117.321449323951,0,0
187825.611062308,187885.611062308,650,230,123.321449323951,0,0
187885.611062308,187945.611062308,650,230,129.321449323951,0,0
187945.611062308,188005.611062308,650,230,135.321449323951,0,0
188005.611062308,188065.611062308,650,230,141.321449323951,0,0
188065.611062308,188125.611062308,650,230,147.321449323951,0,0
188125.611062308,188185.611062308,650,230,153.321449323951,0,0
188185.611062308,188245.611062308,650,230,159.321449323951,0,0
188245.611062308,188305.611062308,650,230,165.321449323951,0,0
188305.611062308,188365.611062308,650,230,171.321449323951,0,0
188365.611062308,188425.611062308,650,230,177.321449323951,0,0
188425.611062308,188485.611062308,650,230,183.321449323951,0,0
188485.611062308,188545.611062308,650,230,189.321449323951,0,0
188545.611062308,188605.611062308,650,230,195.321449323951,0,0
188605.611062308,188665.611062308,650,230,201.321449323951,0,0
188665.611062308,188725.611062308,650,230,207.321449323951,0,0
188725.611062308,188785.611062308,650,230,213.321449323951,0,0
188785.611062308,188845.611062308,650,230,219.321449323951,0,0
188845.611062308,188905.611062308,650,230,225.321449323951,0,0
188905.611062308,188965.611062308,650,230,231.321449323951,0,0
188965.611062308,189025.611062308,650,230,237.321449323951,0,0
189025.611062308,189085.611062308,650,230,243.321449323951,0,0
189085.611062308,189145.611062308,650,230,249.321449323951,0,0
189145.611062308,189205.611062308,650,230,255.321449323951,0,0
189205.611062308,189265.611062308,650,230,261.321449323951,0,0
189265.611062308,189325.611062308,650,230,267.321449323951,0,0
189325.611062308,189385.611062308,650,230,273.321449323951,0,0
189385.611062308,189386.762895488,650,230,273.436632641993,0,0
189386.762895488,189446.762895488,650,560,274.786632641993,0,1
189446.762895488,189506.762895488,650,560,276.136632641993,0,1
189506.762895488,189566.762895488,650,560,277.486632641993,0,1
189566.762895488,189626.762895488,650,560,278.836632641993,0,1
189626.762895488,189686.762895488,650,560,280.186632641993,0,1
189686.762895488,189746.762895488,650,560,281.536632641993,0,1
189746.762895488,189806.762895488,650,560,282.886632641993,0,1
189806.762895488,189866.762895488,650,560,284.236632641993,0,1
189866.762895488,189926.762895488,650,560,285.586632641993,0,1
189926.762895488,189986.762895488,650,560,286.936632641993,0,1
189986.762895488,190046.762895488,650,560,288.286632641993,0,1
190046.762895488,190106.762895488,650,560,289.636632641993,0,1
190106.762895488,190166.762895488,650,560,290.986632641993,0,1
190166.762895488,190226.762895488,650,560,292.336632641993,0,1
190226.762895488,190286.762895488,650,560,293.686632641993,0,1
190286.762895488,190346.762895488,650,560,295.036632641993,0,1
190346.762895488,190406.762895488,650,560,296.386632641994,0,1
190406.762895488,190466.762895488,650,560,297.736632641994,0,1
190466.762895488,190526.762895488,650,560,299.086632641994,0,1
190526.762895488,190586.762895488,650,560,300,0,1
190586.762895488,190646.762895488,650,560,300,0,1
190646.762895488,190706.762895488,650,560,300,0,1
190706.762895488,190766.762895488,650,560,300,0,1
190766.762895488,190826.762895488,650,560,300,0,1
190826.762895488,190886.762895488,650,560,300,0,1
190886.762895488,190946.762895488,650,560,300,0,1
190946.762895488,191006.762895488,650,560,300,0,1
191006.762895488,191066.762895488,650,560,300,0,1
191066.762895488,191126.762895488,650,560,300,0,1
191126.762895488,191186.762895488,650,560,300,0,1
191186.762895488,191187.914728669,650,560,300,0,1
191187.914728669,191247.914728669,0,560,289.62962962963,0,1
191247.914728669,191307.914728669,0,560,279.259259259259,0,1
191307.914728669,191367.914728669,0,560,268.888888888889,0,1
191367.914728669,191427.914728669,0,560,258.518518518518,0,1
191427.914728669,191487.914728669,0,560,248.148148148148,0,1
191487.914728669,191547.914728669,0,560,237.777777777778,0,1
191547.914728669,191607.914728669,0,560,227.407407407407,0,1
191607.914728669,191667.914728669,0,560,217.037037037037,0,1
191667.914728669,191727.914728669,0,560,206.666666666667,0,1
191727.914728669,191787.914728669,0,230,202.407407407407,0,0
191787.914728669,191847.914728669,0,230,198.148148148148,0,0
191847.914728669,191907.914728669,0,230,193.888888888889,0,0
191907.914728669,191967.914728669,0,230,189.62962962963,0,0
191967.914728669,192027.914728669,0,230,185.37037037037,0,0
192027.914728669,192087.914728669,0,230,181.111111111111,0,0
192087.914728669,192147.914728669,0,230,176.851851851852,0,0
192147.914728669,192207.914728669,0,230,172.592592592592,0,0
192207.914728669,192267.914728669,0,230,168.333333333333,0,0
192267.914728669,192327.914728669,0,230,164.074074074074,0,0
192327.914728669,192387.914728669,0,230,159.814814814815,0,0
192387.914728669,192447.914728669,0,230,155.555555555555,0,0
192447.914728669,192507.914728669,0,230,151.296296296296,0,0
192507.914728669,192567.914728669,0,230,147.037037037037,0,0
192567.914728669,192627.914728669,0,230,142.777777777778,0,0
192627.914728669,192687.914728669,0,230,138.518518518518,0,0
192687.914728669,192747.914728669,0,230,134.259259259259,0,0
192747.914728669,192807.914728669,0,230,130,0,0
192807.914728669,192867.914728669,0,230,125.740740740741,0,0
192867.914728669,192927.914728669,0,230,121.481481481481,0,0
192927.914728669,192987.914728669,0,230,117.222222222222,0,0
192987.914728669,193047.914728669,0,230,112.962962962963,0,0
193047.914728669,193107.914728669,0,230,108.703703703703,0,0
193107.914728669,193167.914728669,0,230,104.444444444444,0,0
193167.914728669,193227.914728669,0,230,100.185185185185,0,0
193227.914728669,193287.914728669,0,230,95.9259259259256,0,0
193287.914728669,193324.603877323,0,230,93.3214493239506,0,0
193324.603877323,193384.603877323,650,230,99.3214493239506,0,0
193384.603877323,193444.603877323,650,230,105.321449323951,0,0
193444.603877323,193504.603877323,650,230,111.321449323951,0,0
193504.603877323,193564.603877323,650,230,117.321449323951,0,0
193564.603877323,193624.603877323,650,230,123.321449323951,0,0
193624.603877323,193684.603877323,650,230,129.321449323951,0,0
193684.603877323,193744.603877323,650,230,135.321449323951,0,0
193744.603877323,193804.603877323,650,230,141.321449323951,0,0
193804.603877323,193864.603877323,650,230,147.321449323951,0,0
193864.603877323,193924.603877323,650,230,153.321449323951,0,0
193924.603877323,193984.603877323,650,230,159.321449323951,0,0
193984.603877323,194044.603877323,650,230,165.321449323951,0,0
194044.603877323,194104.603877323,650,230,171.321449323951,0,0
194104.603877323,194164.603877323,650,230,177.321449323951,0,0
194164.603877323,194224.603877323,650,230,183.321449323951,0,0
194224.603877323,194284.603877323,650,230,189.321449323951,0,0
194284.603877323,194344.603877323,650,230,195.321449323951,0,0
194344.603877323,194404.603877323,650,230,201.321449323951,0,0
194404.603877323,194464.603877323,650,230,207.321449323951,0,0
194464.603877323,194524.603877323,650,230,213.321449323951,0,0
194524.603877323,194584.603877323,650,230,219.321449323951,0,0
194584.603877323,194644.603877323,650,230,225.321449323951,0,0
194644.603877323,194704.603877323,650,230,231.321449323951,0,0
194704.603877323,194764.603877323,650,230,237.321449323951,0,0
194764.603877323,194824.603877323,650,230,243.321449323951,0,0
194824.603877323,194884.603877323,650,230,249.321449323951,0,0
194884.603877323,194944.603877323,650,230,255.321449323951,0,0
194944.603877323,195004.603877323,650,230,261.321449323951,0,0
195004.603877323,195064.603877323,650,230,267.321449323951,0,0
195064.603877323,195124.603877323,650,230,273.321449323951,0,0
195124.603877323,195125.755710503,650,230,273.436632641993,0,0
195125.755710503,195185.755710503,650,560,274.786632641993,0,1
195185.755710503,195245.755710503,650,560,276.136632641993,0,1
195245.755710503,195305.755710503,650,560,277.486632641993,0,1
195305.755710503,195365.755710503,650,560,278.836632641993,0,1
195365.755710503,195425.755710503,650,560,280.186632641993,0,1
195425.755710503,195485.755710503,650,560,281.536632641993,0,1
195485.755710503,195545.755710503,650,560,282.886632641993,0,1
195545.755710503,195605.755710503,650,560,284.236632641993,0,1
195605.755710503,195665.755710503,650,560,285.586632641993,0,1
195665.755710503,195725.755710503,650,560,286.936632641993,0,1
195725.755710503,195785.755710503,650,560,288.286632641993,0,1
195785.755710503,195845.755710503,650,560,289.636632641993,0,1
195845.755710503,195905.755710503,650,560,290.986632641993,0,1
195905.755710503,195965.755710503,650,560,292.336632641993,0,1
195965.755710503,196025.755710503,650,560,293.686632641993,0,1
196025.755710503,196085.755710503,650,560,295.036632641993,0,1
196085.755710503,196145.755710503,650,560,296.386632641994,0,1
196145.755710503,196205.755710503,650,560,297.736632641994,0,1
196205.755710503,196265.755710503,650,560,299.086632641994,0,1
196265.755710503,196325.755710503,650,560,300,0,1
196325.755710503,196385.755710503,650,560,300,0,1
196385.755710503,196445.755710503,650,560,300,0,1
196445.755710503,196505.755710503,650,560,300,0,1
196505.755710503,196565.755710503,650,560,300,0,1
196565.755710503,196625.755710503,650,560,300,0,1
196625.755710503,196685.755710503,650,560,300,0,1
196685.755710503,196745.755710503,650,560,300,0,1
196745.755710503,196805.755710503,650,560,300,0,1
196805.755710503,196865.755710503,650,560,300,0,1
196865.755710503,196925.755710503,650,560,300,0,1
196925.755710503,196926.907543684,650,560,300,0,1
196926.907543684,196986.907543684,0,560,289.62962962963,0,1
196986.907543684,197046.907543684,0,560,279.259259259259,0,1
197046.907543684,197106.907543684,0,560,268.888888888889,0,1
197106.907543684,197166.907543684,0,560,258.518518518518,0,1
197166.907543684,197226.907543684,0,560,248.148148148148,0,1
197226.907543684,197286.907543684,0,560,237.777777777778,0,1
197286.907543684,197346.907543684,0,560,227.407407407407,0,1
197346.907543684,197406.907543684,0,560,217.037037037037,0,1
197406.907543684,197466.907543684,0,560,206.666666666667,0,1
197466.907543684,197526.907543684,0,230,202.407407407407,0,0
197526.907543684,197586.907543684,0,230,198.148148148148,0,0
197586.907543684,197646.907543684,0,230,193.888888888889,0,0
197646.907543684,197706.907543684,0,230,189.62962962963,0,0
197706.907543684,197766.907543684,0,230,185.37037037037,0,0
197766.907543684,197826.907543684,0,230,181.111111111111,0,0
197826.907543684,197886.907543684,0,230,176.851851851852,0,0
197886.907543684,197946.907543684,0,230,172.592592592592,0,0
197946.907543684,198006.907543684,0,230,168.333333333333,0,0
198006.907543684,198066.907543684,0,230,164.074074074074,0,0
198066.907543684,198126.907543684,0,230,159.814814814815,0,0
198126.907543684,198186.907543684,0,230,155.555555555555,0,0
198186.907543684,198246.907543684,0,230,151.296296296296,0,0
198246.907543684,198306.907543684,0,230,147.037037037037,0,0
198306.907543684,198366.907543684,0,230,142.777777777778,0,0
198366.907543684,198426.907543684,0,230,138.518518518518,0,0
198426.907543684,198486.907543684,0,230,134.259259259259,0,0
198486.907543684,198546.907543684,0,230,130,0,0
198546.907543684,198606.907543684,0,230,125.740740740741,0,0
198606.907543684,198666.907543684,0,230,121.481481481481,0,0
198666.907543684,198726.907543684,0,230,117.222222222222,0,0
198726.907543684,198786.907543684,0,230,112.962962962963,0,0
198786.907543684,198846.907543684,0,230,108.703703703703,0,0
198846.907543684,198906.907543684,0,230,104.444444444444,0,0
198906.907543684,198966.907543684,0,230,100.185185185185,0,0
198966.907543684,199026.907543684,0,230,95.9259259259256,0,0
199026.907543684,199063.596692338,0,230,93.3214493239506,0,0
199063.596692338,199123.596692338,650,230,99.3214493239506,0,0
199123.596692338,199183.596692338,650,230,105.321449323951,0,0
199183.596692338,199243.596692338,650,230,111.321449323951,0,0
199243.596692338,199303.596692338,650,230,117.321449323951,0,0
199303.596692338,199363.596692338,650,230,123.321449323951,0,0
199363.596692338,199423.596692338,650,230,129.321449323951,0,0
199423.596692338,199483.596692338,650,230,135.321449323951,0,0
199483.596692338,199543.596692338,650,230,141.321449323951,0,0
199543.596692338,199603.596692338,650,230,147.321449323951,0,0
199603.596692338,199663.596692338,650,230,153.321449323951,0,0
199663.596692338,199723.596692338,650,230,159.321449323951,0,0
199723.596692338,199783.596692338,650,230,165.321449323951,0,0
199783.596692338,199843.596692338,650,230,171.321449323951,0,0
199843.596692338,199903.596692338,650,230,177.321449323951,0,0
199903.596692338,199963.596692338,650,230,183.321449323951,0,0
199963.596692338,200023.596692338,650,230,189.321449323951,0,0
200023.596692338,200083.596692338,650,230,195.321449323951,0,0
200083.596692338,200143.596692338,650,230,201.321449323951,0,0
200143.596692338,200203.596692338,650,230,207.321449323951,0,0
200203.596692338,200263.596692338,650,230,213.321449323951,0,0
200263.596692338,200323.596692338,650,230,219.321449323951,0,0
200323.596692338,200383.596692338,650,230,225.321449323951,0,0
200383.596692338,200443.596692338,650,230,231.321449323951,0,0
200443.596692338,200503.596692338,650,230,237.321449323951,0,0
200503.596692338,200563.596692338,650,230,243.321449323951,0,0
200563.596692338,200623.596692338,650,230,249.321449323951,0,0
200623.596692338,200683.596692338,650,230,255.321449323951,0,0
200683.596692338,200743.596692338,650,230,261.321449323951,0,0
200743.596692338,200803.596692338,650,230,267.321449323951,0,0
200803.596692338,200863.596692338,650,230,273.321449323951,0,0
200863.596692338,200864.748525518,650,230,273.436632641993,0,0
200864.748525518,200924.748525518,650,560,274.786632641993,0,1
200924.748525518,200984.748525518,650,560,276.136632641993,0,1
200984.748525518,201044.748525518,650,560,277.486632641993,0,1
201044.748525518,201104.748525518,650,560,278.836632641993,0,1
201104.748525518,201164.748525518,650,560,280.186632641993,0,1
201164.748525518,201224.748525518,650,560,281.536632641993,0,1
201224.748525518,201284.748525518,650,560,282.886632641993,0,1
201284.748525518,201344.748525518,650,560,284.236632641993,0,1
201344.748525518,201404.748525518,650,560,285.586632641993,0,1
201404.748525518,201464.748525518,650,560,286.936632641993,0,1
201464.748525518,201524.748525518,650,560,288.286632641993,0,1
201524.748525518,201584.748525518,650,560,289.636632641993,0,1
201584.748525518,201644.748525518,650,560,290.986632641993,0,1
201644.748525518,201704.748525518,650,560,292.336632641993,0,1
201704.748525518,201764.748525518,650,560,293.686632641993,0,1
201764.748525518,201824.748525518,650,560,295.036632641993,0,1
201824.748525518,201884.748525518,650,560,296.386632641994,0,1
201884.748525518,201944.748525518,650,560,297.736632641994,0,1
201944.748525518,202004.748525518,650,560,299.086632641994,0,1
202004.748525518,202064.748525518,650,560,300,0,1
202064.748525518,202124.748525518,650,560,300,0,1
202124.748525518,202184.748525518,650,560,300,0,1
202184.748525518,202244.748525518,650,560,300,0,1
202244.748525518,202304.748525518,650,560,300,0,1
202304.748525518,202364.748525518,650,560,300,0,1
202364.748525518,202424.748525518,650,560,300,0,1
202424.748525518,202484.748525518,650,560,300,0,1
202484.748525518,202544.748525518,650,560,300,0,1
202544.748525518,202604.748525518,650,560,300,0,1
202604.748525518,202664.748525518,650,560,300,0,1
202664.748525518,202665.900358698,650,560,300,0,1
202665.900358698,202725.900358698,0,560,289.62962962963,0,1
202725.900358698,202785.900358698,0,560,279.259259259259,0,1
202785.900358698,202845.900358698,0,560,268.888888888889,0,1
202845.900358698,202905.900358698,0,560,258.518518518518,0,1
202905.900358698,202965.900358698,0,560,248.148148148148,0,1
202965.900358698,203025.900358698,0,560,237.777777777778,0,1
203025.900358698,203085.900358698,0,560,227.407407407407,0,1
203085.900358698,203145.900358698,0,560,217.037037037037,0,1
203145.900358698,203205.900358698,0,560,206.666666666667,0,1
203205.900358698,203265.900358698,0,230,202.407407407407,0,0
203265.900358698,203325.900358698,0,230,198.148148148148,0,0
203325.900358698,203385.900358698,0,230,193.888888888889,0,0
203385.900358698,203445.900358698,0,230,189.62962962963,0,0
203445.900358698,203505.900358698,0,230,185.37037037037,0,0
203505.900358698,203565.900358698,0,230,181.111111111111,0,0
203565.900358698,203625.900358698,0,230,176.851851851852,0,0
203625.900358698,203685.900358698,0,230,172.592592592592,0,0
203685.900358698,203745.900358698,0,230,168.333333333333,0,0
203745.900358698,203805.900358698,0,230,164.074074074074,0,0
203805.900358698,203865.900358698,0,230,159.814814814815,0,0
203865.900358698,203925.900358698,0,230,155.555555555555,0,0
203925.900358698,203985.900358698,0,230,151.296296296296,0,0
203985.900358698,204045.900358698,0,230,147.037037037037,0,0
204045.900358698,204105.900358698,0,230,142.777777777778,0,0
204105.900358698,204165.900358698,0,230,138.518518518518,0,0
204165.900358698,204225.900358698,0,230,134.259259259259,0,0
204225.900358698,204285.900358698,0,230,130,0,0
204285.900358698,204345.900358698,0,230,125.740740740741,0,0
204345.900358698,204405.900358698,0,230,121.481481481481,0,0
204405.900358698,204465.900358698,0,230,117.222222222222,0,0
204465.900358698,204525.900358698,0,230,112.962962962963,0,0
204525.900358698,204585.900358698,0,230,108.703703703703,0,0
204585.900358698,204645.900358698,0,230,104.444444444444,0,0
204645.900358698,204705.900358698,0,230,100.185185185185,0,0
204705.900358698,204765.900358698,0,230,95.9259259259256,0,0
204765.900358698,204802.589507352,0,230,93.3214493239506,0,0
204802.589507352,204862.589507352,650,230,99.3214493239506,0,0
204862.589507352,204922.589507352,650,230,105.321449323951,0,0
204922.589507352,204982.589507352,650,230,111.321449323951,0,0
204982.589507352,205042.589507352,650,230,117.321449323951,0,0
205042.589507352,205102.589507352,650,230,123.321449323951,0,0
205102.589507352,205162.589507352,650,230,129.321449323951,0,0
205162.589507352,205222.589507352,650,230,135.321449323951,0,0
205222.589507352,205282.589507352,650,230,141.321449323951,0,0
205282.589507352,205342.589507352,650,230,147.321449323951,0,0
205342.589507352,205402.589507352,650,230,153.321449323951,0,0
205402.589507352,205462.589507352,650,230,159.321449323951,0,0
205462.589507352,205522.589507352,650,230,165.321449323951,0,0
205522.589507352,205582.589507352,650,230,171.321449323951,0,0
205582.589507352,205642.589507352,650,230,177.321449323951,0,0
205642.589507352,205702.589507352,650,230,183.321449323951,0,0
205702.589507352,205762.589507352,650,230,189.321449323951,0,0
205762.589507352,205822.589507352,650,230,195.321449323951,0,0
205822.589507352,205882.589507352,650,230,201.321449323951,0,0
205882.589507352,205942.589507352,650,230,207.321449323951,0,0
205942.589507352,206002.589507352,650,230,213.321449323951,0,0
206002.589507352,206062.589507352,650,230,219.321449323951,0,0
206062.589507352,206122.589507352,650,230,225.321449323951,0,0
206122.589507352,206182.589507352,650,230,231.321449323951,0,0
206182.589507352,206242.589507352,650,230,237.321449323951,0,0
206242.589507352,206302.589507352,650,230,243.321449323951,0,0
206302.589507352,206362.589507352,650,230,249.321449323951,0,0
206362.589507352,206422.589507352,650,230,255.321449323951,0,0
206422.589507352,206482.589507352,650,230,261.321449323951,0,0
206482.589507352,206542.589507352,650,230,267.321449323951,0,0
206542.589507352,206602.589507352,650,230,273.321449323951,0,0
206602.589507352,206603.741340533,650,230,273.436632641993,0,0
206603.741340533,206663.741340533,650,560,274.786632641993,0,1
206663.741340533,206723.741340533,650,560,276.136632641993,0,1
206723.741340533,206783.741340533,650,560,277.486632641993,0,1
206783.741340533,206843.741340533,650,560,278.836632641993,0,1
206843.741340533,206903.741340533,650,560,280.186632641993,0,1
206903.741340533,206963.741340533,650,560,281.536632641993,0,1
206963.741340533,207023.741340533,650,560,282.886632641993,0,1
207023.741340533,207083.741340533,650,560,284.236632641993,0,1
207083.741340533,207143.741340533,650,560,285.586632641993,0,1
207143.741340533,207203.741340533,650,560,286.936632641993,0,1
207203.741340533,207263.741340533,650,560,288.286632641993,0,1
207263.741340533,207323.741340533,650,560,289.636632641993,0,1
207323.741340533,207383.741340533,650,560,290.986632641993,0,1
207383.741340533,207443.741340533,650,560,292.336632641993,0,1
207443.741340533,207503.741340533,650,560,293.686632641993,0,1
207503.741340533,207563.741340533,650,560,295.036632641993,0,1
207563.741340533,207623.741340533,650,560,296.386632641994,0,1
207623.741340533,207683.741340533,650,560,297.736632641994,0,1
207683.741340533,207743.741340533,650,560,299.086632641994,0,1
207743.741340533,207803.741340533,650,560,300,0,1
207803.741340533,207863.741340533,650,560,300,0,1
207863.741340533,207923.741340533,650,560,300,0,1
207923.741340533,207983.741340533,650,560,300,0,1
207983.741340533,208043.741340533,650,560,300,0,1
208043.741340533,208103.741340533,650,560,300,0,1
208103.741340533,208163.741340533,650,560,300,0,1
208163.741340533,208223.741340533,650,560,300,0,1
208223.741340533,208283.741340533,650,560,300,0,1
208283.741340533,208343.741340533,650,560,300,0,1
208343.741340533,208403.741340533,650,560,300,0,1
208403.741340533,208404.893173713,650,560,300,0,1
208404.893173713,208464.893173713,0,560,289.62962962963,0,1
208464.893173713,208524.893173713,0,560,279.259259259259,0,1
208524.893173713,208584.893173713,0,560,268.888888888889,0,1
208584.893173713,208644.893173713,0,560,258.518518518518,0,1
208644.893173713,208704.893173713,0,560,248.148148148148,0,1
208704.893173713,208764.893173713,0,560,237.777777777778,0,1
208764.893173713,208824.893173713,0,560,227.407407407407,0,1
208824.893173713,208884.893173713,0,560,217.037037037037,0,1
208884.893173713,208944.893173713,0,560,206.666666666667,0,1
208944.893173713,209004.893173713,0,230,202.407407407407,0,0
209004.893173713,209064.893173713,0,230,198.148148148148,0,0
209064.893173713,209124.893173713,0,230,193.888888888889,0,0
209124.893173713,209184.893173713,0,230,189.62962962963,0,0
209184.893173713,209244.893173713,0,230,185.37037037037,0,0
209244.893173713,209304.893173713,0,230,181.111111111111,0,0
209304.893173713,209364.893173713,0,230,176.851851851852,0,0
209364.893173713,209424.893173713,0,230,172.592592592592,0,0
209424.893173713,209484.893173713,0,230,168.333333333333,0,0
209484.893173713,209544.893173713,0,230,164.074074074074,0,0
209544.893173713,209604.893173713,0,230,159.814814814815,0,0
209604.893173713,209664.893173713,0,230,155.555555555555,0,0
209664.893173713,209724.893173713,0,230,151.296296296296,0,0
209724.893173713,209784.893173713,0,230,147.037037037037,0,0
209784.893173713,209844.893173713,0,230,142.777777777778,0,0
209844.893173713,209904.893173713,0,230,138.518518518518,0,0
209904.893173713,209964.893173713,0,230,134.259259259259,0,0
209964.893173713,210024.893173713,0,230,130,0,0
210024.893173713,210084.893173713,0,230,125.740740740741,0,0
210084.893173713,210144.893173713,0,230,121.481481481481,0,0
210144.893173713,210204.893173713,0,230,117.222222222222,0,0
210204.893173713,210264.893173713,0,230,112.962962962963,0,0
210264.893173713,210324.893173713,0,230,108.703703703703,0,0
210324.893173713,210384.893173713,0,230,104.444444444444,0,0
210384.893173713,210444.893173713,0,230,100.185185185185,0,0
210444.893173713,210504.893173713,0,230,95.9259259259256,0,0
210504.893173713,210541.582322367,0,230,93.3214493239506,0,0
210541.582322367,210601.582322367,650,230,99.3214493239506,0,0
210601.582322367,210661.582322367,650,230,105.321449323951,0,0
210661.582322367,210721.582322367,650,230,111.321449323951,0,0
210721.582322367,210781.582322367,650,230,117.321449323951,0,0
210781.582322367,210841.582322367,650,230,123.321449323951,0,0
210841.582322367,210901.582322367,650,230,129.321449323951,0,0
210901.582322367,210961.582322367,650,230,135.321449323951,0,0
210961.582322367,211021.582322367,650,230,141.321449323951,0,0
211021.582322367,211081.582322367,650,230,147.321449323951,0,0
211081.582322367,211141.582322367,650,230,153.321449323951,0,0
211141.582322367,211201.582322367,650,230,159.321449323951,0,0
211201.582322367,211261.582322367,650,230,165.321449323951,0,0
211261.582322367,211321.582322367,650,230,171.321449323951,0,0
211321.582322367,211381.582322367,650,230,177.321449323951,0,0
211381.582322367,211441.582322367,650,230,183.321449323951,0,0
211441.582322367,211501.582322367,650,230,189.321449323951,0,0
211501.582322367,211561.582322367,650,230,195.321449323951,0,0
211561.582322367,211621.582322367,650,230,201.321449323951,0,0
211621.582322367,211681.582322367,650,230,207.321449323951,0,0
211681.582322367,211741.582322367,650,230,213.321449323951,0,0
211741.582322367,211801.582322367,650,230,219.321449323951,0,0
211801.582322367,211861.582322367,650,230,225.321449323951,0,0
211861.582322367,211921.582322367,650,230,231.321449323951,0,0
211921.582322367,211981.582322367,650,230,237.321449323951,0,0
211981.582322367,212041.582322367,650,230,243.321449323951,0,0
212041.582322367,212101.582322367,650,230,249.321449323951,0,0
212101.582322367,212161.582322367,650,230,255.321449323951,0,0
212161.582322367,212221.582322367,650,230,261.321449323951,0,0
212221.582322367,212281.582322367,650,230,267.321449323951,0,0
212281.582322367,212341.582322367,650,230,273.321449323951,0,0
212341.582322367,212342.734155548,650,230,273.436632641993,0,0
212342.734155548,212402.734155548,650,560,274.786632641993,0,1
212402.734155548,212462.734155548,650,560,276.136632641993,0,1
212462.734155548,212522.734155548,650,560,277.486632641993,0,1
212522.734155548,212582.734155548,650,560,278.836632641993,0,1
212582.734155548,212642.734155548,650,560,280.186632641993,0,1
212642.734155548,212702.734155548,650,560,281.536632641993,0,1
212702.734155548,212762.734155548,650,560,282.886632641993,0,1
212762.734155548,212822.734155548,650,560,284.236632641993,0,1
212822.734155548,212882.734155548,650,560,285.586632641993,0,1
212882.734155548,212942.734155548,650,560,286.936632641993,0,1
212942.734155548,213002.734155548,650,560,288.286632641993,0,1
213002.734155548,213062.734155548,650,560,289.636632641993,0,1
213062.734155548,213122.734155548,650,560,290.986632641993,0,1
213122.734155548,213182.734155548,650,560,292.336632641993,0,1
213182.734155548,213242.734155548,650,560,293.686632641993,0,1
213242.734155548,213302.734155548,650,560,295.036632641993,0,1
213302.734155548,213362.734155548,650,560,296.386632641994,0,1
213362.734155548,213422.734155548,650,560,297.736632641994,0,1
213422.734155548,213482.734155548,650,560,299.086632641994,0,1
213482.734155548,213542.734155548,650,560,300,0,1
213542.734155548,213602.734155548,650,560,300,0,1
213602.734155548,213662.734155548,650,560,300,0,1
213662.734155548,213722.734155548,650,560,300,0,1
213722.734155548,213782.734155548,650,560,300,0,1
213782.734155548,213842.734155548,650,560,300,0,1
213842.734155548,213902.734155548,650,560,300,0,1
213902.734155548,213962.734155548,650,560,300,0,1
213962.734155548,214022.734155548,650,560,300,0,1
214022.734155548,214082.734155548,650,560,300,0,1
214082.734155548,214142.734155548,650,560,300,0,1
214142.734155548,214143.885988728,650,560,300,0,1
214143.885988728,214203.885988728,0,560,289.62962962963,0,1
214203.885988728,214263.885988728,0,560,279.259259259259,0,1
214263.885988728,214323.885988728,0,560,268.888888888889,0,1
214323.885988728,214383.885988728,0,560,258.518518518518,0,1
214383.885988728,214443.885988728,0,560,248.148148148148,0,1
214443.885988728,214503.885988728,0,560,237.777777777778,0,1
214503.885988728,214563.885988728,0,560,227.407407407407,0,1
214563.885988728,214623.885988728,0,560,217.037037037037,0,1
214623.885988728,214683.885988728,0,560,206.666666666667,0,1
214683.885988728,214743.885988728,0,230,202.407407407407,0,0
214743.885988728,214803.885988728,0,230,198.148148148148,0,0
214803.885988728,214863.885988728,0,230,193.888888888889,0,0
214863.885988728,214923.885988728,0,230,189.62962962963,0,0
214923.885988728,214983.885988728,0,230,185.37037037037,0,0
214983.885988728,215043.885988728,0,230,181.111111111111,0,0
215043.885988728,215103.885988728,0,230,176.851851851852,0,0
215103.885988728,215163.885988728,0,230,172.592592592592,0,0
215163.885988728,215223.885988728,0,230,168.333333333333,0,0
215223.885988728,215283.885988728,0,230,164.074074074074,0,0
215283.885988728,215343.885988728,0,230,159.814814814815,0,0
215343.885988728,215403.885988728,0,230,155.555555555555,0,0
215403.885988728,215463.885988728,0,230,151.296296296296,0,0
215463.885988728,215523.885988728,0,230,147.037037037037,0,0
215523.885988728,215583.885988728,0,230,142.777777777778,0,0
215583.885988728,215643.885988728,0,230,138.518518518518,0,0
215643.885988728,215703.885988728,0,230,134.259259259259,0,0
215703.885988728,215763.885988728,0,230,130,0,0
215763.885988728,215823.885988728,0,230,125.740740740741,0,0
215823.885988728,215883.885988728,0,230,121.481481481481,0,0
215883.885988728,215943.885988728,0,230,117.222222222222,0,0
215943.885988728,216003.885988728,0,230,112.962962962963,0,0
216003.885988728,216063.885988728,0,230,108.703703703703,0,0
216063.885988728,216123.885988728,0,230,104.444444444444,0,0
216123.885988728,216183.885988728,0,230,100.185185185185,0,0
216183.885988728,216243.885988728,0,230,95.9259259259256,0,0
216243.885988728,216280.575137382,0,230,93.3214493239506,0,0
216280.575137382,216340.575137382,650,230,99.3214493239506,0,0
216340.575137382,216400.575137382,650,230,105.321449323951,0,0
216400.575137382,216460.575137382,650,230,111.321449323951,0,0
216460.575137382,216520.575137382,650,230,117.321449323951,0,0
216520.575137382,216580.575137382,650,230,123.321449323951,0,0
216580.575137382,216640.575137382,650,230,129.321449323951,0,0
216640.575137382,216700.575137382,650,230,135.321449323951,0,0
216700.575137382,216760.575137382,650,230,141.321449323951,0,0
216760.575137382,216820.575137382,650,230,147.321449323951,0,0
216820.575137382,216880.575137382,650,230,153.321449323951,0,0
216880.575137382,216940.575137382,650,230,159.321449323951,0,0
216940.575137382,217000.575137382,650,230,165.321449323951,0,0
217000.575137382,217060.575137382,650,230,171.321449323951,0,0
217060.575137382,217120.575137382,650,230,177.321449323951,0,0
217120.575137382,217180.575137382,650,230,183.321449323951,0,0
217180.575137382,217240.575137382,650,230,189.321449323951,0,0
217240.575137382,217300.575137382,650,230,195.321449323951,0,0
217300.575137382,217360.575137382,650,230,201.321449323951,0,0
217360.575137382,217420.575137382,650,230,207.321449323951,0,0
217420.575137382,217480.575137382,650,230,213.321449323951,0,0
217480.575137382,217540.575137382,650,230,219.321449323951,0,0
217540.575137382,217600.575137382,650,230,225.321449323951,0,0
217600.575137382,217660.575137382,650,230,231.321449323951,0,0
217660.575137382,217720.575137382,650,230,237.321449323951,0,0
217720.575137382,217780.575137382,650,230,243.321449323951,0,0
217780.575137382,217840.575137382,650,230,249.321449323951,0,0
217840.575137382,217900.575137382,650,230,255.321449323951,0,0
217900.575137382,217960.575137382,650,230,261.321449323951,0,0
217960.575137382,218020.575137382,650,230,267.321449323951,0,0
218020.575137382,218080.575137382,650,230,273.321449323951,0,0
218080.575137382,218081.726970562,650,230,273.436632641993,0,0
218081.726970562,218141.726970562,650,560,274.786632641993,0,1
218141.726970562,218201.726970562,650,560,276.136632641993,0,1
218201.726970562,218261.726970562,650,560,277.486632641993,0,1
218261.726970562,218321.726970562,650,560,278.836632641993,0,1
218321.726970562,218381.726970562,650,560,280.186632641993,0,1
218381.726970562,218441.726970562,650,560,281.536632641993,0,1
218441.726970562,218501.726970562,650,560,282.886632641993,0,1
218501.726970562,218561.726970562,650,560,284.236632641993,0,1
218561.726970562,218621.726970562,650,560,285.586632641993,0,1
218621.726970562,218681.726970562,650,560,286.936632641993,0,1
218681.726970562,218741.726970562,650,560,288.286632641993,0,1
218741.726970562,218801.726970562,650,560,289.636632641993,0,1
218801.726970562,218861.726970562,650,560,290.986632641993,0,1
218861.726970562,218921.726970562,650,560,292.336632641993,0,1
218921.726970562,218981.726970562,650,560,293.686632641993,0,1
218981.726970562,219041.726970562,650,560,295.036632641993,0,1
219041.726970562,219101.726970562,650,560,296.386632641994,0,1
219101.726970562,219161.726970562,650,560,297.736632641994,0,1
219161.726970562,219221.726970562,650,560,299.086632641994,0,1
219221.726970562,219281.726970562,650,560,300,0,1
219281.726970562,219341.726970562,650,560,300,0,1
219341.726970562,219401.726970562,650,560,300,0,1
219401.726970562,219461.726970562,650,560,300,0,1
219461.726970562,219521.726970562,650,560,300,0,1
219521.726970562,219581.726970562,650,560,300,0,1
219581.726970562,219641.726970562,650,560,300,0,1
219641.726970562,219701.726970562,650,560,300,0,1
219701.726970562,219761.726970562,650,560,300,0,1
219761.726970562,219821.726970562,650,560,300,0,1
219821.726970562,219881.726970562,650,560,300,0,1
219881.726970562,219882.878803743,650,560,300,0,1
219882.878803743,219942.878803743,0,560,289.62962962963,0,1
219942.878803743,220002.878803743,0,560,279.259259259259,0,1
220002.878803743,220062.878803743,0,560,268.888888888889,0,1
220062.878803743,220122.878803743,0,560,258.518518518518,0,1
220122.878803743,220182.878803743,0,560,248.148148148148,0,1
220182.878803743,220242.878803743,0,560,237.777777777778,0,1
220242.878803743,220302.878803743,0,560,227.407407407407,0,1
220302.878803743,220362.878803743,0,560,217.037037037037,0,1
220362.878803743,220422.878803743,0,560,206.666666666667,0,1
220422.878803743,220482.878803743,0,230,202.407407407407,0,0
220482.878803743,220542.878803743,0,230,198.148148148148,0,0
220542.878803743,220602.878803743,0,230,193.888888888889,0,0
220602.878803743,220662.878803743,0,230,189.62962962963,0,0
220662.878803743,220722.878803743,0,230,185.37037037037,0,0
220722.878803743,220782.878803743,0,230,181.111111111111,0,0
220782.878803743,220842.878803743,0,230,176.851851851852,0,0
220842.878803743,220902.878803743,0,230,172.592592592592,0,0
220902.878803743,220962.878803743,0,230,168.333333333333,0,0
220962.878803743,221022.878803743,0,230,164.074074074074,0,0
221022.878803743,221082.878803743,0,230,159.814814814815,0,0
221082.878803743,221142.878803743,0,230,155.555555555555,0,0
221142.878803743,221202.878803743,0,230,151.296296296296,0,0
221202.878803743,221262.878803743,0,230,147.037037037037,0,0
221262.878803743,221322.878803743,0,230,142.777777777778,0,0
221322.878803743,221382.878803743,0,230,138.518518518518,0,0
221382.878803743,221442.878803743,0,230,134.259259259259,0,0
221442.878803743,221502.878803743,0,230,130,0,0
221502.878803743,221562.878803743,0,230,125.740740740741,0,0
221562.878803743,221622.878803743,0,230,121.481481481481,0,0
221622.878803743,221682.878803743,0,230,117.222222222222,0,0
221682.878803743,221742.878803743,0,230,112.962962962963,0,0
221742.878803743,221802.878803743,0,230,108.703703703703,0,0
221802.878803743,221862.878803743,0,230,104.444444444444,0,0
221862.878803743,221922.878803743,0,230,100.185185185185,0,0
221922.878803743,221982.878803743,0,230,95.9259259259256,0,0
221982.878803743,222019.567952397,0,230,93.3214493239506,0,0
222019.567952397,222079.567952397,650,230,99.3214493239506,0,0
222079.567952397,222139.567952397,650,230,105.321449323951,0,0
222139.567952397,222199.567952397,650,230,111.321449323951,0,0
222199.567952397,222259.567952397,650,230,117.321449323951,0,0
222259.567952397,222319.567952397,650,230,123.321449323951,0,0
222319.567952397,222379.567952397,650,230,129.321449323951,0,0
222379.567952397,222439.567952397,650,230,135.321449323951,0,0
222439.567952397,222499.567952397,650,230,141.321449323951,0,0
222499.567952397,222559.567952397,650,230,147.321449323951,0,0
222559.567952397,222619.567952397,650,230,153.321449323951,0,0
222619.567952397,222679.567952397,650,230,159.321449323951,0,0
222679.567952397,222739.567952397,650,230,165.321449323951,0,0
222739.567952397,222799.567952397,650,230,171.321449323951,0,0
222799.567952397,222859.567952397,650,230,177.321449323951,0,0
222859.567952397,222919.567952397,650,230,183.321449323951,0,0
222919.567952397,222979.567952397,650,230,189.321449323951,0,0
222979.567952397,223039.567952397,650,230,195.321449323951,0,0
223039.567952397,223099.567952397,650,230,201.321449323951,0,0
223099.567952397,223159.567952397,650,230,207.321449323951,0,0
223159.567952397,223219.567952397,650,230,213.321449323951,0,0
223219.567952397,223279.567952397,650,230,219.321449323951,0,0
223279.567952397,223339.567952397,650,230,225.321449323951,0,0
223339.567952397,223399.567952397,650,230,231.321449323951,0,0
223399.567952397,223459.567952397,650,230,237.321449323951,0,0
223459.567952397,223519.567952397,650,230,243.321449323951,0,0
223519.567952397,223579.567952397,650,230,249.321449323951,0,0
223579.567952397,223639.567952397,650,230,255.321449323951,0,0
223639.567952397,223699.567952397,650,230,261.321449323951,0,0
223699.567952397,223759.567952397,650,230,267.321449323951,0,0
223759.567952397,223819.567952397,650,230,273.321449323951,0,0
223819.567952397,223820.719785577,650,230,273.436632641993,0,0
223820.719785577,223880.719785577,650,560,274.786632641993,0,1
223880.719785577,223940.719785577,650,560,276.136632641993,0,1
223940.719785577,224000.719785577,650,560,277.486632641993,0,1
224000.719785577,224060.719785577,650,560,278.836632641993,0,1
224060.719785577,224120.719785577,650,560,280.186632641993,0,1
224120.719785577,224180.719785577,650,560,281.536632641993,0,1
224180.719785577,224240.719785577,650,560,282.886632641993,0,1
224240.719785577,224300.719785577,650,560,284.236632641993,0,1
224300.719785577,224360.719785577,650,560,285.586632641993,0,1
224360.719785577,224420.719785577,650,560,286.936632641993,0,1
224420.719785577,224480.719785577,650,560,288.286632641993,0,1
224480.719785577,224540.719785577,650,560,289.636632641993,0,1
224540.719785577,224600.719785577,650,560,290.986632641993,0,1
224600.719785577,224660.719785577,650,560,292.336632641993,0,1
224660.719785577,224720.719785577,650,560,293.686632641993,0,1
224720.719785577,224780.719785577,650,560,295.036632641993,0,1
224780.719785577,224840.719785577,650,560,296.386632641994,0,1
224840.719785577,224900.719785577,650,560,297.736632641994,0,1
224900.719785577,224960.719785577,650,560,299.086632641994,0,1
224960.719785577,225020.719785577,650,560,300,0,1
225020.719785577,225080.719785577,650,560,300,0,1
225080.719785577,225140.719785577,650,560,300,0,1
225140.719785577,225200.719785577,650,560,300,0,1
225200.719785577,225260.719785577,650,560,300,0,1
225260.719785577,225320.719785577,650,560,300,0,1
225320.719785577,225380.719785577,650,560,300,0,1
225380.719785577,225440.719785577,650,560,300,0,1
225440.719785577,225500.719785577,650,560,300,0,1
225500.719785577,225560.719785577,650,560,300,0,1
225560.719785577,225620.719785577,650,560,300,0,1
225620.719785577,225621.871618758,650,560,300,0,1
225621.871618758,225681.871618758,0,560,289.62962962963,0,1
225681.871618758,225741.871618758,0,560,279.259259259259,0,1
225741.871618758,225801.871618758,0,560,268.888888888889,0,1
225801.871618758,225861.871618758,0,560,258.518518518518,0,1
225861.871618758,225921.871618758,0,560,248.148148148148,0,1
225921.871618758,225981.871618758,0,560,237.777777777778,0,1
225981.871618758,226041.871618758,0,560,227.407407407407,0,1
226041.871618758,226101.871618758,0,560,217.037037037037,0,1
226101.871618758,226161.871618758,0,560,206.666666666667,0,1
226161.871618758,226221.871618758,0,230,202.407407407407,0,0
226221.871618758,226281.871618758,0,230,198.148148148148,0,0
226281.871618758,226341.871618758,0,230,193.888888888889,0,0
226341.871618758,226401.871618758,0,230,189.62962962963,0,0
226401.871618758,226461.871618758,0,230,185.37037037037,0,0
226461.871618758,226521.871618758,0,230,181.111111111111,0,0
226521.871618758,226581.871618758,0,230,176.851851851852,0,0
226581.871618758,226641.871618758,0,230,172.592592592592,0,0
226641.871618758,226701.871618758,0,230,168.333333333333,0,0
226701.871618758,226761.871618758,0,230,164.074074074074,0,0
226761.871618758,226821.871618758,0,230,159.814814814815,0,0
226821.871618758,226881.871618758,0,230,155.555555555555,0,0
226881.871618758,226941.871618758,0,230,151.296296296296,0,0
226941.871618758,227001.871618758,0,230,147.037037037037,0,0
227001.871618758,227061.871618758,0,230,142.777777777778,0,0
227061.871618758,227121.871618758,0,230,138.518518518518,0,0
227121.871618758,227181.871618758,0,230,134.259259259259,0,0
227181.871618758,227241.871618758,0,230,130,0,0
227241.871618758,227301.871618758,0,230,125.740740740741,0,0
227301.871618758,227361.871618758,0,230,121.481481481481,0,0
227361.871618758,227421.871618758,0,230,117.222222222222,0,0
227421.871618758,227481.871618758,0,230,112.962962962963,0,0
227481.871618758,227541.871618758,0,230,108.703703703703,0,0
227541.871618758,227601.871618758,0,230,104.444444444444,0,0
227601.871618758,227661.871618758,0,230,100.185185185185,0,0
227661.871618758,227721.871618758,0,230,95.9259259259256,0,0
227721.871618758,227758.560767411,0,230,93.3214493239506,0,0
227758.560767411,227818.560767411,650,230,99.3214493239506,0,0
227818.560767411,227878.560767411,650,230,105.321449323951,0,0
227878.560767411,227938.560767411,650,230,111.321449323951,0,0
227938.560767411,227998.560767411,650,230,117.321449323951,0,0
227998.560767411,228058.560767411,650,230,123.321449323951,0,0
228058.560767411,228118.560767411,650,230,129.321449323951,0,0
228118.560767411,228178.560767411,650,230,135.321449323951,0,0
228178.560767411,228238.560767411,650,230,141.321449323951,0,0
228238.560767411,228298.560767411,650,230,147.321449323951,0,0
228298.560767411,228358.560767411,650,230,153.321449323951,0,0
228358.560767411,228418.560767411,650,230,159.321449323951,0,0
228418.560767411,228478.560767411,650,230,165.321449323951,0,0
228478.560767411,228538.560767411,650,230,171.321449323951,0,0
228538.560767411,228598.560767411,650,230,177.321449323951,0,0
228598.560767411,228658.560767411,650,230,183.321449323951,0,0
228658.560767411,228718.560767411,650,230,189.321449323951,0,0
228718.560767411,228778.560767411,650,230,195.321449323951,0,0
228778.560767411,228838.560767411,650,230,201.321449323951,0,0
228838.560767411,228898.560767411,650,230,207.321449323951,0,0
228898.560767411,228958.560767411,650,230,213.321449323951,0,0
228958.560767411,229018.560767411,650,230,219.321449323951,0,0
229018.560767411,229078.560767411,650,230,225.321449323951,0,0
229078.560767411,229138.560767411,650,230,231.321449323951,0,0
229138.560767411,229198.560767411,650,230,237.321449323951,0,0
229198.560767411,229258.560767411,650,230,243.321449323951,0,0
229258.560767411,229318.560767411,650,230,249.321449323951,0,0
229318.560767411,229378.560767411,650,230,255.321449323951,0,0
229378.560767411,229438.560767411,650,230,261.321449323951,0,0
229438.560767411,229498.560767411,650,230,267.321449323951,0,0
229498.560767411,229558.560767411,650,230,273.321449323951,0,0
229558.560767411,229559.712600592,650,230,273.436632641993,0,0
229559.712600592,229619.712600592,650,560,274.786632641993,0,1
229619.712600592,229679.712600592,650,560,276.136632641993,0,1
229679.712600592,229739.712600592,650,560,277.486632641993,0,1
229739.712600592,229799.712600592,650,560,278.836632641993,0,1
229799.712600592,229859.712600592,650,560,280.186632641993,0,1
229859.712600592,229919.712600592,650,560,281.536632641993,0,1
229919.712600592,229979.712600592,650,560,282.886632641993,0,1
229979.712600592,230039.712600592,650,560,284.236632641993,0,1
230039.712600592,230099.712600592,650,560,285.586632641993,0,1
230099.712600592,230159.712600592,650,560,286.936632641993,0,1
230159.712600592,230219.712600592,650,560,288.286632641993,0,1
230219.712600592,230279.712600592,650,560,289.636632641993,0,1
230279.712600592,230339.712600592,650,560,290.986632641993,0,1
230339.712600592,230399.712600592,650,560,292.336632641993,0,1
230399.712600592,230459.712600592,650,560,293.686632641993,0,1
230459.712600592,230519.712600592,650,560,295.036632641993,0,1
230519.712600592,230579.712600592,650,560,296.386632641994,0,1
230579.712600592,230639.712600592,650,560,297.736632641994,0,1
230639.712600592,230699.712600592,650,560,299.086632641994,0,1
230699.712600592,230759.712600592,650,560,300,0,1
230759.712600592,230819.712600592,650,560,300,0,1
230819.712600592,230879.712600592,650,560,300,0,1
230879.712600592,230939.712600592,650,560,300,0,1
230939.712600592,230999.712600592,650,560,300,0,1
230999.712600592,231059.712600592,650,560,300,0,1
231059.712600592,231119.712600592,650,560,300,0,1
231119.712600592,231179.712600592,650,560,300,0,1
231179.712600592,231239.712600592,650,560,300,0,1
231239.712600592,231299.712600592,650,560,300,0,1
231299.712600592,231359.712600592,650,560,300,0,1
231359.712600592,231360.864433772,650,560,300,0,1
231360.864433772,231420.864433772,0,560,289.62962962963,0,1
231420.864433772,231480.864433772,0,560,279.259259259259,0,1
231480.864433772,231540.864433772,0,560,268.888888888889,0,1
231540.864433772,231600.864433772,0,560,258.518518518518,0,1
231600.864433772,231660.864433772,0,560,248.148148148148,0,1
231660.864433772,231720.864433772,0,560,237.777777777778,0,1
231720.864433772,231780.864433772,0,560,227.407407407407,0,1
231780.864433772,231840.864433772,0,560,217.037037037037,0,1
231840.864433772,231900.864433772,0,560,206.666666666667,0,1
231900.864433772,231960.864433772,0,230,202.407407407407,0,0
231960.864433772,232020.864433772,0,230,198.148148148148,0,0
232020.864433772,232080.864433772,0,230,193.888888888889,0,0
232080.864433772,232140.864433772,0,230,189.62962962963,0,0
232140.864433772,232200.864433772,0,230,185.37037037037,0,0
232200.864433772,232260.864433772,0,230,181.111111111111,0,0
232260.864433772,232320.864433772,0,230,176.851851851852,0,0
232320.864433772,232380.864433772,0,230,172.592592592592,0,0
232380.864433772,232440.864433772,0,230,168.333333333333,0,0
232440.864433772,232500.864433772,0,230,164.074074074074,0,0
232500.864433772,232560.864433772,0,230,159.814814814815,0,0
232560.864433772,232620.864433772,0,230,155.555555555555,0,0
232620.864433772,232680.864433772,0,230,151.296296296296,0,0
232680.864433772,232740.864433772,0,230,147.037037037037,0,0
232740.864433772,232800.864433772,0,230,142.777777777778,0,0
232800.864433772,232860.864433772,0,230,138.518518518518,0,0
232860.864433772,232920.864433772,0,230,134.259259259259,0,0
232920.864433772,232980.864433772,0,230,130,0,0
232980.864433772,233040.864433772,0,230,125.740740740741,0,0
233040.864433772,233100.864433772,0,230,121.481481481481,0,0
233100.864433772,233160.864433772,0,230,117.222222222222,0,0
233160.864433772,233220.864433772,0,230,112.962962962963,0,0
233220.864433772,233280.864433772,0,230,108.703703703703,0,0
233280.864433772,233340.864433772,0,230,104.444444444444,0,0
233340.864433772,233400.864433772,0,230,100.185185185185,0,0
233400.864433772,233460.864433772,0,230,95.9259259259256,0,0
233460.864433772,233497.553582426,0,230,93.3214493239506,0,0
233497.553582426,233557.553582426,650,230,99.3214493239506,0,0
233557.553582426,233617.553582426,650,230,105.321449323951,0,0
233617.553582426,233677.553582426,650,230,111.321449323951,0,0
233677.553582426,233737.553582426,650,230,117.321449323951,0,0
233737.553582426,233797.553582426,650,230,123.321449323951,0,0
233797.553582426,233857.553582426,650,230,129.321449323951,0,0
233857.553582426,233917.553582426,650,230,135.321449323951,0,0
233917.553582426,233977.553582426,650,230,141.321449323951,0,0
233977.553582426,234037.553582426,650,230,147.321449323951,0,0
234037.553582426,234097.553582426,650,230,153.321449323951,0,0
234097.553582426,234157.553582426,650,230,159.321449323951,0,0
234157.553582426,234217.553582426,650,230,165.321449323951,0,0
234217.553582426,234277.553582426,650,230,171.321449323951,0,0
234277.553582426,234337.553582426,650,230,177.321449323951,0,0
234337.553582426,234397.553582426,650,230,183.321449323951,0,0
234397.553582426,234457.553582426,650,230,189.321449323951,0,0
234457.553582426,234517.553582426,650,230,195.321449323951,0,0
234517.553582426,234577.553582426,650,230,201.321449323951,0,0
234577.553582426,234637.553582426,650,230,207.321449323951,0,0
234637.553582426,234697.553582426,650,230,213.321449323951,0,0
234697.553582426,234757.553582426,650,230,219.321449323951,0,0
234757.553582426,234817.553582426,650,230,225.321449323951,0,0
234817.553582426,234877.553582426,650,230,231.321449323951,0,0
234877.553582426,234937.553582426,650,230,237.321449323951,0,0
234937.553582426,234997.553582426,650,230,243.321449323951,0,0
234997.553582426,235057.553582426,650,230,249.321449323951,0,0
235057.553582426,235117.553582426,650,230,255.321449323951,0,0
235117.553582426,235177.553582426,650,230,261.321449323951,0,0
235177.553582426,235237.553582426,650,230,267.321449323951,0,0
235237.553582426,235297.553582426,650,230,273.321449323951,0,0
235297.553582426,235298.705415607,650,230,273.436632641993,0,0
235298.705415607,235358.705415607,650,560,274.786632641993,0,1
235358.705415607,235418.705415607,650,560,276.136632641993,0,1
235418.705415607,235478.705415607,650,560,277.486632641993,0,1
235478.705415607,235538.705415607,650,560,278.836632641993,0,1
235538.705415607,235598.705415607,650,560,280.186632641993,0,1
235598.705415607,235658.705415607,650,560,281.536632641993,0,1
235658.705415607,235718.705415607,650,560,282.886632641993,0,1
235718.705415607,235778.705415607,650,560,284.236632641993,0,1
235778.705415607,235838.705415607,650,560,285.586632641993,0,1
235838.705415607,235898.705415607,650,560,286.936632641993,0,1
235898.705415607,235958.705415607,650,560,288.286632641993,0,1
235958.705415607,236018.705415607,650,560,289.636632641993,0,1
236018.705415607,236078.705415607,650,560,290.986632641993,0,1
236078.705415607,236138.705415607,650,560,292.336632641993,0,1
236138.705415607,236198.705415607,650,560,293.686632641993,0,1
236198.705415607,236258.705415607,650,560,295.036632641993,0,1
236258.705415607,236318.705415607,650,560,296.386632641994,0,1
236318.705415607,236378.705415607,650,560,297.736632641994,0,1
236378.705415607,236438.705415607,650,560,299.086632641994,0,1
236438.705415607,236498.705415607,650,560,300,0,1
236498.705415607,236558.705415607,650,560,300,0,1
236558.705415607,236618.705415607,650,560,300,0,1
236618.705415607,236678.705415607,650,560,300,0,1
236678.705415607,236738.705415607,650,560,300,0,1
236738.705415607,236798.705415607,650,560,300,0,1
236798.705415607,236858.705415607,650,560,300,0,1
236858.705415607,236918.705415607,650,560,300,0,1
236918.705415607,236978.705415607,650,560,300,0,1
236978.705415607,237038.705415607,650,560,300,0,1
237038.705415607,237098.705415607,650,560,300,0,1
237098.705415607,237099.857248787,650,560,300,0,1
237099.857248787,237159.857248787,0,560,289.62962962963,0,1
237159.857248787,237219.857248787,0,560,279.259259259259,0,1
237219.857248787,237279.857248787,0,560,268.888888888889,0,1
237279.857248787,237339.857248787,0,560,258.518518518518,0,1
237339.857248787,237399.857248787,0,560,248.148148148148,0,1
237399.857248787,237459.857248787,0,560,237.777777777778,0,1
237459.857248787,237519.857248787,0,560,227.407407407407,0,1
237519.857248787,237579.857248787,0,560,217.037037037037,0,1
237579.857248787,237639.857248787,0,560,206.666666666667,0,1
237639.857248787,237699.857248787,0,230,202.407407407407,0,0
237699.857248787,237759.857248787,0,230,198.148148148148,0,0
237759.857248787,237819.857248787,0,230,193.888888888889,0,0
237819.857248787,237879.857248787,0,230,189.62962962963,0,0
237879.857248787,237939.857248787,0,230,185.37037037037,0,0
237939.857248787,237999.857248787,0,230,181.111111111111,0,0
237999.857248787,238059.857248787,0,230,176.851851851852,0,0
238059.857248787,238119.857248787,0,230,172.592592592592,0,0
238119.857248787,238179.857248787,0,230,168.333333333333,0,0
238179.857248787,238239.857248787,0,230,164.074074074074,0,0
238239.857248787,238299.857248787,0,230,159.814814814815,0,0
238299.857248787,238359.857248787,0,230,155.555555555555,0,0
238359.857248787,238419.857248787,0,230,151.296296296296,0,0
238419.857248787,238479.857248787,0,230,147.037037037037,0,0
238479.857248787,238539.857248787,0,230,142.777777777778,0,0
238539.857248787,238599.857248787,0,230,138.518518518518,0,0
238599.857248787,238659.857248787,0,230,134.259259259259,0,0
238659.857248787,238719.857248787,0,230,130,0,0
238719.857248787,238779.857248787,0,230,125.740740740741,0,0
238779.857248787,238839.857248787,0,230,121.481481481481,0,0
238839.857248787,238899.857248787,0,230,117.222222222222,0,0
238899.857248787,238959.857248787,0,230,112.962962962963,0,0
238959.857248787,239019.857248787,0,230,108.703703703703,0,0
239019.857248787,239079.857248787,0,230,104.444444444444,0,0
239079.857248787,239139.857248787,0,230,100.185185185185,0,0
239139.857248787,239199.857248787,0,230,95.9259259259256,0,0
239199.857248787,239236.546397441,0,230,93.3214493239506,0,0
239236.546397441,239296.546397441,650,230,99.3214493239506,0,0
239296.546397441,239356.546397441,650,230,105.321449323951,0,0
239356.546397441,239416.546397441,650,230,111.321449323951,0,0
239416.546397441,239476.546397441,650,230,117.321449323951,0,0
239476.546397441,239536.546397441,650,230,123.321449323951,0,0
239536.546397441,239596.546397441,650,230,129.321449323951,0,0
239596.546397441,239656.546397441,650,230,135.321449323951,0,0
239656.546397441,239716.546397441,650,230,141.321449323951,0,0
239716.546397441,239776.546397441,650,230,147.321449323951,0,0
239776.546397441,239836.546397441,650,230,153.321449323951,0,0
239836.546397441,239896.546397441,650,230,159.321449323951,0,0
239896.546397441,239956.546397441,650,230,165.321449323951,0,0
239956.546397441,240016.546397441,650,230,171.321449323951,0,0
240016.546397441,240076.546397441,650,230,177.321449323951,0,0
240076.546397441,240136.546397441,650,230,183.321449323951,0,0
240136.546397441,240196.546397441,650,230,189.321449323951,0,0
240196.546397441,240256.546397441,650,230,195.321449323951,0,0
240256.546397441,240316.546397441,650,230,201.321449323951,0,0
240316.546397441,240376.546397441,650,230,207.321449323951,0,0
240376.546397441,240436.546397441,650,230,213.321449323951,0,0
240436.546397441,240496.546397441,650,230,219.321449323951,0,0
240496.546397441,240556.546397441,650,230,225.321449323951,0,0
240556.546397441,240616.546397441,650,230,231.321449323951,0,0
240616.546397441,240676.546397441,650,230,237.321449323951,0,0
240676.546397441,240736.546397441,650,230,243.321449323951,0,0
240736.546397441,240796.546397441,650,230,249.321449323951,0,0
240796.546397441,240856.546397441,650,230,255.321449323951,0,0
240856.546397441,240916.546397441,650,230,261.321449323951,0,0
240916.546397441,240976.546397441,650,230,267.321449323951,0,0
240976.546397441,241036.546397441,650,230,273.321449323951,0,0
241036.546397441,241037.698230622,650,230,273.436632641993,0,0
241037.698230622,241097.698230622,650,560,274.786632641993,0,1
241097.698230622,241157.698230622,650,560,276.136632641993,0,1
241157.698230622,241217.698230622,650,560,277.486632641993,0,1
241217.698230622,241277.698230622,650,560,278.836632641993,0,1
241277.698230622,241337.698230622,650,560,280.186632641993,0,1
241337.698230622,241397.698230622,650,560,281.536632641993,0,1
241397.698230622,241457.698230622,650,560,282.886632641993,0,1
241457.698230622,241517.698230622,650,560,284.236632641993,0,1
241517.698230622,241577.698230622,650,560,285.586632641993,0,1
241577.698230622,241637.698230622,650,560,286.936632641993,0,1
241637.698230622,241697.698230622,650,560,288.286632641993,0,1
241697.698230622,241757.698230622,650,560,289.636632641993,0,1
241757.698230622,241817.698230622,650,560,290.986632641993,0,1
241817.698230622,241877.698230622,650,560,292.336632641993,0,1
241877.698230622,241937.698230622,650,560,293.686632641993,0,1
241937.698230622,241997.698230622,650,560,295.036632641993,0,1
241997.698230622,242057.698230622,650,560,296.386632641994,0,1
242057.698230622,242117.698230622,650,560,297.736632641994,0,1
242117.698230622,242177.698230622,650,560,299.086632641994,0,1
242177.698230622,242237.698230622,650,560,300,0,1
242237.698230622,242297.698230622,650,560,300,0,1
242297.698230622,242357.698230622,650,560,300,0,1
242357.698230622,242417.698230622,650,560,300,0,1
242417.698230622,242477.698230622,650,560,300,0,1
242477.698230622,242537.698230622,650,560,300,0,1
242537.698230622,242597.698230622,650,560,300,0,1
242597.698230622,242657.698230622,650,560,300,0,1
242657.698230622,242717.698230622,650,560,300,0,1
242717.698230622,242777.698230622,650,560,300,0,1
242777.698230622,242837.698230622,650,560,300,0,1
242837.698230622,242838.850063802,650,560,300,0,1
242838.850063802,242898.850063802,0,560,289.62962962963,0,1
242898.850063802,242958.850063802,0,560,279.259259259259,0,1
242958.850063802,243018.850063802,0,560,268.888888888889,0,1
243018.850063802,243078.850063802,0,560,258.518518518518,0,1
243078.850063802,243138.850063802,0,560,248.148148148148,0,1
243138.850063802,243198.850063802,0,560,237.777777777778,0,1
243198.850063802,243258.850063802,0,560,227.407407407407,0,1
243258.850063802,243318.850063802,0,560,217.037037037037,0,1
243318.850063802,243378.850063802,0,560,206.666666666667,0,1
243378.850063802,243438.850063802,0,230,202.407407407407,0,0
243438.850063802,243498.850063802,0,230,198.148148148148,0,0
243498.850063802,243558.850063802,0,230,193.888888888889,0,0
243558.850063802,243618.850063802,0,230,189.62962962963,0,0
243618.850063802,243678.850063802,0,230,185.37037037037,0,0
243678.850063802,243738.850063802,0,230,181.111111111111,0,0
243738.850063802,243798.850063802,0,230,176.851851851852,0,0
243798.850063802,243858.850063802,0,230,172.592592592592,0,0
243858.850063802,243918.850063802,0,230,168.333333333333,0,0
243918.850063802,243978.850063802,0,230,164.074074074074,0,0
243978.850063802,244038.850063802,0,230,159.814814814815,0,0
244038.850063802,244098.850063802,0,230,155.555555555555,0,0
244098.850063802,244158.850063802,0,230,151.296296296296,0,0
244158.850063802,244218.850063802,0,230,147.037037037037,0,0
244218.850063802,244278.850063802,0,230,142.777777777778,0,0
244278.850063802,244338.850063802,0,230,138.518518518518,0,0
244338.850063802,244398.850063802,0,230,134.259259259259,0,0
244398.850063802,244458.850063802,0,230,130,0,0
244458.850063802,244518.850063802,0,230,125.740740740741,0,0
244518.850063802,244578.850063802,0,230,121.481481481481,0,0
244578.850063802,244638.850063802,0,230,117.222222222222,0,0
244638.850063802,244698.850063802,0,230,112.962962962963,0,0
244698.850063802,244758.850063802,0,230,108.703703703703,0,0
244758.850063802,244818.850063802,0,230,104.444444444444,0,0
244818.850063802,244878.850063802,0,230,100.185185185185,0,0
244878.850063802,244938.850063802,0,230,95.9259259259256,0,0
244938.850063802,244975.539212456,0,230,93.3214493239506,0,0
244975.539212456,245035.539212456,650,230,99.3214493239506,0,0
245035.539212456,245095.539212456,650,230,105.321449323951,0,0
245095.539212456,245155.539212456,650,230,111.321449323951,0,0
245155.539212456,245215.539212456,650,230,117.321449323951,0,0
245215.539212456,245275.539212456,650,230,123.321449323951,0,0
245275.539212456,245335.539212456,650,230,129.321449323951,0,0
245335.539212456,245395.539212456,650,230,135.321449323951,0,0
245395.539212456,245455.539212456,650,230,141.321449323951,0,0
245455.539212456,245515.539212456,650,230,147.321449323951,0,0
245515.539212456,245575.539212456,650,230,153.321449323951,0,0
245575.539212456,245635.539212456,650,230,159.321449323951,0,0
245635.539212456,245695.539212456,650,230,165.321449323951,0,0
245695.539212456,245755.539212456,650,230,171.321449323951,0,0
245755.539212456,245815.539212456,650,230,177.321449323951,0,0
245815.539212456,245875.539212456,650,230,183.321449323951,0,0
245875.539212456,245935.539212456,650,230,189.321449323951,0,0
245935.539212456,245995.539212456,650,230,195.321449323951,0,0
245995.539212456,246055.539212456,650,230,201.321449323951,0,0
246055.539212456,246115.539212456,650,230,207.321449323951,0,0
246115.539212456,246175.539212456,650,230,213.321449323951,0,0
246175.539212456,246235.539212456,650,230,219.321449323951,0,0
246235.539212456,246295.539212456,650,230,225.321449323951,0,0
246295.539212456,246355.539212456,650,230,231.321449323951,0,0
246355.539212456,246415.539212456,650,230,237.321449323951,0,0
246415.539212456,246475.539212456,650,230,243.321449323951,0,0
246475.539212456,246535.539212456,650,230,249.321449323951,0,0
246535.539212456,246595.539212456,650,230,255.321449323951,0,0
246595.539212456,246655.539212456,650,230,261.321449323951,0,0
246655.539212456,246715.539212456,650,230,267.321449323951,0,0
246715.539212456,246775.539212456,650,230,273.321449323951,0,0
246775.539212456,246776.691045636,650,230,273.436632641993,0,0
246776.691045636,246836.691045636,650,560,274.786632641993,0,1
246836.691045636,246896.691045636,650,560,276.136632641993,0,1
246896.691045636,246956.691045636,650,560,277.486632641993,0,1
246956.691045636,247016.691045636,650,560,278.836632641993,0,1
247016.691045636,247076.691045636,650,560,280.186632641993,0,1
247076.691045636,247136.691045636,650,560,281.536632641993,0,1
247136.691045636,247196.691045636,650,560,282.886632641993,0,1
247196.691045636,247256.691045636,650,560,284.236632641993,0,1
247256.691045636,247316.691045636,650,560,285.586632641993,0,1
247316.691045636,247376.691045636,650,560,286.936632641993,0,1
247376.691045636,247436.691045636,650,560,288.286632641993,0,1
247436.691045636,247496.691045636,650,560,289.636632641993,0,1
247496.691045636,247556.691045636,650,560,290.986632641993,0,1
247556.691045636,247616.691045636,650,560,292.336632641993,0,1
247616.691045636,247676.691045636,650,560,293.686632641993,0,1
247676.691045636,247736.691045636,650,560,295.036632641993,0,1
247736.691045636,247796.691045636,650,560,296.386632641994,0,1
247796.691045636,247856.691045636,650,560,297.736632641994,0,1
247856.691045636,247916.691045636,650,560,299.086632641994,0,1
247916.691045636,247976.691045636,650,560,300,0,1
247976.691045636,248036.691045636,650,560,300,0,1
248036.691045636,248096.691045636,650,560,300,0,1
248096.691045636,248156.691045636,650,560,300,0,1
248156.691045636,248216.691045636,650,560,300,0,1
248216.691045636,248276.691045636,650,560,300,0,1
248276.691045636,248336.691045636,650,560,300,0,1
248336.691045636,248396.691045636,650,560,300,0,1
248396.691045636,248456.691045636,650,560,300,0,1
248456.691045636,248516.691045636,650,560,300,0,1
248516.691045636,248576.691045636,650,560,300,0,1
248576.691045636,248577.842878817,650,560,300,0,1
248577.842878817,248637.842878817,0,560,289.62962962963,0,1
248637.842878817,248697.842878817,0,560,279.259259259259,0,1
248697.842878817,248757.842878817,0,560,268.888888888889,0,1
248757.842878817,248817.842878817,0,560,258.518518518518,0,1
248817.842878817,248877.842878817,0,560,248.148148148148,0,1
248877.842878817,248937.842878817,0,560,237.777777777778,0,1
248937.842878817,248997.842878817,0,560,227.407407407407,0,1
248997.842878817,249057.842878817,0,560,217.037037037037,0,1
249057.842878817,249117.842878817,0,560,206.666666666667,0,1
249117.842878817,249177.842878817,0,230,202.407407407407,0,0
249177.842878817,249237.842878817,0,230,198.148148148148,0,0
249237.842878817,249297.842878817,0,230,193.888888888889,0,0
249297.842878817,249357.842878817,0,230,189.62962962963,0,0
249357.842878817,249417.842878817,0,230,185.37037037037,0,0
249417.842878817,249477.842878817,0,230,181.111111111111,0,0
249477.842878817,249537.842878817,0,230,176.851851851852,0,0
249537.842878817,249597.842878817,0,230,172.592592592592,0,0
249597.842878817,249657.842878817,0,230,168.333333333333,0,0
249657.842878817,249717.842878817,0,230,164.074074074074,0,0
249717.842878817,249777.842878817,0,230,159.814814814815,0,0
249777.842878817,249837.842878817,0,230,155.555555555555,0,0
249837.842878817,249897.842878817,0,230,151.296296296296,0,0
249897.842878817,249957.842878817,0,230,147.037037037037,0,0
249957.842878817,250017.842878817,0,230,142.777777777778,0,0
250017.842878817,250077.842878817,0,230,138.518518518518,0,0
250077.842878817,250137.842878817,0,230,134.259259259259,0,0
250137.842878817,250197.842878817,0,230,130,0,0
250197.842878817,250257.842878817,0,230,125.740740740741,0,0
250257.842878817,250317.842878817,0,230,121.481481481481,0,0
250317.842878817,250377.842878817,0,230,117.222222222222,0,0
250377.842878817,250437.842878817,0,230,112.962962962963,0,0
250437.842878817,250497.842878817,0,230,108.703703703703,0,0
250497.842878817,250557.842878817,0,230,104.444444444444,0,0
250557.842878817,250617.842878817,0,230,100.185185185185,0,0
250617.842878817,250677.842878817,0,230,95.9259259259256,0,0
250677.842878817,250714.532027471,0,230,93.3214493239506,0,0
250714.532027471,250774.532027471,650,230,99.3214493239506,0,0
250774.532027471,250834.532027471,650,230,105.321449323951,0,0
250834.532027471,250894.532027471,650,230,111.321449323951,0,0
250894.532027471,250954.532027471,650,230,117.321449323951,0,0
250954.532027471,251014.532027471,650,230,123.321449323951,0,0
251014.532027471,251074.532027471,650,230,129.321449323951,0,0
251074.532027471,251134.532027471,650,230,135.321449323951,0,0
251134.532027471,251194.532027471,650,230,141.321449323951,0,0
251194.532027471,251254.532027471,650,230,147.321449323951,0,0
251254.532027471,251314.532027471,650,230,153.321449323951,0,0
251314.532027471,251374.532027471,650,230,159.321449323951,0,0
251374.532027471,251434.532027471,650,230,165.321449323951,0,0
251434.532027471,251494.532027471,650,230,171.321449323951,0,0
251494.532027471,251554.532027471,650,230,177.321449323951,0,0
251554.532027471,251614.532027471,650,230,183.321449323951,0,0
251614.532027471,251674.532027471,650,230,189.321449323951,0,0
251674.532027471,251734.532027471,650,230,195.321449323951,0,0
251734.532027471,251794.532027471,650,230,201.321449323951,0,0
251794.532027471,251854.532027471,650,230,207.321449323951,0,0
251854.532027471,251914.532027471,650,230,213.321449323951,0,0
251914.532027471,251974.532027471,650,230,219.321449323951,0,0
251974.532027471,252034.532027471,650,230,225.321449323951,0,0
252034.532027471,252094.532027471,650,230,231.321449323951,0,0
252094.532027471,252154.532027471,650,230,237.321449323951,0,0
252154.532027471,252214.532027471,650,230,243.321449323951,0,0
252214.532027471,252274.532027471,650,230,249.321449323951,0,0
252274.532027471,252334.532027471,650,230,255.321449323951,0,0
252334.532027471,252394.532027471,650,230,261.321449323951,0,0
252394.532027471,252454.532027471,650,230,267.321449323951,0,0
252454.532027471,252514.532027471,650,230,273.321449323951,0,0
252514.532027471,252515.683860651,650,230,273.436632641993,0,0
252515.683860651,252575.683860651,650,560,274.786632641993,0,1
252575.683860651,252635.683860651,650,560,276.136632641993,0,1
252635.683860651,252695.683860651,650,560,277.486632641993,0,1
252695.683860651,252755.683860651,650,560,278.836632641993,0,1
252755.683860651,252815.683860651,650,560,280.186632641993,0,1
252815.683860651,252875.683860651,650,560,281.536632641993,0,1
252875.683860651,252935.683860651,650,560,282.886632641993,0,1
252935.683860651,252995.683860651,650,560,284.236632641993,0,1
252995.683860651,253055.683860651,650,560,285.586632641993,0,1
253055.683860651,253115.683860651,650,560,286.936632641993,0,1
253115.683860651,253175.683860651,650,560,288.286632641993,0,1
253175.683860651,253235.683860651,650,560,289.636632641993,0,1
253235.683860651,253295.683860651,650,560,290.986632641993,0,1
253295.683860651,253355.683860651,650,560,292.336632641993,0,1
253355.683860651,253415.683860651,650,560,293.686632641993,0,1
253415.683860651,253475.683860651,650,560,295.036632641993,0,1
253475.683860651,253535.683860651,650,560,296.386632641994,0,1
253535.683860651,253595.683860651,650,560,297.736632641994,0,1
253595.683860651,253655.683860651,650,560,299.086632641994,0,1
253655.683860651,253715.683860651,650,560,300,0,1
253715.683860651,253775.683860651,650,560,300,0,1
253775.683860651,253835.683860651,650,560,300,0,1
253835.683860651,253895.683860651,650,560,300,0,1
253895.683860651,253955.683860651,650,560,300,0,1
253955.683860651,254015.683860651,650,560,300,0,1
254015.683860651,254075.683860651,650,560,300,0,1
254075.683860651,254135.683860651,650,560,300,0,1
254135.683860651,254195.683860651,650,560,300,0,1
254195.683860651,254255.683860651,650,560,300,0,1
254255.683860651,254315.683860651,650,560,300,0,1
254315.683860651,254316.835693832,650,560,300,0,1
254316.835693832,254376.835693832,0,560,289.62962962963,0,1
254376.835693832,254436.835693832,0,560,279.259259259259,0,1
254436.835693832,254496.835693832,0,560,268.888888888889,0,1
254496.835693832,254556.835693832,0,560,258.518518518518,0,1
254556.835693832,254616.835693832,0,560,248.148148148148,0,1
254616.835693832,254676.835693832,0,560,237.777777777778,0,1
254676.835693832,254736.835693832,0,560,227.407407407407,0,1
254736.835693832,254796.835693832,0,560,217.037037037037,0,1
254796.835693832,254856.835693832,0,560,206.666666666667,0,1
254856.835693832,254916.835693832,0,230,202.407407407407,0,0
254916.835693832,254976.835693832,0,230,198.148148148148,0,0
254976.835693832,255036.835693832,0,230,193.888888888889,0,0
255036.835693832,255096.835693832,0,230,189.62962962963,0,0
255096.835693832,255156.835693832,0,230,185.37037037037,0,0
255156.835693832,255216.835693832,0,230,181.111111111111,0,0
255216.835693832,255276.835693832,0,230,176.851851851852,0,0
255276.835693832,255336.835693832,0,230,172.592592592592,0,0
255336.835693832,255396.835693832,0,230,168.333333333333,0,0
255396.835693832,255456.835693832,0,230,164.074074074074,0,0
255456.835693832,255516.835693832,0,230,159.814814814815,0,0
255516.835693832,255576.835693832,0,230,155.555555555555,0,0
255576.835693832,255636.835693832,0,230,151.296296296296,0,0
255636.835693832,255696.835693832,0,230,147.037037037037,0,0
255696.835693832,255756.835693832,0,230,142.777777777778,0,0
255756.835693832,255816.835693832,0,230,138.518518518518,0,0
255816.835693832,255876.835693832,0,230,134.259259259259,0,0
255876.835693832,255936.835693832,0,230,130,0,0
255936.835693832,255996.835693832,0,230,125.740740740741,0,0
255996.835693832,256056.835693832,0,230,121.481481481481,0,0
256056.835693832,256116.835693832,0,230,117.222222222222,0,0
256116.835693832,256176.835693832,0,230,112.962962962963,0,0
256176.835693832,256236.835693832,0,230,108.703703703703,0,0
256236.835693832,256296.835693832,0,230,104.444444444444,0,0
256296.835693832,256356.835693832,0,230,100.185185185185,0,0
256356.835693832,256416.835693832,0,230,95.9259259259256,0,0
256416.835693832,256453.524842485,0,230,93.3214493239506,0,0
256453.524842485,256513.524842485,650,230,99.3214493239506,0,0
256513.524842485,256573.524842485,650,230,105.321449323951,0,0
256573.524842485,256633.524842485,650,230,111.321449323951,0,0
256633.524842485,256693.524842485,650,230,117.321449323951,0,0
256693.524842485,256753.524842485,650,230,123.321449323951,0,0
256753.524842485,256813.524842485,650,230,129.321449323951,0,0
256813.524842485,256873.524842485,650,230,135.321449323951,0,0
256873.524842485,256933.524842485,650,230,141.321449323951,0,0
256933.524842485,256993.524842485,650,230,147.321449323951,0,0
256993.524842485,257053.524842485,650,230,153.321449323951,0,0
257053.524842485,257113.524842485,650,230,159.321449323951,0,0
257113.524842485,257173.524842485,650,230,165.321449323951,0,0
257173.524842485,257233.524842485,650,230,171.321449323951,0,0
257233.524842485,257293.524842485,650,230,177.321449323951,0,0
257293.524842485,257353.524842485,650,230,183.321449323951,0,0
257353.524842485,257413.524842485,650,230,189.321449323951,0,0
257413.524842485,257473.524842485,650,230,195.321449323951,0,0
257473.524842485,257533.524842485,650,230,201.321449323951,0,0
257533.524842485,257593.524842485,650,230,207.321449323951,0,0
257593.524842485,257653.524842485,650,230,213.321449323951,0,0
257653.524842485,257713.524842485,650,230,219.321449323951,0,0
257713.524842485,257773.524842485,650,230,225.321449323951,0,0
257773.524842485,257833.524842485,650,230,231.321449323951,0,0
257833.524842485,257893.524842485,650,230,237.321449323951,0,0
257893.524842485,257953.524842485,650,230,243.321449323951,0,0
257953.524842485,258013.524842485,650,230,249.321449323951,0,0
258013.524842485,258073.524842485,650,230,255.321449323951,0,0
258073.524842485,258133.524842485,650,230,261.321449323951,0,0
258133.524842485,258193.524842485,650,230,267.321449323951,0,0
258193.524842485,258253.524842485,650,230,273.321449323951,0,0
258253.524842485,258254.676675666,650,230,273.436632641993,0,0
258254.676675666,258314.676675666,650,560,274.786632641993,0,1
258314.676675666,258374.676675666,650,560,276.136632641993,0,1
258374.676675666,258434.676675666,650,560,277.486632641993,0,1
258434.676675666,258494.676675666,650,560,278.836632641993,0,1
258494.676675666,258554.676675666,650,560,280.186632641993,0,1
258554.676675666,258614.676675666,650,560,281.536632641993,0,1
258614.676675666,258674.676675666,650,560,282.886632641993,0,1
258674.676675666,258734.676675666,650,560,284.236632641993,0,1
258734.676675666,258794.676675666,650,560,285.586632641993,0,1
258794.676675666,258854.676675666,650,560,286.936632641993,0,1
258854.676675666,258914.676675666,650,560,288.286632641993,0,1
258914.676675666,258974.676675666,650,560,289.636632641993,0,1
258974.676675666,259034.676675666,650,560,290.986632641993,0,1
259034.676675666,259094.676675666,650,560,292.336632641993,0,1
259094.676675666,259154.676675666,650,560,293.686632641993,0,1
259154.676675666,259214.676675666,650,560,295.036632641993,0,1
259214.676675666,259274.676675666,650,560,296.386632641994,0,1
259274.676675666,259334.676675666,650,560,297.736632641994,0,1
259334.676675666,259394.676675666,650,560,299.086632641994,0,1
259394.676675666,259454.676675666,650,560,300,0,1
259454.676675666,259514.676675666,650,560,300,0,1
259514.676675666,259574.676675666,650,560,300,0,1
259574.676675666,259634.676675666,650,560,300,0,1
259634.676675666,259694.676675666,650,560,300,0,1
259694.676675666,259754.676675666,650,560,300,0,1
259754.676675666,259814.676675666,650,560,300,0,1
259814.676675666,259874.676675666,650,560,300,0,1
259874.676675666,259934.676675666,650,560,300,0,1
259934.676675666,259994.676675666,650,560,300,0,1
259994.676675666,260054.676675666,650,560,300,0,1
260054.676675666,260055.828508846,650,560,300,0,1
260055.828508846,260115.828508846,0,560,289.62962962963,0,1
260115.828508846,260175.828508846,0,560,279.259259259259,0,1
260175.828508846,260235.828508846,0,560,268.888888888889,0,1
260235.828508846,260295.828508846,0,560,258.518518518518,0,1
260295.828508846,260355.828508846,0,560,248.148148148148,0,1
260355.828508846,260415.828508846,0,560,237.777777777778,0,1
260415.828508846,260475.828508846,0,560,227.407407407407,0,1
260475.828508846,260535.828508846,0,560,217.037037037037,0,1
260535.828508846,260595.828508846,0,560,206.666666666667,0,1
260595.828508846,260655.828508846,0,230,202.407407407407,0,0
260655.828508846,260715.828508846,0,230,198.148148148148,0,0
260715.828508846,260775.828508846,0,230,193.888888888889,0,0
260775.828508846,260835.828508846,0,230,189.62962962963,0,0
260835.828508846,260895.828508846,0,230,185.37037037037,0,0
260895.828508846,260955.828508846,0,230,181.111111111111,0,0
260955.828508846,261015.828508846,0,230,176.851851851852,0,0
261015.828508846,261075.828508846,0,230,172.592592592592,0,0
261075.828508846,261135.828508846,0,230,168.333333333333,0,0
261135.828508846,261195.828508846,0,230,164.074074074074,0,0
261195.828508846,261255.828508846,0,230,159.814814814815,0,0
261255.828508846,261315.828508846,0,230,155.555555555555,0,0
261315.828508846,261375.828508846,0,230,151.296296296296,0,0
261375.828508846,261435.828508846,0,230,147.037037037037,0,0
261435.828508846,261495.828508846,0,230,142.777777777778,0,0
261495.828508846,261555.828508846,0,230,138.518518518518,0,0
261555.828508846,261615.828508846,0,230,134.259259259259,0,0
261615.828508846,261675.828508846,0,230,130,0,0
261675.828508846,261735.828508846,0,230,125.740740740741,0,0
261735.828508846,261795.828508846,0,230,121.481481481481,0,0
261795.828508846,261855.828508846,0,230,117.222222222222,0,0
261855.828508846,261915.828508846,0,230,112.962962962963,0,0
261915.828508846,261975.828508846,0,230,108.703703703703,0,0
261975.828508846,262035.828508846,0,230,104.444444444444,0,0
262035.828508846,262095.828508846,0,230,100.185185185185,0,0
262095.828508846,262155.828508846,0,230,95.9259259259277,0,0
262155.828508846,262192.5176575,0,230,93.3214493239506,0,0
262192.5176575,262252.5176575,650,230,99.3214493239506,0,0
262252.5176575,262312.5176575,650,230,105.321449323951,0,0
262312.5176575,262372.5176575,650,230,111.321449323951,0,0
262372.5176575,262432.5176575,650,230,117.321449323951,0,0
262432.5176575,262492.5176575,650,230,123.321449323951,0,0
262492.5176575,262552.5176575,650,230,129.321449323951,0,0
262552.5176575,262612.5176575,650,230,135.321449323951,0,0
262612.5176575,262672.5176575,650,230,141.321449323951,0,0
262672.5176575,262732.5176575,650,230,147.321449323951,0,0
262732.5176575,262792.5176575,650,230,153.321449323951,0,0
262792.5176575,262852.5176575,650,230,159.321449323951,0,0
262852.5176575,262912.5176575,650,230,165.321449323951,0,0
262912.5176575,262972.5176575,650,230,171.321449323951,0,0
262972.5176575,263032.5176575,650,230,177.321449323951,0,0
263032.5176575,263092.5176575,650,230,183.321449323951,0,0
263092.5176575,263152.5176575,650,230,189.321449323951,0,0
263152.5176575,263212.5176575,650,230,195.321449323951,0,0
263212.5176575,263272.5176575,650,230,201.321449323951,0,0
263272.5176575,263332.5176575,650,230,207.321449323951,0,0
263332.5176575,263392.5176575,650,230,213.321449323951,0,0
263392.5176575,263452.5176575,650,230,219.321449323951,0,0
263452.5176575,263512.5176575,650,230,225.321449323951,0,0
263512.5176575,263572.5176575,650,230,231.321449323951,0,0
263572.5176575,263632.5176575,650,230,237.321449323951,0,0
263632.5176575,263692.5176575,650,230,243.321449323951,0,0
263692.5176575,263752.5176575,650,230,249.321449323951,0,0
263752.5176575,263812.5176575,650,230,255.321449323951,0,0
263812.5176575,263872.5176575,650,230,261.321449323951,0,0
263872.5176575,263932.5176575,650,230,267.321449323951,0,0
263932.5176575,263992.5176575,650,230,273.321449323951,0,0
263992.5176575,263993.669490681,650,230,273.43663264199,0,0
263993.669490681,263993.669491255,650,230,273.436632699383,0,0
263993.669491255,264053.669491255,650,560,274.786632699383,0,1
264053.669491255,264113.669491255,650,560,276.136632699383,0,1
264113.669491255,264173.669491255,650,560,277.486632699383,0,1
264173.669491255,264233.669491255,650,560,278.836632699383,0,1
264233.669491255,264293.669491255,650,560,280.186632699383,0,1
264293.669491255,264353.669491255,650,560,281.536632699383,0,1
264353.669491255,264413.669491255,650,560,282.886632699383,0,1
264413.669491255,264473.669491255,650,560,284.236632699383,0,1
264473.669491255,264533.669491255,650,560,285.586632699383,0,1
264533.669491255,264593.669491255,650,560,286.936632699383,0,1
264593.669491255,264653.669491255,650,560,288.286632699383,0,1
264653.669491255,264713.669491255,650,560,289.636632699383,0,1
264713.669491255,264773.669491255,650,560,290.986632699383,0,1
264773.669491255,264833.669491255,650,560,292.336632699383,0,1
264833.669491255,264893.669491255,650,560,293.686632699383,0,1
264893.669491255,264953.669491255,650,560,295.036632699383,0,1
264953.669491255,265013.669491255,650,560,296.386632699383,0,1
265013.669491255,265073.669491255,650,560,297.736632699383,0,1
265073.669491255,265133.669491255,650,560,299.086632699383,0,1
265133.669491255,265193.669491255,650,560,300,0,1
265193.669491255,265253.669491255,650,560,300,0,1
265253.669491255,265313.669491255,650,560,300,0,1
265313.669491255,265373.669491255,650,560,300,0,1
265373.669491255,265433.669491255,650,560,300,0,1
265433.669491255,265493.669491255,650,560,300,0,1
265493.669491255,265553.669491255,650,560,300,0,1
265553.669491255,265613.669491255,650,560,300,0,1
265613.669491255,265673.669491255,650,560,300,0,1
265673.669491255,265733.669491255,650,560,300,0,1
265733.669491255,265793.669491255,650,560,300,0,1
265793.669491255,265794.821323861,650,560,300,0,1
265794.821323861,265854.821323861,0,560,289.62962962963,0,1
265854.821323861,265914.821323861,0,560,279.259259259259,0,1
265914.821323861,265974.821323861,0,560,268.888888888889,0,1
265974.821323861,266034.821323861,0,560,258.518518518518,0,1
266034.821323861,266094.821323861,0,560,248.148148148148,0,1
266094.821323861,266154.821323861,0,560,237.777777777778,0,1
266154.821323861,266214.821323861,0,560,227.407407407407,0,1
266214.821323861,266274.821323861,0,560,217.037037037037,0,1
266274.821323861,266334.821323861,0,560,206.666666666667,0,1
266334.821323861,266394.821323861,0,230,202.407407407407,0,0
266394.821323861,266454.821323861,0,230,198.148148148148,0,0
266454.821323861,266514.821323861,0,230,193.888888888889,0,0
266514.821323861,266574.821323861,0,230,189.62962962963,0,0
266574.821323861,266634.821323861,0,230,185.37037037037,0,0
266634.821323861,266694.821323861,0,230,181.111111111111,0,0
266694.821323861,266754.821323861,0,230,176.851851851852,0,0
266754.821323861,266814.821323861,0,230,172.592592592592,0,0
266814.821323861,266874.821323861,0,230,168.333333333333,0,0
266874.821323861,266934.821323861,0,230,164.074074074074,0,0
266934.821323861,266994.821323861,0,230,159.814814814815,0,0
266994.821323861,267054.821323861,0,230,155.555555555555,0,0
267054.821323861,267114.821323861,0,230,151.296296296296,0,0
267114.821323861,267174.821323861,0,230,147.037037037037,0,0
267174.821323861,267234.821323861,0,230,142.777777777778,0,0
267234.821323861,267294.821323861,0,230,138.518518518518,0,0
267294.821323861,267354.821323861,0,230,134.259259259259,0,0
267354.821323861,267414.821323861,0,230,130,0,0
267414.821323861,267474.821323861,0,230,125.740740740741,0,0
267474.821323861,267534.821323861,0,230,121.481481481481,0,0
267534.821323861,267594.821323861,0,230,117.222222222222,0,0
267594.821323861,267654.821323861,0,230,112.962962962963,0,0
267654.821323861,267714.821323861,0,230,108.703703703703,0,0
267714.821323861,267774.821323861,0,230,104.444444444444,0,0
267774.821323861,267834.821323861,0,230,100.185185185185,0,0
267834.821323861,267894.821323861,0,230,95.9259259259256,0,0
267894.821323861,267931.510472515,0,230,93.3214493239526,0,0
267931.510472515,267991.510472515,650,230,99.3214493239526,0,0
267991.510472515,268051.510472515,650,230,105.321449323953,0,0
268051.510472515,268111.510472515,650,230,111.321449323953,0,0
268111.510472515,268171.510472515,650,230,117.321449323953,0,0
268171.510472515,268231.510472515,650,230,123.321449323953,0,0
268231.510472515,268291.510472515,650,230,129.321449323953,0,0
268291.510472515,268351.510472515,650,230,135.321449323953,0,0
268351.510472515,268411.510472515,650,230,141.321449323953,0,0
268411.510472515,268471.510472515,650,230,147.321449323953,0,0
268471.510472515,268531.510472515,650,230,153.321449323953,0,0
268531.510472515,268591.510472515,650,230,159.321449323953,0,0
268591.510472515,268651.510472515,650,230,165.321449323953,0,0
268651.510472515,268711.510472515,650,230,171.321449323953,0,0
268711.510472515,268771.510472515,650,230,177.321449323953,0,0
268771.510472515,268831.510472515,650,230,183.321449323953,0,0
268831.510472515,268891.510472515,650,230,189.321449323953,0,0
268891.510472515,268951.510472515,650,230,195.321449323953,0,0
268951.510472515,269011.510472515,650,230,201.321449323953,0,0
269011.510472515,269071.510472515,650,230,207.321449323953,0,0
269071.510472515,269131.510472515,650,230,213.321449323953,0,0
269131.510472515,269191.510472515,650,230,219.321449323953,0,0
269191.510472515,269251.510472515,650,230,225.321449323953,0,0
269251.510472515,269311.510472515,650,230,231.321449323953,0,0
269311.510472515,269371.510472515,650,230,237.321449323953,0,0
269371.510472515,269431.510472515,650,230,243.321449323953,0,0
269431.510472515,269491.510472515,650,230,249.321449323953,0,0
269491.510472515,269551.510472515,650,230,255.321449323953,0,0
269551.510472515,269611.510472515,650,230,261.321449323953,0,0
269611.510472515,269671.510472515,650,230,267.321449323953,0,0
269671.510472515,269731.510472515,650,230,273.321449323953,0,0
269731.510472515,269732.662305695,650,230,273.436632641998,0,0
269732.662305695,269732.662879595,650,230,273.436690031929,0,0
269732.662879595,269792.662879595,650,560,274.786690031929,0,1
269792.662879595,269852.662879595,650,560,276.136690031929,0,1
269852.662879595,269912.662879595,650,560,277.486690031929,0,1
269912.662879595,269972.662879595,650,560,278.836690031929,0,1
269972.662879595,270032.662879595,650,560,280.186690031929,0,1
270032.662879595,270092.662879595,650,560,281.536690031929,0,1
270092.662879595,270152.662879595,650,560,282.886690031929,0,1
270152.662879595,270212.662879595,650,560,284.236690031929,0,1
270212.662879595,270272.662879595,650,560,285.586690031929,0,1
270272.662879595,270332.662879595,650,560,286.936690031929,0,1
270332.662879595,270392.662879595,650,560,288.286690031929,0,1
270392.662879595,270452.662879595,650,560,289.636690031929,0,1
270452.662879595,270512.662879595,650,560,290.986690031929,0,1
270512.662879595,270572.662879595,650,560,292.336690031929,0,1
270572.662879595,270632.662879595,650,560,293.686690031929,0,1
270632.662879595,270692.662879595,650,560,295.036690031929,0,1
270692.662879595,270752.662879595,650,560,296.386690031929,0,1
270752.662879595,270812.662879595,650,560,297.736690031929,0,1
270812.662879595,270872.662879595,650,560,299.086690031929,0,1
270872.662879595,270932.662879595,650,560,300,0,1
270932.662879595,270992.662879595,650,560,300,0,1
270992.662879595,271052.662879595,650,560,300,0,1
271052.662879595,271112.662879595,650,560,300,0,1
271112.662879595,271172.662879595,650,560,300,0,1
271172.662879595,271232.662879595,650,560,300,0,1
271232.662879595,271292.662879595,650,560,300,0,1
271292.662879595,271352.662879595,650,560,300,0,1
271352.662879595,271412.662879595,650,560,300,0,1
271412.662879595,271472.662879595,650,560,300,0,1
271472.662879595,271532.662879595,650,560,300,0,1
271532.662879595,271533.814138876,650,560,300,0,1
271533.814138876,271593.814138876,0,560,289.62962962963,0,1
271593.814138876,271653.814138876,0,560,279.259259259259,0,1
271653.814138876,271713.814138876,0,560,268.888888888889,0,1
271713.814138876,271773.814138876,0,560,258.518518518518,0,1
271773.814138876,271833.814138876,0,560,248.148148148148,0,1
271833.814138876,271893.814138876,0,560,237.777777777778,0,1
271893.814138876,271953.814138876,0,560,227.407407407407,0,1
271953.814138876,272013.814138876,0,560,217.037037037037,0,1
272013.814138876,272073.814138876,0,560,206.666666666667,0,1
272073.814138876,272133.814138876,0,230,202.407407407407,0,0
272133.814138876,272193.814138876,0,230,198.148148148148,0,0
272193.814138876,272253.814138876,0,230,193.888888888889,0,0
272253.814138876,272313.814138876,0,230,189.62962962963,0,0
272313.814138876,272373.814138876,0,230,185.37037037037,0,0
272373.814138876,272433.814138876,0,230,181.111111111111,0,0
272433.814138876,272493.814138876,0,230,176.851851851852,0,0
272493.814138876,272553.814138876,0,230,172.592592592592,0,0
272553.814138876,272613.814138876,0,230,168.333333333333,0,0
272613.814138876,272673.814138876,0,230,164.074074074074,0,0
272673.814138876,272733.814138876,0,230,159.814814814815,0,0
272733.814138876,272793.814138876,0,230,155.555555555555,0,0
272793.814138876,272853.814138876,0,230,151.296296296296,0,0
272853.814138876,272913.814138876,0,230,147.037037037037,0,0
272913.814138876,272973.814138876,0,230,142.777777777778,0,0
272973.814138876,273033.814138876,0,230,138.518518518518,0,0
273033.814138876,273093.814138876,0,230,134.259259259259,0,0
273093.814138876,273153.814138876,0,230,130,0,0
273153.814138876,273213.814138876,0,230,125.740740740741,0,0
273213.814138876,273273.814138876,0,230,121.481481481481,0,0
273273.814138876,273333.814138876,0,230,117.222222222222,0,0
273333.814138876,273393.814138876,0,230,112.962962962963,0,0
273393.814138876,273453.814138876,0,230,108.703703703703,0,0
273453.814138876,273513.814138876,0,230,104.444444444444,0,0
273513.814138876,273573.814138876,0,230,100.185185185185,0,0
273573.814138876,273633.814138876,0,230,95.9259259259256,0,0
273633.814138876,273670.50328753,0,230,93.3214493239526,0,0
273670.50328753,273730.50328753,650,230,99.3214493239526,0,0
273730.50328753,273790.50328753,650,230,105.321449323953,0,0
273790.50328753,273850.50328753,650,230,111.321449323953,0,0
273850.50328753,273910.50328753,650,230,117.321449323953,0,0
273910.50328753,273970.50328753,650,230,123.321449323953,0,0
273970.50328753,274030.50328753,650,230,129.321449323953,0,0
274030.50328753,274090.50328753,650,230,135.321449323953,0,0
274090.50328753,274150.50328753,650,230,141.321449323953,0,0
274150.50328753,274210.50328753,650,230,147.321449323953,0,0
274210.50328753,274270.50328753,650,230,153.321449323953,0,0
274270.50328753,274330.50328753,650,230,159.321449323953,0,0
274330.50328753,274390.50328753,650,230,165.321449323953,0,0
274390.50328753,274450.50328753,650,230,171.321449323953,0,0
274450.50328753,274510.50328753,650,230,177.321449323953,0,0
274510.50328753,274570.50328753,650,230,183.321449323953,0,0
274570.50328753,274630.50328753,650,230,189.321449323953,0,0
274630.50328753,274690.50328753,650,230,195.321449323953,0,0
274690.50328753,274750.50328753,650,230,201.321449323953,0,0
274750.50328753,274810.50328753,650,230,207.321449323953,0,0
274810.50328753,274870.50328753,650,230,213.321449323953,0,0
274870.50328753,274930.50328753,650,230,219.321449323953,0,0
274930.50328753,274990.50328753,650,230,225.321449323953,0,0
274990.50328753,275050.50328753,650,230,231.321449323953,0,0
275050.50328753,275110.50328753,650,230,237.321449323953,0,0
275110.50328753,275170.50328753,650,230,243.321449323953,0,0
275170.50328753,275230.50328753,650,230,249.321449323953,0,0
275230.50328753,275290.50328753,650,230,255.321449323953,0,0
275290.50328753,275350.50328753,650,230,261.321449323953,0,0
275350.50328753,275410.50328753,650,230,267.321449323953,0,0
275410.50328753,275470.50328753,650,230,273.321449323953,0,0
275470.50328753,275471.65512071,650,230,273.436632641998,0,0
275471.65512071,275531.65512071,650,560,274.786632641998,0,1
275531.65512071,275591.65512071,650,560,276.136632641998,0,1
275591.65512071,275651.65512071,650,560,277.486632641998,0,1
275651.65512071,275711.65512071,650,560,278.836632641998,0,1
275711.65512071,275771.65512071,650,560,280.186632641998,0,1
275771.65512071,275831.65512071,650,560,281.536632641998,0,1
275831.65512071,275891.65512071,650,560,282.886632641998,0,1
275891.65512071,275951.65512071,650,560,284.236632641998,0,1
275951.65512071,276011.65512071,650,560,285.586632641998,0,1
276011.65512071,276071.65512071,650,560,286.936632641998,0,1
276071.65512071,276131.65512071,650,560,288.286632641998,0,1
276131.65512071,276191.65512071,650,560,289.636632641998,0,1
276191.65512071,276251.65512071,650,560,290.986632641998,0,1
276251.65512071,276311.65512071,650,560,292.336632641998,0,1
276311.65512071,276371.65512071,650,560,293.686632641998,0,1
276371.65512071,276431.65512071,650,560,295.036632641998,0,1
276431.65512071,276491.65512071,650,560,296.386632641998,0,1
276491.65512071,276551.65512071,650,560,297.736632641998,0,1
276551.65512071,276611.65512071,650,560,299.086632641999,0,1
276611.65512071,276671.65512071,650,560,300,0,1
276671.65512071,276731.65512071,650,560,300,0,1
276731.65512071,276791.65512071,650,560,300,0,1
276791.65512071,276851.65512071,650,560,300,0,1
276851.65512071,276911.65512071,650,560,300,0,1
276911.65512071,276971.65512071,650,560,300,0,1
276971.65512071,277031.65512071,650,560,300,0,1
277031.65512071,277091.65512071,650,560,300,0,1
277091.65512071,277151.65512071,650,560,300,0,1
277151.65512071,277211.65512071,650,560,300,0,1
277211.65512071,277271.65512071,650,560,300,0,1
277271.65512071,277272.806953891,650,560,300,0,1
277272.806953891,277332.806953891,0,560,289.62962962963,0,1
277332.806953891,277392.806953891,0,560,279.259259259259,0,1
277392.806953891,277452.806953891,0,560,268.888888888889,0,1
277452.806953891,277512.806953891,0,560,258.518518518518,0,1
277512.806953891,277572.806953891,0,560,248.148148148148,0,1
277572.806953891,277632.806953891,0,560,237.777777777778,0,1
277632.806953891,277692.806953891,0,560,227.407407407407,0,1
277692.806953891,277752.806953891,0,560,217.037037037037,0,1
277752.806953891,277812.806953891,0,560,206.666666666667,0,1
277812.806953891,277872.806953891,0,230,202.407407407407,0,0
277872.806953891,277932.806953891,0,230,198.148148148148,0,0
277932.806953891,277992.806953891,0,230,193.888888888889,0,0
277992.806953891,278052.806953891,0,230,189.62962962963,0,0
278052.806953891,278112.806953891,0,230,185.37037037037,0,0
278112.806953891,278172.806953891,0,230,181.111111111111,0,0
278172.806953891,278232.806953891,0,230,176.851851851852,0,0
278232.806953891,278292.806953891,0,230,172.592592592592,0,0
278292.806953891,278352.806953891,0,230,168.333333333333,0,0
278352.806953891,278412.806953891,0,230,164.074074074074,0,0
278412.806953891,278472.806953891,0,230,159.814814814815,0,0
278472.806953891,278532.806953891,0,230,155.555555555555,0,0
278532.806953891,278592.806953891,0,230,151.296296296296,0,0
278592.806953891,278652.806953891,0,230,147.037037037037,0,0
278652.806953891,278712.806953891,0,230,142.777777777778,0,0
278712.806953891,278772.806953891,0,230,138.518518518518,0,0
278772.806953891,278832.806953891,0,230,134.259259259259,0,0
278832.806953891,278892.806953891,0,230,130,0,0
278892.806953891,278952.806953891,0,230,125.740740740741,0,0
278952.806953891,279012.806953891,0,230,121.481481481481,0,0
279012.806953891,279072.806953891,0,230,117.222222222222,0,0
279072.806953891,279132.806953891,0,230,112.962962962963,0,0
279132.806953891,279192.806953891,0,230,108.703703703703,0,0
279192.806953891,279252.806953891,0,230,104.444444444444,0,0
279252.806953891,279312.806953891,0,230,100.185185185185,0,0
279312.806953891,279372.806953891,0,230,95.9259259259256,0,0
279372.806953891,279409.496102545,0,230,93.3214493239526,0,0
279409.496102545,279469.496102545,650,230,99.3214493239526,0,0
279469.496102545,279529.496102545,650,230,105.321449323953,0,0
279529.496102545,279589.496102545,650,230,111.321449323953,0,0
279589.496102545,279649.496102545,650,230,117.321449323953,0,0
279649.496102545,279709.496102545,650,230,123.321449323953,0,0
279709.496102545,279769.496102545,650,230,129.321449323953,0,0
279769.496102545,279829.496102545,650,230,135.321449323953,0,0
279829.496102545,279889.496102545,650,230,141.321449323953,0,0
279889.496102545,279949.496102545,650,230,147.321449323953,0,0
279949.496102545,280009.496102545,650,230,153.321449323953,0,0
280009.496102545,280069.496102545,650,230,159.321449323953,0,0
280069.496102545,280129.496102545,650,230,165.321449323953,0,0
280129.496102545,280189.496102545,650,230,171.321449323953,0,0
280189.496102545,280249.496102545,650,230,177.321449323953,0,0
280249.496102545,280309.496102545,650,230,183.321449323953,0,0
280309.496102545,280369.496102545,650,230,189.321449323953,0,0
280369.496102545,280429.496102545,650,230,195.321449323953,0,0
280429.496102545,280489.496102545,650,230,201.321449323953,0,0
280489.496102545,280549.496102545,650,230,207.321449323953,0,0
280549.496102545,280609.496102545,650,230,213.321449323953,0,0
280609.496102545,280669.496102545,650,230,219.321449323953,0,0
280669.496102545,280729.496102545,650,230,225.321449323953,0,0
280729.496102545,280789.496102545,650,230,231.321449323953,0,0
280789.496102545,280849.496102545,650,230,237.321449323953,0,0
280849.496102545,280909.496102545,650,230,243.321449323953,0,0
280909.496102545,280969.496102545,650,230,249.321449323953,0,0
280969.496102545,281029.496102545,650,230,255.321449323953,0,0
281029.496102545,281089.496102545,650,230,261.321449323953,0,0
281089.496102545,281149.496102545,650,230,267.321449323953,0,0
281149.496102545,281209.496102545,650,230,273.321449323953,0,0
281209.496102545,281210.647935725,650,230,273.436632641998,0,0
281210.647935725,281270.647935725,650,560,274.786632641998,0,1
281270.647935725,281330.647935725,650,560,276.136632641998,0,1
281330.647935725,281390.647935725,650,560,277.486632641998,0,1
281390.647935725,281450.647935725,650,560,278.836632641998,0,1
281450.647935725,281510.647935725,650,560,280.186632641998,0,1
281510.647935725,281570.647935725,650,560,281.536632641998,0,1
281570.647935725,281630.647935725,650,560,282.886632641998,0,1
281630.647935725,281690.647935725,650,560,284.236632641998,0,1
281690.647935725,281750.647935725,650,560,285.586632641998,0,1
281750.647935725,281810.647935725,650,560,286.936632641998,0,1
281810.647935725,281870.647935725,650,560,288.286632641998,0,1
281870.647935725,281930.647935725,650,560,289.636632641998,0,1
281930.647935725,281990.647935725,650,560,290.986632641998,0,1
281990.647935725,282050.647935725,650,560,292.336632641998,0,1
282050.647935725,282110.647935725,650,560,293.686632641998,0,1
282110.647935725,282170.647935725,650,560,295.036632641998,0,1
282170.647935725,282230.647935725,650,560,296.386632641998,0,1
282230.647935725,282290.647935725,650,560,297.736632641998,0,1
282290.647935725,282350.647935725,650,560,299.086632641999,0,1
282350.647935725,282410.647935725,650,560,300,0,1
282410.647935725,282470.647935725,650,560,300,0,1
282470.647935725,282530.647935725,650,560,300,0,1
282530.647935725,282590.647935725,650,560,300,0,1
282590.647935725,282650.647935725,650,560,300,0,1
282650.647935725,282710.647935725,650,560,300,0,1
282710.647935725,282770.647935725,650,560,300,0,1
282770.647935725,282830.647935725,650,560,300,0,1
282830.647935725,282890.647935725,650,560,300,0,1
282890.647935725,282950.647935725,650,560,300,0,1
282950.647935725,283010.647935725,650,560,300,0,1
283010.647935725,283011.799768906,650,560,300,0,1
283011.799768906,283071.799768906,0,560,289.62962962963,0,1
283071.799768906,283131.799768906,0,560,279.259259259259,0,1
283131.799768906,283191.799768906,0,560,268.888888888889,0,1
283191.799768906,283251.799768906,0,560,258.518518518518,0,1
283251.799768906,283311.799768906,0,560,248.148148148148,0,1
283311.799768906,283371.799768906,0,560,237.777777777778,0,1
283371.799768906,283431.799768906,0,560,227.407407407407,0,1
283431.799768906,283491.799768906,0,560,217.037037037037,0,1
283491.799768906,283551.799768906,0,560,206.666666666667,0,1
283551.799768906,283611.799768906,0,230,202.407407407407,0,0
283611.799768906,283671.799768906,0,230,198.148148148148,0,0
283671.799768906,283731.799768906,0,230,193.888888888889,0,0
283731.799768906,283791.799768906,0,230,189.62962962963,0,0
283791.799768906,283851.799768906,0,230,185.37037037037,0,0
283851.799768906,283911.799768906,0,230,181.111111111111,0,0
283911.799768906,283971.799768906,0,230,176.851851851852,0,0
283971.799768906,284031.799768906,0,230,172.592592592592,0,0
284031.799768906,284091.799768906,0,230,168.333333333333,0,0
284091.799768906,284151.799768906,0,230,164.074074074074,0,0
284151.799768906,284211.799768906,0,230,159.814814814815,0,0
284211.799768906,284271.799768906,0,230,155.555555555555,0,0
284271.799768906,284331.799768906,0,230,151.296296296296,0,0
284331.799768906,284391.799768906,0,230,147.037037037037,0,0
284391.799768906,284451.799768906,0,230,142.777777777778,0,0
284451.799768906,284511.799768906,0,230,138.518518518518,0,0
284511.799768906,284571.799768906,0,230,134.259259259259,0,0
284571.799768906,284631.799768906,0,230,130,0,0
284631.799768906,284691.799768906,0,230,125.740740740741,0,0
284691.799768906,284751.799768906,0,230,121.481481481481,0,0
284751.799768906,284811.799768906,0,230,117.222222222222,0,0
284811.799768906,284871.799768906,0,230,112.962962962963,0,0
284871.799768906,284931.799768906,0,230,108.703703703703,0,0
284931.799768906,284991.799768906,0,230,104.444444444444,0,0
284991.799768906,285051.799768906,0,230,100.185185185185,0,0
285051.799768906,285111.799768906,0,230,95.9259259259256,0,0
285111.799768906,285148.488917559,0,230,93.3214493239526,0,0
285148.488917559,285208.488917559,650,230,99.3214493239526,0,0
285208.488917559,285268.488917559,650,230,105.321449323953,0,0
285268.488917559,285328.488917559,650,230,111.321449323953,0,0
285328.488917559,285388.488917559,650,230,117.321449323953,0,0
285388.488917559,285448.488917559,650,230,123.321449323953,0,0
285448.488917559,285508.488917559,650,230,129.321449323953,0,0
285508.488917559,285568.488917559,650,230,135.321449323953,0,0
285568.488917559,285628.488917559,650,230,141.321449323953,0,0
285628.488917559,285688.488917559,650,230,147.321449323953,0,0
285688.488917559,285748.488917559,650,230,153.321449323953,0,0
285748.488917559,285808.488917559,650,230,159.321449323953,0,0
285808.488917559,285868.488917559,650,230,165.321449323953,0,0
285868.488917559,285928.488917559,650,230,171.321449323953,0,0
285928.488917559,285988.488917559,650,230,177.321449323953,0,0
285988.488917559,286048.488917559,650,230,183.321449323953,0,0
286048.488917559,286108.488917559,650,230,189.321449323953,0,0
286108.488917559,286168.488917559,650,230,195.321449323953,0,0
286168.488917559,286228.488917559,650,230,201.321449323953,0,0
286228.488917559,286288.488917559,650,230,207.321449323953,0,0
286288.488917559,286348.488917559,650,230,213.321449323953,0,0
286348.488917559,286408.488917559,650,230,219.321449323953,0,0
286408.488917559,286468.488917559,650,230,225.321449323953,0,0
286468.488917559,286528.488917559,650,230,231.321449323953,0,0
286528.488917559,286588.488917559,650,230,237.321449323953,0,0
286588.488917559,286648.488917559,650,230,243.321449323953,0,0
286648.488917559,286708.488917559,650,230,249.321449323953,0,0
286708.488917559,286768.488917559,650,230,255.321449323953,0,0
286768.488917559,286828.488917559,650,230,261.321449323953,0,0
286828.488917559,286888.488917559,650,230,267.321449323953,0,0
286888.488917559,286948.488917559,650,230,273.321449323953,0,0
286948.488917559,286949.64075074,650,230,273.436632641998,0,0
286949.64075074,287009.64075074,650,560,274.786632641998,0,1
287009.64075074,287069.64075074,650,560,276.136632641998,0,1
287069.64075074,287129.64075074,650,560,277.486632641998,0,1
287129.64075074,287189.64075074,650,560,278.836632641998,0,1
287189.64075074,287249.64075074,650,560,280.186632641998,0,1
287249.64075074,287309.64075074,650,560,281.536632641998,0,1
287309.64075074,287369.64075074,650,560,282.886632641998,0,1
287369.64075074,287429.64075074,650,560,284.236632641998,0,1
287429.64075074,287489.64075074,650,560,285.586632641998,0,1
287489.64075074,287549.64075074,650,560,286.936632641998,0,1
287549.64075074,287609.64075074,650,560,288.286632641998,0,1
287609.64075074,287669.64075074,650,560,289.636632641998,0,1
287669.64075074,287729.64075074,650,560,290.986632641998,0,1
287729.64075074,287789.64075074,650,560,292.336632641998,0,1
287789.64075074,287849.64075074,650,560,293.686632641998,0,1
287849.64075074,287909.64075074,650,560,295.036632641998,0,1
287909.64075074,287969.64075074,650,560,296.386632641998,0,1
287969.64075074,288029.64075074,650,560,297.736632641998,0,1
288029.64075074,288089.64075074,650,560,299.086632641999,0,1
288089.64075074,288149.64075074,650,560,300,0,1
288149.64075074,288209.64075074,650,560,300,0,1
288209.64075074,288269.64075074,650,560,300,0,1
288269.64075074,288329.64075074,650,560,300,0,1
288329.64075074,288389.64075074,650,560,300,0,1
288389.64075074,288449.64075074,650,560,300,0,1
288449.64075074,288509.64075074,650,560,300,0,1
288509.64075074,288569.64075074,650,560,300,0,1
288569.64075074,288629.64075074,650,560,300,0,1
288629.64075074,288689.64075074,650,560,300,0,1
288689.64075074,288749.64075074,650,560,300,0,1
288749.64075074,288750.79258392,650,560,300,0,1
288750.79258392,288810.79258392,0,560,289.62962962963,0,1
288810.79258392,288870.79258392,0,560,279.259259259259,0,1
288870.79258392,288930.79258392,0,560,268.888888888889,0,1
288930.79258392,288990.79258392,0,560,258.518518518518,0,1
288990.79258392,289050.79258392,0,560,248.148148148148,0,1
289050.79258392,289110.79258392,0,560,237.777777777778,0,1
289110.79258392,289170.79258392,0,560,227.407407407407,0,1
289170.79258392,289230.79258392,0,560,217.037037037037,0,1
289230.79258392,289290.79258392,0,560,206.666666666667,0,1
289290.79258392,289350.79258392,0,230,202.407407407407,0,0
289350.79258392,289410.79258392,0,230,198.148148148148,0,0
289410.79258392,289470.79258392,0,230,193.888888888889,0,0
289470.79258392,289530.79258392,0,230,189.62962962963,0,0
289530.79258392,289590.79258392,0,230,185.37037037037,0,0
289590.79258392,289650.79258392,0,230,181.111111111111,0,0
289650.79258392,289710.79258392,0,230,176.851851851852,0,0
289710.79258392,289770.79258392,0,230,172.592592592592,0,0
289770.79258392,289830.79258392,0,230,168.333333333333,0,0
289830.79258392,289890.79258392,0,230,164.074074074074,0,0
289890.79258392,289950.79258392,0,230,159.814814814815,0,0
289950.79258392,290010.79258392,0,230,155.555555555555,0,0
290010.79258392,290070.79258392,0,230,151.296296296296,0,0
290070.79258392,290130.79258392,0,230,147.037037037037,0,0
290130.79258392,290190.79258392,0,230,142.777777777778,0,0
290190.79258392,290250.79258392,0,230,138.518518518518,0,0
290250.79258392,290310.79258392,0,230,134.259259259259,0,0
290310.79258392,290370.79258392,0,230,130,0,0
290370.79258392,290430.79258392,0,230,125.740740740741,0,0
290430.79258392,290490.79258392,0,230,121.481481481481,0,0
290490.79258392,290550.79258392,0,230,117.222222222222,0,0
290550.79258392,290610.79258392,0,230,112.962962962963,0,0
290610.79258392,290670.79258392,0,230,108.703703703703,0,0
290670.79258392,290730.79258392,0,230,104.444444444444,0,0
290730.79258392,290790.79258392,0,230,100.185185185185,0,0
290790.79258392,290850.79258392,0,230,95.9259259259256,0,0
290850.79258392,290887.481732574,0,230,93.3214493239526,0,0
290887.481732574,290947.481732574,650,230,99.3214493239526,0,0
290947.481732574,291007.481732574,650,230,105.321449323953,0,0
291007.481732574,291067.481732574,650,230,111.321449323953,0,0
291067.481732574,291127.481732574,650,230,117.321449323953,0,0
291127.481732574,291187.481732574,650,230,123.321449323953,0,0
291187.481732574,291247.481732574,650,230,129.321449323953,0,0
291247.481732574,291307.481732574,650,230,135.321449323953,0,0
291307.481732574,291367.481732574,650,230,141.321449323953,0,0
291367.481732574,291427.481732574,650,230,147.321449323953,0,0
291427.481732574,291487.481732574,650,230,153.321449323953,0,0
291487.481732574,291547.481732574,650,230,159.321449323953,0,0
291547.481732574,291607.481732574,650,230,165.321449323953,0,0
291607.481732574,291667.481732574,650,230,171.321449323953,0,0
291667.481732574,291727.481732574,650,230,177.321449323953,0,0
291727.481732574,291787.481732574,650,230,183.321449323953,0,0
291787.481732574,291847.481732574,650,230,189.321449323953,0,0
291847.481732574,291907.481732574,650,230,195.321449323953,0,0
291907.481732574,291967.481732574,650,230,201.321449323953,0,0
291967.481732574,292027.481732574,650,230,207.321449323953,0,0
292027.481732574,292087.481732574,650,230,213.321449323953,0,0
292087.481732574,292147.481732574,650,230,219.321449323953,0,0
292147.481732574,292207.481732574,650,230,225.321449323953,0,0
292207.481732574,292267.481732574,650,230,231.321449323953,0,0
292267.481732574,292327.481732574,650,230,237.321449323953,0,0
292327.481732574,292387.481732574,650,230,243.321449323953,0,0
292387.481732574,292447.481732574,650,230,249.321449323953,0,0
292447.481732574,292507.481732574,650,230,255.321449323953,0,0
292507.481732574,292567.481732574,650,230,261.321449323953,0,0
292567.481732574,292627.481732574,650,230,267.321449323953,0,0
292627.481732574,292687.481732574,650,230,273.321449323953,0,0
292687.481732574,292688.633565755,650,230,273.436632641998,0,0
292688.633565755,292748.633565755,650,560,274.786632641998,0,1
292748.633565755,292808.633565755,650,560,276.136632641998,0,1
292808.633565755,292868.633565755,650,560,277.486632641998,0,1
292868.633565755,292928.633565755,650,560,278.836632641998,0,1
292928.633565755,292988.633565755,650,560,280.186632641998,0,1
292988.633565755,293048.633565755,650,560,281.536632641998,0,1
293048.633565755,293108.633565755,650,560,282.886632641998,0,1
293108.633565755,293168.633565755,650,560,284.236632641998,0,1
293168.633565755,293228.633565755,650,560,285.586632641998,0,1
293228.633565755,293288.633565755,650,560,286.936632641998,0,1
293288.633565755,293348.633565755,650,560,288.286632641998,0,1
293348.633565755,293408.633565755,650,560,289.636632641998,0,1
293408.633565755,293468.633565755,650,560,290.986632641998,0,1
293468.633565755,293528.633565755,650,560,292.336632641998,0,1
293528.633565755,293588.633565755,650,560,293.686632641998,0,1
293588.633565755,293648.633565755,650,560,295.036632641998,0,1
293648.633565755,293708.633565755,650,560,296.386632641998,0,1
293708.633565755,293768.633565755,650,560,297.736632641998,0,1
293768.633565755,293828.633565755,650,560,299.086632641999,0,1
293828.633565755,293888.633565755,650,560,300,0,1
293888.633565755,293948.633565755,650,560,300,0,1
293948.633565755,294008.633565755,650,560,300,0,1
294008.633565755,294068.633565755,650,560,300,0,1
294068.633565755,294128.633565755,650,560,300,0,1
294128.633565755,294188.633565755,650,560,300,0,1
294188.633565755,294248.633565755,650,560,300,0,1
294248.633565755,294308.633565755,650,560,300,0,1
294308.633565755,294368.633565755,650,560,300,0,1
294368.633565755,294428.633565755,650,560,300,0,1
294428.633565755,294488.633565755,650,560,300,0,1
294488.633565755,294489.785398935,650,560,300,0,1
294489.785398935,294549.785398935,0,560,289.62962962963,0,1
294549.785398935,294609.785398935,0,560,279.259259259259,0,1
294609.785398935,294669.785398935,0,560,268.888888888889,0,1
294669.785398935,294729.785398935,0,560,258.518518518518,0,1
294729.785398935,294789.785398935,0,560,248.148148148148,0,1
294789.785398935,294849.785398935,0,560,237.777777777778,0,1
294849.785398935,294909.785398935,0,560,227.407407407407,0,1
294909.785398935,294969.785398935,0,560,217.037037037037,0,1
294969.785398935,295029.785398935,0,560,206.666666666667,0,1
295029.785398935,295089.785398935,0,230,202.407407407407,0,0
295089.785398935,295149.785398935,0,230,198.148148148148,0,0
295149.785398935,295209.785398935,0,230,193.888888888889,0,0
295209.785398935,295269.785398935,0,230,189.62962962963,0,0
295269.785398935,295329.785398935,0,230,185.37037037037,0,0
295329.785398935,295389.785398935,0,230,181.111111111111,0,0
295389.785398935,295449.785398935,0,230,176.851851851852,0,0
295449.785398935,295509.785398935,0,230,172.592592592592,0,0
295509.785398935,295569.785398935,0,230,168.333333333333,0,0
295569.785398935,295629.785398935,0,230,164.074074074074,0,0
295629.785398935,295689.785398935,0,230,159.814814814815,0,0
295689.785398935,295749.785398935,0,230,155.555555555555,0,0
295749.785398935,295809.785398935,0,230,151.296296296296,0,0
295809.785398935,295869.785398935,0,230,147.037037037037,0,0
295869.785398935,295929.785398935,0,230,142.777777777778,0,0
295929.785398935,295989.785398935,0,230,138.518518518518,0,0
295989.785398935,296049.785398935,0,230,134.259259259259,0,0
296049.785398935,296109.785398935,0,230,130,0,0
296109.785398935,296169.785398935,0,230,125.740740740741,0,0
296169.785398935,296229.785398935,0,230,121.481481481481,0,0
296229.785398935,296289.785398935,0,230,117.222222222222,0,0
296289.785398935,296349.785398935,0,230,112.962962962963,0,0
296349.785398935,296409.785398935,0,230,108.703703703703,0,0
296409.785398935,296469.785398935,0,230,104.444444444444,0,0
296469.785398935,296529.785398935,0,230,100.185185185185,0,0
296529.785398935,296589.785398935,0,230,95.9259259259256,0,0
296589.785398935,296626.474547589,0,230,93.3214493239526,0,0
296626.474547589,296686.474547589,650,230,99.3214493239526,0,0
296686.474547589,296746.474547589,650,230,105.321449323953,0,0
296746.474547589,296806.474547589,650,230,111.321449323953,0,0
296806.474547589,296866.474547589,650,230,117.321449323953,0,0
296866.474547589,296926.474547589,650,230,123.321449323953,0,0
296926.474547589,296986.474547589,650,230,129.321449323953,0,0
296986.474547589,297046.474547589,650,230,135.321449323953,0,0
297046.474547589,297106.474547589,650,230,141.321449323953,0,0
297106.474547589,297166.474547589,650,230,147.321449323953,0,0
297166.474547589,297226.474547589,650,230,153.321449323953,0,0
297226.474547589,297286.474547589,650,230,159.321449323953,0,0
297286.474547589,297346.474547589,650,230,165.321449323953,0,0
297346.474547589,297406.474547589,650,230,171.321449323953,0,0
297406.474547589,297466.474547589,650,230,177.321449323953,0,0
297466.474547589,297526.474547589,650,230,183.321449323953,0,0
297526.474547589,297586.474547589,650,230,189.321449323953,0,0
297586.474547589,297646.474547589,650,230,195.321449323953,0,0
297646.474547589,297706.474547589,650,230,201.321449323953,0,0
297706.474547589,297766.474547589,650,230,207.321449323953,0,0
297766.474547589,297826.474547589,650,230,213.321449323953,0,0
297826.474547589,297886.474547589,650,230,219.321449323953,0,0
297886.474547589,297946.474547589,650,230,225.321449323953,0,0
297946.474547589,298006.474547589,650,230,231.321449323953,0,0
298006.474547589,298066.474547589,650,230,237.321449323953,0,0
298066.474547589,298126.474547589,650,230,243.321449323953,0,0
298126.474547589,298186.474547589,650,230,249.321449323953,0,0
298186.474547589,298246.474547589,650,230,255.321449323953,0,0
298246.474547589,298306.474547589,650,230,261.321449323953,0,0
298306.474547589,298366.474547589,650,230,267.321449323953,0,0
298366.474547589,298426.474547589,650,230,273.321449323953,0,0
298426.474547589,298427.626380769,650,230,273.436632641998,0,0
298427.626380769,298487.626380769,650,560,274.786632641998,0,1
298487.626380769,298547.626380769,650,560,276.136632641998,0,1
298547.626380769,298607.626380769,650,560,277.486632641998,0,1
298607.626380769,298667.626380769,650,560,278.836632641998,0,1
298667.626380769,298727.626380769,650,560,280.186632641998,0,1
298727.626380769,298787.626380769,650,560,281.536632641998,0,1
298787.626380769,298847.626380769,650,560,282.886632641998,0,1
298847.626380769,298907.626380769,650,560,284.236632641998,0,1
298907.626380769,298967.626380769,650,560,285.586632641998,0,1
298967.626380769,299027.626380769,650,560,286.936632641998,0,1
299027.626380769,299087.626380769,650,560,288.286632641998,0,1
299087.626380769,299147.626380769,650,560,289.636632641998,0,1
299147.626380769,299207.626380769,650,560,290.986632641998,0,1
299207.626380769,299267.626380769,650,560,292.336632641998,0,1
299267.626380769,299327.626380769,650,560,293.686632641998,0,1
299327.626380769,299387.626380769,650,560,295.036632641998,0,1
299387.626380769,299447.626380769,650,560,296.386632641998,0,1
299447.626380769,299507.626380769,650,560,297.736632641998,0,1
299507.626380769,299567.626380769,650,560,299.086632641999,0,1
299567.626380769,299627.626380769,650,560,300,0,1
299627.626380769,299687.626380769,650,560,300,0,1
299687.626380769,299747.626380769,650,560,300,0,1
299747.626380769,299807.626380769,650,560,300,0,1
299807.626380769,299867.626380769,650,560,300,0,1
299867.626380769,299927.626380769,650,560,300,0,1
299927.626380769,299987.626380769,650,560,300,0,1
299987.626380769,300047.626380769,650,560,300,0,1
300047.626380769,300107.626380769,650,560,300,0,1
300107.626380769,300167.626380769,650,560,300,0,1
300167.626380769,300227.626380769,650,560,300,0,1
300227.626380769,300228.77821395,650,560,300,0,1
300228.77821395,300288.77821395,0,560,289.62962962963,0,1
300288.77821395,300348.77821395,0,560,279.259259259259,0,1
300348.77821395,300408.77821395,0,560,268.888888888889,0,1
300408.77821395,300468.77821395,0,560,258.518518518518,0,1
300468.77821395,300528.77821395,0,560,248.148148148148,0,1
300528.77821395,300588.77821395,0,560,237.777777777778,0,1
300588.77821395,300648.77821395,0,560,227.407407407407,0,1
300648.77821395,300708.77821395,0,560,217.037037037037,0,1
300708.77821395,300768.77821395,0,560,206.666666666667,0,1
300768.77821395,300828.77821395,0,230,202.407407407407,0,0
300828.77821395,300888.77821395,0,230,198.148148148148,0,0
300888.77821395,300948.77821395,0,230,193.888888888889,0,0
300948.77821395,301008.77821395,0,230,189.62962962963,0,0
301008.77821395,301068.77821395,0,230,185.37037037037,0,0
301068.77821395,301128.77821395,0,230,181.111111111111,0,0
301128.77821395,301188.77821395,0,230,176.851851851852,0,0
301188.77821395,301248.77821395,0,230,172.592592592592,0,0
301248.77821395,301308.77821395,0,230,168.333333333333,0,0
301308.77821395,301368.77821395,0,230,164.074074074074,0,0
301368.77821395,301428.77821395,0,230,159.814814814815,0,0
301428.77821395,301488.77821395,0,230,155.555555555555,0,0
301488.77821395,301548.77821395,0,230,151.296296296296,0,0
301548.77821395,301608.77821395,0,230,147.037037037037,0,0
301608.77821395,301668.77821395,0,230,142.777777777778,0,0
301668.77821395,301728.77821395,0,230,138.518518518518,0,0
301728.77821395,301788.77821395,0,230,134.259259259259,0,0
301788.77821395,301848.77821395,0,230,130,0,0
301848.77821395,301908.77821395,0,230,125.740740740741,0,0
301908.77821395,301968.77821395,0,230,121.481481481481,0,0
301968.77821395,302028.77821395,0,230,117.222222222222,0,0
302028.77821395,302088.77821395,0,230,112.962962962963,0,0
302088.77821395,302148.77821395,0,230,108.703703703703,0,0
302148.77821395,302208.77821395,0,230,104.444444444444,0,0
302208.77821395,302268.77821395,0,230,100.185185185185,0,0
302268.77821395,302328.77821395,0,230,95.9259259259256,0,0
302328.77821395,302365.467362604,0,230,93.3214493239526,0,0
302365.467362604,302425.467362604,650,230,99.3214493239526,0,0
302425.467362604,302485.467362604,650,230,105.321449323953,0,0
302485.467362604,302545.467362604,650,230,111.321449323953,0,0
302545.467362604,302605.467362604,650,230,117.321449323953,0,0
302605.467362604,302665.467362604,650,230,123.321449323953,0,0
302665.467362604,302725.467362604,650,230,129.321449323953,0,0
302725.467362604,302785.467362604,650,230,135.321449323953,0,0
302785.467362604,302845.467362604,650,230,141.321449323953,0,0
302845.467362604,302905.467362604,650,230,147.321449323953,0,0
302905.467362604,302965.467362604,650,230,153.321449323953,0,0
302965.467362604,303025.467362604,650,230,159.321449323953,0,0
303025.467362604,303085.467362604,650,230,165.321449323953,0,0
303085.467362604,303145.467362604,650,230,171.321449323953,0,0
303145.467362604,303205.467362604,650,230,177.321449323953,0,0
303205.467362604,303265.467362604,650,230,183.321449323953,0,0
303265.467362604,303325.467362604,650,230,189.321449323953,0,0
303325.467362604,303385.467362604,650,230,195.321449323953,0,0
303385.467362604,303445.467362604,650,230,201.321449323953,0,0
303445.467362604,303505.467362604,650,230,207.321449323953,0,0
303505.467362604,303565.467362604,650,230,213.321449323953,0,0
303565.467362604,303625.467362604,650,230,219.321449323953,0,0
303625.467362604,303685.467362604,650,230,225.321449323953,0,0
303685.467362604,303745.467362604,650,230,231.321449323953,0,0
303745.467362604,303805.467362604,650,230,237.321449323953,0,0
303805.467362604,303865.467362604,650,230,243.321449323953,0,0
303865.467362604,303925.467362604,650,230,249.321449323953,0,0
303925.467362604,303985.467362604,650,230,255.321449323953,0,0
303985.467362604,304045.467362604,650,230,261.321449323953,0,0
304045.467362604,304105.467362604,650,230,267.321449323953,0,0
304105.467362604,304165.467362604,650,230,273.321449323953,0,0
304165.467362604,304166.619195784,650,230,273.436632641998,0,0
304166.619195784,304166.619196358,650,230,273.436632699391,0,0
304166.619196358,304226.619196358,650,560,274.786632699391,0,1
304226.619196358,304286.619196358,650,560,276.136632699391,0,1
304286.619196358,304346.619196358,650,560,277.486632699391,0,1
304346.619196358,304406.619196358,650,560,278.836632699391,0,1
304406.619196358,304466.619196358,650,560,280.186632699391,0,1
304466.619196358,304526.619196358,650,560,281.536632699391,0,1
304526.619196358,304586.619196358,650,560,282.886632699391,0,1
304586.619196358,304646.619196358,650,560,284.236632699391,0,1
304646.619196358,304706.619196358,650,560,285.586632699391,0,1
304706.619196358,304766.619196358,650,560,286.936632699391,0,1
304766.619196358,304826.619196358,650,560,288.286632699391,0,1
304826.619196358,304886.619196358,650,560,289.636632699391,0,1
304886.619196358,304946.619196358,650,560,290.986632699391,0,1
304946.619196358,305006.619196358,650,560,292.336632699391,0,1
305006.619196358,305066.619196358,650,560,293.686632699391,0,1
305066.619196358,305126.619196358,650,560,295.036632699391,0,1
305126.619196358,305186.619196358,650,560,296.386632699391,0,1
305186.619196358,305246.619196358,650,560,297.736632699391,0,1
305246.619196358,305306.619196358,650,560,299.086632699391,0,1
305306.619196358,305366.619196358,650,560,300,0,1
305366.619196358,305426.619196358,650,560,300,0,1
305426.619196358,305486.619196358,650,560,300,0,1
305486.619196358,305546.619196358,650,560,300,0,1
305546.619196358,305606.619196358,650,560,300,0,1
305606.619196358,305666.619196358,650,560,300,0,1
305666.619196358,305726.619196358,650,560,300,0,1
305726.619196358,305786.619196358,650,560,300,0,1
305786.619196358,305846.619196358,650,560,300,0,1
305846.619196358,305906.619196358,650,560,300,0,1
305906.619196358,305966.619196358,650,560,300,0,1
305966.619196358,305967.771028965,650,560,300,0,1
305967.771028965,306027.771028965,0,560,289.62962962963,0,1
306027.771028965,306087.771028965,0,560,279.259259259259,0,1
306087.771028965,306147.771028965,0,560,268.888888888889,0,1
306147.771028965,306207.771028965,0,560,258.518518518518,0,1
306207.771028965,306267.771028965,0,560,248.148148148148,0,1
306267.771028965,306327.771028965,0,560,237.777777777778,0,1
306327.771028965,306387.771028965,0,560,227.407407407407,0,1
306387.771028965,306447.771028965,0,560,217.037037037037,0,1
306447.771028965,306507.771028965,0,560,206.666666666667,0,1
306507.771028965,306567.771028965,0,230,202.407407407407,0,0
306567.771028965,306627.771028965,0,230,198.148148148148,0,0
306627.771028965,306687.771028965,0,230,193.888888888889,0,0
306687.771028965,306747.771028965,0,230,189.62962962963,0,0
306747.771028965,306807.771028965,0,230,185.37037037037,0,0
306807.771028965,306867.771028965,0,230,181.111111111111,0,0
306867.771028965,306927.771028965,0,230,176.851851851852,0,0
306927.771028965,306987.771028965,0,230,172.592592592592,0,0
306987.771028965,307047.771028965,0,230,168.333333333333,0,0
307047.771028965,307107.771028965,0,230,164.074074074074,0,0
307107.771028965,307167.771028965,0,230,159.814814814815,0,0
307167.771028965,307227.771028965,0,230,155.555555555555,0,0
307227.771028965,307287.771028965,0,230,151.296296296296,0,0
307287.771028965,307347.771028965,0,230,147.037037037037,0,0
307347.771028965,307407.771028965,0,230,142.777777777778,0,0
307407.771028965,307467.771028965,0,230,138.518518518518,0,0
307467.771028965,307527.771028965,0,230,134.259259259259,0,0
307527.771028965,307587.771028965,0,230,130,0,0
307587.771028965,307647.771028965,0,230,125.740740740741,0,0
307647.771028965,307707.771028965,0,230,121.481481481481,0,0
307707.771028965,307767.771028965,0,230,117.222222222222,0,0
307767.771028965,307827.771028965,0,230,112.962962962963,0,0
307827.771028965,307887.771028965,0,230,108.703703703703,0,0
307887.771028965,307947.771028965,0,230,104.444444444444,0,0
307947.771028965,308007.771028965,0,230,100.185185185185,0,0
308007.771028965,308067.771028965,0,230,95.9259259259256,0,0
308067.771028965,308104.460177619,0,230,93.3214493239526,0,0
308104.460177619,308164.460177619,650,230,99.3214493239526,0,0
308164.460177619,308224.460177619,650,230,105.321449323953,0,0
308224.460177619,308284.460177619,650,230,111.321449323953,0,0
308284.460177619,308344.460177619,650,230,117.321449323953,0,0
308344.460177619,308404.460177619,650,230,123.321449323953,0,0
308404.460177619,308464.460177619,650,230,129.321449323953,0,0
308464.460177619,308524.460177619,650,230,135.321449323953,0,0
308524.460177619,308584.460177619,650,230,141.321449323953,0,0
308584.460177619,308644.460177619,650,230,147.321449323953,0,0
308644.460177619,308704.460177619,650,230,153.321449323953,0,0
308704.460177619,308764.460177619,650,230,159.321449323953,0,0
308764.460177619,308824.460177619,650,230,165.321449323953,0,0
308824.460177619,308884.460177619,650,230,171.321449323953,0,0
308884.460177619,308944.460177619,650,230,177.321449323953,0,0
308944.460177619,309004.460177619,650,230,183.321449323953,0,0
309004.460177619,309064.460177619,650,230,189.321449323953,0,0
309064.460177619,309124.460177619,650,230,195.321449323953,0,0
309124.460177619,309184.460177619,650,230,201.321449323953,0,0
309184.460177619,309244.460177619,650,230,207.321449323953,0,0
309244.460177619,309304.460177619,650,230,213.321449323953,0,0
309304.460177619,309364.460177619,650,230,219.321449323953,0,0
309364.460177619,309424.460177619,650,230,225.321449323953,0,0
309424.460177619,309484.460177619,650,230,231.321449323953,0,0
309484.460177619,309544.460177619,650,230,237.321449323953,0,0
309544.460177619,309604.460177619,650,230,243.321449323953,0,0
309604.460177619,309664.460177619,650,230,249.321449323953,0,0
309664.460177619,309724.460177619,650,230,255.321449323953,0,0
309724.460177619,309784.460177619,650,230,261.321449323953,0,0
309784.460177619,309844.460177619,650,230,267.321449323953,0,0
309844.460177619,309904.460177619,650,230,273.321449323953,0,0
309904.460177619,309905.612010799,650,230,273.436632641998,0,0
309905.612010799,309905.612584698,650,230,273.436690031929,0,0
309905.612584698,309965.612584698,650,560,274.786690031929,0,1
309965.612584698,310025.612584698,650,560,276.136690031929,0,1
310025.612584698,310085.612584698,650,560,277.486690031929,0,1
310085.612584698,310145.612584698,650,560,278.836690031929,0,1
310145.612584698,310205.612584698,650,560,280.186690031929,0,1
310205.612584698,310265.612584698,650,560,281.536690031929,0,1
310265.612584698,310325.612584698,650,560,282.886690031929,0,1
310325.612584698,310385.612584698,650,560,284.236690031929,0,1
310385.612584698,310445.612584698,650,560,285.586690031929,0,1
310445.612584698,310505.612584698,650,560,286.936690031929,0,1
310505.612584698,310565.612584698,650,560,288.286690031929,0,1
310565.612584698,310625.612584698,650,560,289.636690031929,0,1
310625.612584698,310685.612584698,650,560,290.986690031929,0,1
310685.612584698,310745.612584698,650,560,292.336690031929,0,1
310745.612584698,310805.612584698,650,560,293.686690031929,0,1
310805.612584698,310865.612584698,650,560,295.036690031929,0,1
310865.612584698,310925.612584698,650,560,296.386690031929,0,1
310925.612584698,310985.612584698,650,560,297.736690031929,0,1
310985.612584698,311045.612584698,650,560,299.086690031929,0,1
311045.612584698,311105.612584698,650,560,300,0,1
311105.612584698,311165.612584698,650,560,300,0,1
311165.612584698,311225.612584698,650,560,300,0,1
311225.612584698,311285.612584698,650,560,300,0,1
311285.612584698,311345.612584698,650,560,300,0,1
311345.612584698,311405.612584698,650,560,300,0,1
311405.612584698,311465.612584698,650,560,300,0,1
311465.612584698,311525.612584698,650,560,300,0,1
311525.612584698,311585.612584698,650,560,300,0,1
311585.612584698,311645.612584698,650,560,300,0,1
311645.612584698,311705.612584698,650,560,300,0,1
311705.612584698,311706.76384398,650,560,300,0,1
311706.76384398,311766.76384398,0,560,289.62962962963,0,1
311766.76384398,311826.76384398,0,560,279.259259259259,0,1
311826.76384398,311886.76384398,0,560,268.888888888889,0,1
311886.76384398,311946.76384398,0,560,258.518518518518,0,1
311946.76384398,312006.76384398,0,560,248.148148148148,0,1
312006.76384398,312066.76384398,0,560,237.777777777778,0,1
312066.76384398,312126.76384398,0,560,227.407407407407,0,1
312126.76384398,312186.76384398,0,560,217.037037037037,0,1
312186.76384398,312246.76384398,0,560,206.666666666667,0,1
312246.76384398,312306.76384398,0,230,202.407407407407,0,0
312306.76384398,312366.76384398,0,230,198.148148148148,0,0
312366.76384398,312426.76384398,0,230,193.888888888889,0,0
312426.76384398,312486.76384398,0,230,189.62962962963,0,0
312486.76384398,312546.76384398,0,230,185.37037037037,0,0
312546.76384398,312606.76384398,0,230,181.111111111111,0,0
312606.76384398,312666.76384398,0,230,176.851851851852,0,0
312666.76384398,312726.76384398,0,230,172.592592592592,0,0
312726.76384398,312786.76384398,0,230,168.333333333333,0,0
312786.76384398,312846.76384398,0,230,164.074074074074,0,0
312846.76384398,312906.76384398,0,230,159.814814814815,0,0
312906.76384398,312966.76384398,0,230,155.555555555555,0,0
312966.76384398,313026.76384398,0,230,151.296296296296,0,0
313026.76384398,313086.76384398,0,230,147.037037037037,0,0
313086.76384398,313146.76384398,0,230,142.777777777778,0,0
313146.76384398,313206.76384398,0,230,138.518518518518,0,0
313206.76384398,313266.76384398,0,230,134.259259259259,0,0
313266.76384398,313326.76384398,0,230,130,0,0
313326.76384398,313386.76384398,0,230,125.740740740741,0,0
313386.76384398,313446.76384398,0,230,121.481481481481,0,0
313446.76384398,313506.76384398,0,230,117.222222222222,0,0
313506.76384398,313566.76384398,0,230,112.962962962963,0,0
313566.76384398,313626.76384398,0,230,108.703703703703,0,0
313626.76384398,313686.76384398,0,230,104.444444444444,0,0
313686.76384398,313746.76384398,0,230,100.185185185185,0,0
313746.76384398,313806.76384398,0,230,95.9259259259256,0,0
313806.76384398,313843.452992633,0,230,93.3214493239526,0,0
313843.452992633,313903.452992633,650,230,99.3214493239526,0,0
313903.452992633,313963.452992633,650,230,105.321449323953,0,0
313963.452992633,314023.452992633,650,230,111.321449323953,0,0
314023.452992633,314083.452992633,650,230,117.321449323953,0,0
314083.452992633,314143.452992633,650,230,123.321449323953,0,0
314143.452992633,314203.452992633,650,230,129.321449323953,0,0
314203.452992633,314263.452992633,650,230,135.321449323953,0,0
314263.452992633,314323.452992633,650,230,141.321449323953,0,0
314323.452992633,314383.452992633,650,230,147.321449323953,0,0
314383.452992633,314443.452992633,650,230,153.321449323953,0,0
314443.452992633,314503.452992633,650,230,159.321449323953,0,0
314503.452992633,314563.452992633,650,230,165.321449323953,0,0
314563.452992633,314623.452992633,650,230,171.321449323953,0,0
314623.452992633,314683.452992633,650,230,177.321449323953,0,0
314683.452992633,314743.452992633,650,230,183.321449323953,0,0
314743.452992633,314803.452992633,650,230,189.321449323953,0,0
314803.452992633,314863.452992633,650,230,195.321449323953,0,0
314863.452992633,314923.452992633,650,230,201.321449323953,0,0
314923.452992633,314983.452992633,650,230,207.321449323953,0,0
314983.452992633,315043.452992633,650,230,213.321449323953,0,0
315043.452992633,315103.452992633,650,230,219.321449323953,0,0
315103.452992633,315163.452992633,650,230,225.321449323953,0,0
315163.452992633,315223.452992633,650,230,231.321449323953,0,0
315223.452992633,315283.452992633,650,230,237.321449323953,0,0
315283.452992633,315343.452992633,650,230,243.321449323953,0,0
315343.452992633,315403.452992633,650,230,249.321449323953,0,0
315403.452992633,315463.452992633,650,230,255.321449323953,0,0
315463.452992633,315523.452992633,650,230,261.321449323953,0,0
315523.452992633,315583.452992633,650,230,267.321449323953,0,0
315583.452992633,315643.452992633,650,230,273.321449323953,0,0
315643.452992633,315644.604825814,650,230,273.436632641998,0,0
315644.604825814,315704.604825814,650,560,274.786632641998,0,1
315704.604825814,315764.604825814,650,560,276.136632641998,0,1
315764.604825814,315824.604825814,650,560,277.486632641998,0,1
315824.604825814,315884.604825814,650,560,278.836632641998,0,1
315884.604825814,315944.604825814,650,560,280.186632641998,0,1
315944.604825814,316004.604825814,650,560,281.536632641998,0,1
316004.604825814,316064.604825814,650,560,282.886632641998,0,1
316064.604825814,316124.604825814,650,560,284.236632641998,0,1
316124.604825814,316184.604825814,650,560,285.586632641998,0,1
316184.604825814,316244.604825814,650,560,286.936632641998,0,1
316244.604825814,316304.604825814,650,560,288.286632641998,0,1
316304.604825814,316364.604825814,650,560,289.636632641998,0,1
316364.604825814,316424.604825814,650,560,290.986632641998,0,1
316424.604825814,316484.604825814,650,560,292.336632641998,0,1
316484.604825814,316544.604825814,650,560,293.686632641998,0,1
316544.604825814,316604.604825814,650,560,295.036632641998,0,1
316604.604825814,316664.604825814,650,560,296.386632641998,0,1
316664.604825814,316724.604825814,650,560,297.736632641998,0,1
316724.604825814,316784.604825814,650,560,299.086632641999,0,1
316784.604825814,316844.604825814,650,560,300,0,1
316844.604825814,316904.604825814,650,560,300,0,1
316904.604825814,316964.604825814,650,560,300,0,1
316964.604825814,317024.604825814,650,560,300,0,1
317024.604825814,317084.604825814,650,560,300,0,1
317084.604825814,317144.604825814,650,560,300,0,1
317144.604825814,317204.604825814,650,560,300,0,1
317204.604825814,317264.604825814,650,560,300,0,1
317264.604825814,317324.604825814,650,560,300,0,1
317324.604825814,317384.604825814,650,560,300,0,1
317384.604825814,317444.604825814,650,560,300,0,1
317444.604825814,317445.756658994,650,560,300,0,1
317445.756658994,317505.756658994,0,560,289.62962962963,0,1
317505.756658994,317565.756658994,0,560,279.259259259259,0,1
317565.756658994,317625.756658994,0,560,268.888888888889,0,1
317625.756658994,317685.756658994,0,560,258.518518518518,0,1
317685.756658994,317745.756658994,0,560,248.148148148148,0,1
317745.756658994,317805.756658994,0,560,237.777777777778,0,1
317805.756658994,317865.756658994,0,560,227.407407407407,0,1
317865.756658994,317925.756658994,0,560,217.037037037037,0,1
317925.756658994,317985.756658994,0,560,206.666666666667,0,1
317985.756658994,318045.756658994,0,230,202.407407407407,0,0
318045.756658994,318105.756658994,0,230,198.148148148148,0,0
318105.756658994,318165.756658994,0,230,193.888888888889,0,0
318165.756658994,318225.756658994,0,230,189.62962962963,0,0
318225.756658994,318285.756658994,0,230,185.37037037037,0,0
318285.756658994,318345.756658994,0,230,181.111111111111,0,0
318345.756658994,318405.756658994,0,230,176.851851851852,0,0
318405.756658994,318465.756658994,0,230,172.592592592592,0,0
318465.756658994,318525.756658994,0,230,168.333333333333,0,0
318525.756658994,318585.756658994,0,230,164.074074074074,0,0
318585.756658994,318645.756658994,0,230,159.814814814815,0,0
318645.756658994,318705.756658994,0,230,155.555555555555,0,0
318705.756658994,318765.756658994,0,230,151.296296296296,0,0
318765.756658994,318825.756658994,0,230,147.037037037037,0,0
318825.756658994,318885.756658994,0,230,142.777777777778,0,0
318885.756658994,318945.756658994,0,230,138.518518518518,0,0
318945.756658994,319005.756658994,0,230,134.259259259259,0,0
319005.756658994,319065.756658994,0,230,130,0,0
319065.756658994,319125.756658994,0,230,125.740740740741,0,0
319125.756658994,319185.756658994,0,230,121.481481481481,0,0
319185.756658994,319245.756658994,0,230,117.222222222222,0,0
319245.756658994,319305.756658994,0,230,112.962962962963,0,0
319305.756658994,319365.756658994,0,230,108.703703703703,0,0
319365.756658994,319425.756658994,0,230,104.444444444444,0,0
319425.756658994,319485.756658994,0,230,100.185185185185,0,0
319485.756658994,319545.756658994,0,230,95.9259259259256,0,0
319545.756658994,319582.445807648,0,230,93.3214493239526,0,0
319582.445807648,319642.445807648,650,230,99.3214493239526,0,0
319642.445807648,319702.445807648,650,230,105.321449323953,0,0
319702.445807648,319762.445807648,650,230,111.321449323953,0,0
319762.445807648,319822.445807648,650,230,117.321449323953,0,0
319822.445807648,319882.445807648,650,230,123.321449323953,0,0
319882.445807648,319942.445807648,650,230,129.321449323953,0,0
319942.445807648,320002.445807648,650,230,135.321449323953,0,0
320002.445807648,320062.445807648,650,230,141.321449323953,0,0
320062.445807648,320122.445807648,650,230,147.321449323953,0,0
320122.445807648,320182.445807648,650,230,153.321449323953,0,0
320182.445807648,320242.445807648,650,230,159.321449323953,0,0
320242.445807648,320302.445807648,650,230,165.321449323953,0,0
320302.445807648,320362.445807648,650,230,171.321449323953,0,0
320362.445807648,320422.445807648,650,230,177.321449323953,0,0
320422.445807648,320482.445807648,650,230,183.321449323953,0,0
320482.445807648,320542.445807648,650,230,189.321449323953,0,0
320542.445807648,320602.445807648,650,230,195.321449323953,0,0
320602.445807648,320662.445807648,650,230,201.321449323953,0,0
320662.445807648,320722.445807648,650,230,207.321449323953,0,0
320722.445807648,320782.445807648,650,230,213.321449323953,0,0
320782.445807648,320842.445807648,650,230,219.321449323953,0,0
320842.445807648,320902.445807648,650,230,225.321449323953,0,0
320902.445807648,320962.445807648,650,230,231.321449323953,0,0
320962.445807648,321022.445807648,650,230,237.321449323953,0,0
321022.445807648,321082.445807648,650,230,243.321449323953,0,0
321082.445807648,321142.445807648,650,230,249.321449323953,0,0
321142.445807648,321202.445807648,650,230,255.321449323953,0,0
321202.445807648,321262.445807648,650,230,261.321449323953,0,0
321262.445807648,321322.445807648,650,230,267.321449323953,0,0
321322.445807648,321382.445807648,650,230,273.321449323953,0,0
321382.445807648,321383.597640829,650,230,273.436632641998,0,0
321383.597640829,321443.597640829,650,560,274.786632641998,0,1
321443.597640829,321503.597640829,650,560,276.136632641998,0,1
321503.597640829,321563.597640829,650,560,277.486632641998,0,1
321563.597640829,321623.597640829,650,560,278.836632641998,0,1
321623.597640829,321683.597640829,650,560,280.186632641998,0,1
321683.597640829,321743.597640829,650,560,281.536632641998,0,1
321743.597640829,321803.597640829,650,560,282.886632641998,0,1
321803.597640829,321863.597640829,650,560,284.236632641998,0,1
321863.597640829,321923.597640829,650,560,285.586632641998,0,1
321923.597640829,321983.597640829,650,560,286.936632641998,0,1
321983.597640829,322043.597640829,650,560,288.286632641998,0,1
322043.597640829,322103.597640829,650,560,289.636632641998,0,1
322103.597640829,322163.597640829,650,560,290.986632641998,0,1
322163.597640829,322223.597640829,650,560,292.336632641998,0,1
322223.597640829,322283.597640829,650,560,293.686632641998,0,1
322283.597640829,322343.597640829,650,560,295.036632641998,0,1
322343.597640829,322403.597640829,650,560,296.386632641998,0,1
322403.597640829,322463.597640829,650,560,297.736632641998,0,1
322463.597640829,322523.597640829,650,560,299.086632641999,0,1
322523.597640829,322583.597640829,650,560,300,0,1
322583.597640829,322643.597640829,650,560,300,0,1
322643.597640829,322703.597640829,650,560,300,0,1
322703.597640829,322763.597640829,650,560,300,0,1
322763.597640829,322823.597640829,650,560,300,0,1
322823.597640829,322883.597640829,650,560,300,0,1
322883.597640829,322943.597640829,650,560,300,0,1
322943.597640829,323003.597640829,650,560,300,0,1
323003.597640829,323063.597640829,650,560,300,0,1
323063.597640829,323123.597640829,650,560,300,0,1
323123.597640829,323183.597640829,650,560,300,0,1
323183.597640829,323184.749474009,650,560,300,0,1
323184.749474009,323244.749474009,0,560,289.62962962963,0,1
323244.749474009,323304.749474009,0,560,279.259259259259,0,1
323304.749474009,323364.749474009,0,560,268.888888888889,0,1
323364.749474009,323424.749474009,0,560,258.518518518518,0,1
323424.749474009,323484.749474009,0,560,248.148148148148,0,1
323484.749474009,323544.749474009,0,560,237.777777777778,0,1
323544.749474009,323604.749474009,0,560,227.407407407407,0,1
323604.749474009,323664.749474009,0,560,217.037037037037,0,1
323664.749474009,323724.749474009,0,560,206.666666666667,0,1
323724.749474009,323784.749474009,0,230,202.407407407407,0,0
323784.749474009,323844.749474009,0,230,198.148148148148,0,0
323844.749474009,323904.749474009,0,230,193.888888888889,0,0
323904.749474009,323964.749474009,0,230,189.62962962963,0,0
323964.749474009,324024.749474009,0,230,185.37037037037,0,0
324024.749474009,324084.749474009,0,230,181.111111111111,0,0
324084.749474009,324144.749474009,0,230,176.851851851852,0,0
324144.749474009,324204.749474009,0,230,172.592592592592,0,0
324204.749474009,324264.749474009,0,230,168.333333333333,0,0
324264.749474009,324324.749474009,0,230,164.074074074074,0,0
324324.749474009,324384.749474009,0,230,159.814814814815,0,0
324384.749474009,324444.749474009,0,230,155.555555555555,0,0
324444.749474009,324504.749474009,0,230,151.296296296296,0,0
324504.749474009,324564.749474009,0,230,147.037037037037,0,0
324564.749474009,324624.749474009,0,230,142.777777777778,0,0
324624.749474009,324684.749474009,0,230,138.518518518518,0,0
324684.749474009,324744.749474009,0,230,134.259259259259,0,0
324744.749474009,324804.749474009,0,230,130,0,0
324804.749474009,324864.749474009,0,230,125.740740740741,0,0
324864.749474009,324924.749474009,0,230,121.481481481481,0,0
324924.749474009,324984.749474009,0,230,117.222222222222,0,0
324984.749474009,325044.749474009,0,230,112.962962962963,0,0
325044.749474009,325104.749474009,0,230,108.703703703703,0,0
325104.749474009,325164.749474009,0,230,104.444444444444,0,0
325164.749474009,325224.749474009,0,230,100.185185185185,0,0
325224.749474009,325284.749474009,0,230,95.9259259259256,0,0
325284.749474009,325321.438622663,0,230,93.3214493239526,0,0
325321.438622663,325381.438622663,650,230,99.3214493239526,0,0
325381.438622663,325441.438622663,650,230,105.321449323953,0,0
325441.438622663,325501.438622663,650,230,111.321449323953,0,0
325501.438622663,325561.438622663,650,230,117.321449323953,0,0
325561.438622663,325621.438622663,650,230,123.321449323953,0,0
325621.438622663,325681.438622663,650,230,129.321449323953,0,0
325681.438622663,325741.438622663,650,230,135.321449323953,0,0
325741.438622663,325801.438622663,650,230,141.321449323953,0,0
325801.438622663,325861.438622663,650,230,147.321449323953,0,0
325861.438622663,325921.438622663,650,230,153.321449323953,0,0
325921.438622663,325981.438622663,650,230,159.321449323953,0,0
325981.438622663,326041.438622663,650,230,165.321449323953,0,0
326041.438622663,326101.438622663,650,230,171.321449323953,0,0
326101.438622663,326161.438622663,650,230,177.321449323953,0,0
326161.438622663,326221.438622663,650,230,183.321449323953,0,0
326221.438622663,326281.438622663,650,230,189.321449323953,0,0
326281.438622663,326341.438622663,650,230,195.321449323953,0,0
326341.438622663,326401.438622663,650,230,201.321449323953,0,0
326401.438622663,326461.438622663,650,230,207.321449323953,0,0
326461.438622663,326521.438622663,650,230,213.321449323953,0,0
326521.438622663,326581.438622663,650,230,219.321449323953,0,0
326581.438622663,326641.438622663,650,230,225.321449323953,0,0
326641.438622663,326701.438622663,650,230,231.321449323953,0,0
326701.438622663,326761.438622663,650,230,237.321449323953,0,0
326761.438622663,326821.438622663,650,230,243.321449323953,0,0
326821.438622663,326881.438622663,650,230,249.321449323953,0,0
326881.438622663,326941.438622663,650,230,255.321449323953,0,0
326941.438622663,327001.438622663,650,230,261.321449323953,0,0
327001.438622663,327061.438622663,650,230,267.321449323953,0,0
327061.438622663,327121.438622663,650,230,273.321449323953,0,0
327121.438622663,327122.590455843,650,230,273.436632641998,0,0
327122.590455843,327182.590455843,650,560,274.786632641998,0,1
327182.590455843,327242.590455843,650,560,276.136632641998,0,1
327242.590455843,327302.590455843,650,560,277.486632641998,0,1
327302.590455843,327362.590455843,650,560,278.836632641998,0,1
327362.590455843,327422.590455843,650,560,280.186632641998,0,1
327422.590455843,327482.590455843,650,560,281.536632641998,0,1
327482.590455843,327542.590455843,650,560,282.886632641998,0,1
327542.590455843,327602.590455843,650,560,284.236632641998,0,1
327602.590455843,327662.590455843,650,560,285.586632641998,0,1
327662.590455843,327722.590455843,650,560,286.936632641998,0,1
327722.590455843,327782.590455843,650,560,288.286632641998,0,1
327782.590455843,327842.590455843,650,560,289.636632641998,0,1
327842.590455843,327902.590455843,650,560,290.986632641998,0,1
327902.590455843,327962.590455843,650,560,292.336632641998,0,1
327962.590455843,328022.590455843,650,560,293.686632641998,0,1
328022.590455843,328082.590455843,650,560,295.036632641998,0,1
328082.590455843,328142.590455843,650,560,296.386632641998,0,1
328142.590455843,328202.590455843,650,560,297.736632641998,0,1
328202.590455843,328262.590455843,650,560,299.086632641999,0,1
328262.590455843,328322.590455843,650,560,300,0,1
328322.590455843,328382.590455843,650,560,300,0,1
328382.590455843,328442.590455843,650,560,300,0,1
328442.590455843,328502.590455843,650,560,300,0,1
328502.590455843,328562.590455843,650,560,300,0,1
328562.590455843,328622.590455843,650,560,300,0,1
328622.590455843,328682.590455843,650,560,300,0,1
328682.590455843,328742.590455843,650,560,300,0,1
328742.590455843,328802.590455843,650,560,300,0,1
328802.590455843,328862.590455843,650,560,300,0,1
328862.590455843,328922.590455843,650,560,300,0,1
328922.590455843,328923.742289024,650,560,300,0,1
328923.742289024,328983.742289024,0,560,289.62962962963,0,1
328983.742289024,329043.742289024,0,560,279.259259259259,0,1
329043.742289024,329103.742289024,0,560,268.888888888889,0,1
329103.742289024,329163.742289024,0,560,258.518518518518,0,1
329163.742289024,329223.742289024,0,560,248.148148148148,0,1
329223.742289024,329283.742289024,0,560,237.777777777778,0,1
329283.742289024,329343.742289024,0,560,227.407407407407,0,1
329343.742289024,329403.742289024,0,560,217.037037037037,0,1
329403.742289024,329463.742289024,0,560,206.666666666667,0,1
329463.742289024,329523.742289024,0,230,202.407407407407,0,0
329523.742289024,329583.742289024,0,230,198.148148148148,0,0
329583.742289024,329643.742289024,0,230,193.888888888889,0,0
329643.742289024,329703.742289024,0,230,189.62962962963,0,0
329703.742289024,329763.742289024,0,230,185.37037037037,0,0
329763.742289024,329823.742289024,0,230,181.111111111111,0,0
329823.742289024,329883.742289024,0,230,176.851851851852,0,0
329883.742289024,329943.742289024,0,230,172.592592592592,0,0
329943.742289024,330003.742289024,0,230,168.333333333333,0,0
330003.742289024,330063.742289024,0,230,164.074074074074,0,0
330063.742289024,330123.742289024,0,230,159.814814814815,0,0
330123.742289024,330183.742289024,0,230,155.555555555555,0,0
330183.742289024,330243.742289024,0,230,151.296296296296,0,0
330243.742289024,330303.742289024,0,230,147.037037037037,0,0
330303.742289024,330363.742289024,0,230,142.777777777778,0,0
330363.742289024,330423.742289024,0,230,138.518518518518,0,0
330423.742289024,330483.742289024,0,230,134.259259259259,0,0
330483.742289024,330543.742289024,0,230,130,0,0
330543.742289024,330603.742289024,0,230,125.740740740741,0,0
330603.742289024,330663.742289024,0,230,121.481481481481,0,0
330663.742289024,330723.742289024,0,230,117.222222222222,0,0
330723.742289024,330783.742289024,0,230,112.962962962963,0,0
330783.742289024,330843.742289024,0,230,108.703703703703,0,0
330843.742289024,330903.742289024,0,230,104.444444444444,0,0
330903.742289024,330963.742289024,0,230,100.185185185185,0,0
330963.742289024,331023.742289024,0,230,95.9259259259256,0,0
331023.742289024,331060.431437678,0,230,93.3214493239526,0,0
331060.431437678,331120.431437678,650,230,99.3214493239526,0,0
331120.431437678,331180.431437678,650,230,105.321449323953,0,0
331180.431437678,331240.431437678,650,230,111.321449323953,0,0
331240.431437678,331300.431437678,650,230,117.321449323953,0,0
331300.431437678,331360.431437678,650,230,123.321449323953,0,0
331360.431437678,331420.431437678,650,230,129.321449323953,0,0
331420.431437678,331480.431437678,650,230,135.321449323953,0,0
331480.431437678,331540.431437678,650,230,141.321449323953,0,0
331540.431437678,331600.431437678,650,230,147.321449323953,0,0
331600.431437678,331660.431437678,650,230,153.321449323953,0,0
331660.431437678,331720.431437678,650,230,159.321449323953,0,0
331720.431437678,331780.431437678,650,230,165.321449323953,0,0
331780.431437678,331840.431437678,650,230,171.321449323953,0,0
331840.431437678,331900.431437678,650,230,177.321449323953,0,0
331900.431437678,331960.431437678,650,230,183.321449323953,0,0
331960.431437678,332020.431437678,650,230,189.321449323953,0,0
332020.431437678,332080.431437678,650,230,195.321449323953,0,0
332080.431437678,332140.431437678,650,230,201.321449323953,0,0
332140.431437678,332200.431437678,650,230,207.321449323953,0,0
332200.431437678,332260.431437678,650,230,213.321449323953,0,0
332260.431437678,332320.431437678,650,230,219.321449323953,0,0
332320.431437678,332380.431437678,650,230,225.321449323953,0,0
332380.431437678,332440.431437678,650,230,231.321449323953,0,0
332440.431437678,332500.431437678,650,230,237.321449323953,0,0
332500.431437678,332560.431437678,650,230,243.321449323953,0,0
332560.431437678,332620.431437678,650,230,249.321449323953,0,0
332620.431437678,332680.431437678,650,230,255.321449323953,0,0
332680.431437678,332740.431437678,650,230,261.321449323953,0,0
332740.431437678,332800.431437678,650,230,267.321449323953,0,0
332800.431437678,332860.431437678,650,230,273.321449323953,0,0
332860.431437678,332861.583270858,650,230,273.436632641998,0,0
332861.583270858,332921.583270858,650,560,274.786632641998,0,1
332921.583270858,332981.583270858,650,560,276.136632641998,0,1
332981.583270858,333041.583270858,650,560,277.486632641998,0,1
333041.583270858,333101.583270858,650,560,278.836632641998,0,1
333101.583270858,333161.583270858,650,560,280.186632641998,0,1
333161.583270858,333221.583270858,650,560,281.536632641998,0,1
333221.583270858,333281.583270858,650,560,282.886632641998,0,1
333281.583270858,333341.583270858,650,560,284.236632641998,0,1
333341.583270858,333401.583270858,650,560,285.586632641998,0,1
333401.583270858,333461.583270858,650,560,286.936632641998,0,1
333461.583270858,333521.583270858,650,560,288.286632641998,0,1
333521.583270858,333581.583270858,650,560,289.636632641998,0,1
333581.583270858,333641.583270858,650,560,290.986632641998,0,1
333641.583270858,333701.583270858,650,560,292.336632641998,0,1
333701.583270858,333761.583270858,650,560,293.686632641998,0,1
333761.583270858,333821.583270858,650,560,295.036632641998,0,1
333821.583270858,333881.583270858,650,560,296.386632641998,0,1
333881.583270858,333941.583270858,650,560,297.736632641998,0,1
333941.583270858,334001.583270858,650,560,299.086632641999,0,1
334001.583270858,334061.583270858,650,560,300,0,1
334061.583270858,334121.583270858,650,560,300,0,1
334121.583270858,334181.583270858,650,560,300,0,1
334181.583270858,334241.583270858,650,560,300,0,1
334241.583270858,334301.583270858,650,560,300,0,1
334301.583270858,334361.583270858,650,560,300,0,1
334361.583270858,334421.583270858,650,560,300,0,1
334421.583270858,334481.583270858,650,560,300,0,1
334481.583270858,334541.583270858,650,560,300,0,1
334541.583270858,334601.583270858,650,560,300,0,1
334601.583270858,334661.583270858,650,560,300,0,1
334661.583270858,334662.735104039,650,560,300,0,1
334662.735104039,334722.735104039,0,560,289.62962962963,0,1
334722.735104039,334782.735104039,0,560,279.259259259259,0,1
334782.735104039,334842.735104039,0,560,268.888888888889,0,1
334842.735104039,334902.735104039,0,560,258.518518518518,0,1
334902.735104039,334962.735104039,0,560,248.148148148148,0,1
334962.735104039,335022.735104039,0,560,237.777777777778,0,1
335022.735104039,335082.735104039,0,560,227.407407407407,0,1
335082.735104039,335142.735104039,0,560,217.037037037037,0,1
335142.735104039,335202.735104039,0,560,206.666666666667,0,1
335202.735104039,335262.735104039,0,230,202.407407407407,0,0
335262.735104039,335322.735104039,0,230,198.148148148148,0,0
335322.735104039,335382.735104039,0,230,193.888888888889,0,0
335382.735104039,335442.735104039,0,230,189.62962962963,0,0
335442.735104039,335502.735104039,0,230,185.37037037037,0,0
335502.735104039,335562.735104039,0,230,181.111111111111,0,0
335562.735104039,335622.735104039,0,230,176.851851851852,0,0
335622.735104039,335682.735104039,0,230,172.592592592592,0,0
335682.735104039,335742.735104039,0,230,168.333333333333,0,0
335742.735104039,335802.735104039,0,230,164.074074074074,0,0
335802.735104039,335862.735104039,0,230,159.814814814815,0,0
335862.735104039,335922.735104039,0,230,155.555555555555,0,0
335922.735104039,335982.735104039,0,230,151.296296296296,0,0
335982.735104039,336042.735104039,0,230,147.037037037037,0,0
336042.735104039,336102.735104039,0,230,142.777777777778,0,0
336102.735104039,336162.735104039,0,230,138.518518518518,0,0
336162.735104039,336222.735104039,0,230,134.259259259259,0,0
336222.735104039,336282.735104039,0,230,130,0,0
336282.735104039,336342.735104039,0,230,125.740740740741,0,0
336342.735104039,336402.735104039,0,230,121.481481481481,0,0
336402.735104039,336462.735104039,0,230,117.222222222222,0,0
336462.735104039,336522.735104039,0,230,112.962962962963,0,0
336522.735104039,336582.735104039,0,230,108.703703703703,0,0
336582.735104039,336642.735104039,0,230,104.444444444444,0,0
336642.735104039,336702.735104039,0,230,100.185185185185,0,0
336702.735104039,336762.735104039,0,230,95.9259259259256,0,0
336762.735104039,336799.424252693,0,230,93.3214493239526,0,0
336799.424252693,336859.424252693,650,230,99.3214493239526,0,0
336859.424252693,336919.424252693,650,230,105.321449323953,0,0
336919.424252693,336979.424252693,650,230,111.321449323953,0,0
336979.424252693,337039.424252693,650,230,117.321449323953,0,0
337039.424252693,337099.424252693,650,230,123.321449323953,0,0
337099.424252693,337159.424252693,650,230,129.321449323953,0,0
337159.424252693,337219.424252693,650,230,135.321449323953,0,0
337219.424252693,337279.424252693,650,230,141.321449323953,0,0
337279.424252693,337339.424252693,650,230,147.321449323953,0,0
337339.424252693,337399.424252693,650,230,153.321449323953,0,0
337399.424252693,337459.424252693,650,230,159.321449323953,0,0
337459.424252693,337519.424252693,650,230,165.321449323953,0,0
337519.424252693,337579.424252693,650,230,171.321449323953,0,0
337579.424252693,337639.424252693,650,230,177.321449323953,0,0
337639.424252693,337699.424252693,650,230,183.321449323953,0,0
337699.424252693,337759.424252693,650,230,189.321449323953,0,0
337759.424252693,337819.424252693,650,230,195.321449323953,0,0
337819.424252693,337879.424252693,650,230,201.321449323953,0,0
337879.424252693,337939.424252693,650,230,207.321449323953,0,0
337939.424252693,337999.424252693,650,230,213.321449323953,0,0
337999.424252693,338059.424252693,650,230,219.321449323953,0,0
338059.424252693,338119.424252693,650,230,225.321449323953,0,0
338119.424252693,338179.424252693,650,230,231.321449323953,0,0
338179.424252693,338239.424252693,650,230,237.321449323953,0,0
338239.424252693,338299.424252693,650,230,243.321449323953,0,0
338299.424252693,338359.424252693,650,230,249.321449323953,0,0
338359.424252693,338419.424252693,650,230,255.321449323953,0,0
338419.424252693,338479.424252693,650,230,261.321449323953,0,0
338479.424252693,338539.424252693,650,230,267.321449323953,0,0
338539.424252693,338599.424252693,650,230,273.321449323953,0,0
338599.424252693,338600.576085873,650,230,273.436632641998,0,0
338600.576085873,338660.576085873,650,560,274.786632641998,0,1
338660.576085873,338720.576085873,650,560,276.136632641998,0,1
338720.576085873,338780.576085873,650,560,277.486632641998,0,1
338780.576085873,338840.576085873,650,560,278.836632641998,0,1
338840.576085873,338900.576085873,650,560,280.186632641998,0,1
338900.576085873,338960.576085873,650,560,281.536632641998,0,1
338960.576085873,339020.576085873,650,560,282.886632641998,0,1
339020.576085873,339080.576085873,650,560,284.236632641998,0,1
339080.576085873,339140.576085873,650,560,285.586632641998,0,1
339140.576085873,339200.576085873,650,560,286.936632641998,0,1
339200.576085873,339260.576085873,650,560,288.286632641998,0,1
339260.576085873,339320.576085873,650,560,289.636632641998,0,1
339320.576085873,339380.576085873,650,560,290.986632641998,0,1
339380.576085873,339440.576085873,650,560,292.336632641998,0,1
339440.576085873,339500.576085873,650,560,293.686632641998,0,1
339500.576085873,339560.576085873,650,560,295.036632641998,0,1
339560.576085873,339620.576085873,650,560,296.386632641998,0,1
339620.576085873,339680.576085873,650,560,297.736632641998,0,1
339680.576085873,339740.576085873,650,560,299.086632641999,0,1
339740.576085873,339800.576085873,650,560,300,0,1
339800.576085873,339860.576085873,650,560,300,0,1
339860.576085873,339920.576085873,650,560,300,0,1
339920.576085873,339980.576085873,650,560,300,0,1
339980.576085873,340040.576085873,650,560,300,0,1
340040.576085873,340100.576085873,650,560,300,0,1
340100.576085873,340160.576085873,650,560,300,0,1
340160.576085873,340220.576085873,650,560,300,0,1
340220.576085873,340280.576085873,650,560,300,0,1
340280.576085873,340340.576085873,650,560,300,0,1
340340.576085873,340400.576085873,650,560,300,0,1
340400.576085873,340401.727919054,650,560,300,0,1
340401.727919054,340461.727919054,0,560,289.62962962963,0,1
340461.727919054,340521.727919054,0,560,279.259259259259,0,1
340521.727919054,340581.727919054,0,560,268.888888888889,0,1
340581.727919054,340641.727919054,0,560,258.518518518518,0,1
340641.727919054,340701.727919054,0,560,248.148148148148,0,1
340701.727919054,340761.727919054,0,560,237.777777777778,0,1
340761.727919054,340821.727919054,0,560,227.407407407407,0,1
340821.727919054,340881.727919054,0,560,217.037037037037,0,1
340881.727919054,340941.727919054,0,560,206.666666666667,0,1
340941.727919054,341001.727919054,0,230,202.407407407407,0,0
341001.727919054,341061.727919054,0,230,198.148148148148,0,0
341061.727919054,341121.727919054,0,230,193.888888888889,0,0
341121.727919054,341181.727919054,0,230,189.62962962963,0,0
341181.727919054,341241.727919054,0,230,185.37037037037,0,0
341241.727919054,341301.727919054,0,230,181.111111111111,0,0
341301.727919054,341361.727919054,0,230,176.851851851852,0,0
341361.727919054,341421.727919054,0,230,172.592592592592,0,0
341421.727919054,341481.727919054,0,230,168.333333333333,0,0
341481.727919054,341541.727919054,0,230,164.074074074074,0,0
341541.727919054,341601.727919054,0,230,159.814814814815,0,0
341601.727919054,341661.727919054,0,230,155.555555555555,0,0
341661.727919054,341721.727919054,0,230,151.296296296296,0,0
341721.727919054,341781.727919054,0,230,147.037037037037,0,0
341781.727919054,341841.727919054,0,230,142.777777777778,0,0
341841.727919054,341901.727919054,0,230,138.518518518518,0,0
341901.727919054,341961.727919054,0,230,134.259259259259,0,0
341961.727919054,342021.727919054,0,230,130,0,0
342021.727919054,342081.727919054,0,230,125.740740740741,0,0
342081.727919054,342141.727919054,0,230,121.481481481481,0,0
342141.727919054,342201.727919054,0,230,117.222222222222,0,0
342201.727919054,342261.727919054,0,230,112.962962962963,0,0
342261.727919054,342321.727919054,0,230,108.703703703703,0,0
342321.727919054,342381.727919054,0,230,104.444444444444,0,0
342381.727919054,342441.727919054,0,230,100.185185185185,0,0
342441.727919054,342501.727919054,0,230,95.9259259259256,0,0
342501.727919054,342538.417067707,0,230,93.3214493239526,0,0
342538.417067707,342598.417067707,650,230,99.3214493239526,0,0
342598.417067707,342658.417067707,650,230,105.321449323953,0,0
342658.417067707,342718.417067707,650,230,111.321449323953,0,0
342718.417067707,342778.417067707,650,230,117.321449323953,0,0
342778.417067707,342838.417067707,650,230,123.321449323953,0,0
342838.417067707,342898.417067707,650,230,129.321449323953,0,0
342898.417067707,342958.417067707,650,230,135.321449323953,0,0
342958.417067707,343018.417067707,650,230,141.321449323953,0,0
343018.417067707,343078.417067707,650,230,147.321449323953,0,0
343078.417067707,343138.417067707,650,230,153.321449323953,0,0
343138.417067707,343198.417067707,650,230,159.321449323953,0,0
343198.417067707,343258.417067707,650,230,165.321449323953,0,0
343258.417067707,343318.417067707,650,230,171.321449323953,0,0
343318.417067707,343378.417067707,650,230,177.321449323953,0,0
343378.417067707,343438.417067707,650,230,183.321449323953,0,0
343438.417067707,343498.417067707,650,230,189.321449323953,0,0
343498.417067707,343558.417067707,650,230,195.321449323953,0,0
343558.417067707,343618.417067707,650,230,201.321449323953,0,0
343618.417067707,343678.417067707,650,230,207.321449323953,0,0
343678.417067707,343738.417067707,650,230,213.321449323953,0,0
343738.417067707,343798.417067707,650,230,219.321449323953,0,0
343798.417067707,343858.417067707,650,230,225.321449323953,0,0
343858.417067707,343918.417067707,650,230,231.321449323953,0,0
343918.417067707,343978.417067707,650,230,237.321449323953,0,0
343978.417067707,344038.417067707,650,230,243.321449323953,0,0
344038.417067707,344098.417067707,650,230,249.321449323953,0,0
344098.417067707,344158.417067707,650,230,255.321449323953,0,0
344158.417067707,344218.417067707,650,230,261.321449323953,0,0
344218.417067707,344278.417067707,650,230,267.321449323953,0,0
344278.417067707,344338.417067707,650,230,273.321449323953,0,0
344338.417067707,344339.568900888,650,230,273.436632641998,0,0
344339.568900888,344339.568901462,650,230,273.436632699391,0,0
344339.568901462,344399.568901462,650,560,274.786632699391,0,1
344399.568901462,344459.568901462,650,560,276.136632699391,0,1
344459.568901462,344519.568901462,650,560,277.486632699391,0,1
344519.568901462,344579.568901462,650,560,278.836632699391,0,1
344579.568901462,344639.568901462,650,560,280.186632699391,0,1
344639.568901462,344699.568901462,650,560,281.536632699391,0,1
344699.568901462,344759.568901462,650,560,282.886632699391,0,1
344759.568901462,344819.568901462,650,560,284.236632699391,0,1
344819.568901462,344879.568901462,650,560,285.586632699391,0,1
344879.568901462,344939.568901462,650,560,286.936632699391,0,1
344939.568901462,344999.568901462,650,560,288.286632699391,0,1
344999.568901462,345059.568901462,650,560,289.636632699391,0,1
345059.568901462,345119.568901462,650,560,290.986632699391,0,1
345119.568901462,345179.568901462,650,560,292.336632699391,0,1
345179.568901462,345239.568901462,650,560,293.686632699391,0,1
345239.568901462,345299.568901462,650,560,295.036632699391,0,1
345299.568901462,345359.568901462,650,560,296.386632699391,0,1
345359.568901462,345419.568901462,650,560,297.736632699391,0,1
345419.568901462,345479.568901462,650,560,299.086632699391,0,1
345479.568901462,345539.568901462,650,560,300,0,1
345539.568901462,345599.568901462,650,560,300,0,1
345599.568901462,345659.568901462,650,560,300,0,1
345659.568901462,345719.568901462,650,560,300,0,1
345719.568901462,345779.568901462,650,560,300,0,1
345779.568901462,345839.568901462,650,560,300,0,1
345839.568901462,345899.568901462,650,560,300,0,1
345899.568901462,345959.568901462,650,560,300,0,1
345959.568901462,346019.568901462,650,560,300,0,1
346019.568901462,346079.568901462,650,560,300,0,1
346079.568901462,346139.568901462,650,560,300,0,1
346139.568901462,346140.720734068,650,560,300,0,1
346140.720734068,346200.720734068,0,560,289.62962962963,0,1
346200.720734068,346260.720734068,0,560,279.259259259259,0,1
346260.720734068,346320.720734068,0,560,268.888888888889,0,1
346320.720734068,346380.720734068,0,560,258.518518518518,0,1
346380.720734068,346440.720734068,0,560,248.148148148148,0,1
346440.720734068,346500.720734068,0,560,237.777777777778,0,1
346500.720734068,346560.720734068,0,560,227.407407407407,0,1
346560.720734068,346620.720734068,0,560,217.037037037037,0,1
346620.720734068,346680.720734068,0,560,206.666666666667,0,1
346680.720734068,346740.720734068,0,230,202.407407407407,0,0
346740.720734068,346800.720734068,0,230,198.148148148148,0,0
346800.720734068,346860.720734068,0,230,193.888888888889,0,0
346860.720734068,346920.720734068,0,230,189.62962962963,0,0
346920.720734068,346980.720734068,0,230,185.37037037037,0,0
346980.720734068,347040.720734068,0,230,181.111111111111,0,0
347040.720734068,347100.720734068,0,230,176.851851851852,0,0
347100.720734068,347160.720734068,0,230,172.592592592592,0,0
347160.720734068,347220.720734068,0,230,168.333333333333,0,0
347220.720734068,347280.720734068,0,230,164.074074074074,0,0
347280.720734068,347340.720734068,0,230,159.814814814815,0,0
347340.720734068,347400.720734068,0,230,155.555555555555,0,0
347400.720734068,347460.720734068,0,230,151.296296296296,0,0
347460.720734068,347520.720734068,0,230,147.037037037037,0,0
347520.720734068,347580.720734068,0,230,142.777777777778,0,0
347580.720734068,347640.720734068,0,230,138.518518518518,0,0
347640.720734068,347700.720734068,0,230,134.259259259259,0,0
347700.720734068,347760.720734068,0,230,130,0,0
347760.720734068,347820.720734068,0,230,125.740740740741,0,0
347820.720734068,347880.720734068,0,230,121.481481481481,0,0
347880.720734068,347940.720734068,0,230,117.222222222222,0,0
347940.720734068,348000.720734068,0,230,112.962962962963,0,0
348000.720734068,348060.720734068,0,230,108.703703703703,0,0
348060.720734068,348120.720734068,0,230,104.444444444444,0,0
348120.720734068,348180.720734068,0,230,100.185185185185,0,0
348180.720734068,348240.720734068,0,230,95.9259259259256,0,0
348240.720734068,348277.409882722,0,230,93.3214493239526,0,0
348277.409882722,348337.409882722,650,230,99.3214493239526,0,0
348337.409882722,348397.409882722,650,230,105.321449323953,0,0
348397.409882722,348457.409882722,650,230,111.321449323953,0,0
348457.409882722,348517.409882722,650,230,117.321449323953,0,0
348517.409882722,348577.409882722,650,230,123.321449323953,0,0
348577.409882722,348637.409882722,650,230,129.321449323953,0,0
348637.409882722,348697.409882722,650,230,135.321449323953,0,0
348697.409882722,348757.409882722,650,230,141.321449323953,0,0
348757.409882722,348817.409882722,650,230,147.321449323953,0,0
348817.409882722,348877.409882722,650,230,153.321449323953,0,0
348877.409882722,348937.409882722,650,230,159.321449323953,0,0
348937.409882722,348997.409882722,650,230,165.321449323953,0,0
348997.409882722,349057.409882722,650,230,171.321449323953,0,0
349057.409882722,349117.409882722,650,230,177.321449323953,0,0
349117.409882722,349177.409882722,650,230,183.321449323953,0,0
349177.409882722,349237.409882722,650,230,189.321449323953,0,0
349237.409882722,349297.409882722,650,230,195.321449323953,0,0
349297.409882722,349357.409882722,650,230,201.321449323953,0,0
349357.409882722,349417.409882722,650,230,207.321449323953,0,0
349417.409882722,349477.409882722,650,230,213.321449323953,0,0
349477.409882722,349537.409882722,650,230,219.321449323953,0,0
349537.409882722,349597.409882722,650,230,225.321449323953,0,0
349597.409882722,349657.409882722,650,230,231.321449323953,0,0
349657.409882722,349717.409882722,650,230,237.321449323953,0,0
349717.409882722,349777.409882722,650,230,243.321449323953,0,0
349777.409882722,349837.409882722,650,230,249.321449323953,0,0
349837.409882722,349897.409882722,650,230,255.321449323953,0,0
349897.409882722,349957.409882722,650,230,261.321449323953,0,0
349957.409882722,350017.409882722,650,230,267.321449323953,0,0
350017.409882722,350077.409882722,650,230,273.321449323953,0,0
350077.409882722,350078.561715903,650,230,273.436632641998,0,0
350078.561715903,350078.562289802,650,230,273.436690031929,0,0
350078.562289802,350138.562289802,650,560,274.786690031929,0,1
350138.562289802,350198.562289802,650,560,276.136690031929,0,1
350198.562289802,350258.562289802,650,560,277.486690031929,0,1
350258.562289802,350318.562289802,650,560,278.836690031929,0,1
350318.562289802,350378.562289802,650,560,280.186690031929,0,1
350378.562289802,350438.562289802,650,560,281.536690031929,0,1
350438.562289802,350498.562289802,650,560,282.886690031929,0,1
350498.562289802,350558.562289802,650,560,284.236690031929,0,1
350558.562289802,350618.562289802,650,560,285.586690031929,0,1
350618.562289802,350678.562289802,650,560,286.936690031929,0,1
350678.562289802,350738.562289802,650,560,288.286690031929,0,1
350738.562289802,350798.562289802,650,560,289.636690031929,0,1
350798.562289802,350858.562289802,650,560,290.986690031929,0,1
350858.562289802,350918.562289802,650,560,292.336690031929,0,1
350918.562289802,350978.562289802,650,560,293.686690031929,0,1
350978.562289802,351038.562289802,650,560,295.036690031929,0,1
351038.562289802,351098.562289802,650,560,296.386690031929,0,1
351098.562289802,351158.562289802,650,560,297.736690031929,0,1
351158.562289802,351218.562289802,650,560,299.086690031929,0,1
351218.562289802,351278.562289802,650,560,300,0,1
351278.562289802,351338.562289802,650,560,300,0,1
351338.562289802,351398.562289802,650,560,300,0,1
351398.562289802,351458.562289802,650,560,300,0,1
351458.562289802,351518.562289802,650,560,300,0,1
351518.562289802,351578.562289802,650,560,300,0,1
351578.562289802,351638.562289802,650,560,300,0,1
351638.562289802,351698.562289802,650,560,300,0,1
351698.562289802,351758.562289802,650,560,300,0,1
351758.562289802,351818.562289802,650,560,300,0,1
351818.562289802,351878.562289802,650,560,300,0,1
351878.562289802,351879.713549083,650,560,300,0,1
351879.713549083,351939.713549083,0,560,289.62962962963,0,1
351939.713549083,351999.713549083,0,560,279.259259259259,0,1
351999.713549083,352059.713549083,0,560,268.888888888889,0,1
352059.713549083,352119.713549083,0,560,258.518518518518,0,1
352119.713549083,352179.713549083,0,560,248.148148148148,0,1
352179.713549083,352239.713549083,0,560,237.777777777778,0,1
352239.713549083,352299.713549083,0,560,227.407407407407,0,1
352299.713549083,352359.713549083,0,560,217.037037037037,0,1
352359.713549083,352419.713549083,0,560,206.666666666667,0,1
352419.713549083,352479.713549083,0,230,202.407407407407,0,0
352479.713549083,352539.713549083,0,230,198.148148148148,0,0
352539.713549083,352599.713549083,0,230,193.888888888889,0,0
352599.713549083,352659.713549083,0,230,189.62962962963,0,0
352659.713549083,352719.713549083,0,230,185.37037037037,0,0
352719.713549083,352779.713549083,0,230,181.111111111111,0,0
352779.713549083,352839.713549083,0,230,176.851851851852,0,0
352839.713549083,352899.713549083,0,230,172.592592592592,0,0
352899.713549083,352959.713549083,0,230,168.333333333333,0,0
352959.713549083,353019.713549083,0,230,164.074074074074,0,0
353019.713549083,353079.713549083,0,230,159.814814814815,0,0
353079.713549083,353139.713549083,0,230,155.555555555555,0,0
353139.713549083,353199.713549083,0,230,151.296296296296,0,0
353199.713549083,353259.713549083,0,230,147.037037037037,0,0
353259.713549083,353319.713549083,0,230,142.777777777778,0,0
353319.713549083,353379.713549083,0,230,138.518518518518,0,0
353379.713549083,353439.713549083,0,230,134.259259259259,0,0
353439.713549083,353499.713549083,0,230,130,0,0
353499.713549083,353559.713549083,0,230,125.740740740741,0,0
353559.713549083,353619.713549083,0,230,121.481481481481,0,0
353619.713549083,353679.713549083,0,230,117.222222222222,0,0
353679.713549083,353739.713549083,0,230,112.962962962963,0,0
353739.713549083,353799.713549083,0,230,108.703703703703,0,0
353799.713549083,353859.713549083,0,230,104.444444444444,0,0
353859.713549083,353919.713549083,0,230,100.185185185185,0,0
353919.713549083,353979.713549083,0,230,95.9259259259256,0,0
353979.713549083,354016.402697737,0,230,93.3214493239526,0,0
354016.402697737,354076.402697737,650,230,99.3214493239526,0,0
354076.402697737,354136.402697737,650,230,105.321449323953,0,0
354136.402697737,354196.402697737,650,230,111.321449323953,0,0
354196.402697737,354256.402697737,650,230,117.321449323953,0,0
354256.402697737,354316.402697737,650,230,123.321449323953,0,0
354316.402697737,354376.402697737,650,230,129.321449323953,0,0
354376.402697737,354436.402697737,650,230,135.321449323953,0,0
354436.402697737,354496.402697737,650,230,141.321449323953,0,0
354496.402697737,354556.402697737,650,230,147.321449323953,0,0
354556.402697737,354616.402697737,650,230,153.321449323953,0,0
354616.402697737,354676.402697737,650,230,159.321449323953,0,0
354676.402697737,354736.402697737,650,230,165.321449323953,0,0
354736.402697737,354796.402697737,650,230,171.321449323953,0,0
354796.402697737,354856.402697737,650,230,177.321449323953,0,0
354856.402697737,354916.402697737,650,230,183.321449323953,0,0
354916.402697737,354976.402697737,650,230,189.321449323953,0,0
354976.402697737,355036.402697737,650,230,195.321449323953,0,0
355036.402697737,355096.402697737,650,230,201.321449323953,0,0
355096.402697737,355156.402697737,650,230,207.321449323953,0,0
355156.402697737,355216.402697737,650,230,213.321449323953,0,0
355216.402697737,355276.402697737,650,230,219.321449323953,0,0
355276.402697737,355336.402697737,650,230,225.321449323953,0,0
355336.402697737,355396.402697737,650,230,231.321449323953,0,0
355396.402697737,355456.402697737,650,230,237.321449323953,0,0
355456.402697737,355516.402697737,650,230,243.321449323953,0,0
355516.402697737,355576.402697737,650,230,249.321449323953,0,0
355576.402697737,355636.402697737,650,230,255.321449323953,0,0
355636.402697737,355696.402697737,650,230,261.321449323953,0,0
355696.402697737,355756.402697737,650,230,267.321449323953,0,0
355756.402697737,355816.402697737,650,230,273.321449323953,0,0
355816.402697737,355817.554530917,650,230,273.436632641998,0,0
355817.554530917,355877.554530917,650,560,274.786632641998,0,1
355877.554530917,355937.554530917,650,560,276.136632641998,0,1
355937.554530917,355997.554530917,650,560,277.486632641998,0,1
355997.554530917,356057.554530917,650,560,278.836632641998,0,1
356057.554530917,356117.554530917,650,560,280.186632641998,0,1
356117.554530917,356177.554530917,650,560,281.536632641998,0,1
356177.554530917,356237.554530917,650,560,282.886632641998,0,1
356237.554530917,356297.554530917,650,560,284.236632641998,0,1
356297.554530917,356357.554530917,650,560,285.586632641998,0,1
356357.554530917,356417.554530917,650,560,286.936632641998,0,1
356417.554530917,356477.554530917,650,560,288.286632641998,0,1
356477.554530917,356537.554530917,650,560,289.636632641998,0,1
356537.554530917,356597.554530917,650,560,290.986632641998,0,1
356597.554530917,356657.554530917,650,560,292.336632641998,0,1
356657.554530917,356717.554530917,650,560,293.686632641998,0,1
356717.554530917,356777.554530917,650,560,295.036632641998,0,1
356777.554530917,356837.554530917,650,560,296.386632641998,0,1
356837.554530917,356897.554530917,650,560,297.736632641998,0,1
356897.554530917,356957.554530917,650,560,299.086632641999,0,1
356957.554530917,357017.554530917,650,560,300,0,1
357017.554530917,357077.554530917,650,560,300,0,1
357077.554530917,357137.554530917,650,560,300,0,1
357137.554530917,357197.554530917,650,560,300,0,1
357197.554530917,357257.554530917,650,560,300,0,1
357257.554530917,357317.554530917,650,560,300,0,1
357317.554530917,357377.554530917,650,560,300,0,1
357377.554530917,357437.554530917,650,560,300,0,1
357437.554530917,357497.554530917,650,560,300,0,1
357497.554530917,357557.554530917,650,560,300,0,1
357557.554530917,357617.554530917,650,560,300,0,1
357617.554530917,357618.706364098,650,560,300,0,1
357618.706364098,357678.706364098,0,560,289.62962962963,0,1
357678.706364098,357738.706364098,0,560,279.259259259259,0,1
357738.706364098,357798.706364098,0,560,268.888888888889,0,1
357798.706364098,357858.706364098,0,560,258.518518518518,0,1
357858.706364098,357918.706364098,0,560,248.148148148148,0,1
357918.706364098,357978.706364098,0,560,237.777777777778,0,1
357978.706364098,358038.706364098,0,560,227.407407407407,0,1
358038.706364098,358098.706364098,0,560,217.037037037037,0,1
358098.706364098,358158.706364098,0,560,206.666666666667,0,1
358158.706364098,358218.706364098,0,230,202.407407407407,0,0
358218.706364098,358278.706364098,0,230,198.148148148148,0,0
358278.706364098,358338.706364098,0,230,193.888888888889,0,0
358338.706364098,358398.706364098,0,230,189.62962962963,0,0
358398.706364098,358458.706364098,0,230,185.37037037037,0,0
358458.706364098,358518.706364098,0,230,181.111111111111,0,0
358518.706364098,358578.706364098,0,230,176.851851851852,0,0
358578.706364098,358638.706364098,0,230,172.592592592592,0,0
358638.706364098,358698.706364098,0,230,168.333333333333,0,0
358698.706364098,358758.706364098,0,230,164.074074074074,0,0
358758.706364098,358818.706364098,0,230,159.814814814815,0,0
358818.706364098,358878.706364098,0,230,155.555555555555,0,0
358878.706364098,358938.706364098,0,230,151.296296296296,0,0
358938.706364098,358998.706364098,0,230,147.037037037037,0,0
358998.706364098,359058.706364098,0,230,142.777777777778,0,0
359058.706364098,359118.706364098,0,230,138.518518518518,0,0
359118.706364098,359178.706364098,0,230,134.259259259259,0,0
359178.706364098,359238.706364098,0,230,130,0,0
359238.706364098,359298.706364098,0,230,125.740740740741,0,0
359298.706364098,359358.706364098,0,230,121.481481481481,0,0
359358.706364098,359418.706364098,0,230,117.222222222222,0,0
359418.706364098,359478.706364098,0,230,112.962962962963,0,0
359478.706364098,359538.706364098,0,230,108.703703703703,0,0
359538.706364098,359598.706364098,0,230,104.444444444444,0,0
359598.706364098,359658.706364098,0,230,100.185185185185,0,0
359658.706364098,359718.706364098,0,230,95.9259259259256,0,0
359718.706364098,359755.395512752,0,230,93.3214493239526,0,0
359755.395512752,359815.395512752,650,230,99.3214493239526,0,0
359815.395512752,359875.395512752,650,230,105.321449323953,0,0
359875.395512752,359935.395512752,650,230,111.321449323953,0,0
359935.395512752,359995.395512752,650,230,117.321449323953,0,0
359995.395512752,360055.395512752,650,230,123.321449323953,0,0
360055.395512752,360115.395512752,650,230,129.321449323953,0,0
360115.395512752,360175.395512752,650,230,135.321449323953,0,0
360175.395512752,360235.395512752,650,230,141.321449323953,0,0
360235.395512752,360295.395512752,650,230,147.321449323953,0,0
360295.395512752,360355.395512752,650,230,153.321449323953,0,0
360355.395512752,360415.395512752,650,230,159.321449323953,0,0
360415.395512752,360475.395512752,650,230,165.321449323953,0,0
360475.395512752,360535.395512752,650,230,171.321449323953,0,0
360535.395512752,360595.395512752,650,230,177.321449323953,0,0
360595.395512752,360655.395512752,650,230,183.321449323953,0,0
360655.395512752,360715.395512752,650,230,189.321449323953,0,0
360715.395512752,360775.395512752,650,230,195.321449323953,0,0
360775.395512752,360835.395512752,650,230,201.321449323953,0,0
360835.395512752,360895.395512752,650,230,207.321449323953,0,0
360895.395512752,360955.395512752,650,230,213.321449323953,0,0
360955.395512752,361015.395512752,650,230,219.321449323953,0,0
361015.395512752,361075.395512752,650,230,225.321449323953,0,0
361075.395512752,361135.395512752,650,230,231.321449323953,0,0
361135.395512752,361195.395512752,650,230,237.321449323953,0,0
361195.395512752,361255.395512752,650,230,243.321449323953,0,0
361255.395512752,361315.395512752,650,230,249.321449323953,0,0
361315.395512752,361375.395512752,650,230,255.321449323953,0,0
361375.395512752,361435.395512752,650,230,261.321449323953,0,0
361435.395512752,361495.395512752,650,230,267.321449323953,0,0
361495.395512752,361555.395512752,650,230,273.321449323953,0,0
361555.395512752,361556.547345932,650,230,273.436632641998,0,0
361556.547345932,361616.547345932,650,560,274.786632641998,0,1
361616.547345932,361676.547345932,650,560,276.136632641998,0,1
361676.547345932,361736.547345932,650,560,277.486632641998,0,1
361736.547345932,361796.547345932,650,560,278.836632641998,0,1
361796.547345932,361856.547345932,650,560,280.186632641998,0,1
361856.547345932,361916.547345932,650,560,281.536632641998,0,1
361916.547345932,361976.547345932,650,560,282.886632641998,0,1
361976.547345932,362036.547345932,650,560,284.236632641998,0,1
362036.547345932,362096.547345932,650,560,285.586632641998,0,1
362096.547345932,362156.547345932,650,560,286.936632641998,0,1
362156.547345932,362216.547345932,650,560,288.286632641998,0,1
362216.547345932,362276.547345932,650,560,289.636632641998,0,1
362276.547345932,362336.547345932,650,560,290.986632641998,0,1
362336.547345932,362396.547345932,650,560,292.336632641998,0,1
362396.547345932,362456.547345932,650,560,293.686632641998,0,1
362456.547345932,362516.547345932,650,560,295.036632641998,0,1
362516.547345932,362576.547345932,650,560,296.386632641998,0,1
362576.547345932,362636.547345932,650,560,297.736632641998,0,1
362636.547345932,362696.547345932,650,560,299.086632641999,0,1
362696.547345932,362756.547345932,650,560,300,0,1
362756.547345932,362816.547345932,650,560,300,0,1
362816.547345932,362876.547345932,650,560,300,0,1
362876.547345932,362936.547345932,650,560,300,0,1
362936.547345932,362996.547345932,650,560,300,0,1
362996.547345932,363056.547345932,650,560,300,0,1
363056.547345932,363116.547345932,650,560,300,0,1
363116.547345932,363176.547345932,650,560,300,0,1
363176.547345932,363236.547345932,650,560,300,0,1
363236.547345932,363296.547345932,650,560,300,0,1
363296.547345932,363356.547345932,650,560,300,0,1
363356.547345932,363357.699179113,650,560,300,0,1
363357.699179113,363417.699179113,0,560,289.62962962963,0,1
363417.699179113,363477.699179113,0,560,279.259259259259,0,1
363477.699179113,363537.699179113,0,560,268.888888888889,0,1
363537.699179113,363597.699179113,0,560,258.518518518518,0,1
363597.699179113,363657.699179113,0,560,248.148148148148,0,1
363657.699179113,363717.699179113,0,560,237.777777777778,0,1
363717.699179113,363777.699179113,0,560,227.407407407407,0,1
363777.699179113,363837.699179113,0,560,217.037037037037,0,1
363837.699179113,363897.699179113,0,560,206.666666666667,0,1
363897.699179113,363957.699179113,0,230,202.407407407407,0,0
363957.699179113,364017.699179113,0,230,198.148148148148,0,0
364017.699179113,364077.699179113,0,230,193.888888888889,0,0
364077.699179113,364137.699179113,0,230,189.62962962963,0,0
364137.699179113,364197.699179113,0,230,185.37037037037,0,0
364197.699179113,364257.699179113,0,230,181.111111111111,0,0
364257.699179113,364317.699179113,0,230,176.851851851852,0,0
364317.699179113,364377.699179113,0,230,172.592592592592,0,0
364377.699179113,364437.699179113,0,230,168.333333333333,0,0
364437.699179113,364497.699179113,0,230,164.074074074074,0,0
364497.699179113,364557.699179113,0,230,159.814814814815,0,0
364557.699179113,364617.699179113,0,230,155.555555555555,0,0
364617.699179113,364677.699179113,0,230,151.296296296296,0,0
364677.699179113,364737.699179113,0,230,147.037037037037,0,0
364737.699179113,364797.699179113,0,230,142.777777777778,0,0
364797.699179113,364857.699179113,0,230,138.518518518518,0,0
364857.699179113,364917.699179113,0,230,134.259259259259,0,0
364917.699179113,364977.699179113,0,230,130,0,0
364977.699179113,365037.699179113,0,230,125.740740740741,0,0
365037.699179113,365097.699179113,0,230,121.481481481481,0,0
365097.699179113,365157.699179113,0,230,117.222222222222,0,0
365157.699179113,365217.699179113,0,230,112.962962962963,0,0
365217.699179113,365277.699179113,0,230,108.703703703703,0,0
365277.699179113,365337.699179113,0,230,104.444444444444,0,0
365337.699179113,365397.699179113,0,230,100.185185185185,0,0
365397.699179113,365457.699179113,0,230,95.9259259259256,0,0
365457.699179113,365494.388327767,0,230,93.3214493239526,0,0
365494.388327767,365554.388327767,650,230,99.3214493239526,0,0
365554.388327767,365614.388327767,650,230,105.321449323953,0,0
365614.388327767,365674.388327767,650,230,111.321449323953,0,0
365674.388327767,365734.388327767,650,230,117.321449323953,0,0
365734.388327767,365794.388327767,650,230,123.321449323953,0,0
365794.388327767,365854.388327767,650,230,129.321449323953,0,0
365854.388327767,365914.388327767,650,230,135.321449323953,0,0
365914.388327767,365974.388327767,650,230,141.321449323953,0,0
365974.388327767,366034.388327767,650,230,147.321449323953,0,0
366034.388327767,366094.388327767,650,230,153.321449323953,0,0
366094.388327767,366154.388327767,650,230,159.321449323953,0,0
366154.388327767,366214.388327767,650,230,165.321449323953,0,0
366214.388327767,366274.388327767,650,230,171.321449323953,0,0
366274.388327767,366334.388327767,650,230,177.321449323953,0,0
366334.388327767,366394.388327767,650,230,183.321449323953,0,0
366394.388327767,366454.388327767,650,230,189.321449323953,0,0
366454.388327767,366514.388327767,650,230,195.321449323953,0,0
366514.388327767,366574.388327767,650,230,201.321449323953,0,0
366574.388327767,366634.388327767,650,230,207.321449323953,0,0
366634.388327767,366694.388327767,650,230,213.321449323953,0,0
366694.388327767,366754.388327767,650,230,219.321449323953,0,0
366754.388327767,366814.388327767,650,230,225.321449323953,0,0
366814.388327767,366874.388327767,650,230,231.321449323953,0,0
366874.388327767,366934.388327767,650,230,237.321449323953,0,0
366934.388327767,366994.388327767,650,230,243.321449323953,0,0
366994.388327767,367054.388327767,650,230,249.321449323953,0,0
367054.388327767,367114.388327767,650,230,255.321449323953,0,0
367114.388327767,367174.388327767,650,230,261.321449323953,0,0
367174.388327767,367234.388327767,650,230,267.321449323953,0,0
367234.388327767,367294.388327767,650,230,273.321449323953,0,0
367294.388327767,367295.540160947,650,230,273.436632641998,0,0
367295.540160947,367355.540160947,650,560,274.786632641998,0,1
367355.540160947,367415.540160947,650,560,276.136632641998,0,1
367415.540160947,367475.540160947,650,560,277.486632641998,0,1
367475.540160947,367535.540160947,650,560,278.836632641998,0,1
367535.540160947,367595.540160947,650,560,280.186632641998,0,1
367595.540160947,367655.540160947,650,560,281.536632641998,0,1
367655.540160947,367715.540160947,650,560,282.886632641998,0,1
367715.540160947,367775.540160947,650,560,284.236632641998,0,1
367775.540160947,367835.540160947,650,560,285.586632641998,0,1
367835.540160947,367895.540160947,650,560,286.936632641998,0,1
367895.540160947,367955.540160947,650,560,288.286632641998,0,1
367955.540160947,368015.540160947,650,560,289.636632641998,0,1
368015.540160947,368075.540160947,650,560,290.986632641998,0,1
368075.540160947,368135.540160947,650,560,292.336632641998,0,1
368135.540160947,368195.540160947,650,560,293.686632641998,0,1
368195.540160947,368255.540160947,650,560,295.036632641998,0,1
368255.540160947,368315.540160947,650,560,296.386632641998,0,1
368315.540160947,368375.540160947,650,560,297.736632641998,0,1
368375.540160947,368435.540160947,650,560,299.086632641999,0,1
368435.540160947,368495.540160947,650,560,300,0,1
368495.540160947,368555.540160947,650,560,300,0,1
368555.540160947,368615.540160947,650,560,300,0,1
368615.540160947,368675.540160947,650,560,300,0,1
368675.540160947,368735.540160947,650,560,300,0,1
368735.540160947,368795.540160947,650,560,300,0,1
368795.540160947,368855.540160947,650,560,300,0,1
368855.540160947,368915.540160947,650,560,300,0,1
368915.540160947,368975.540160947,650,560,300,0,1
368975.540160947,369035.540160947,650,560,300,0,1
369035.540160947,369095.540160947,650,560,300,0,1
369095.540160947,369096.691994128,650,560,300,0,1
369096.691994128,369156.691994128,0,560,289.62962962963,0,1
369156.691994128,369216.691994128,0,560,279.259259259259,0,1
369216.691994128,369276.691994128,0,560,268.888888888889,0,1
369276.691994128,369336.691994128,0,560,258.518518518518,0,1
369336.691994128,369396.691994128,0,560,248.148148148148,0,1
369396.691994128,369456.691994128,0,560,237.777777777778,0,1
369456.691994128,369516.691994128,0,560,227.407407407407,0,1
369516.691994128,369576.691994128,0,560,217.037037037037,0,1
369576.691994128,369636.691994128,0,560,206.666666666667,0,1
369636.691994128,369696.691994128,0,230,202.407407407407,0,0
369696.691994128,369756.691994128,0,230,198.148148148148,0,0
369756.691994128,369816.691994128,0,230,193.888888888889,0,0
369816.691994128,369876.691994128,0,230,189.62962962963,0,0
369876.691994128,369936.691994128,0,230,185.37037037037,0,0
369936.691994128,369996.691994128,0,230,181.111111111111,0,0
369996.691994128,370056.691994128,0,230,176.851851851852,0,0
370056.691994128,370116.691994128,0,230,172.592592592592,0,0
370116.691994128,370176.691994128,0,230,168.333333333333,0,0
370176.691994128,370236.691994128,0,230,164.074074074074,0,0
370236.691994128,370296.691994128,0,230,159.814814814815,0,0
370296.691994128,370356.691994128,0,230,155.555555555555,0,0
370356.691994128,370416.691994128,0,230,151.296296296296,0,0
370416.691994128,370476.691994128,0,230,147.037037037037,0,0
370476.691994128,370536.691994128,0,230,142.777777777778,0,0
370536.691994128,370596.691994128,0,230,138.518518518518,0,0
370596.691994128,370656.691994128,0,230,134.259259259259,0,0
370656.691994128,370716.691994128,0,230,130,0,0
370716.691994128,370776.691994128,0,230,125.740740740741,0,0
370776.691994128,370836.691994128,0,230,121.481481481481,0,0
370836.691994128,370896.691994128,0,230,117.222222222222,0,0
370896.691994128,370956.691994128,0,230,112.962962962963,0,0
370956.691994128,371016.691994128,0,230,108.703703703703,0,0
371016.691994128,371076.691994128,0,230,104.444444444444,0,0
371076.691994128,371136.691994128,0,230,100.185185185185,0,0
371136.691994128,371196.691994128,0,230,95.9259259259256,0,0
371196.691994128,371233.381142781,0,230,93.3214493239526,0,0
371233.381142781,371293.381142781,650,230,99.3214493239526,0,0
371293.381142781,371353.381142781,650,230,105.321449323953,0,0
371353.381142781,371413.381142781,650,230,111.321449323953,0,0
371413.381142781,371473.381142781,650,230,117.321449323953,0,0
371473.381142781,371533.381142781,650,230,123.321449323953,0,0
371533.381142781,371593.381142781,650,230,129.321449323953,0,0
371593.381142781,371653.381142781,650,230,135.321449323953,0,0
371653.381142781,371713.381142781,650,230,141.321449323953,0,0
371713.381142781,371773.381142781,650,230,147.321449323953,0,0
371773.381142781,371833.381142781,650,230,153.321449323953,0,0
371833.381142781,371893.381142781,650,230,159.321449323953,0,0
371893.381142781,371953.381142781,650,230,165.321449323953,0,0
371953.381142781,372013.381142781,650,230,171.321449323953,0,0
372013.381142781,372073.381142781,650,230,177.321449323953,0,0
372073.381142781,372133.381142781,650,230,183.321449323953,0,0
372133.381142781,372193.381142781,650,230,189.321449323953,0,0
372193.381142781,372253.381142781,650,230,195.321449323953,0,0
372253.381142781,372313.381142781,650,230,201.321449323953,0,0
372313.381142781,372373.381142781,650,230,207.321449323953,0,0
372373.381142781,372433.381142781,650,230,213.321449323953,0,0
372433.381142781,372493.381142781,650,230,219.321449323953,0,0
372493.381142781,372553.381142781,650,230,225.321449323953,0,0
372553.381142781,372613.381142781,650,230,231.321449323953,0,0
372613.381142781,372673.381142781,650,230,237.321449323953,0,0
372673.381142781,372733.381142781,650,230,243.321449323953,0,0
372733.381142781,372793.381142781,650,230,249.321449323953,0,0
372793.381142781,372853.381142781,650,230,255.321449323953,0,0
372853.381142781,372913.381142781,650,230,261.321449323953,0,0
372913.381142781,372973.381142781,650,230,267.321449323953,0,0
372973.381142781,373033.381142781,650,230,273.321449323953,0,0
373033.381142781,373034.532975962,650,230,273.436632641998,0,0
373034.532975962,373094.532975962,650,560,274.786632641998,0,1
373094.532975962,373154.532975962,650,560,276.136632641998,0,1
373154.532975962,373214.532975962,650,560,277.486632641998,0,1
373214.532975962,373274.532975962,650,560,278.836632641998,0,1
373274.532975962,373334.532975962,650,560,280.186632641998,0,1
373334.532975962,373394.532975962,650,560,281.536632641998,0,1
373394.532975962,373454.532975962,650,560,282.886632641998,0,1
373454.532975962,373514.532975962,650,560,284.236632641998,0,1
373514.532975962,373574.532975962,650,560,285.586632641998,0,1
373574.532975962,373634.532975962,650,560,286.936632641998,0,1
373634.532975962,373694.532975962,650,560,288.286632641998,0,1
373694.532975962,373754.532975962,650,560,289.636632641998,0,1
373754.532975962,373814.532975962,650,560,290.986632641998,0,1
373814.532975962,373874.532975962,650,560,292.336632641998,0,1
373874.532975962,373934.532975962,650,560,293.686632641998,0,1
373934.532975962,373994.532975962,650,560,295.036632641998,0,1
373994.532975962,374054.532975962,650,560,296.386632641998,0,1
374054.532975962,374114.532975962,650,560,297.736632641998,0,1
374114.532975962,374174.532975962,650,560,299.086632641999,0,1
374174.532975962,374234.532975962,650,560,300,0,1
374234.532975962,374294.532975962,650,560,300,0,1
374294.532975962,374354.532975962,650,560,300,0,1
374354.532975962,374414.532975962,650,560,300,0,1
374414.532975962,374474.532975962,650,560,300,0,1
374474.532975962,374534.532975962,650,560,300,0,1
374534.532975962,374594.532975962,650,560,300,0,1
374594.532975962,374654.532975962,650,560,300,0,1
374654.532975962,374714.532975962,650,560,300,0,1
374714.532975962,374774.532975962,650,560,300,0,1
374774.532975962,374834.532975962,650,560,300,0,1
374834.532975962,374835.684809142,650,560,300,0,1
374835.684809142,374895.684809142,0,560,289.62962962963,0,1
374895.684809142,374955.684809142,0,560,279.259259259259,0,1
374955.684809142,375015.684809142,0,560,268.888888888889,0,1
375015.684809142,375075.684809142,0,560,258.518518518518,0,1
375075.684809142,375135.684809142,0,560,248.148148148148,0,1
375135.684809142,375195.684809142,0,560,237.777777777778,0,1
375195.684809142,375255.684809142,0,560,227.407407407407,0,1
375255.684809142,375315.684809142,0,560,217.037037037037,0,1
375315.684809142,375375.684809142,0,560,206.666666666667,0,1
375375.684809142,375435.684809142,0,230,202.407407407407,0,0
375435.684809142,375495.684809142,0,230,198.148148148148,0,0
375495.684809142,375555.684809142,0,230,193.888888888889,0,0
375555.684809142,375615.684809142,0,230,189.62962962963,0,0
375615.684809142,375675.684809142,0,230,185.37037037037,0,0
375675.684809142,375735.684809142,0,230,181.111111111111,0,0
375735.684809142,375795.684809142,0,230,176.851851851852,0,0
375795.684809142,375855.684809142,0,230,172.592592592592,0,0
375855.684809142,375915.684809142,0,230,168.333333333333,0,0
375915.684809142,375975.684809142,0,230,164.074074074074,0,0
375975.684809142,376035.684809142,0,230,159.814814814815,0,0
376035.684809142,376095.684809142,0,230,155.555555555555,0,0
376095.684809142,376155.684809142,0,230,151.296296296296,0,0
376155.684809142,376215.684809142,0,230,147.037037037037,0,0
376215.684809142,376275.684809142,0,230,142.777777777778,0,0
376275.684809142,376335.684809142,0,230,138.518518518518,0,0
376335.684809142,376395.684809142,0,230,134.259259259259,0,0
376395.684809142,376455.684809142,0,230,130,0,0
376455.684809142,376515.684809142,0,230,125.740740740741,0,0
376515.684809142,376575.684809142,0,230,121.481481481481,0,0
376575.684809142,376635.684809142,0,230,117.222222222222,0,0
376635.684809142,376695.684809142,0,230,112.962962962963,0,0
376695.684809142,376755.684809142,0,230,108.703703703703,0,0
376755.684809142,376815.684809142,0,230,104.444444444444,0,0
376815.684809142,376875.684809142,0,230,100.185185185185,0,0
376875.684809142,376935.684809142,0,230,95.9259259259256,0,0
376935.684809142,376972.373957796,0,230,93.3214493239526,0,0
376972.373957796,377032.373957796,650,230,99.3214493239526,0,0
377032.373957796,377092.373957796,650,230,105.321449323953,0,0
377092.373957796,377152.373957796,650,230,111.321449323953,0,0
377152.373957796,377212.373957796,650,230,117.321449323953,0,0
377212.373957796,377272.373957796,650,230,123.321449323953,0,0
377272.373957796,377332.373957796,650,230,129.321449323953,0,0
377332.373957796,377392.373957796,650,230,135.321449323953,0,0
377392.373957796,377452.373957796,650,230,141.321449323953,0,0
377452.373957796,377512.373957796,650,230,147.321449323953,0,0
377512.373957796,377572.373957796,650,230,153.321449323953,0,0
377572.373957796,377632.373957796,650,230,159.321449323953,0,0
377632.373957796,377692.373957796,650,230,165.321449323953,0,0
377692.373957796,377752.373957796,650,230,171.321449323953,0,0
377752.373957796,377812.373957796,650,230,177.321449323953,0,0
377812.373957796,377872.373957796,650,230,183.321449323953,0,0
377872.373957796,377932.373957796,650,230,189.321449323953,0,0
377932.373957796,377992.373957796,650,230,195.321449323953,0,0
377992.373957796,378052.373957796,650,230,201.321449323953,0,0
378052.373957796,378112.373957796,650,230,207.321449323953,0,0
378112.373957796,378172.373957796,650,230,213.321449323953,0,0
378172.373957796,378232.373957796,650,230,219.321449323953,0,0
378232.373957796,378292.373957796,650,230,225.321449323953,0,0
378292.373957796,378352.373957796,650,230,231.321449323953,0,0
378352.373957796,378412.373957796,650,230,237.321449323953,0,0
378412.373957796,378472.373957796,650,230,243.321449323953,0,0
378472.373957796,378532.373957796,650,230,249.321449323953,0,0
378532.373957796,378592.373957796,650,230,255.321449323953,0,0
378592.373957796,378652.373957796,650,230,261.321449323953,0,0
378652.373957796,378712.373957796,650,230,267.321449323953,0,0
378712.373957796,378772.373957796,650,230,273.321449323953,0,0
378772.373957796,378773.525790977,650,230,273.436632641998,0,0
378773.525790977,378833.525790977,650,560,274.786632641998,0,1
378833.525790977,378893.525790977,650,560,276.136632641998,0,1
378893.525790977,378953.525790977,650,560,277.486632641998,0,1
378953.525790977,379013.525790977,650,560,278.836632641998,0,1
379013.525790977,379073.525790977,650,560,280.186632641998,0,1
379073.525790977,379133.525790977,650,560,281.536632641998,0,1
379133.525790977,379193.525790977,650,560,282.886632641998,0,1
379193.525790977,379253.525790977,650,560,284.236632641998,0,1
379253.525790977,379313.525790977,650,560,285.586632641998,0,1
379313.525790977,379373.525790977,650,560,286.936632641998,0,1
379373.525790977,379433.525790977,650,560,288.286632641998,0,1
379433.525790977,379493.525790977,650,560,289.636632641998,0,1
379493.525790977,379553.525790977,650,560,290.986632641998,0,1
379553.525790977,379613.525790977,650,560,292.336632641998,0,1
379613.525790977,379673.525790977,650,560,293.686632641998,0,1
379673.525790977,379733.525790977,650,560,295.036632641998,0,1
379733.525790977,379793.525790977,650,560,296.386632641998,0,1
379793.525790977,379853.525790977,650,560,297.736632641998,0,1
379853.525790977,379913.525790977,650,560,299.086632641999,0,1
379913.525790977,379973.525790977,650,560,300,0,1
379973.525790977,380033.525790977,650,560,300,0,1
380033.525790977,380093.525790977,650,560,300,0,1
380093.525790977,380153.525790977,650,560,300,0,1
380153.525790977,380213.525790977,650,560,300,0,1
380213.525790977,380273.525790977,650,560,300,0,1
380273.525790977,380333.525790977,650,560,300,0,1
380333.525790977,380393.525790977,650,560,300,0,1
380393.525790977,380453.525790977,650,560,300,0,1
380453.525790977,380513.525790977,650,560,300,0,1
380513.525790977,380573.525790977,650,560,300,0,1
380573.525790977,380574.677624157,650,560,300,0,1
380574.677624157,380634.677624157,0,560,289.62962962963,0,1
380634.677624157,380694.677624157,0,560,279.259259259259,0,1
380694.677624157,380754.677624157,0,560,268.888888888889,0,1
380754.677624157,380814.677624157,0,560,258.518518518518,0,1
380814.677624157,380874.677624157,0,560,248.148148148148,0,1
380874.677624157,380934.677624157,0,560,237.777777777778,0,1
380934.677624157,380994.677624157,0,560,227.407407407407,0,1
380994.677624157,381054.677624157,0,560,217.037037037037,0,1
381054.677624157,381114.677624157,0,560,206.666666666667,0,1
381114.677624157,381174.677624157,0,230,202.407407407407,0,0
381174.677624157,381234.677624157,0,230,198.148148148148,0,0
381234.677624157,381294.677624157,0,230,193.888888888889,0,0
381294.677624157,381354.677624157,0,230,189.62962962963,0,0
381354.677624157,381414.677624157,0,230,185.37037037037,0,0
381414.677624157,381474.677624157,0,230,181.111111111111,0,0
381474.677624157,381534.677624157,0,230,176.851851851852,0,0
381534.677624157,381594.677624157,0,230,172.592592592592,0,0
381594.677624157,381654.677624157,0,230,168.333333333333,0,0
381654.677624157,381714.677624157,0,230,164.074074074074,0,0
381714.677624157,381774.677624157,0,230,159.814814814815,0,0
381774.677624157,381834.677624157,0,230,155.555555555555,0,0
381834.677624157,381894.677624157,0,230,151.296296296296,0,0
381894.677624157,381954.677624157,0,230,147.037037037037,0,0
381954.677624157,382014.677624157,0,230,142.777777777778,0,0
382014.677624157,382074.677624157,0,230,138.518518518518,0,0
382074.677624157,382134.677624157,0,230,134.259259259259,0,0
382134.677624157,382194.677624157,0,230,130,0,0
382194.677624157,382254.677624157,0,230,125.740740740741,0,0
382254.677624157,382314.677624157,0,230,121.481481481481,0,0
382314.677624157,382374.677624157,0,230,117.222222222222,0,0
382374.677624157,382434.677624157,0,230,112.962962962963,0,0
382434.677624157,382494.677624157,0,230,108.703703703703,0,0
382494.677624157,382554.677624157,0,230,104.444444444444,0,0
382554.677624157,382614.677624157,0,230,100.185185185185,0,0
382614.677624157,382674.677624157,0,230,95.9259259259256,0,0
382674.677624157,382711.366772811,0,230,93.3214493239526,0,0
382711.366772811,382771.366772811,650,230,99.3214493239526,0,0
382771.366772811,382831.366772811,650,230,105.321449323953,0,0
382831.366772811,382891.366772811,650,230,111.321449323953,0,0
382891.366772811,382951.366772811,650,230,117.321449323953,0,0
382951.366772811,383011.366772811,650,230,123.321449323953,0,0
383011.366772811,383071.366772811,650,230,129.321449323953,0,0
383071.366772811,383131.366772811,650,230,135.321449323953,0,0
383131.366772811,383191.366772811,650,230,141.321449323953,0,0
383191.366772811,383251.366772811,650,230,147.321449323953,0,0
383251.366772811,383311.366772811,650,230,153.321449323953,0,0
383311.366772811,383371.366772811,650,230,159.321449323953,0,0
383371.366772811,383431.366772811,650,230,165.321449323953,0,0
383431.366772811,383491.366772811,650,230,171.321449323953,0,0
383491.366772811,383551.366772811,650,230,177.321449323953,0,0
383551.366772811,383611.366772811,650,230,183.321449323953,0,0
383611.366772811,383671.366772811,650,230,189.321449323953,0,0
383671.366772811,383731.366772811,650,230,195.321449323953,0,0
383731.366772811,383791.366772811,650,230,201.321449323953,0,0
383791.366772811,383851.366772811,650,230,207.321449323953,0,0
383851.366772811,383911.366772811,650,230,213.321449323953,0,0
383911.366772811,383971.366772811,650,230,219.321449323953,0,0
383971.366772811,384031.366772811,650,230,225.321449323953,0,0
384031.366772811,384091.366772811,650,230,231.321449323953,0,0
384091.366772811,384151.366772811,650,230,237.321449323953,0,0
384151.366772811,384211.366772811,650,230,243.321449323953,0,0
384211.366772811,384271.366772811,650,230,249.321449323953,0,0
384271.366772811,384331.366772811,650,230,255.321449323953,0,0
384331.366772811,384391.366772811,650,230,261.321449323953,0,0
384391.366772811,384451.366772811,650,230,267.321449323953,0,0
384451.366772811,384511.366772811,650,230,273.321449323953,0,0
384511.366772811,384512.518605991,650,230,273.436632641998,0,0
384512.518605991,384572.518605991,650,560,274.786632641998,0,1
384572.518605991,384632.518605991,650,560,276.136632641998,0,1
384632.518605991,384692.518605991,650,560,277.486632641998,0,1
384692.518605991,384752.518605991,650,560,278.836632641998,0,1
384752.518605991,384812.518605991,650,560,280.186632641998,0,1
384812.518605991,384872.518605991,650,560,281.536632641998,0,1
384872.518605991,384932.518605991,650,560,282.886632641998,0,1
384932.518605991,384992.518605991,650,560,284.236632641998,0,1
384992.518605991,385052.518605991,650,560,285.586632641998,0,1
385052.518605991,385112.518605991,650,560,286.936632641998,0,1
385112.518605991,385172.518605991,650,560,288.286632641998,0,1
385172.518605991,385232.518605991,650,560,289.636632641998,0,1
385232.518605991,385292.518605991,650,560,290.986632641998,0,1
385292.518605991,385352.518605991,650,560,292.336632641998,0,1
385352.518605991,385412.518605991,650,560,293.686632641998,0,1
385412.518605991,385472.518605991,650,560,295.036632641998,0,1
385472.518605991,385532.518605991,650,560,296.386632641998,0,1
385532.518605991,385592.518605991,650,560,297.736632641998,0,1
385592.518605991,385652.518605991,650,560,299.086632641999,0,1
385652.518605991,385712.518605991,650,560,300,0,1
385712.518605991,385772.518605991,650,560,300,0,1
385772.518605991,385832.518605991,650,560,300,0,1
385832.518605991,385892.518605991,650,560,300,0,1
385892.518605991,385952.518605991,650,560,300,0,1
385952.518605991,386012.518605991,650,560,300,0,1
386012.518605991,386072.518605991,650,560,300,0,1
386072.518605991,386132.518605991,650,560,300,0,1
386132.518605991,386192.518605991,650,560,300,0,1
386192.518605991,386252.518605991,650,560,300,0,1
386252.518605991,386312.518605991,650,560,300,0,1
386312.518605991,386313.670439172,650,560,300,0,1
386313.670439172,386373.670439172,0,560,289.62962962963,0,1
386373.670439172,386433.670439172,0,560,279.259259259259,0,1
386433.670439172,386493.670439172,0,560,268.888888888889,0,1
386493.670439172,386553.670439172,0,560,258.518518518518,0,1
386553.670439172,386613.670439172,0,560,248.148148148148,0,1
386613.670439172,386673.670439172,0,560,237.777777777778,0,1
386673.670439172,386733.670439172,0,560,227.407407407407,0,1
386733.670439172,386793.670439172,0,560,217.037037037037,0,1
386793.670439172,386853.670439172,0,560,206.666666666667,0,1
386853.670439172,386913.670439172,0,230,202.407407407407,0,0
386913.670439172,386973.670439172,0,230,198.148148148148,0,0
386973.670439172,387033.670439172,0,230,193.888888888889,0,0
387033.670439172,387093.670439172,0,230,189.62962962963,0,0
387093.670439172,387153.670439172,0,230,185.37037037037,0,0
387153.670439172,387213.670439172,0,230,181.111111111111,0,0
387213.670439172,387273.670439172,0,230,176.851851851852,0,0
387273.670439172,387333.670439172,0,230,172.592592592592,0,0
387333.670439172,387393.670439172,0,230,168.333333333333,0,0
387393.670439172,387453.670439172,0,230,164.074074074074,0,0
387453.670439172,387513.670439172,0,230,159.814814814815,0,0
387513.670439172,387573.670439172,0,230,155.555555555555,0,0
387573.670439172,387633.670439172,0,230,151.296296296296,0,0
387633.670439172,387693.670439172,0,230,147.037037037037,0,0
387693.670439172,387753.670439172,0,230,142.777777777778,0,0
387753.670439172,387813.670439172,0,230,138.518518518518,0,0
387813.670439172,387873.670439172,0,230,134.259259259259,0,0
387873.670439172,387933.670439172,0,230,130,0,0
387933.670439172,387993.670439172,0,230,125.740740740741,0,0
387993.670439172,388053.670439172,0,230,121.481481481481,0,0
388053.670439172,388113.670439172,0,230,117.222222222222,0,0
388113.670439172,388173.670439172,0,230,112.962962962963,0,0
388173.670439172,388233.670439172,0,230,108.703703703703,0,0
388233.670439172,388293.670439172,0,230,104.444444444444,0,0
388293.670439172,388353.670439172,0,230,100.185185185185,0,0
388353.670439172,388413.670439172,0,230,95.9259259259256,0,0
388413.670439172,388450.359587826,0,230,93.3214493239526,0,0
388450.359587826,388510.359587826,650,230,99.3214493239526,0,0
388510.359587826,388570.359587826,650,230,105.321449323953,0,0
388570.359587826,388630.359587826,650,230,111.321449323953,0,0
388630.359587826,388690.359587826,650,230,117.321449323953,0,0
388690.359587826,388750.359587826,650,230,123.321449323953,0,0
388750.359587826,388810.359587826,650,230,129.321449323953,0,0
388810.359587826,388870.359587826,650,230,135.321449323953,0,0
388870.359587826,388930.359587826,650,230,141.321449323953,0,0
388930.359587826,388990.359587826,650,230,147.321449323953,0,0
388990.359587826,389050.359587826,650,230,153.321449323953,0,0
389050.359587826,389110.359587826,650,230,159.321449323953,0,0
389110.359587826,389170.359587826,650,230,165.321449323953,0,0
389170.359587826,389230.359587826,650,230,171.321449323953,0,0
389230.359587826,389290.359587826,650,230,177.321449323953,0,0
389290.359587826,389350.359587826,650,230,183.321449323953,0,0
389350.359587826,389410.359587826,650,230,189.321449323953,0,0
389410.359587826,389470.359587826,650,230,195.321449323953,0,0
389470.359587826,389530.359587826,650,230,201.321449323953,0,0
389530.359587826,389590.359587826,650,230,207.321449323953,0,0
389590.359587826,389650.359587826,650,230,213.321449323953,0,0
389650.359587826,389710.359587826,650,230,219.321449323953,0,0
389710.359587826,389770.359587826,650,230,225.321449323953,0,0
389770.359587826,389830.359587826,650,230,231.321449323953,0,0
389830.359587826,389890.359587826,650,230,237.321449323953,0,0
389890.359587826,389950.359587826,650,230,243.321449323953,0,0
389950.359587826,390010.359587826,650,230,249.321449323953,0,0
390010.359587826,390070.359587826,650,230,255.321449323953,0,0
390070.359587826,390130.359587826,650,230,261.321449323953,0,0
390130.359587826,390190.359587826,650,230,267.321449323953,0,0
390190.359587826,390250.359587826,650,230,273.321449323953,0,0
390250.359587826,390251.511421006,650,230,273.436632641998,0,0
390251.511421006,390311.511421006,650,560,274.786632641998,0,1
390311.511421006,390371.511421006,650,560,276.136632641998,0,1
390371.511421006,390431.511421006,650,560,277.486632641998,0,1
390431.511421006,390491.511421006,650,560,278.836632641998,0,1
390491.511421006,390551.511421006,650,560,280.186632641998,0,1
390551.511421006,390611.511421006,650,560,281.536632641998,0,1
390611.511421006,390671.511421006,650,560,282.886632641998,0,1
390671.511421006,390731.511421006,650,560,284.236632641998,0,1
390731.511421006,390791.511421006,650,560,285.586632641998,0,1
390791.511421006,390851.511421006,650,560,286.936632641998,0,1
390851.511421006,390911.511421006,650,560,288.286632641998,0,1
390911.511421006,390971.511421006,650,560,289.636632641998,0,1
390971.511421006,391031.511421006,650,560,290.986632641998,0,1
391031.511421006,391091.511421006,650,560,292.336632641998,0,1
391091.511421006,391151.511421006,650,560,293.686632641998,0,1
391151.511421006,391211.511421006,650,560,295.036632641998,0,1
391211.511421006,391271.511421006,650,560,296.386632641998,0,1
391271.511421006,391331.511421006,650,560,297.736632641998,0,1
391331.511421006,391391.511421006,650,560,299.086632641999,0,1
391391.511421006,391451.511421006,650,560,300,0,1
391451.511421006,391511.511421006,650,560,300,0,1
391511.511421006,391571.511421006,650,560,300,0,1
391571.511421006,391631.511421006,650,560,300,0,1
391631.511421006,391691.511421006,650,560,300,0,1
391691.511421006,391751.511421006,650,560,300,0,1
391751.511421006,391811.511421006,650,560,300,0,1
391811.511421006,391871.511421006,650,560,300,0,1
391871.511421006,391931.511421006,650,560,300,0,1
391931.511421006,391991.511421006,650,560,300,0,1
391991.511421006,392051.511421006,650,560,300,0,1
392051.511421006,392052.663254187,650,560,300,0,1
392052.663254187,392112.663254187,0,560,289.62962962963,0,1
392112.663254187,392172.663254187,0,560,279.259259259259,0,1
392172.663254187,392232.663254187,0,560,268.888888888889,0,1
392232.663254187,392292.663254187,0,560,258.518518518518,0,1
392292.663254187,392352.663254187,0,560,248.148148148148,0,1
392352.663254187,392412.663254187,0,560,237.777777777778,0,1
392412.663254187,392472.663254187,0,560,227.407407407407,0,1
392472.663254187,392532.663254187,0,560,217.037037037037,0,1
392532.663254187,392592.663254187,0,560,206.666666666667,0,1
392592.663254187,392652.663254187,0,230,202.407407407407,0,0
392652.663254187,392712.663254187,0,230,198.148148148148,0,0
392712.663254187,392772.663254187,0,230,193.888888888889,0,0
392772.663254187,392832.663254187,0,230,189.62962962963,0,0
392832.663254187,392892.663254187,0,230,185.37037037037,0,0
392892.663254187,392952.663254187,0,230,181.111111111111,0,0
392952.663254187,393012.663254187,0,230,176.851851851852,0,0
393012.663254187,393072.663254187,0,230,172.592592592592,0,0
393072.663254187,393132.663254187,0,230,168.333333333333,0,0
393132.663254187,393192.663254187,0,230,164.074074074074,0,0
393192.663254187,393252.663254187,0,230,159.814814814815,0,0
393252.663254187,393312.663254187,0,230,155.555555555555,0,0
393312.663254187,393372.663254187,0,230,151.296296296296,0,0
393372.663254187,393432.663254187,0,230,147.037037037037,0,0
393432.663254187,393492.663254187,0,230,142.777777777778,0,0
393492.663254187,393552.663254187,0,230,138.518518518518,0,0
393552.663254187,393612.663254187,0,230,134.259259259259,0,0
393612.663254187,393672.663254187,0,230,130,0,0
393672.663254187,393732.663254187,0,230,125.740740740741,0,0
393732.663254187,393792.663254187,0,230,121.481481481481,0,0
393792.663254187,393852.663254187,0,230,117.222222222222,0,0
393852.663254187,393912.663254187,0,230,112.962962962963,0,0
393912.663254187,393972.663254187,0,230,108.703703703703,0,0
393972.663254187,394032.663254187,0,230,104.444444444444,0,0
394032.663254187,394092.663254187,0,230,100.185185185185,0,0
394092.663254187,394152.663254187,0,230,95.9259259259256,0,0
394152.663254187,394189.352402841,0,230,93.3214493239526,0,0
394189.352402841,394249.352402841,650,230,99.3214493239526,0,0
394249.352402841,394309.352402841,650,230,105.321449323953,0,0
394309.352402841,394369.352402841,650,230,111.321449323953,0,0
394369.352402841,394429.352402841,650,230,117.321449323953,0,0
394429.352402841,394489.352402841,650,230,123.321449323953,0,0
394489.352402841,394549.352402841,650,230,129.321449323953,0,0
394549.352402841,394609.352402841,650,230,135.321449323953,0,0
394609.352402841,394669.352402841,650,230,141.321449323953,0,0
394669.352402841,394729.352402841,650,230,147.321449323953,0,0
394729.352402841,394789.352402841,650,230,153.321449323953,0,0
394789.352402841,394849.352402841,650,230,159.321449323953,0,0
394849.352402841,394909.352402841,650,230,165.321449323953,0,0
394909.352402841,394969.352402841,650,230,171.321449323953,0,0
394969.352402841,395029.352402841,650,230,177.321449323953,0,0
395029.352402841,395089.352402841,650,230,183.321449323953,0,0
395089.352402841,395149.352402841,650,230,189.321449323953,0,0
395149.352402841,395209.352402841,650,230,195.321449323953,0,0
395209.352402841,395269.352402841,650,230,201.321449323953,0,0
395269.352402841,395329.352402841,650,230,207.321449323953,0,0
395329.352402841,395389.352402841,650,230,213.321449323953,0,0
395389.352402841,395449.352402841,650,230,219.321449323953,0,0
395449.352402841,395509.352402841,650,230,225.321449323953,0,0
395509.352402841,395569.352402841,650,230,231.321449323953,0,0
395569.352402841,395629.352402841,650,230,237.321449323953,0,0
395629.352402841,395689.352402841,650,230,243.321449323953,0,0
395689.352402841,395749.352402841,650,230,249.321449323953,0,0
395749.352402841,395809.352402841,650,230,255.321449323953,0,0
395809.352402841,395869.352402841,650,230,261.321449323953,0,0
395869.352402841,395929.352402841,650,230,267.321449323953,0,0
395929.352402841,395989.352402841,650,230,273.321449323953,0,0
395989.352402841,395990.504236021,650,230,273.436632641998,0,0
395990.504236021,396050.504236021,650,560,274.786632641998,0,1
396050.504236021,396110.504236021,650,560,276.136632641998,0,1
396110.504236021,396170.504236021,650,560,277.486632641998,0,1
396170.504236021,396230.504236021,650,560,278.836632641998,0,1
396230.504236021,396290.504236021,650,560,280.186632641998,0,1
396290.504236021,396350.504236021,650,560,281.536632641998,0,1
396350.504236021,396410.504236021,650,560,282.886632641998,0,1
396410.504236021,396470.504236021,650,560,284.236632641998,0,1
396470.504236021,396530.504236021,650,560,285.586632641998,0,1
396530.504236021,396590.504236021,650,560,286.936632641998,0,1
396590.504236021,396650.504236021,650,560,288.286632641998,0,1
396650.504236021,396710.504236021,650,560,289.636632641998,0,1
396710.504236021,396770.504236021,650,560,290.986632641998,0,1
396770.504236021,396830.504236021,650,560,292.336632641998,0,1
396830.504236021,396890.504236021,650,560,293.686632641998,0,1
396890.504236021,396950.504236021,650,560,295.036632641998,0,1
396950.504236021,397010.504236021,650,560,296.386632641998,0,1
397010.504236021,397070.504236021,650,560,297.736632641998,0,1
397070.504236021,397130.504236021,650,560,299.086632641999,0,1
397130.504236021,397190.504236021,650,560,300,0,1
397190.504236021,397250.504236021,650,560,300,0,1
397250.504236021,397310.504236021,650,560,300,0,1
397310.504236021,397370.504236021,650,560,300,0,1
397370.504236021,397430.504236021,650,560,300,0,1
397430.504236021,397490.504236021,650,560,300,0,1
397490.504236021,397550.504236021,650,560,300,0,1
397550.504236021,397610.504236021,650,560,300,0,1
397610.504236021,397670.504236021,650,560,300,0,1
397670.504236021,397730.504236021,650,560,300,0,1
397730.504236021,397790.504236021,650,560,300,0,1
397790.504236021,397791.656069202,650,560,300,0,1
397791.656069202,397851.656069202,0,560,289.62962962963,0,1
397851.656069202,397911.656069202,0,560,279.259259259259,0,1
397911.656069202,397971.656069202,0,560,268.888888888889,0,1
397971.656069202,398031.656069202,0,560,258.518518518518,0,1
398031.656069202,398091.656069202,0,560,248.148148148148,0,1
398091.656069202,398151.656069202,0,560,237.777777777778,0,1
398151.656069202,398211.656069202,0,560,227.407407407407,0,1
398211.656069202,398271.656069202,0,560,217.037037037037,0,1
398271.656069202,398331.656069202,0,560,206.666666666667,0,1
398331.656069202,398391.656069202,0,230,202.407407407407,0,0
398391.656069202,398451.656069202,0,230,198.148148148148,0,0
398451.656069202,398511.656069202,0,230,193.888888888889,0,0
398511.656069202,398571.656069202,0,230,189.62962962963,0,0
398571.656069202,398631.656069202,0,230,185.37037037037,0,0
398631.656069202,398691.656069202,0,230,181.111111111111,0,0
398691.656069202,398751.656069202,0,230,176.851851851852,0,0
398751.656069202,398811.656069202,0,230,172.592592592592,0,0
398811.656069202,398871.656069202,0,230,168.333333333333,0,0
398871.656069202,398931.656069202,0,230,164.074074074074,0,0
398931.656069202,398991.656069202,0,230,159.814814814815,0,0
398991.656069202,399051.656069202,0,230,155.555555555555,0,0
399051.656069202,399111.656069202,0,230,151.296296296296,0,0
399111.656069202,399171.656069202,0,230,147.037037037037,0,0
399171.656069202,399231.656069202,0,230,142.777777777778,0,0
399231.656069202,399291.656069202,0,230,138.518518518518,0,0
399291.656069202,399351.656069202,0,230,134.259259259259,0,0
399351.656069202,399411.656069202,0,230,130,0,0
399411.656069202,399471.656069202,0,230,125.740740740741,0,0
399471.656069202,399531.656069202,0,230,121.481481481481,0,0
399531.656069202,399591.656069202,0,230,117.222222222222,0,0
399591.656069202,399651.656069202,0,230,112.962962962963,0,0
399651.656069202,399711.656069202,0,230,108.703703703703,0,0
399711.656069202,399771.656069202,0,230,104.444444444444,0,0
399771.656069202,399831.656069202,0,230,100.185185185185,0,0
399831.656069202,399891.656069202,0,230,95.9259259259256,0,0
399891.656069202,399928.345217855,0,230,93.3214493239526,0,0
399928.345217855,399988.345217855,650,230,99.3214493239526,0,0
399988.345217855,400048.345217855,650,230,105.321449323953,0,0
400048.345217855,400108.345217855,650,230,111.321449323953,0,0
400108.345217855,400168.345217855,650,230,117.321449323953,0,0
400168.345217855,400228.345217855,650,230,123.321449323953,0,0
400228.345217855,400288.345217855,650,230,129.321449323953,0,0
400288.345217855,400348.345217855,650,230,135.321449323953,0,0
400348.345217855,400408.345217855,650,230,141.321449323953,0,0
400408.345217855,400468.345217855,650,230,147.321449323953,0,0
400468.345217855,400528.345217855,650,230,153.321449323953,0,0
400528.345217855,400588.345217855,650,230,159.321449323953,0,0
400588.345217855,400648.345217855,650,230,165.321449323953,0,0
400648.345217855,400708.345217855,650,230,171.321449323953,0,0
400708.345217855,400768.345217855,650,230,177.321449323953,0,0
400768.345217855,400828.345217855,650,230,183.321449323953,0,0
400828.345217855,400888.345217855,650,230,189.321449323953,0,0
400888.345217855,400948.345217855,650,230,195.321449323953,0,0
400948.345217855,401008.345217855,650,230,201.321449323953,0,0
401008.345217855,401068.345217855,650,230,207.321449323953,0,0
401068.345217855,401128.345217855,650,230,213.321449323953,0,0
401128.345217855,401188.345217855,650,230,219.321449323953,0,0
401188.345217855,401248.345217855,650,230,225.321449323953,0,0
401248.345217855,401308.345217855,650,230,231.321449323953,0,0
401308.345217855,401368.345217855,650,230,237.321449323953,0,0
401368.345217855,401428.345217855,650,230,243.321449323953,0,0
401428.345217855,401488.345217855,650,230,249.321449323953,0,0
401488.345217855,401548.345217855,650,230,255.321449323953,0,0
401548.345217855,401608.345217855,650,230,261.321449323953,0,0
401608.345217855,401668.345217855,650,230,267.321449323953,0,0
401668.345217855,401728.345217855,650,230,273.321449323953,0,0
401728.345217855,401729.497051036,650,230,273.436632641998,0,0
401729.497051036,401789.497051036,650,560,274.786632641998,0,1
401789.497051036,401849.497051036,650,560,276.136632641998,0,1
401849.497051036,401909.497051036,650,560,277.486632641998,0,1
401909.497051036,401969.497051036,650,560,278.836632641998,0,1
401969.497051036,402029.497051036,650,560,280.186632641998,0,1
402029.497051036,402089.497051036,650,560,281.536632641998,0,1
402089.497051036,402149.497051036,650,560,282.886632641998,0,1
402149.497051036,402209.497051036,650,560,284.236632641998,0,1
402209.497051036,402269.497051036,650,560,285.586632641998,0,1
402269.497051036,402329.497051036,650,560,286.936632641998,0,1
402329.497051036,402389.497051036,650,560,288.286632641998,0,1
402389.497051036,402449.497051036,650,560,289.636632641998,0,1
402449.497051036,402509.497051036,650,560,290.986632641998,0,1
402509.497051036,402569.497051036,650,560,292.336632641998,0,1
402569.497051036,402629.497051036,650,560,293.686632641998,0,1
402629.497051036,402689.497051036,650,560,295.036632641998,0,1
402689.497051036,402749.497051036,650,560,296.386632641998,0,1
402749.497051036,402809.497051036,650,560,297.736632641998,0,1
402809.497051036,402869.497051036,650,560,299.086632641999,0,1
402869.497051036,402929.497051036,650,560,300,0,1
402929.497051036,402989.497051036,650,560,300,0,1
402989.497051036,403049.497051036,650,560,300,0,1
403049.497051036,403109.497051036,650,560,300,0,1
403109.497051036,403169.497051036,650,560,300,0,1
403169.497051036,403229.497051036,650,560,300,0,1
403229.497051036,403289.497051036,650,560,300,0,1
403289.497051036,403349.497051036,650,560,300,0,1
403349.497051036,403409.497051036,650,560,300,0,1
403409.497051036,403469.497051036,650,560,300,0,1
403469.497051036,403529.497051036,650,560,300,0,1
403529.497051036,403530.648884216,650,560,300,0,1
403530.648884216,403590.648884216,0,560,289.62962962963,0,1
403590.648884216,403650.648884216,0,560,279.259259259259,0,1
403650.648884216,403710.648884216,0,560,268.888888888889,0,1
403710.648884216,403770.648884216,0,560,258.518518518518,0,1
403770.648884216,403830.648884216,0,560,248.148148148148,0,1
403830.648884216,403890.648884216,0,560,237.777777777778,0,1
403890.648884216,403950.648884216,0,560,227.407407407407,0,1
403950.648884216,404010.648884216,0,560,217.037037037037,0,1
404010.648884216,404070.648884216,0,560,206.666666666667,0,1
404070.648884216,404130.648884216,0,230,202.407407407407,0,0
404130.648884216,404190.648884216,0,230,198.148148148148,0,0
404190.648884216,404250.648884216,0,230,193.888888888889,0,0
404250.648884216,404310.648884216,0,230,189.62962962963,0,0
404310.648884216,404370.648884216,0,230,185.37037037037,0,0
404370.648884216,404430.648884216,0,230,181.111111111111,0,0
404430.648884216,404490.648884216,0,230,176.851851851852,0,0
404490.648884216,404550.648884216,0,230,172.592592592592,0,0
404550.648884216,404610.648884216,0,230,168.333333333333,0,0
404610.648884216,404670.648884216,0,230,164.074074074074,0,0
404670.648884216,404730.648884216,0,230,159.814814814815,0,0
404730.648884216,404790.648884216,0,230,155.555555555555,0,0
404790.648884216,404850.648884216,0,230,151.296296296296,0,0
404850.648884216,404910.648884216,0,230,147.037037037037,0,0
404910.648884216,404970.648884216,0,230,142.777777777778,0,0
404970.648884216,405030.648884216,0,230,138.518518518518,0,0
405030.648884216,405090.648884216,0,230,134.259259259259,0,0
405090.648884216,405150.648884216,0,230,130,0,0
405150.648884216,405210.648884216,0,230,125.740740740741,0,0
405210.648884216,405270.648884216,0,230,121.481481481481,0,0
405270.648884216,405330.648884216,0,230,117.222222222222,0,0
405330.648884216,405390.648884216,0,230,112.962962962963,0,0
405390.648884216,405450.648884216,0,230,108.703703703703,0,0
405450.648884216,405510.648884216,0,230,104.444444444444,0,0
405510.648884216,405570.648884216,0,230,100.185185185185,0,0
405570.648884216,405630.648884216,0,230,95.9259259259256,0,0
405630.648884216,405667.33803287,0,230,93.3214493239526,0,0
405667.33803287,405727.33803287,650,230,99.3214493239526,0,0
405727.33803287,405787.33803287,650,230,105.321449323953,0,0
405787.33803287,405847.33803287,650,230,111.321449323953,0,0
405847.33803287,405907.33803287,650,230,117.321449323953,0,0
405907.33803287,405967.33803287,650,230,123.321449323953,0,0
405967.33803287,406027.33803287,650,230,129.321449323953,0,0
406027.33803287,406087.33803287,650,230,135.321449323953,0,0
406087.33803287,406147.33803287,650,230,141.321449323953,0,0
406147.33803287,406207.33803287,650,230,147.321449323953,0,0
406207.33803287,406267.33803287,650,230,153.321449323953,0,0
406267.33803287,406327.33803287,650,230,159.321449323953,0,0
406327.33803287,406387.33803287,650,230,165.321449323953,0,0
406387.33803287,406447.33803287,650,230,171.321449323953,0,0
406447.33803287,406507.33803287,650,230,177.321449323953,0,0
406507.33803287,406567.33803287,650,230,183.321449323953,0,0
406567.33803287,406627.33803287,650,230,189.321449323953,0,0
406627.33803287,406687.33803287,650,230,195.321449323953,0,0
406687.33803287,406747.33803287,650,230,201.321449323953,0,0
406747.33803287,406807.33803287,650,230,207.321449323953,0,0
406807.33803287,406867.33803287,650,230,213.321449323953,0,0
406867.33803287,406927.33803287,650,230,219.321449323953,0,0
406927.33803287,406987.33803287,650,230,225.321449323953,0,0
406987.33803287,407047.33803287,650,230,231.321449323953,0,0
407047.33803287,407107.33803287,650,230,237.321449323953,0,0
407107.33803287,407167.33803287,650,230,243.321449323953,0,0
407167.33803287,407227.33803287,650,230,249.321449323953,0,0
407227.33803287,407287.33803287,650,230,255.321449323953,0,0
407287.33803287,407347.33803287,650,230,261.321449323953,0,0
407347.33803287,407407.33803287,650,230,267.321449323953,0,0
407407.33803287,407467.33803287,650,230,273.321449323953,0,0
407467.33803287,407468.489866051,650,230,273.436632641998,0,0
407468.489866051,407528.489866051,650,560,274.786632641998,0,1
407528.489866051,407588.489866051,650,560,276.136632641998,0,1
407588.489866051,407648.489866051,650,560,277.486632641998,0,1
407648.489866051,407708.489866051,650,560,278.836632641998,0,1
407708.489866051,407768.489866051,650,560,280.186632641998,0,1
407768.489866051,407828.489866051,650,560,281.536632641998,0,1
407828.489866051,407888.489866051,650,560,282.886632641998,0,1
407888.489866051,407948.489866051,650,560,284.236632641998,0,1
407948.489866051,408008.489866051,650,560,285.586632641998,0,1
408008.489866051,408068.489866051,650,560,286.936632641998,0,1
408068.489866051,408128.489866051,650,560,288.286632641998,0,1
408128.489866051,408188.489866051,650,560,289.636632641998,0,1
408188.489866051,408248.489866051,650,560,290.986632641998,0,1
408248.489866051,408308.489866051,650,560,292.336632641998,0,1
408308.489866051,408368.489866051,650,560,293.686632641998,0,1
408368.489866051,408428.489866051,650,560,295.036632641998,0,1
408428.489866051,408488.489866051,650,560,296.386632641998,0,1
408488.489866051,408548.489866051,650,560,297.736632641998,0,1
408548.489866051,408608.489866051,650,560,299.086632641999,0,1
408608.489866051,408668.489866051,650,560,300,0,1
408668.489866051,408728.489866051,650,560,300,0,1
408728.489866051,408788.489866051,650,560,300,0,1
408788.489866051,408848.489866051,650,560,300,0,1
408848.489866051,408908.489866051,650,560,300,0,1
408908.489866051,408968.489866051,650,560,300,0,1
408968.489866051,409028.489866051,650,560,300,0,1
409028.489866051,409088.489866051,650,560,300,0,1
409088.489866051,409148.489866051,650,560,300,0,1
409148.489866051,409208.489866051,650,560,300,0,1
409208.489866051,409268.489866051,650,560,300,0,1
409268.489866051,409269.641699231,650,560,300,0,1
409269.641699231,409329.641699231,0,560,289.62962962963,0,1
409329.641699231,409389.641699231,0,560,279.259259259259,0,1
409389.641699231,409449.641699231,0,560,268.888888888889,0,1
409449.641699231,409509.641699231,0,560,258.518518518518,0,1
409509.641699231,409569.641699231,0,560,248.148148148148,0,1
409569.641699231,409629.641699231,0,560,237.777777777778,0,1
409629.641699231,409689.641699231,0,560,227.407407407407,0,1
409689.641699231,409749.641699231,0,560,217.037037037037,0,1
409749.641699231,409809.641699231,0,560,206.666666666667,0,1
409809.641699231,409869.641699231,0,230,202.407407407407,0,0
409869.641699231,409929.641699231,0,230,198.148148148148,0,0
409929.641699231,409989.641699231,0,230,193.888888888889,0,0
409989.641699231,410049.641699231,0,230,189.62962962963,0,0
410049.641699231,410109.641699231,0,230,185.37037037037,0,0
410109.641699231,410169.641699231,0,230,181.111111111111,0,0
410169.641699231,410229.641699231,0,230,176.851851851852,0,0
410229.641699231,410289.641699231,0,230,172.592592592592,0,0
410289.641699231,410349.641699231,0,230,168.333333333333,0,0
410349.641699231,410409.641699231,0,230,164.074074074074,0,0
410409.641699231,410469.641699231,0,230,159.814814814815,0,0
410469.641699231,410529.641699231,0,230,155.555555555555,0,0
410529.641699231,410589.641699231,0,230,151.296296296296,0,0
410589.641699231,410649.641699231,0,230,147.037037037037,0,0
410649.641699231,410709.641699231,0,230,142.777777777778,0,0
410709.641699231,410769.641699231,0,230,138.518518518518,0,0
410769.641699231,410829.641699231,0,230,134.259259259259,0,0
410829.641699231,410889.641699231,0,230,130,0,0
410889.641699231,410949.641699231,0,230,125.740740740741,0,0
410949.641699231,411009.641699231,0,230,121.481481481481,0,0
411009.641699231,411069.641699231,0,230,117.222222222222,0,0
411069.641699231,411129.641699231,0,230,112.962962962963,0,0
411129.641699231,411189.641699231,0,230,108.703703703703,0,0
411189.641699231,411249.641699231,0,230,104.444444444444,0,0
411249.641699231,411309.641699231,0,230,100.185185185185,0,0
411309.641699231,411369.641699231,0,230,95.9259259259256,0,0
411369.641699231,411406.330847885,0,230,93.3214493239526,0,0
411406.330847885,411466.330847885,650,230,99.3214493239526,0,0
411466.330847885,411526.330847885,650,230,105.321449323953,0,0
411526.330847885,411586.330847885,650,230,111.321449323953,0,0
411586.330847885,411646.330847885,650,230,117.321449323953,0,0
411646.330847885,411706.330847885,650,230,123.321449323953,0,0
411706.330847885,411766.330847885,650,230,129.321449323953,0,0
411766.330847885,411826.330847885,650,230,135.321449323953,0,0
411826.330847885,411886.330847885,650,230,141.321449323953,0,0
411886.330847885,411946.330847885,650,230,147.321449323953,0,0
411946.330847885,412006.330847885,650,230,153.321449323953,0,0
412006.330847885,412066.330847885,650,230,159.321449323953,0,0
412066.330847885,412126.330847885,650,230,165.321449323953,0,0
412126.330847885,412186.330847885,650,230,171.321449323953,0,0
412186.330847885,412246.330847885,650,230,177.321449323953,0,0
412246.330847885,412306.330847885,650,230,183.321449323953,0,0
412306.330847885,412366.330847885,650,230,189.321449323953,0,0
412366.330847885,412426.330847885,650,230,195.321449323953,0,0
412426.330847885,412486.330847885,650,230,201.321449323953,0,0
412486.330847885,412546.330847885,650,230,207.321449323953,0,0
412546.330847885,412606.330847885,650,230,213.321449323953,0,0
412606.330847885,412666.330847885,650,230,219.321449323953,0,0
412666.330847885,412726.330847885,650,230,225.321449323953,0,0
412726.330847885,412786.330847885,650,230,231.321449323953,0,0
412786.330847885,412846.330847885,650,230,237.321449323953,0,0
412846.330847885,412906.330847885,650,230,243.321449323953,0,0
412906.330847885,412966.330847885,650,230,249.321449323953,0,0
412966.330847885,413026.330847885,650,230,255.321449323953,0,0
413026.330847885,413086.330847885,650,230,261.321449323953,0,0
413086.330847885,413146.330847885,650,230,267.321449323953,0,0
413146.330847885,413206.330847885,650,230,273.321449323953,0,0
413206.330847885,413207.482681065,650,230,273.436632641998,0,0
413207.482681065,413267.482681065,650,560,274.786632641998,0,1
413267.482681065,413327.482681065,650,560,276.136632641998,0,1
413327.482681065,413387.482681065,650,560,277.486632641998,0,1
413387.482681065,413447.482681065,650,560,278.836632641998,0,1
413447.482681065,413507.482681065,650,560,280.186632641998,0,1
413507.482681065,413567.482681065,650,560,281.536632641998,0,1
413567.482681065,413627.482681065,650,560,282.886632641998,0,1
413627.482681065,413687.482681065,650,560,284.236632641998,0,1
413687.482681065,413747.482681065,650,560,285.586632641998,0,1
413747.482681065,413807.482681065,650,560,286.936632641998,0,1
413807.482681065,413867.482681065,650,560,288.286632641998,0,1
413867.482681065,413927.482681065,650,560,289.636632641998,0,1
413927.482681065,413987.482681065,650,560,290.986632641998,0,1
413987.482681065,414047.482681065,650,560,292.336632641998,0,1
414047.482681065,414107.482681065,650,560,293.686632641998,0,1
414107.482681065,414167.482681065,650,560,295.036632641998,0,1
414167.482681065,414227.482681065,650,560,296.386632641998,0,1
414227.482681065,414287.482681065,650,560,297.736632641998,0,1
414287.482681065,414347.482681065,650,560,299.086632641999,0,1
414347.482681065,414407.482681065,650,560,300,0,1
414407.482681065,414467.482681065,650,560,300,0,1
414467.482681065,414527.482681065,650,560,300,0,1
414527.482681065,414587.482681065,650,560,300,0,1
414587.482681065,414647.482681065,650,560,300,0,1
414647.482681065,414707.482681065,650,560,300,0,1
414707.482681065,414767.482681065,650,560,300,0,1
414767.482681065,414827.482681065,650,560,300,0,1
414827.482681065,414887.482681065,650,560,300,0,1
414887.482681065,414947.482681065,650,560,300,0,1
414947.482681065,415007.482681065,650,560,300,0,1
415007.482681065,415008.634514246,650,560,300,0,1
415008.634514246,415068.634514246,0,560,289.62962962963,0,1
415068.634514246,415128.634514246,0,560,279.259259259259,0,1
415128.634514246,415188.634514246,0,560,268.888888888889,0,1
415188.634514246,415248.634514246,0,560,258.518518518518,0,1
415248.634514246,415308.634514246,0,560,248.148148148148,0,1
415308.634514246,415368.634514246,0,560,237.777777777778,0,1
415368.634514246,415428.634514246,0,560,227.407407407407,0,1
415428.634514246,415488.634514246,0,560,217.037037037037,0,1
415488.634514246,415548.634514246,0,560,206.666666666667,0,1
415548.634514246,415608.634514246,0,230,202.407407407407,0,0
415608.634514246,415668.634514246,0,230,198.148148148148,0,0
415668.634514246,415728.634514246,0,230,193.888888888889,0,0
415728.634514246,415788.634514246,0,230,189.62962962963,0,0
415788.634514246,415848.634514246,0,230,185.37037037037,0,0
415848.634514246,415908.634514246,0,230,181.111111111111,0,0
415908.634514246,415968.634514246,0,230,176.851851851852,0,0
415968.634514246,416028.634514246,0,230,172.592592592592,0,0
416028.634514246,416088.634514246,0,230,168.333333333333,0,0
416088.634514246,416148.634514246,0,230,164.074074074074,0,0
416148.634514246,416208.634514246,0,230,159.814814814815,0,0
416208.634514246,416268.634514246,0,230,155.555555555555,0,0
416268.634514246,416328.634514246,0,230,151.296296296296,0,0
416328.634514246,416388.634514246,0,230,147.037037037037,0,0
416388.634514246,416448.634514246,0,230,142.777777777778,0,0
416448.634514246,416508.634514246,0,230,138.518518518518,0,0
416508.634514246,416568.634514246,0,230,134.259259259259,0,0
416568.634514246,416628.634514246,0,230,130,0,0
416628.634514246,416688.634514246,0,230,125.740740740741,0,0
416688.634514246,416748.634514246,0,230,121.481481481481,0,0
416748.634514246,416808.634514246,0,230,117.222222222222,0,0
416808.634514246,416868.634514246,0,230,112.962962962963,0,0
416868.634514246,416928.634514246,0,230,108.703703703703,0,0
416928.634514246,416988.634514246,0,230,104.444444444444,0,0
416988.634514246,417048.634514246,0,230,100.185185185185,0,0
417048.634514246,417108.634514246,0,230,95.9259259259256,0,0
417108.634514246,417145.3236629,0,230,93.3214493239526,0,0
417145.3236629,417205.3236629,650,230,99.3214493239526,0,0
417205.3236629,417265.3236629,650,230,105.321449323953,0,0
417265.3236629,417325.3236629,650,230,111.321449323953,0,0
417325.3236629,417385.3236629,650,230,117.321449323953,0,0
417385.3236629,417445.3236629,650,230,123.321449323953,0,0
417445.3236629,417505.3236629,650,230,129.321449323953,0,0
417505.3236629,417565.3236629,650,230,135.321449323953,0,0
417565.3236629,417625.3236629,650,230,141.321449323953,0,0
417625.3236629,417685.3236629,650,230,147.321449323953,0,0
417685.3236629,417745.3236629,650,230,153.321449323953,0,0
417745.3236629,417805.3236629,650,230,159.321449323953,0,0
417805.3236629,417865.3236629,650,230,165.321449323953,0,0
417865.3236629,417925.3236629,650,230,171.321449323953,0,0
417925.3236629,417985.3236629,650,230,177.321449323953,0,0
417985.3236629,418045.3236629,650,230,183.321449323953,0,0
418045.3236629,418105.3236629,650,230,189.321449323953,0,0
418105.3236629,418165.3236629,650,230,195.321449323953,0,0
418165.3236629,418225.3236629,650,230,201.321449323953,0,0
418225.3236629,418285.3236629,650,230,207.321449323953,0,0
418285.3236629,418345.3236629,650,230,213.321449323953,0,0
418345.3236629,418405.3236629,650,230,219.321449323953,0,0
418405.3236629,418465.3236629,650,230,225.321449323953,0,0
418465.3236629,418525.3236629,650,230,231.321449323953,0,0
418525.3236629,418585.3236629,650,230,237.321449323953,0,0
418585.3236629,418645.3236629,650,230,243.321449323953,0,0
418645.3236629,418705.3236629,650,230,249.321449323953,0,0
418705.3236629,418765.3236629,650,230,255.321449323953,0,0
418765.3236629,418825.3236629,650,230,261.321449323953,0,0
418825.3236629,418885.3236629,650,230,267.321449323953,0,0
418885.3236629,418945.3236629,650,230,273.321449323953,0,0
418945.3236629,418946.47549608,650,230,273.436632641998,0,0
418946.47549608,419006.47549608,650,560,274.786632641998,0,1
419006.47549608,419066.47549608,650,560,276.136632641998,0,1
419066.47549608,419126.47549608,650,560,277.486632641998,0,1
419126.47549608,419186.47549608,650,560,278.836632641998,0,1
419186.47549608,419246.47549608,650,560,280.186632641998,0,1
419246.47549608,419306.47549608,650,560,281.536632641998,0,1
419306.47549608,419366.47549608,650,560,282.886632641998,0,1
419366.47549608,419426.47549608,650,560,284.236632641998,0,1
419426.47549608,419486.47549608,650,560,285.586632641998,0,1
419486.47549608,419546.47549608,650,560,286.936632641998,0,1
419546.47549608,419606.47549608,650,560,288.286632641998,0,1
419606.47549608,419666.47549608,650,560,289.636632641998,0,1
419666.47549608,419726.47549608,650,560,290.986632641998,0,1
419726.47549608,419786.47549608,650,560,292.336632641998,0,1
419786.47549608,419846.47549608,650,560,293.686632641998,0,1
419846.47549608,419906.47549608,650,560,295.036632641998,0,1
419906.47549608,419966.47549608,650,560,296.386632641998,0,1
419966.47549608,420026.47549608,650,560,297.736632641998,0,1
420026.47549608,420086.47549608,650,560,299.086632641999,0,1
420086.47549608,420146.47549608,650,560,300,0,1
420146.47549608,420206.47549608,650,560,300,0,1
420206.47549608,420266.47549608,650,560,300,0,1
420266.47549608,420326.47549608,650,560,300,0,1
420326.47549608,420386.47549608,650,560,300,0,1
420386.47549608,420446.47549608,650,560,300,0,1
420446.47549608,420506.47549608,650,560,300,0,1
420506.47549608,420566.47549608,650,560,300,0,1
420566.47549608,420626.47549608,650,560,300,0,1
420626.47549608,420686.47549608,650,560,300,0,1
420686.47549608,420746.47549608,650,560,300,0,1
420746.47549608,420747.627329261,650,560,300,0,1
420747.627329261,420807.627329261,0,560,289.62962962963,0,1
420807.627329261,420867.627329261,0,560,279.259259259259,0,1
420867.627329261,420927.627329261,0,560,268.888888888889,0,1
420927.627329261,420987.627329261,0,560,258.518518518518,0,1
420987.627329261,421047.627329261,0,560,248.148148148148,0,1
421047.627329261,421107.627329261,0,560,237.777777777778,0,1
421107.627329261,421167.627329261,0,560,227.407407407407,0,1
421167.627329261,421227.627329261,0,560,217.037037037037,0,1
421227.627329261,421287.627329261,0,560,206.666666666667,0,1
421287.627329261,421347.627329261,0,230,202.407407407407,0,0
421347.627329261,421407.627329261,0,230,198.148148148148,0,0
421407.627329261,421467.627329261,0,230,193.888888888889,0,0
421467.627329261,421527.627329261,0,230,189.62962962963,0,0
421527.627329261,421587.627329261,0,230,185.37037037037,0,0
421587.627329261,421647.627329261,0,230,181.111111111111,0,0
421647.627329261,421707.627329261,0,230,176.851851851852,0,0
421707.627329261,421767.627329261,0,230,172.592592592592,0,0
421767.627329261,421827.627329261,0,230,168.333333333333,0,0
421827.627329261,421887.627329261,0,230,164.074074074074,0,0
421887.627329261,421947.627329261,0,230,159.814814814815,0,0
421947.627329261,422007.627329261,0,230,155.555555555555,0,0
422007.627329261,422067.627329261,0,230,151.296296296296,0,0
422067.627329261,422127.627329261,0,230,147.037037037037,0,0
422127.627329261,422187.627329261,0,230,142.777777777778,0,0
422187.627329261,422247.627329261,0,230,138.518518518518,0,0
422247.627329261,422307.627329261,0,230,134.259259259259,0,0
422307.627329261,422367.627329261,0,230,130,0,0
422367.627329261,422427.627329261,0,230,125.740740740741,0,0
422427.627329261,422487.627329261,0,230,121.481481481481,0,0
422487.627329261,422547.627329261,0,230,117.222222222222,0,0
422547.627329261,422607.627329261,0,230,112.962962962963,0,0
422607.627329261,422667.627329261,0,230,108.703703703703,0,0
422667.627329261,422727.627329261,0,230,104.444444444444,0,0
422727.627329261,422787.627329261,0,230,100.185185185185,0,0
422787.627329261,422847.627329261,0,230,95.9259259259256,0,0
422847.627329261,422884.316477915,0,230,93.3214493239526,0,0
422884.316477915,422944.316477915,650,230,99.3214493239526,0,0
422944.316477915,423004.316477915,650,230,105.321449323953,0,0
423004.316477915,423064.316477915,650,230,111.321449323953,0,0
423064.316477915,423124.316477915,650,230,117.321449323953,0,0
423124.316477915,423184.316477915,650,230,123.321449323953,0,0
423184.316477915,423244.316477915,650,230,129.321449323953,0,0
423244.316477915,423304.316477915,650,230,135.321449323953,0,0
423304.316477915,423364.316477915,650,230,141.321449323953,0,0
423364.316477915,423424.316477915,650,230,147.321449323953,0,0
423424.316477915,423484.316477915,650,230,153.321449323953,0,0
423484.316477915,423544.316477915,650,230,159.321449323953,0,0
423544.316477915,423604.316477915,650,230,165.321449323953,0,0
423604.316477915,423664.316477915,650,230,171.321449323953,0,0
423664.316477915,423724.316477915,650,230,177.321449323953,0,0
423724.316477915,423784.316477915,650,230,183.321449323953,0,0
423784.316477915,423844.316477915,650,230,189.321449323953,0,0
423844.316477915,423904.316477915,650,230,195.321449323953,0,0
423904.316477915,423964.316477915,650,230,201.321449323953,0,0
423964.316477915,424024.316477915,650,230,207.321449323953,0,0
424024.316477915,424084.316477915,650,230,213.321449323953,0,0
424084.316477915,424144.316477915,650,230,219.321449323953,0,0
424144.316477915,424204.316477915,650,230,225.321449323953,0,0
424204.316477915,424264.316477915,650,230,231.321449323953,0,0
424264.316477915,424324.316477915,650,230,237.321449323953,0,0
424324.316477915,424384.316477915,650,230,243.321449323953,0,0
424384.316477915,424444.316477915,650,230,249.321449323953,0,0
424444.316477915,424504.316477915,650,230,255.321449323953,0,0
424504.316477915,424564.316477915,650,230,261.321449323953,0,0
424564.316477915,424624.316477915,650,230,267.321449323953,0,0
424624.316477915,424684.316477915,650,230,273.321449323953,0,0
424684.316477915,424685.468311095,650,230,273.436632641998,0,0
424685.468311095,424745.468311095,650,560,274.786632641998,0,1
424745.468311095,424805.468311095,650,560,276.136632641998,0,1
424805.468311095,424865.468311095,650,560,277.486632641998,0,1
424865.468311095,424925.468311095,650,560,278.836632641998,0,1
424925.468311095,424985.468311095,650,560,280.186632641998,0,1
424985.468311095,425045.468311095,650,560,281.536632641998,0,1
425045.468311095,425105.468311095,650,560,282.886632641998,0,1
425105.468311095,425165.468311095,650,560,284.236632641998,0,1
425165.468311095,425225.468311095,650,560,285.586632641998,0,1
425225.468311095,425285.468311095,650,560,286.936632641998,0,1
425285.468311095,425345.468311095,650,560,288.286632641998,0,1
425345.468311095,425405.468311095,650,560,289.636632641998,0,1
425405.468311095,425465.468311095,650,560,290.986632641998,0,1
425465.468311095,425525.468311095,650,560,292.336632641998,0,1
425525.468311095,425585.468311095,650,560,293.686632641998,0,1
425585.468311095,425645.468311095,650,560,295.036632641998,0,1
425645.468311095,425705.468311095,650,560,296.386632641998,0,1
425705.468311095,425765.468311095,650,560,297.736632641998,0,1
425765.468311095,425825.468311095,650,560,299.086632641999,0,1
425825.468311095,425885.468311095,650,560,300,0,1
425885.468311095,425945.468311095,650,560,300,0,1
425945.468311095,426005.468311095,650,560,300,0,1
426005.468311095,426065.468311095,650,560,300,0,1
426065.468311095,426125.468311095,650,560,300,0,1
426125.468311095,426185.468311095,650,560,300,0,1
426185.468311095,426245.468311095,650,560,300,0,1
426245.468311095,426305.468311095,650,560,300,0,1
426305.468311095,426365.468311095,650,560,300,0,1
426365.468311095,426425.468311095,650,560,300,0,1
426425.468311095,426485.468311095,650,560,300,0,1
426485.468311095,426486.620144275,650,560,300,0,1
426486.620144275,426546.620144275,0,560,289.62962962963,0,1
426546.620144275,426606.620144275,0,560,279.259259259259,0,1
426606.620144275,426666.620144275,0,560,268.888888888889,0,1
426666.620144275,426726.620144275,0,560,258.518518518518,0,1
426726.620144275,426786.620144275,0,560,248.148148148148,0,1
426786.620144275,426846.620144275,0,560,237.777777777778,0,1
426846.620144275,426906.620144275,0,560,227.407407407407,0,1
426906.620144275,426966.620144275,0,560,217.037037037037,0,1
426966.620144275,427026.620144275,0,560,206.666666666667,0,1
427026.620144275,427086.620144275,0,230,202.407407407407,0,0
427086.620144275,427146.620144275,0,230,198.148148148148,0,0
427146.620144275,427206.620144275,0,230,193.888888888889,0,0
427206.620144275,427266.620144275,0,230,189.62962962963,0,0
427266.620144275,427326.620144275,0,230,185.37037037037,0,0
427326.620144275,427386.620144275,0,230,181.111111111111,0,0
427386.620144275,427446.620144275,0,230,176.851851851852,0,0
427446.620144275,427506.620144275,0,230,172.592592592592,0,0
427506.620144275,427566.620144275,0,230,168.333333333333,0,0
427566.620144275,427626.620144275,0,230,164.074074074074,0,0
427626.620144275,427686.620144275,0,230,159.814814814815,0,0
427686.620144275,427746.620144275,0,230,155.555555555555,0,0
427746.620144275,427806.620144275,0,230,151.296296296296,0,0
427806.620144275,427866.620144275,0,230,147.037037037037,0,0
427866.620144275,427926.620144275,0,230,142.777777777778,0,0
427926.620144275,427986.620144275,0,230,138.518518518518,0,0
427986.620144275,428046.620144275,0,230,134.259259259259,0,0
428046.620144275,428106.620144275,0,230,130,0,0
428106.620144275,428166.620144275,0,230,125.740740740741,0,0
428166.620144275,428226.620144275,0,230,121.481481481481,0,0
428226.620144275,428286.620144275,0,230,117.222222222222,0,0
428286.620144275,428346.620144275,0,230,112.962962962963,0,0
428346.620144275,428406.620144275,0,230,108.703703703703,0,0
428406.620144275,428466.620144275,0,230,104.444444444444,0,0
428466.620144275,428526.620144275,0,230,100.185185185185,0,0
428526.620144275,428586.620144275,0,230,95.9259259259256,0,0
428586.620144275,428623.309292929,0,230,93.3214493239526,0,0
428623.309292929,428683.309292929,650,230,99.3214493239526,0,0
428683.309292929,428743.309292929,650,230,105.321449323953,0,0
428743.309292929,428803.309292929,650,230,111.321449323953,0,0
428803.309292929,428863.309292929,650,230,117.321449323953,0,0
428863.309292929,428923.309292929,650,230,123.321449323953,0,0
428923.309292929,428983.309292929,650,230,129.321449323953,0,0
428983.309292929,429043.309292929,650,230,135.321449323953,0,0
429043.309292929,429103.309292929,650,230,141.321449323953,0,0
429103.309292929,429163.309292929,650,230,147.321449323953,0,0
429163.309292929,429223.309292929,650,230,153.321449323953,0,0
429223.309292929,429283.309292929,650,230,159.321449323953,0,0
429283.309292929,429343.309292929,650,230,165.321449323953,0,0
429343.309292929,429403.309292929,650,230,171.321449323953,0,0
429403.309292929,429463.309292929,650,230,177.321449323953,0,0
429463.309292929,429523.309292929,650,230,183.321449323953,0,0
429523.309292929,429583.309292929,650,230,189.321449323953,0,0
429583.309292929,429643.309292929,650,230,195.321449323953,0,0
429643.309292929,429703.309292929,650,230,201.321449323953,0,0
429703.309292929,429763.309292929,650,230,207.321449323953,0,0
429763.309292929,429823.309292929,650,230,213.321449323953,0,0
429823.309292929,429883.309292929,650,230,219.321449323953,0,0
429883.309292929,429943.309292929,650,230,225.321449323953,0,0
429943.309292929,430003.309292929,650,230,231.321449323953,0,0
430003.309292929,430063.309292929,650,230,237.321449323953,0,0
430063.309292929,430123.309292929,650,230,243.321449323953,0,0
430123.309292929,430183.309292929,650,230,249.321449323953,0,0
430183.309292929,430243.309292929,650,230,255.321449323953,0,0
430243.309292929,430303.309292929,650,230,261.321449323953,0,0
430303.309292929,430363.309292929,650,230,267.321449323953,0,0
430363.309292929,430423.309292929,650,230,273.321449323953,0,0
430423.309292929,430424.46112611,650,230,273.436632641998,0,0
430424.46112611,430484.46112611,650,560,274.786632641998,0,1
430484.46112611,430544.46112611,650,560,276.136632641998,0,1
430544.46112611,430604.46112611,650,560,277.486632641998,0,1
430604.46112611,430664.46112611,650,560,278.836632641998,0,1
430664.46112611,430724.46112611,650,560,280.186632641998,0,1
430724.46112611,430784.46112611,650,560,281.536632641998,0,1
430784.46112611,430844.46112611,650,560,282.886632641998,0,1
430844.46112611,430904.46112611,650,560,284.236632641998,0,1
430904.46112611,430964.46112611,650,560,285.586632641998,0,1
430964.46112611,431024.46112611,650,560,286.936632641998,0,1
431024.46112611,431084.46112611,650,560,288.286632641998,0,1
431084.46112611,431144.46112611,650,560,289.636632641998,0,1
431144.46112611,431204.46112611,650,560,290.986632641998,0,1
431204.46112611,431264.46112611,650,560,292.336632641998,0,1
431264.46112611,431324.46112611,650,560,293.686632641998,0,1
431324.46112611,431384.46112611,650,560,295.036632641998,0,1
431384.46112611,431444.46112611,650,560,296.386632641998,0,1
431444.46112611,431504.46112611,650,560,297.736632641998,0,1
431504.46112611,431564.46112611,650,560,299.086632641999,0,1
431564.46112611,431624.46112611,650,560,300,0,1
431624.46112611,431684.46112611,650,560,300,0,1
431684.46112611,431744.46112611,650,560,300,0,1
431744.46112611,431804.46112611,650,560,300,0,1
431804.46112611,431864.46112611,650,560,300,0,1
431864.46112611,431924.46112611,650,560,300,0,1
431924.46112611,431984.46112611,650,560,300,0,1
431984.46112611,432044.46112611,650,560,300,0,1
432044.46112611,432104.46112611,650,560,300,0,1
432104.46112611,432164.46112611,650,560,300,0,1
432164.46112611,432224.46112611,650,560,300,0,1
432224.46112611,432225.61295929,650,560,300,0,1
432225.61295929,432285.61295929,0,560,289.62962962963,0,1
432285.61295929,432345.61295929,0,560,279.259259259259,0,1
432345.61295929,432405.61295929,0,560,268.888888888889,0,1
432405.61295929,432465.61295929,0,560,258.518518518518,0,1
432465.61295929,432525.61295929,0,560,248.148148148148,0,1
432525.61295929,432585.61295929,0,560,237.777777777778,0,1
432585.61295929,432645.61295929,0,560,227.407407407407,0,1
432645.61295929,432705.61295929,0,560,217.037037037037,0,1
432705.61295929,432765.61295929,0,560,206.666666666667,0,1
432765.61295929,432825.61295929,0,230,202.407407407407,0,0
432825.61295929,432885.61295929,0,230,198.148148148148,0,0
432885.61295929,432945.61295929,0,230,193.888888888889,0,0
432945.61295929,433005.61295929,0,230,189.62962962963,0,0
433005.61295929,433065.61295929,0,230,185.37037037037,0,0
433065.61295929,433125.61295929,0,230,181.111111111111,0,0
433125.61295929,433185.61295929,0,230,176.851851851852,0,0
433185.61295929,433245.61295929,0,230,172.592592592592,0,0
433245.61295929,433305.61295929,0,230,168.333333333333,0,0
433305.61295929,433365.61295929,0,230,164.074074074074,0,0
433365.61295929,433425.61295929,0,230,159.814814814815,0,0
433425.61295929,433485.61295929,0,230,155.555555555555,0,0
433485.61295929,433545.61295929,0,230,151.296296296296,0,0
433545.61295929,433605.61295929,0,230,147.037037037037,0,0
433605.61295929,433665.61295929,0,230,142.777777777778,0,0
433665.61295929,433725.61295929,0,230,138.518518518518,0,0
433725.61295929,433785.61295929,0,230,134.259259259259,0,0
433785.61295929,433845.61295929,0,230,130,0,0
433845.61295929,433905.61295929,0,230,125.740740740741,0,0
433905.61295929,433965.61295929,0,230,121.481481481481,0,0
433965.61295929,434025.61295929,0,230,117.222222222222,0,0
434025.61295929,434085.61295929,0,230,112.962962962963,0,0
434085.61295929,434145.61295929,0,230,108.703703703703,0,0
434145.61295929,434205.61295929,0,230,104.444444444444,0,0
434205.61295929,434265.61295929,0,230,100.185185185185,0,0
434265.61295929,434325.61295929,0,230,95.9259259259256,0,0
434325.61295929,434362.302107944,0,230,93.3214493239526,0,0
434362.302107944,434422.302107944,650,230,99.3214493239526,0,0
434422.302107944,434482.302107944,650,230,105.321449323953,0,0
434482.302107944,434542.302107944,650,230,111.321449323953,0,0
434542.302107944,434602.302107944,650,230,117.321449323953,0,0
434602.302107944,434662.302107944,650,230,123.321449323953,0,0
434662.302107944,434722.302107944,650,230,129.321449323953,0,0
434722.302107944,434782.302107944,650,230,135.321449323953,0,0
434782.302107944,434842.302107944,650,230,141.321449323953,0,0
434842.302107944,434902.302107944,650,230,147.321449323953,0,0
434902.302107944,434962.302107944,650,230,153.321449323953,0,0
434962.302107944,435022.302107944,650,230,159.321449323953,0,0
435022.302107944,435082.302107944,650,230,165.321449323953,0,0
435082.302107944,435142.302107944,650,230,171.321449323953,0,0
435142.302107944,435202.302107944,650,230,177.321449323953,0,0
435202.302107944,435262.302107944,650,230,183.321449323953,0,0
435262.302107944,435322.302107944,650,230,189.321449323953,0,0
435322.302107944,435382.302107944,650,230,195.321449323953,0,0
435382.302107944,435442.302107944,650,230,201.321449323953,0,0
435442.302107944,435502.302107944,650,230,207.321449323953,0,0
435502.302107944,435562.302107944,650,230,213.321449323953,0,0
435562.302107944,435622.302107944,650,230,219.321449323953,0,0
435622.302107944,435682.302107944,650,230,225.321449323953,0,0
435682.302107944,435742.302107944,650,230,231.321449323953,0,0
435742.302107944,435802.302107944,650,230,237.321449323953,0,0
435802.302107944,435862.302107944,650,230,243.321449323953,0,0
435862.302107944,435922.302107944,650,230,249.321449323953,0,0
435922.302107944,435982.302107944,650,230,255.321449323953,0,0
435982.302107944,436042.302107944,650,230,261.321449323953,0,0
436042.302107944,436102.302107944,650,230,267.321449323953,0,0
436102.302107944,436162.302107944,650,230,273.321449323953,0,0
436162.302107944,436163.453941125,650,230,273.436632641998,0,0
436163.453941125,436223.453941125,650,560,274.786632641998,0,1
436223.453941125,436283.453941125,650,560,276.136632641998,0,1
436283.453941125,436343.453941125,650,560,277.486632641998,0,1
436343.453941125,436403.453941125,650,560,278.836632641998,0,1
436403.453941125,436463.453941125,650,560,280.186632641998,0,1
436463.453941125,436523.453941125,650,560,281.536632641998,0,1
436523.453941125,436583.453941125,650,560,282.886632641998,0,1
436583.453941125,436643.453941125,650,560,284.236632641998,0,1
436643.453941125,436703.453941125,650,560,285.586632641998,0,1
436703.453941125,436763.453941125,650,560,286.936632641998,0,1
436763.453941125,436823.453941125,650,560,288.286632641998,0,1
436823.453941125,436883.453941125,650,560,289.636632641998,0,1
436883.453941125,436943.453941125,650,560,290.986632641998,0,1
436943.453941125,437003.453941125,650,560,292.336632641998,0,1
437003.453941125,437063.453941125,650,560,293.686632641998,0,1
437063.453941125,437123.453941125,650,560,295.036632641998,0,1
437123.453941125,437183.453941125,650,560,296.386632641998,0,1
437183.453941125,437243.453941125,650,560,297.736632641998,0,1
437243.453941125,437303.453941125,650,560,299.086632641999,0,1
437303.453941125,437363.453941125,650,560,300,0,1
437363.453941125,437423.453941125,650,560,300,0,1
437423.453941125,437483.453941125,650,560,300,0,1
437483.453941125,437543.453941125,650,560,300,0,1
437543.453941125,437603.453941125,650,560,300,0,1
437603.453941125,437663.453941125,650,560,300,0,1
437663.453941125,437723.453941125,650,560,300,0,1
437723.453941125,437783.453941125,650,560,300,0,1
437783.453941125,437843.453941125,650,560,300,0,1
437843.453941125,437903.453941125,650,560,300,0,1
437903.453941125,437963.453941125,650,560,300,0,1
437963.453941125,437964.605774305,650,560,300,0,1
437964.605774305,438024.605774305,0,560,289.62962962963,0,1
438024.605774305,438084.605774305,0,560,279.259259259259,0,1
438084.605774305,438144.605774305,0,560,268.888888888889,0,1
438144.605774305,438204.605774305,0,560,258.518518518518,0,1
438204.605774305,438264.605774305,0,560,248.148148148148,0,1
438264.605774305,438324.605774305,0,560,237.777777777778,0,1
438324.605774305,438384.605774305,0,560,227.407407407407,0,1
438384.605774305,438444.605774305,0,560,217.037037037037,0,1
438444.605774305,438504.605774305,0,560,206.666666666667,0,1
438504.605774305,438564.605774305,0,230,202.407407407407,0,0
438564.605774305,438624.605774305,0,230,198.148148148148,0,0
438624.605774305,438684.605774305,0,230,193.888888888889,0,0
438684.605774305,438744.605774305,0,230,189.62962962963,0,0
438744.605774305,438804.605774305,0,230,185.37037037037,0,0
438804.605774305,438864.605774305,0,230,181.111111111111,0,0
438864.605774305,438924.605774305,0,230,176.851851851852,0,0
438924.605774305,438984.605774305,0,230,172.592592592592,0,0
438984.605774305,439044.605774305,0,230,168.333333333333,0,0
439044.605774305,439104.605774305,0,230,164.074074074074,0,0
439104.605774305,439164.605774305,0,230,159.814814814815,0,0
439164.605774305,439224.605774305,0,230,155.555555555555,0,0
439224.605774305,439284.605774305,0,230,151.296296296296,0,0
439284.605774305,439344.605774305,0,230,147.037037037037,0,0
439344.605774305,439404.605774305,0,230,142.777777777778,0,0
439404.605774305,439464.605774305,0,230,138.518518518518,0,0
439464.605774305,439524.605774305,0,230,134.259259259259,0,0
439524.605774305,439584.605774305,0,230,130,0,0
439584.605774305,439644.605774305,0,230,125.740740740741,0,0
439644.605774305,439704.605774305,0,230,121.481481481481,0,0
439704.605774305,439764.605774305,0,230,117.222222222222,0,0
439764.605774305,439824.605774305,0,230,112.962962962963,0,0
439824.605774305,439884.605774305,0,230,108.703703703703,0,0
439884.605774305,439944.605774305,0,230,104.444444444444,0,0
439944.605774305,440004.605774305,0,230,100.185185185185,0,0
440004.605774305,440064.605774305,0,230,95.9259259259256,0,0
440064.605774305,440101.294922959,0,230,93.3214493239526,0,0
440101.294922959,440161.294922959,650,230,99.3214493239526,0,0
440161.294922959,440221.294922959,650,230,105.321449323953,0,0
440221.294922959,440281.294922959,650,230,111.321449323953,0,0
440281.294922959,440341.294922959,650,230,117.321449323953,0,0
440341.294922959,440401.294922959,650,230,123.321449323953,0,0
440401.294922959,440461.294922959,650,230,129.321449323953,0,0
440461.294922959,440521.294922959,650,230,135.321449323953,0,0
440521.294922959,440581.294922959,650,230,141.321449323953,0,0
440581.294922959,440641.294922959,650,230,147.321449323953,0,0
440641.294922959,440701.294922959,650,230,153.321449323953,0,0
440701.294922959,440761.294922959,650,230,159.321449323953,0,0
440761.294922959,440821.294922959,650,230,165.321449323953,0,0
440821.294922959,440881.294922959,650,230,171.321449323953,0,0
440881.294922959,440941.294922959,650,230,177.321449323953,0,0
440941.294922959,441001.294922959,650,230,183.321449323953,0,0
441001.294922959,441061.294922959,650,230,189.321449323953,0,0
441061.294922959,441121.294922959,650,230,195.321449323953,0,0
441121.294922959,441181.294922959,650,230,201.321449323953,0,0
441181.294922959,441241.294922959,650,230,207.321449323953,0,0
441241.294922959,441301.294922959,650,230,213.321449323953,0,0
441301.294922959,441361.294922959,650,230,219.321449323953,0,0
441361.294922959,441421.294922959,650,230,225.321449323953,0,0
441421.294922959,441481.294922959,650,230,231.321449323953,0,0
441481.294922959,441541.294922959,650,230,237.321449323953,0,0
441541.294922959,441601.294922959,650,230,243.321449323953,0,0
441601.294922959,441661.294922959,650,230,249.321449323953,0,0
441661.294922959,441721.294922959,650,230,255.321449323953,0,0
441721.294922959,441781.294922959,650,230,261.321449323953,0,0
441781.294922959,441841.294922959,650,230,267.321449323953,0,0
441841.294922959,441901.294922959,650,230,273.321449323953,0,0
441901.294922959,441902.446756139,650,230,273.436632641998,0,0
441902.446756139,441962.446756139,650,560,274.786632641998,0,1
441962.446756139,442022.446756139,650,560,276.136632641998,0,1
442022.446756139,442082.446756139,650,560,277.486632641998,0,1
442082.446756139,442142.446756139,650,560,278.836632641998,0,1
442142.446756139,442202.446756139,650,560,280.186632641998,0,1
442202.446756139,442262.446756139,650,560,281.536632641998,0,1
442262.446756139,442322.446756139,650,560,282.886632641998,0,1
442322.446756139,442382.446756139,650,560,284.236632641998,0,1
442382.446756139,442442.446756139,650,560,285.586632641998,0,1
442442.446756139,442502.446756139,650,560,286.936632641998,0,1
442502.446756139,442562.446756139,650,560,288.286632641998,0,1
442562.446756139,442622.446756139,650,560,289.636632641998,0,1
442622.446756139,442682.446756139,650,560,290.986632641998,0,1
442682.446756139,442742.446756139,650,560,292.336632641998,0,1
442742.446756139,442802.446756139,650,560,293.686632641998,0,1
442802.446756139,442862.446756139,650,560,295.036632641998,0,1
442862.446756139,442922.446756139,650,560,296.386632641998,0,1
442922.446756139,442982.446756139,650,560,297.736632641998,0,1
442982.446756139,443042.446756139,650,560,299.086632641999,0,1
443042.446756139,443102.446756139,650,560,300,0,1
443102.446756139,443162.446756139,650,560,300,0,1
443162.446756139,443222.446756139,650,560,300,0,1
443222.446756139,443282.446756139,650,560,300,0,1
443282.446756139,443342.446756139,650,560,300,0,1
443342.446756139,443402.446756139,650,560,300,0,1
443402.446756139,443462.446756139,650,560,300,0,1
443462.446756139,443522.446756139,650,560,300,0,1
443522.446756139,443582.446756139,650,560,300,0,1
443582.446756139,443642.446756139,650,560,300,0,1
443642.446756139,443702.446756139,650,560,300,0,1
443702.446756139,443703.59858932,650,560,300,0,1
443703.59858932,443763.59858932,0,560,289.62962962963,0,1
443763.59858932,443823.59858932,0,560,279.259259259259,0,1
443823.59858932,443883.59858932,0,560,268.888888888889,0,1
443883.59858932,443943.59858932,0,560,258.518518518518,0,1
443943.59858932,444003.59858932,0,560,248.148148148148,0,1
444003.59858932,444063.59858932,0,560,237.777777777778,0,1
444063.59858932,444123.59858932,0,560,227.407407407407,0,1
444123.59858932,444183.59858932,0,560,217.037037037037,0,1
444183.59858932,444243.59858932,0,560,206.666666666667,0,1
444243.59858932,444303.59858932,0,230,202.407407407407,0,0
444303.59858932,444363.59858932,0,230,198.148148148148,0,0
444363.59858932,444423.59858932,0,230,193.888888888889,0,0
444423.59858932,444483.59858932,0,230,189.62962962963,0,0
444483.59858932,444543.59858932,0,230,185.37037037037,0,0
444543.59858932,444603.59858932,0,230,181.111111111111,0,0
444603.59858932,444663.59858932,0,230,176.851851851852,0,0
444663.59858932,444723.59858932,0,230,172.592592592592,0,0
444723.59858932,444783.59858932,0,230,168.333333333333,0,0
444783.59858932,444843.59858932,0,230,164.074074074074,0,0
444843.59858932,444903.59858932,0,230,159.814814814815,0,0
444903.59858932,444963.59858932,0,230,155.555555555555,0,0
444963.59858932,445023.59858932,0,230,151.296296296296,0,0
445023.59858932,445083.59858932,0,230,147.037037037037,0,0
445083.59858932,445143.59858932,0,230,142.777777777778,0,0
445143.59858932,445203.59858932,0,230,138.518518518518,0,0
445203.59858932,445263.59858932,0,230,134.259259259259,0,0
445263.59858932,445323.59858932,0,230,130,0,0
445323.59858932,445383.59858932,0,230,125.740740740741,0,0
445383.59858932,445443.59858932,0,230,121.481481481481,0,0
445443.59858932,445503.59858932,0,230,117.222222222222,0,0
445503.59858932,445563.59858932,0,230,112.962962962963,0,0
445563.59858932,445623.59858932,0,230,108.703703703703,0,0
445623.59858932,445683.59858932,0,230,104.444444444444,0,0
445683.59858932,445743.59858932,0,230,100.185185185185,0,0
445743.59858932,445803.59858932,0,230,95.9259259259256,0,0
445803.59858932,445840.287737974,0,230,93.3214493239526,0,0
445840.287737974,445900.287737974,650,230,99.3214493239526,0,0
445900.287737974,445960.287737974,650,230,105.321449323953,0,0
445960.287737974,446020.287737974,650,230,111.321449323953,0,0
446020.287737974,446080.287737974,650,230,117.321449323953,0,0
446080.287737974,446140.287737974,650,230,123.321449323953,0,0
446140.287737974,446200.287737974,650,230,129.321449323953,0,0
446200.287737974,446260.287737974,650,230,135.321449323953,0,0
446260.287737974,446320.287737974,650,230,141.321449323953,0,0
446320.287737974,446380.287737974,650,230,147.321449323953,0,0
446380.287737974,446440.287737974,650,230,153.321449323953,0,0
446440.287737974,446500.287737974,650,230,159.321449323953,0,0
446500.287737974,446560.287737974,650,230,165.321449323953,0,0
446560.287737974,446620.287737974,650,230,171.321449323953,0,0
446620.287737974,446680.287737974,650,230,177.321449323953,0,0
446680.287737974,446740.287737974,650,230,183.321449323953,0,0
446740.287737974,446800.287737974,650,230,189.321449323953,0,0
446800.287737974,446860.287737974,650,230,195.321449323953,0,0
446860.287737974,446920.287737974,650,230,201.321449323953,0,0
446920.287737974,446980.287737974,650,230,207.321449323953,0,0
446980.287737974,447040.287737974,650,230,213.321449323953,0,0
447040.287737974,447100.287737974,650,230,219.321449323953,0,0
447100.287737974,447160.287737974,650,230,225.321449323953,0,0
447160.287737974,447220.287737974,650,230,231.321449323953,0,0
447220.287737974,447280.287737974,650,230,237.321449323953,0,0
447280.287737974,447340.287737974,650,230,243.321449323953,0,0
447340.287737974,447400.287737974,650,230,249.321449323953,0,0
447400.287737974,447460.287737974,650,230,255.321449323953,0,0
447460.287737974,447520.287737974,650,230,261.321449323953,0,0
447520.287737974,447580.287737974,650,230,267.321449323953,0,0
447580.287737974,447640.287737974,650,230,273.321449323953,0,0
447640.287737974,447641.439571154,650,230,273.436632641998,0,0
447641.439571154,447701.439571154,650,560,274.786632641998,0,1
447701.439571154,447761.439571154,650,560,276.136632641998,0,1
447761.439571154,447821.439571154,650,560,277.486632641998,0,1
447821.439571154,447881.439571154,650,560,278.836632641998,0,1
447881.439571154,447941.439571154,650,560,280.186632641998,0,1
447941.439571154,448001.439571154,650,560,281.536632641998,0,1
448001.439571154,448061.439571154,650,560,282.886632641998,0,1
448061.439571154,448121.439571154,650,560,284.236632641998,0,1
448121.439571154,448181.439571154,650,560,285.586632641998,0,1
448181.439571154,448241.439571154,650,560,286.936632641998,0,1
448241.439571154,448301.439571154,650,560,288.286632641998,0,1
448301.439571154,448361.439571154,650,560,289.636632641998,0,1
448361.439571154,448421.439571154,650,560,290.986632641998,0,1
448421.439571154,448481.439571154,650,560,292.336632641998,0,1
448481.439571154,448541.439571154,650,560,293.686632641998,0,1
448541.439571154,448601.439571154,650,560,295.036632641998,0,1
448601.439571154,448661.439571154,650,560,296.386632641998,0,1
448661.439571154,448721.439571154,650,560,297.736632641998,0,1
448721.439571154,448781.439571154,650,560,299.086632641999,0,1
448781.439571154,448841.439571154,650,560,300,0,1
448841.439571154,448901.439571154,650,560,300,0,1
448901.439571154,448961.439571154,650,560,300,0,1
448961.439571154,449021.439571154,650,560,300,0,1
449021.439571154,449081.439571154,650,560,300,0,1
449081.439571154,449141.439571154,650,560,300,0,1
449141.439571154,449201.439571154,650,560,300,0,1
449201.439571154,449261.439571154,650,560,300,0,1
449261.439571154,449321.439571154,650,560,300,0,1
449321.439571154,449381.439571154,650,560,300,0,1
449381.439571154,449441.439571154,650,560,300,0,1
449441.439571154,449442.591404335,650,560,300,0,1
449442.591404335,449502.591404335,0,560,289.62962962963,0,1
449502.591404335,449562.591404335,0,560,279.259259259259,0,1
449562.591404335,449622.591404335,0,560,268.888888888889,0,1
449622.591404335,449682.591404335,0,560,258.518518518518,0,1
449682.591404335,449742.591404335,0,560,248.148148148148,0,1
449742.591404335,449802.591404335,0,560,237.777777777778,0,1
449802.591404335,449862.591404335,0,560,227.407407407407,0,1
449862.591404335,449922.591404335,0,560,217.037037037037,0,1
449922.591404335,449982.591404335,0,560,206.666666666667,0,1
449982.591404335,450042.591404335,0,230,202.407407407407,0,0
450042.591404335,450102.591404335,0,230,198.148148148148,0,0
450102.591404335,450162.591404335,0,230,193.888888888889,0,0
450162.591404335,450222.591404335,0,230,189.62962962963,0,0
450222.591404335,450282.591404335,0,230,185.37037037037,0,0
450282.591404335,450342.591404335,0,230,181.111111111111,0,0
450342.591404335,450402.591404335,0,230,176.851851851852,0,0
450402.591404335,450462.591404335,0,230,172.592592592592,0,0
450462.591404335,450522.591404335,0,230,168.333333333333,0,0
450522.591404335,450582.591404335,0,230,164.074074074074,0,0
450582.591404335,450642.591404335,0,230,159.814814814815,0,0
450642.591404335,450702.591404335,0,230,155.555555555555,0,0
450702.591404335,450762.591404335,0,230,151.296296296296,0,0
450762.591404335,450822.591404335,0,230,147.037037037037,0,0
450822.591404335,450882.591404335,0,230,142.777777777778,0,0
450882.591404335,450942.591404335,0,230,138.518518518518,0,0
450942.591404335,451002.591404335,0,230,134.259259259259,0,0
451002.591404335,451062.591404335,0,230,130,0,0
451062.591404335,451122.591404335,0,230,125.740740740741,0,0
451122.591404335,451182.591404335,0,230,121.481481481481,0,0
451182.591404335,451242.591404335,0,230,117.222222222222,0,0
451242.591404335,451302.591404335,0,230,112.962962962963,0,0
451302.591404335,451362.591404335,0,230,108.703703703703,0,0
451362.591404335,451422.591404335,0,230,104.444444444444,0,0
451422.591404335,451482.591404335,0,230,100.185185185185,0,0
451482.591404335,451542.591404335,0,230,95.9259259259256,0,0
451542.591404335,451579.280552989,0,230,93.3214493239526,0,0
451579.280552989,451639.280552989,650,230,99.3214493239526,0,0
451639.280552989,451699.280552989,650,230,105.321449323953,0,0
451699.280552989,451759.280552989,650,230,111.321449323953,0,0
451759.280552989,451819.280552989,650,230,117.321449323953,0,0
451819.280552989,451879.280552989,650,230,123.321449323953,0,0
451879.280552989,451939.280552989,650,230,129.321449323953,0,0
451939.280552989,451999.280552989,650,230,135.321449323953,0,0
451999.280552989,452059.280552989,650,230,141.321449323953,0,0
452059.280552989,452119.280552989,650,230,147.321449323953,0,0
452119.280552989,452179.280552989,650,230,153.321449323953,0,0
452179.280552989,452239.280552989,650,230,159.321449323953,0,0
452239.280552989,452299.280552989,650,230,165.321449323953,0,0
452299.280552989,452359.280552989,650,230,171.321449323953,0,0
452359.280552989,452419.280552989,650,230,177.321449323953,0,0
452419.280552989,452479.280552989,650,230,183.321449323953,0,0
452479.280552989,452539.280552989,650,230,189.321449323953,0,0
452539.280552989,452599.280552989,650,230,195.321449323953,0,0
452599.280552989,452659.280552989,650,230,201.321449323953,0,0
452659.280552989,452719.280552989,650,230,207.321449323953,0,0
452719.280552989,452779.280552989,650,230,213.321449323953,0,0
452779.280552989,452839.280552989,650,230,219.321449323953,0,0
452839.280552989,452899.280552989,650,230,225.321449323953,0,0
452899.280552989,452959.280552989,650,230,231.321449323953,0,0
452959.280552989,453019.280552989,650,230,237.321449323953,0,0
453019.280552989,453079.280552989,650,230,243.321449323953,0,0
453079.280552989,453139.280552989,650,230,249.321449323953,0,0
453139.280552989,453199.280552989,650,230,255.321449323953,0,0
453199.280552989,453259.280552989,650,230,261.321449323953,0,0
453259.280552989,453319.280552989,650,230,267.321449323953,0,0
453319.280552989,453379.280552989,650,230,273.321449323953,0,0
453379.280552989,453380.432386169,650,230,273.436632641998,0,0
453380.432386169,453440.432386169,650,560,274.786632641998,0,1
453440.432386169,453500.432386169,650,560,276.136632641998,0,1
453500.432386169,453560.432386169,650,560,277.486632641998,0,1
453560.432386169,453620.432386169,650,560,278.836632641998,0,1
453620.432386169,453680.432386169,650,560,280.186632641998,0,1
453680.432386169,453740.432386169,650,560,281.536632641998,0,1
453740.432386169,453800.432386169,650,560,282.886632641998,0,1
453800.432386169,453860.432386169,650,560,284.236632641998,0,1
453860.432386169,453920.432386169,650,560,285.586632641998,0,1
453920.432386169,453980.432386169,650,560,286.936632641998,0,1
453980.432386169,454040.432386169,650,560,288.286632641998,0,1
454040.432386169,454100.432386169,650,560,289.636632641998,0,1
454100.432386169,454160.432386169,650,560,290.986632641998,0,1
454160.432386169,454220.432386169,650,560,292.336632641998,0,1
454220.432386169,454280.432386169,650,560,293.686632641998,0,1
454280.432386169,454340.432386169,650,560,295.036632641998,0,1
454340.432386169,454400.432386169,650,560,296.386632641998,0,1
454400.432386169,454460.432386169,650,560,297.736632641998,0,1
454460.432386169,454520.432386169,650,560,299.086632641999,0,1
454520.432386169,454580.432386169,650,560,300,0,1
454580.432386169,454640.432386169,650,560,300,0,1
454640.432386169,454700.432386169,650,560,300,0,1
454700.432386169,454760.432386169,650,560,300,0,1
454760.432386169,454820.432386169,650,560,300,0,1
454820.432386169,454880.432386169,650,560,300,0,1
454880.432386169,454940.432386169,650,560,300,0,1
454940.432386169,455000.432386169,650,560,300,0,1
455000.432386169,455060.432386169,650,560,300,0,1
455060.432386169,455120.432386169,650,560,300,0,1
455120.432386169,455180.432386169,650,560,300,0,1
455180.432386169,455181.584219349,650,560,300,0,1
455181.584219349,455241.584219349,0,560,289.62962962963,0,1
455241.584219349,455301.584219349,0,560,279.259259259259,0,1
455301.584219349,455361.584219349,0,560,268.888888888889,0,1
455361.584219349,455421.584219349,0,560,258.518518518518,0,1
455421.584219349,455481.584219349,0,560,248.148148148148,0,1
455481.584219349,455541.584219349,0,560,237.777777777778,0,1
455541.584219349,455601.584219349,0,560,227.407407407407,0,1
455601.584219349,455661.584219349,0,560,217.037037037037,0,1
455661.584219349,455721.584219349,0,560,206.666666666667,0,1
455721.584219349,455781.584219349,0,230,202.407407407407,0,0
455781.584219349,455841.584219349,0,230,198.148148148148,0,0
455841.584219349,455901.584219349,0,230,193.888888888889,0,0
455901.584219349,455961.584219349,0,230,189.62962962963,0,0
455961.584219349,456021.584219349,0,230,185.37037037037,0,0
456021.584219349,456081.584219349,0,230,181.111111111111,0,0
456081.584219349,456141.584219349,0,230,176.851851851852,0,0
456141.584219349,456201.584219349,0,230,172.592592592592,0,0
456201.584219349,456261.584219349,0,230,168.333333333333,0,0
456261.584219349,456321.584219349,0,230,164.074074074074,0,0
456321.584219349,456381.584219349,0,230,159.814814814815,0,0
456381.584219349,456441.584219349,0,230,155.555555555555,0,0
456441.584219349,456501.584219349,0,230,151.296296296296,0,0
456501.584219349,456561.584219349,0,230,147.037037037037,0,0
456561.584219349,456621.584219349,0,230,142.777777777778,0,0
456621.584219349,456681.584219349,0,230,138.518518518518,0,0
456681.584219349,456741.584219349,0,230,134.259259259259,0,0
456741.584219349,456801.584219349,0,230,130,0,0
456801.584219349,456861.584219349,0,230,125.740740740741,0,0
456861.584219349,456921.584219349,0,230,121.481481481481,0,0
456921.584219349,456981.584219349,0,230,117.222222222222,0,0
456981.584219349,457041.584219349,0,230,112.962962962963,0,0
457041.584219349,457101.584219349,0,230,108.703703703703,0,0
457101.584219349,457161.584219349,0,230,104.444444444444,0,0
457161.584219349,457221.584219349,0,230,100.185185185185,0,0
457221.584219349,457281.584219349,0,230,95.9259259259256,0,0
457281.584219349,457318.273368003,0,230,93.3214493239526,0,0
457318.273368003,457378.273368003,650,230,99.3214493239526,0,0
457378.273368003,457438.273368003,650,230,105.321449323953,0,0
457438.273368003,457498.273368003,650,230,111.321449323953,0,0
457498.273368003,457558.273368003,650,230,117.321449323953,0,0
457558.273368003,457618.273368003,650,230,123.321449323953,0,0
457618.273368003,457678.273368003,650,230,129.321449323953,0,0
457678.273368003,457738.273368003,650,230,135.321449323953,0,0
457738.273368003,457798.273368003,650,230,141.321449323953,0,0
457798.273368003,457858.273368003,650,230,147.321449323953,0,0
457858.273368003,457918.273368003,650,230,153.321449323953,0,0
457918.273368003,457978.273368003,650,230,159.321449323953,0,0
457978.273368003,458038.273368003,650,230,165.321449323953,0,0
458038.273368003,458098.273368003,650,230,171.321449323953,0,0
458098.273368003,458158.273368003,650,230,177.321449323953,0,0
458158.273368003,458218.273368003,650,230,183.321449323953,0,0
458218.273368003,458278.273368003,650,230,189.321449323953,0,0
458278.273368003,458338.273368003,650,230,195.321449323953,0,0
458338.273368003,458398.273368003,650,230,201.321449323953,0,0
458398.273368003,458458.273368003,650,230,207.321449323953,0,0
458458.273368003,458518.273368003,650,230,213.321449323953,0,0
458518.273368003,458578.273368003,650,230,219.321449323953,0,0
458578.273368003,458638.273368003,650,230,225.321449323953,0,0
458638.273368003,458698.273368003,650,230,231.321449323953,0,0
458698.273368003,458758.273368003,650,230,237.321449323953,0,0
458758.273368003,458818.273368003,650,230,243.321449323953,0,0
458818.273368003,458878.273368003,650,230,249.321449323953,0,0
458878.273368003,458938.273368003,650,230,255.321449323953,0,0
458938.273368003,458998.273368003,650,230,261.321449323953,0,0
458998.273368003,459058.273368003,650,230,267.321449323953,0,0
459058.273368003,459118.273368003,650,230,273.321449323953,0,0
459118.273368003,459119.425201184,650,230,273.436632641998,0,0
459119.425201184,459179.425201184,650,560,274.786632641998,0,1
459179.425201184,459239.425201184,650,560,276.136632641998,0,1
459239.425201184,459299.425201184,650,560,277.486632641998,0,1
459299.425201184,459359.425201184,650,560,278.836632641998,0,1
459359.425201184,459419.425201184,650,560,280.186632641998,0,1
459419.425201184,459479.425201184,650,560,281.536632641998,0,1
459479.425201184,459539.425201184,650,560,282.886632641998,0,1
459539.425201184,459599.425201184,650,560,284.236632641998,0,1
459599.425201184,459659.425201184,650,560,285.586632641998,0,1
459659.425201184,459719.425201184,650,560,286.936632641998,0,1
459719.425201184,459779.425201184,650,560,288.286632641998,0,1
459779.425201184,459839.425201184,650,560,289.636632641998,0,1
459839.425201184,459899.425201184,650,560,290.986632641998,0,1
459899.425201184,459959.425201184,650,560,292.336632641998,0,1
459959.425201184,460019.425201184,650,560,293.686632641998,0,1
460019.425201184,460079.425201184,650,560,295.036632641998,0,1
460079.425201184,460139.425201184,650,560,296.386632641998,0,1
460139.425201184,460199.425201184,650,560,297.736632641998,0,1
460199.425201184,460259.425201184,650,560,299.086632641999,0,1
460259.425201184,460319.425201184,650,560,300,0,1
460319.425201184,460379.425201184,650,560,300,0,1
460379.425201184,460439.425201184,650,560,300,0,1
460439.425201184,460499.425201184,650,560,300,0,1
460499.425201184,460559.425201184,650,560,300,0,1
460559.425201184,460619.425201184,650,560,300,0,1
460619.425201184,460679.425201184,650,560,300,0,1
460679.425201184,460739.425201184,650,560,300,0,1
460739.425201184,460799.425201184,650,560,300,0,1
460799.425201184,460859.425201184,650,560,300,0,1
460859.425201184,460919.425201184,650,560,300,0,1
460919.425201184,460920.577034364,650,560,300,0,1
460920.577034364,460980.577034364,0,560,289.62962962963,0,1
460980.577034364,461040.577034364,0,560,279.259259259259,0,1
461040.577034364,461100.577034364,0,560,268.888888888889,0,1
461100.577034364,461160.577034364,0,560,258.518518518518,0,1
461160.577034364,461220.577034364,0,560,248.148148148148,0,1
461220.577034364,461280.577034364,0,560,237.777777777778,0,1
461280.577034364,461340.577034364,0,560,227.407407407407,0,1
461340.577034364,461400.577034364,0,560,217.037037037037,0,1
461400.577034364,461460.577034364,0,560,206.666666666667,0,1
461460.577034364,461520.577034364,0,230,202.407407407407,0,0
461520.577034364,461580.577034364,0,230,198.148148148148,0,0
461580.577034364,461640.577034364,0,230,193.888888888889,0,0
461640.577034364,461700.577034364,0,230,189.62962962963,0,0
461700.577034364,461760.577034364,0,230,185.37037037037,0,0
461760.577034364,461820.577034364,0,230,181.111111111111,0,0
461820.577034364,461880.577034364,0,230,176.851851851852,0,0
461880.577034364,461940.577034364,0,230,172.592592592592,0,0
461940.577034364,462000.577034364,0,230,168.333333333333,0,0
462000.577034364,462060.577034364,0,230,164.074074074074,0,0
462060.577034364,462120.577034364,0,230,159.814814814815,0,0
462120.577034364,462180.577034364,0,230,155.555555555555,0,0
462180.577034364,462240.577034364,0,230,151.296296296296,0,0
462240.577034364,462300.577034364,0,230,147.037037037037,0,0
462300.577034364,462360.577034364,0,230,142.777777777778,0,0
462360.577034364,462420.577034364,0,230,138.518518518518,0,0
462420.577034364,462480.577034364,0,230,134.259259259259,0,0
462480.577034364,462540.577034364,0,230,130,0,0
462540.577034364,462600.577034364,0,230,125.740740740741,0,0
462600.577034364,462660.577034364,0,230,121.481481481481,0,0
462660.577034364,462720.577034364,0,230,117.222222222222,0,0
462720.577034364,462780.577034364,0,230,112.962962962963,0,0
462780.577034364,462840.577034364,0,230,108.703703703703,0,0
462840.577034364,462900.577034364,0,230,104.444444444444,0,0
462900.577034364,462960.577034364,0,230,100.185185185185,0,0
462960.577034364,463020.577034364,0,230,95.9259259259256,0,0
463020.577034364,463057.266183018,0,230,93.3214493239526,0,0
463057.266183018,463117.266183018,650,230,99.3214493239526,0,0
463117.266183018,463177.266183018,650,230,105.321449323953,0,0
463177.266183018,463237.266183018,650,230,111.321449323953,0,0
463237.266183018,463297.266183018,650,230,117.321449323953,0,0
463297.266183018,463357.266183018,650,230,123.321449323953,0,0
463357.266183018,463417.266183018,650,230,129.321449323953,0,0
463417.266183018,463477.266183018,650,230,135.321449323953,0,0
463477.266183018,463537.266183018,650,230,141.321449323953,0,0
463537.266183018,463597.266183018,650,230,147.321449323953,0,0
463597.266183018,463657.266183018,650,230,153.321449323953,0,0
463657.266183018,463717.266183018,650,230,159.321449323953,0,0
463717.266183018,463777.266183018,650,230,165.321449323953,0,0
463777.266183018,463837.266183018,650,230,171.321449323953,0,0
463837.266183018,463897.266183018,650,230,177.321449323953,0,0
463897.266183018,463957.266183018,650,230,183.321449323953,0,0
463957.266183018,464017.266183018,650,230,189.321449323953,0,0
464017.266183018,464077.266183018,650,230,195.321449323953,0,0
464077.266183018,464137.266183018,650,230,201.321449323953,0,0
464137.266183018,464197.266183018,650,230,207.321449323953,0,0
464197.266183018,464257.266183018,650,230,213.321449323953,0,0
464257.266183018,464317.266183018,650,230,219.321449323953,0,0
464317.266183018,464377.266183018,650,230,225.321449323953,0,0
464377.266183018,464437.266183018,650,230,231.321449323953,0,0
464437.266183018,464497.266183018,650,230,237.321449323953,0,0
464497.266183018,464557.266183018,650,230,243.321449323953,0,0
464557.266183018,464617.266183018,650,230,249.321449323953,0,0
464617.266183018,464677.266183018,650,230,255.321449323953,0,0
464677.266183018,464737.266183018,650,230,261.321449323953,0,0
464737.266183018,464797.266183018,650,230,267.321449323953,0,0
464797.266183018,464857.266183018,650,230,273.321449323953,0,0
464857.266183018,464858.418016199,650,230,273.436632641998,0,0
464858.418016199,464918.418016199,650,560,274.786632641998,0,1
464918.418016199,464978.418016199,650,560,276.136632641998,0,1
464978.418016199,465038.418016199,650,560,277.486632641998,0,1
465038.418016199,465098.418016199,650,560,278.836632641998,0,1
465098.418016199,465158.418016199,650,560,280.186632641998,0,1
465158.418016199,465218.418016199,650,560,281.536632641998,0,1
465218.418016199,465278.418016199,650,560,282.886632641998,0,1
465278.418016199,465338.418016199,650,560,284.236632641998,0,1
465338.418016199,465398.418016199,650,560,285.586632641998,0,1
465398.418016199,465458.418016199,650,560,286.936632641998,0,1
465458.418016199,465518.418016199,650,560,288.286632641998,0,1
465518.418016199,465578.418016199,650,560,289.636632641998,0,1
465578.418016199,465638.418016199,650,560,290.986632641998,0,1
465638.418016199,465698.418016199,650,560,292.336632641998,0,1
465698.418016199,465758.418016199,650,560,293.686632641998,0,1
465758.418016199,465818.418016199,650,560,295.036632641998,0,1
465818.418016199,465878.418016199,650,560,296.386632641998,0,1
465878.418016199,465938.418016199,650,560,297.736632641998,0,1
465938.418016199,465998.418016199,650,560,299.086632641999,0,1
465998.418016199,466058.418016199,650,560,300,0,1
466058.418016199,466118.418016199,650,560,300,0,1
466118.418016199,466178.418016199,650,560,300,0,1
466178.418016199,466238.418016199,650,560,300,0,1
466238.418016199,466298.418016199,650,560,300,0,1
466298.418016199,466358.418016199,650,560,300,0,1
466358.418016199,466418.418016199,650,560,300,0,1
466418.418016199,466478.418016199,650,560,300,0,1
466478.418016199,466538.418016199,650,560,300,0,1
466538.418016199,466598.418016199,650,560,300,0,1
466598.418016199,466658.418016199,650,560,300,0,1
466658.418016199,466659.569849379,650,560,300,0,1
466659.569849379,466719.569849379,0,560,289.62962962963,0,1
466719.569849379,466779.569849379,0,560,279.259259259259,0,1
466779.569849379,466839.569849379,0,560,268.888888888889,0,1
466839.569849379,466899.569849379,0,560,258.518518518518,0,1
466899.569849379,466959.569849379,0,560,248.148148148148,0,1
466959.569849379,467019.569849379,0,560,237.777777777778,0,1
467019.569849379,467079.569849379,0,560,227.407407407407,0,1
467079.569849379,467139.569849379,0,560,217.037037037037,0,1
467139.569849379,467199.569849379,0,560,206.666666666667,0,1
467199.569849379,467259.569849379,0,230,202.407407407407,0,0
467259.569849379,467319.569849379,0,230,198.148148148148,0,0
467319.569849379,467379.569849379,0,230,193.888888888889,0,0
467379.569849379,467439.569849379,0,230,189.62962962963,0,0
467439.569849379,467499.569849379,0,230,185.37037037037,0,0
467499.569849379,467559.569849379,0,230,181.111111111111,0,0
467559.569849379,467619.569849379,0,230,176.851851851852,0,0
467619.569849379,467679.569849379,0,230,172.592592592592,0,0
467679.569849379,467739.569849379,0,230,168.333333333333,0,0
467739.569849379,467799.569849379,0,230,164.074074074074,0,0
467799.569849379,467859.569849379,0,230,159.814814814815,0,0
467859.569849379,467919.569849379,0,230,155.555555555555,0,0
467919.569849379,467979.569849379,0,230,151.296296296296,0,0
467979.569849379,468039.569849379,0,230,147.037037037037,0,0
468039.569849379,468099.569849379,0,230,142.777777777778,0,0
468099.569849379,468159.569849379,0,230,138.518518518518,0,0
468159.569849379,468219.569849379,0,230,134.259259259259,0,0
468219.569849379,468279.569849379,0,230,130,0,0
468279.569849379,468339.569849379,0,230,125.740740740741,0,0
468339.569849379,468399.569849379,0,230,121.481481481481,0,0
468399.569849379,468459.569849379,0,230,117.222222222222,0,0
468459.569849379,468519.569849379,0,230,112.962962962963,0,0
468519.569849379,468579.569849379,0,230,108.703703703703,0,0
468579.569849379,468639.569849379,0,230,104.444444444444,0,0
468639.569849379,468699.569849379,0,230,100.185185185185,0,0
468699.569849379,468759.569849379,0,230,95.9259259259256,0,0
468759.569849379,468796.258998033,0,230,93.3214493239526,0,0
468796.258998033,468856.258998033,650,230,99.3214493239526,0,0
468856.258998033,468916.258998033,650,230,105.321449323953,0,0
468916.258998033,468976.258998033,650,230,111.321449323953,0,0
468976.258998033,469036.258998033,650,230,117.321449323953,0,0
469036.258998033,469096.258998033,650,230,123.321449323953,0,0
469096.258998033,469156.258998033,650,230,129.321449323953,0,0
469156.258998033,469216.258998033,650,230,135.321449323953,0,0
469216.258998033,469276.258998033,650,230,141.321449323953,0,0
469276.258998033,469336.258998033,650,230,147.321449323953,0,0
469336.258998033,469396.258998033,650,230,153.321449323953,0,0
469396.258998033,469456.258998033,650,230,159.321449323953,0,0
469456.258998033,469516.258998033,650,230,165.321449323953,0,0
469516.258998033,469576.258998033,650,230,171.321449323953,0,0
469576.258998033,469636.258998033,650,230,177.321449323953,0,0
469636.258998033,469696.258998033,650,230,183.321449323953,0,0
469696.258998033,469756.258998033,650,230,189.321449323953,0,0
469756.258998033,469816.258998033,650,230,195.321449323953,0,0
469816.258998033,469876.258998033,650,230,201.321449323953,0,0
469876.258998033,469936.258998033,650,230,207.321449323953,0,0
469936.258998033,469996.258998033,650,230,213.321449323953,0,0
469996.258998033,470056.258998033,650,230,219.321449323953,0,0
470056.258998033,470116.258998033,650,230,225.321449323953,0,0
470116.258998033,470176.258998033,650,230,231.321449323953,0,0
470176.258998033,470236.258998033,650,230,237.321449323953,0,0
470236.258998033,470296.258998033,650,230,243.321449323953,0,0
470296.258998033,470356.258998033,650,230,249.321449323953,0,0
470356.258998033,470416.258998033,650,230,255.321449323953,0,0
470416.258998033,470476.258998033,650,230,261.321449323953,0,0
470476.258998033,470536.258998033,650,230,267.321449323953,0,0
470536.258998033,470596.258998033,650,230,273.321449323953,0,0
470596.258998033,470597.410831213,650,230,273.436632641998,0,0
470597.410831213,470657.410831213,650,560,274.786632641998,0,1
470657.410831213,470717.410831213,650,560,276.136632641998,0,1
470717.410831213,470777.410831213,650,560,277.486632641998,0,1
470777.410831213,470837.410831213,650,560,278.836632641998,0,1
470837.410831213,470897.410831213,650,560,280.186632641998,0,1
470897.410831213,470957.410831213,650,560,281.536632641998,0,1
470957.410831213,471017.410831213,650,560,282.886632641998,0,1
471017.410831213,471077.410831213,650,560,284.236632641998,0,1
471077.410831213,471137.410831213,650,560,285.586632641998,0,1
471137.410831213,471197.410831213,650,560,286.936632641998,0,1
471197.410831213,471257.410831213,650,560,288.286632641998,0,1
471257.410831213,471317.410831213,650,560,289.636632641998,0,1
471317.410831213,471377.410831213,650,560,290.986632641998,0,1
471377.410831213,471437.410831213,650,560,292.336632641998,0,1
471437.410831213,471497.410831213,650,560,293.686632641998,0,1
471497.410831213,471557.410831213,650,560,295.036632641998,0,1
471557.410831213,471617.410831213,650,560,296.386632641998,0,1
471617.410831213,471677.410831213,650,560,297.736632641998,0,1
471677.410831213,471737.410831213,650,560,299.086632641999,0,1
471737.410831213,471797.410831213,650,560,300,0,1
471797.410831213,471857.410831213,650,560,300,0,1
471857.410831213,471917.410831213,650,560,300,0,1
471917.410831213,471977.410831213,650,560,300,0,1
471977.410831213,472037.410831213,650,560,300,0,1
472037.410831213,472097.410831213,650,560,300,0,1
472097.410831213,472157.410831213,650,560,300,0,1
472157.410831213,472217.410831213,650,560,300,0,1
472217.410831213,472277.410831213,650,560,300,0,1
472277.410831213,472337.410831213,650,560,300,0,1
472337.410831213,472397.410831213,650,560,300,0,1
472397.410831213,472398.562664394,650,560,300,0,1
472398.562664394,472458.562664394,0,560,289.62962962963,0,1
472458.562664394,472518.562664394,0,560,279.259259259259,0,1
472518.562664394,472578.562664394,0,560,268.888888888889,0,1
472578.562664394,472638.562664394,0,560,258.518518518518,0,1
472638.562664394,472698.562664394,0,560,248.148148148148,0,1
472698.562664394,472758.562664394,0,560,237.777777777778,0,1
472758.562664394,472818.562664394,0,560,227.407407407407,0,1
472818.562664394,472878.562664394,0,560,217.037037037037,0,1
472878.562664394,472938.562664394,0,560,206.666666666667,0,1
472938.562664394,472998.562664394,0,230,202.407407407407,0,0
472998.562664394,473058.562664394,0,230,198.148148148148,0,0
473058.562664394,473118.562664394,0,230,193.888888888889,0,0
473118.562664394,473178.562664394,0,230,189.62962962963,0,0
473178.562664394,473238.562664394,0,230,185.37037037037,0,0
473238.562664394,473298.562664394,0,230,181.111111111111,0,0
473298.562664394,473358.562664394,0,230,176.851851851852,0,0
473358.562664394,473418.562664394,0,230,172.592592592592,0,0
473418.562664394,473478.562664394,0,230,168.333333333333,0,0
473478.562664394,473538.562664394,0,230,164.074074074074,0,0
473538.562664394,473598.562664394,0,230,159.814814814815,0,0
473598.562664394,473658.562664394,0,230,155.555555555555,0,0
473658.562664394,473718.562664394,0,230,151.296296296296,0,0
473718.562664394,473778.562664394,0,230,147.037037037037,0,0
473778.562664394,473838.562664394,0,230,142.777777777778,0,0
473838.562664394,473898.562664394,0,230,138.518518518518,0,0
473898.562664394,473958.562664394,0,230,134.259259259259,0,0
473958.562664394,474018.562664394,0,230,130,0,0
474018.562664394,474078.562664394,0,230,125.740740740741,0,0
474078.562664394,474138.562664394,0,230,121.481481481481,0,0
474138.562664394,474198.562664394,0,230,117.222222222222,0,0
474198.562664394,474258.562664394,0,230,112.962962962963,0,0
474258.562664394,474318.562664394,0,230,108.703703703703,0,0
474318.562664394,474378.562664394,0,230,104.444444444444,0,0
474378.562664394,474438.562664394,0,230,100.185185185185,0,0
474438.562664394,474498.562664394,0,230,95.9259259259256,0,0
474498.562664394,474535.251813048,0,230,93.3214493239526,0,0
474535.251813048,474595.251813048,650,230,99.3214493239526,0,0
474595.251813048,474655.251813048,650,230,105.321449323953,0,0
474655.251813048,474715.251813048,650,230,111.321449323953,0,0
474715.251813048,474775.251813048,650,230,117.321449323953,0,0
474775.251813048,474835.251813048,650,230,123.321449323953,0,0
474835.251813048,474895.251813048,650,230,129.321449323953,0,0
474895.251813048,474955.251813048,650,230,135.321449323953,0,0
474955.251813048,475015.251813048,650,230,141.321449323953,0,0
475015.251813048,475075.251813048,650,230,147.321449323953,0,0
475075.251813048,475135.251813048,650,230,153.321449323953,0,0
475135.251813048,475195.251813048,650,230,159.321449323953,0,0
475195.251813048,475255.251813048,650,230,165.321449323953,0,0
475255.251813048,475315.251813048,650,230,171.321449323953,0,0
475315.251813048,475375.251813048,650,230,177.321449323953,0,0
475375.251813048,475435.251813048,650,230,183.321449323953,0,0
475435.251813048,475495.251813048,650,230,189.321449323953,0,0
475495.251813048,475555.251813048,650,230,195.321449323953,0,0
475555.251813048,475615.251813048,650,230,201.321449323953,0,0
475615.251813048,475675.251813048,650,230,207.321449323953,0,0
475675.251813048,475735.251813048,650,230,213.321449323953,0,0
475735.251813048,475795.251813048,650,230,219.321449323953,0,0
475795.251813048,475855.251813048,650,230,225.321449323953,0,0
475855.251813048,475915.251813048,650,230,231.321449323953,0,0
475915.251813048,475975.251813048,650,230,237.321449323953,0,0
475975.251813048,476035.251813048,650,230,243.321449323953,0,0
476035.251813048,476095.251813048,650,230,249.321449323953,0,0
476095.251813048,476155.251813048,650,230,255.321449323953,0,0
476155.251813048,476215.251813048,650,230,261.321449323953,0,0
476215.251813048,476275.251813048,650,230,267.321449323953,0,0
476275.251813048,476335.251813048,650,230,273.321449323953,0,0
476335.251813048,476336.403646228,650,230,273.436632641998,0,0
476336.403646228,476396.403646228,650,560,274.786632641998,0,1
476396.403646228,476456.403646228,650,560,276.136632641998,0,1
476456.403646228,476516.403646228,650,560,277.486632641998,0,1
476516.403646228,476576.403646228,650,560,278.836632641998,0,1
476576.403646228,476636.403646228,650,560,280.186632641998,0,1
476636.403646228,476696.403646228,650,560,281.536632641998,0,1
476696.403646228,476756.403646228,650,560,282.886632641998,0,1
476756.403646228,476816.403646228,650,560,284.236632641998,0,1
476816.403646228,476876.403646228,650,560,285.586632641998,0,1
476876.403646228,476936.403646228,650,560,286.936632641998,0,1
476936.403646228,476996.403646228,650,560,288.286632641998,0,1
476996.403646228,477056.403646228,650,560,289.636632641998,0,1
477056.403646228,477116.403646228,650,560,290.986632641998,0,1
477116.403646228,477176.403646228,650,560,292.336632641998,0,1
477176.403646228,477236.403646228,650,560,293.686632641998,0,1
477236.403646228,477296.403646228,650,560,295.036632641998,0,1
477296.403646228,477356.403646228,650,560,296.386632641998,0,1
477356.403646228,477416.403646228,650,560,297.736632641998,0,1
477416.403646228,477476.403646228,650,560,299.086632641999,0,1
477476.403646228,477536.403646228,650,560,300,0,1
477536.403646228,477596.403646228,650,560,300,0,1
477596.403646228,477656.403646228,650,560,300,0,1
477656.403646228,477716.403646228,650,560,300,0,1
477716.403646228,477776.403646228,650,560,300,0,1
477776.403646228,477836.403646228,650,560,300,0,1
477836.403646228,477896.403646228,650,560,300,0,1
477896.403646228,477956.403646228,650,560,300,0,1
477956.403646228,478016.403646228,650,560,300,0,1
478016.403646228,478076.403646228,650,560,300,0,1
478076.403646228,478136.403646228,650,560,300,0,1
478136.403646228,478137.555479409,650,560,300,0,1
478137.555479409,478197.555479409,0,560,289.62962962963,0,1
478197.555479409,478257.555479409,0,560,279.259259259259,0,1
478257.555479409,478317.555479409,0,560,268.888888888889,0,1
478317.555479409,478377.555479409,0,560,258.518518518518,0,1
478377.555479409,478437.555479409,0,560,248.148148148148,0,1
478437.555479409,478497.555479409,0,560,237.777777777778,0,1
478497.555479409,478557.555479409,0,560,227.407407407407,0,1
478557.555479409,478617.555479409,0,560,217.037037037037,0,1
478617.555479409,478677.555479409,0,560,206.666666666667,0,1
478677.555479409,478737.555479409,0,230,202.407407407407,0,0
478737.555479409,478797.555479409,0,230,198.148148148148,0,0
478797.555479409,478857.555479409,0,230,193.888888888889,0,0
478857.555479409,478917.555479409,0,230,189.62962962963,0,0
478917.555479409,478977.555479409,0,230,185.37037037037,0,0
478977.555479409,479037.555479409,0,230,181.111111111111,0,0
479037.555479409,479097.555479409,0,230,176.851851851852,0,0
479097.555479409,479157.555479409,0,230,172.592592592592,0,0
479157.555479409,479217.555479409,0,230,168.333333333333,0,0
479217.555479409,479277.555479409,0,230,164.074074074074,0,0
479277.555479409,479337.555479409,0,230,159.814814814815,0,0
479337.555479409,479397.555479409,0,230,155.555555555555,0,0
479397.555479409,479457.555479409,0,230,151.296296296296,0,0
479457.555479409,479517.555479409,0,230,147.037037037037,0,0
479517.555479409,479577.555479409,0,230,142.777777777778,0,0
479577.555479409,479637.555479409,0,230,138.518518518518,0,0
479637.555479409,479697.555479409,0,230,134.259259259259,0,0
479697.555479409,479757.555479409,0,230,130,0,0
479757.555479409,479817.555479409,0,230,125.740740740741,0,0
479817.555479409,479877.555479409,0,230,121.481481481481,0,0
479877.555479409,479937.555479409,0,230,117.222222222222,0,0
479937.555479409,479997.555479409,0,230,112.962962962963,0,0
479997.555479409,480057.555479409,0,230,108.703703703703,0,0
480057.555479409,480117.555479409,0,230,104.444444444444,0,0
480117.555479409,480177.555479409,0,230,100.185185185185,0,0
480177.555479409,480237.555479409,0,230,95.9259259259256,0,0
480237.555479409,480274.244628063,0,230,93.3214493239526,0,0
480274.244628063,480334.244628063,650,230,99.3214493239526,0,0
480334.244628063,480394.244628063,650,230,105.321449323953,0,0
480394.244628063,480454.244628063,650,230,111.321449323953,0,0
480454.244628063,480514.244628063,650,230,117.321449323953,0,0
480514.244628063,480574.244628063,650,230,123.321449323953,0,0
480574.244628063,480634.244628063,650,230,129.321449323953,0,0
480634.244628063,480694.244628063,650,230,135.321449323953,0,0
480694.244628063,480754.244628063,650,230,141.321449323953,0,0
480754.244628063,480814.244628063,650,230,147.321449323953,0,0
480814.244628063,480874.244628063,650,230,153.321449323953,0,0
480874.244628063,480934.244628063,650,230,159.321449323953,0,0
480934.244628063,480994.244628063,650,230,165.321449323953,0,0
480994.244628063,481054.244628063,650,230,171.321449323953,0,0
481054.244628063,481114.244628063,650,230,177.321449323953,0,0
481114.244628063,481174.244628063,650,230,183.321449323953,0,0
481174.244628063,481234.244628063,650,230,189.321449323953,0,0
481234.244628063,481294.244628063,650,230,195.321449323953,0,0
481294.244628063,481354.244628063,650,230,201.321449323953,0,0
481354.244628063,481414.244628063,650,230,207.321449323953,0,0
481414.244628063,481474.244628063,650,230,213.321449323953,0,0
481474.244628063,481534.244628063,650,230,219.321449323953,0,0
481534.244628063,481594.244628063,650,230,225.321449323953,0,0
481594.244628063,481654.244628063,650,230,231.321449323953,0,0
481654.244628063,481714.244628063,650,230,237.321449323953,0,0
481714.244628063,481774.244628063,650,230,243.321449323953,0,0
481774.244628063,481834.244628063,650,230,249.321449323953,0,0
481834.244628063,481894.244628063,650,230,255.321449323953,0,0
481894.244628063,481954.244628063,650,230,261.321449323953,0,0
481954.244628063,482014.244628063,650,230,267.321449323953,0,0
482014.244628063,482074.244628063,650,230,273.321449323953,0,0
482074.244628063,482075.396461243,650,230,273.436632641998,0,0
482075.396461243,482135.396461243,650,560,274.786632641998,0,1
482135.396461243,482195.396461243,650,560,276.136632641998,0,1
482195.396461243,482255.396461243,650,560,277.486632641998,0,1
482255.396461243,482315.396461243,650,560,278.836632641998,0,1
482315.396461243,482375.396461243,650,560,280.186632641998,0,1
482375.396461243,482435.396461243,650,560,281.536632641998,0,1
482435.396461243,482495.396461243,650,560,282.886632641998,0,1
482495.396461243,482555.396461243,650,560,284.236632641998,0,1
482555.396461243,482615.396461243,650,560,285.586632641998,0,1
482615.396461243,482675.396461243,650,560,286.936632641998,0,1
482675.396461243,482735.396461243,650,560,288.286632641998,0,1
482735.396461243,482795.396461243,650,560,289.636632641998,0,1
482795.396461243,482855.396461243,650,560,290.986632641998,0,1
482855.396461243,482915.396461243,650,560,292.336632641998,0,1
482915.396461243,482975.396461243,650,560,293.686632641998,0,1
482975.396461243,483035.396461243,650,560,295.036632641998,0,1
483035.396461243,483095.396461243,650,560,296.386632641998,0,1
483095.396461243,483155.396461243,650,560,297.736632641998,0,1
483155.396461243,483215.396461243,650,560,299.086632641999,0,1
483215.396461243,483275.396461243,650,560,300,0,1
483275.396461243,483335.396461243,650,560,300,0,1
483335.396461243,483395.396461243,650,560,300,0,1
483395.396461243,483455.396461243,650,560,300,0,1
483455.396461243,483515.396461243,650,560,300,0,1
483515.396461243,483575.396461243,650,560,300,0,1
483575.396461243,483635.396461243,650,560,300,0,1
483635.396461243,483695.396461243,650,560,300,0,1
483695.396461243,483755.396461243,650,560,300,0,1
483755.396461243,483815.396461243,650,560,300,0,1
483815.396461243,483875.396461243,650,560,300,0,1
483875.396461243,483876.548294423,650,560,300,0,1
483876.548294423,483936.548294423,0,560,289.62962962963,0,1
483936.548294423,483996.548294423,0,560,279.259259259259,0,1
483996.548294423,484056.548294423,0,560,268.888888888889,0,1
484056.548294423,484116.548294423,0,560,258.518518518518,0,1
484116.548294423,484176.548294423,0,560,248.148148148148,0,1
484176.548294423,484236.548294423,0,560,237.777777777778,0,1
484236.548294423,484296.548294423,0,560,227.407407407407,0,1
484296.548294423,484356.548294423,0,560,217.037037037037,0,1
484356.548294423,484416.548294423,0,560,206.666666666667,0,1
484416.548294423,484476.548294423,0,230,202.407407407407,0,0
484476.548294423,484536.548294423,0,230,198.148148148148,0,0
484536.548294423,484596.548294423,0,230,193.888888888889,0,0
484596.548294423,484656.548294423,0,230,189.62962962963,0,0
484656.548294423,484716.548294423,0,230,185.37037037037,0,0
484716.548294423,484776.548294423,0,230,181.111111111111,0,0
484776.548294423,484836.548294423,0,230,176.851851851852,0,0
484836.548294423,484896.548294423,0,230,172.592592592592,0,0
484896.548294423,484956.548294423,0,230,168.333333333333,0,0
484956.548294423,485016.548294423,0,230,164.074074074074,0,0
485016.548294423,485076.548294423,0,230,159.814814814815,0,0
485076.548294423,485136.548294423,0,230,155.555555555555,0,0
485136.548294423,485196.548294423,0,230,151.296296296296,0,0
485196.548294423,485256.548294423,0,230,147.037037037037,0,0
485256.548294423,485316.548294423,0,230,142.777777777778,0,0
485316.548294423,485376.548294423,0,230,138.518518518518,0,0
485376.548294423,485436.548294423,0,230,134.259259259259,0,0
485436.548294423,485496.548294423,0,230,130,0,0
485496.548294423,485556.548294423,0,230,125.740740740741,0,0
485556.548294423,485616.548294423,0,230,121.481481481481,0,0
485616.548294423,485676.548294423,0,230,117.222222222222,0,0
485676.548294423,485736.548294423,0,230,112.962962962963,0,0
485736.548294423,485796.548294423,0,230,108.703703703703,0,0
485796.548294423,485856.548294423,0,230,104.444444444444,0,0
485856.548294423,485916.548294423,0,230,100.185185185185,0,0
485916.548294423,485976.548294423,0,230,95.9259259259256,0,0
485976.548294423,486013.237443077,0,230,93.3214493239526,0,0
486013.237443077,486073.237443077,650,230,99.3214493239526,0,0
486073.237443077,486133.237443077,650,230,105.321449323953,0,0
486133.237443077,486193.237443077,650,230,111.321449323953,0,0
486193.237443077,486253.237443077,650,230,117.321449323953,0,0
486253.237443077,486313.237443077,650,230,123.321449323953,0,0
486313.237443077,486373.237443077,650,230,129.321449323953,0,0
486373.237443077,486433.237443077,650,230,135.321449323953,0,0
486433.237443077,486493.237443077,650,230,141.321449323953,0,0
486493.237443077,486553.237443077,650,230,147.321449323953,0,0
486553.237443077,486613.237443077,650,230,153.321449323953,0,0
486613.237443077,486673.237443077,650,230,159.321449323953,0,0
486673.237443077,486733.237443077,650,230,165.321449323953,0,0
486733.237443077,486793.237443077,650,230,171.321449323953,0,0
486793.237443077,486853.237443077,650,230,177.321449323953,0,0
486853.237443077,486913.237443077,650,230,183.321449323953,0,0
486913.237443077,486973.237443077,650,230,189.321449323953,0,0
486973.237443077,487033.237443077,650,230,195.321449323953,0,0
487033.237443077,487093.237443077,650,230,201.321449323953,0,0
487093.237443077,487153.237443077,650,230,207.321449323953,0,0
487153.237443077,487213.237443077,650,230,213.321449323953,0,0
487213.237443077,487273.237443077,650,230,219.321449323953,0,0
487273.237443077,487333.237443077,650,230,225.321449323953,0,0
487333.237443077,487393.237443077,650,230,231.321449323953,0,0
487393.237443077,487453.237443077,650,230,237.321449323953,0,0
487453.237443077,487513.237443077,650,230,243.321449323953,0,0
487513.237443077,487573.237443077,650,230,249.321449323953,0,0
487573.237443077,487633.237443077,650,230,255.321449323953,0,0
487633.237443077,487693.237443077,650,230,261.321449323953,0,0
487693.237443077,487753.237443077,650,230,267.321449323953,0,0
487753.237443077,487813.237443077,650,230,273.321449323953,0,0
487813.237443077,487814.389276258,650,230,273.436632641998,0,0
487814.389276258,487874.389276258,650,560,274.786632641998,0,1
487874.389276258,487934.389276258,650,560,276.136632641998,0,1
487934.389276258,487994.389276258,650,560,277.486632641998,0,1
487994.389276258,488054.389276258,650,560,278.836632641998,0,1
488054.389276258,488114.389276258,650,560,280.186632641998,0,1
488114.389276258,488174.389276258,650,560,281.536632641998,0,1
488174.389276258,488234.389276258,650,560,282.886632641998,0,1
488234.389276258,488294.389276258,650,560,284.236632641998,0,1
488294.389276258,488354.389276258,650,560,285.586632641998,0,1
488354.389276258,488414.389276258,650,560,286.936632641998,0,1
488414.389276258,488474.389276258,650,560,288.286632641998,0,1
488474.389276258,488534.389276258,650,560,289.636632641998,0,1
488534.389276258,488594.389276258,650,560,290.986632641998,0,1
488594.389276258,488654.389276258,650,560,292.336632641998,0,1
488654.389276258,488714.389276258,650,560,293.686632641998,0,1
488714.389276258,488774.389276258,650,560,295.036632641998,0,1
488774.389276258,488834.389276258,650,560,296.386632641998,0,1
488834.389276258,488894.389276258,650,560,297.736632641998,0,1
488894.389276258,488954.389276258,650,560,299.086632641999,0,1
488954.389276258,489014.389276258,650,560,300,0,1
489014.389276258,489074.389276258,650,560,300,0,1
489074.389276258,489134.389276258,650,560,300,0,1
489134.389276258,489194.389276258,650,560,300,0,1
489194.389276258,489254.389276258,650,560,300,0,1
489254.389276258,489314.389276258,650,560,300,0,1
489314.389276258,489374.389276258,650,560,300,0,1
489374.389276258,489434.389276258,650,560,300,0,1
489434.389276258,489494.389276258,650,560,300,0,1
489494.389276258,489554.389276258,650,560,300,0,1
489554.389276258,489614.389276258,650,560,300,0,1
489614.389276258,489615.541109438,650,560,300,0,1
489615.541109438,489675.541109438,0,560,289.62962962963,0,1
489675.541109438,489735.541109438,0,560,279.259259259259,0,1
489735.541109438,489795.541109438,0,560,268.888888888889,0,1
489795.541109438,489855.541109438,0,560,258.518518518518,0,1
489855.541109438,489915.541109438,0,560,248.148148148148,0,1
489915.541109438,489975.541109438,0,560,237.777777777778,0,1
489975.541109438,490035.541109438,0,560,227.407407407407,0,1
490035.541109438,490095.541109438,0,560,217.037037037037,0,1
490095.541109438,490155.541109438,0,560,206.666666666667,0,1
490155.541109438,490215.541109438,0,230,202.407407407407,0,0
490215.541109438,490275.541109438,0,230,198.148148148148,0,0
490275.541109438,490335.541109438,0,230,193.888888888889,0,0
490335.541109438,490395.541109438,0,230,189.62962962963,0,0
490395.541109438,490455.541109438,0,230,185.37037037037,0,0
490455.541109438,490515.541109438,0,230,181.111111111111,0,0
490515.541109438,490575.541109438,0,230,176.851851851852,0,0
490575.541109438,490635.541109438,0,230,172.592592592592,0,0
490635.541109438,490695.541109438,0,230,168.333333333333,0,0
490695.541109438,490755.541109438,0,230,164.074074074074,0,0
490755.541109438,490815.541109438,0,230,159.814814814815,0,0
490815.541109438,490875.541109438,0,230,155.555555555555,0,0
490875.541109438,490935.541109438,0,230,151.296296296296,0,0
490935.541109438,490995.541109438,0,230,147.037037037037,0,0
490995.541109438,491055.541109438,0,230,142.777777777778,0,0
491055.541109438,491115.541109438,0,230,138.518518518518,0,0
491115.541109438,491175.541109438,0,230,134.259259259259,0,0
491175.541109438,491235.541109438,0,230,130,0,0
491235.541109438,491295.541109438,0,230,125.740740740741,0,0
491295.541109438,491355.541109438,0,230,121.481481481481,0,0
491355.541109438,491415.541109438,0,230,117.222222222222,0,0
491415.541109438,491475.541109438,0,230,112.962962962963,0,0
491475.541109438,491535.541109438,0,230,108.703703703703,0,0
491535.541109438,491595.541109438,0,230,104.444444444444,0,0
491595.541109438,491655.541109438,0,230,100.185185185185,0,0
491655.541109438,491715.541109438,0,230,95.9259259259256,0,0
491715.541109438,491752.230258092,0,230,93.3214493239526,0,0
491752.230258092,491812.230258092,650,230,99.3214493239526,0,0
491812.230258092,491872.230258092,650,230,105.321449323953,0,0
491872.230258092,491932.230258092,650,230,111.321449323953,0,0
491932.230258092,491992.230258092,650,230,117.321449323953,0,0
491992.230258092,492052.230258092,650,230,123.321449323953,0,0
492052.230258092,492112.230258092,650,230,129.321449323953,0,0
492112.230258092,492172.230258092,650,230,135.321449323953,0,0
492172.230258092,492232.230258092,650,230,141.321449323953,0,0
492232.230258092,492292.230258092,650,230,147.321449323953,0,0
492292.230258092,492352.230258092,650,230,153.321449323953,0,0
492352.230258092,492412.230258092,650,230,159.321449323953,0,0
492412.230258092,492472.230258092,650,230,165.321449323953,0,0
492472.230258092,492532.230258092,650,230,171.321449323953,0,0
492532.230258092,492592.230258092,650,230,177.321449323953,0,0
492592.230258092,492652.230258092,650,230,183.321449323953,0,0
492652.230258092,492712.230258092,650,230,189.321449323953,0,0
492712.230258092,492772.230258092,650,230,195.321449323953,0,0
492772.230258092,492832.230258092,650,230,201.321449323953,0,0
492832.230258092,492892.230258092,650,230,207.321449323953,0,0
492892.230258092,492952.230258092,650,230,213.321449323953,0,0
492952.230258092,493012.230258092,650,230,219.321449323953,0,0
493012.230258092,493072.230258092,650,230,225.321449323953,0,0
493072.230258092,493132.230258092,650,230,231.321449323953,0,0
493132.230258092,493192.230258092,650,230,237.321449323953,0,0
493192.230258092,493252.230258092,650,230,243.321449323953,0,0
493252.230258092,493312.230258092,650,230,249.321449323953,0,0
493312.230258092,493372.230258092,650,230,255.321449323953,0,0
493372.230258092,493432.230258092,650,230,261.321449323953,0,0
493432.230258092,493492.230258092,650,230,267.321449323953,0,0
493492.230258092,493552.230258092,650,230,273.321449323953,0,0
493552.230258092,493553.382091273,650,230,273.436632641998,0,0
493553.382091273,493613.382091273,650,560,274.786632641998,0,1
493613.382091273,493673.382091273,650,560,276.136632641998,0,1
493673.382091273,493733.382091273,650,560,277.486632641998,0,1
493733.382091273,493793.382091273,650,560,278.836632641998,0,1
493793.382091273,493853.382091273,650,560,280.186632641998,0,1
493853.382091273,493913.382091273,650,560,281.536632641998,0,1
493913.382091273,493973.382091273,650,560,282.886632641998,0,1
493973.382091273,494033.382091273,650,560,284.236632641998,0,1
494033.382091273,494093.382091273,650,560,285.586632641998,0,1
494093.382091273,494153.382091273,650,560,286.936632641998,0,1
494153.382091273,494213.382091273,650,560,288.286632641998,0,1
494213.382091273,494273.382091273,650,560,289.636632641998,0,1
494273.382091273,494333.382091273,650,560,290.986632641998,0,1
494333.382091273,494393.382091273,650,560,292.336632641998,0,1
494393.382091273,494453.382091273,650,560,293.686632641998,0,1
494453.382091273,494513.382091273,650,560,295.036632641998,0,1
494513.382091273,494573.382091273,650,560,296.386632641998,0,1
494573.382091273,494633.382091273,650,560,297.736632641998,0,1
494633.382091273,494693.382091273,650,560,299.086632641999,0,1
494693.382091273,494753.382091273,650,560,300,0,1
494753.382091273,494813.382091273,650,560,300,0,1
494813.382091273,494873.382091273,650,560,300,0,1
494873.382091273,494933.382091273,650,560,300,0,1
494933.382091273,494993.382091273,650,560,300,0,1
494993.382091273,495053.382091273,650,560,300,0,1
495053.382091273,495113.382091273,650,560,300,0,1
495113.382091273,495173.382091273,650,560,300,0,1
495173.382091273,495233.382091273,650,560,300,0,1
495233.382091273,495293.382091273,650,560,300,0,1
495293.382091273,495353.382091273,650,560,300,0,1
495353.382091273,495354.533924453,650,560,300,0,1
495354.533924453,495414.533924453,0,560,289.62962962963,0,1
495414.533924453,495474.533924453,0,560,279.259259259259,0,1
495474.533924453,495534.533924453,0,560,268.888888888889,0,1
495534.533924453,495594.533924453,0,560,258.518518518518,0,1
495594.533924453,495654.533924453,0,560,248.148148148148,0,1
495654.533924453,495714.533924453,0,560,237.777777777778,0,1
495714.533924453,495774.533924453,0,560,227.407407407407,0,1
495774.533924453,495834.533924453,0,560,217.037037037037,0,1
495834.533924453,495894.533924453,0,560,206.666666666667,0,1
495894.533924453,495954.533924453,0,230,202.407407407407,0,0
495954.533924453,496014.533924453,0,230,198.148148148148,0,0
496014.533924453,496074.533924453,0,230,193.888888888889,0,0
496074.533924453,496134.533924453,0,230,189.62962962963,0,0
496134.533924453,496194.533924453,0,230,185.37037037037,0,0
496194.533924453,496254.533924453,0,230,181.111111111111,0,0
496254.533924453,496314.533924453,0,230,176.851851851852,0,0
496314.533924453,496374.533924453,0,230,172.592592592592,0,0
496374.533924453,496434.533924453,0,230,168.333333333333,0,0
496434.533924453,496494.533924453,0,230,164.074074074074,0,0
496494.533924453,496554.533924453,0,230,159.814814814815,0,0
496554.533924453,496614.533924453,0,230,155.555555555555,0,0
496614.533924453,496674.533924453,0,230,151.296296296296,0,0
496674.533924453,496734.533924453,0,230,147.037037037037,0,0
496734.533924453,496794.533924453,0,230,142.777777777778,0,0
496794.533924453,496854.533924453,0,230,138.518518518518,0,0
496854.533924453,496914.533924453,0,230,134.259259259259,0,0
496914.533924453,496974.533924453,0,230,130,0,0
496974.533924453,497034.533924453,0,230,125.740740740741,0,0
497034.533924453,497094.533924453,0,230,121.481481481481,0,0
497094.533924453,497154.533924453,0,230,117.222222222222,0,0
497154.533924453,497214.533924453,0,230,112.962962962963,0,0
497214.533924453,497274.533924453,0,230,108.703703703703,0,0
497274.533924453,497334.533924453,0,230,104.444444444444,0,0
497334.533924453,497394.533924453,0,230,100.185185185185,0,0
497394.533924453,497454.533924453,0,230,95.9259259259256,0,0
497454.533924453,497491.223073107,0,230,93.3214493239526,0,0
497491.223073107,497551.223073107,650,230,99.3214493239526,0,0
497551.223073107,497611.223073107,650,230,105.321449323953,0,0
497611.223073107,497671.223073107,650,230,111.321449323953,0,0
497671.223073107,497731.223073107,650,230,117.321449323953,0,0
497731.223073107,497791.223073107,650,230,123.321449323953,0,0
497791.223073107,497851.223073107,650,230,129.321449323953,0,0
497851.223073107,497911.223073107,650,230,135.321449323953,0,0
497911.223073107,497971.223073107,650,230,141.321449323953,0,0
497971.223073107,498031.223073107,650,230,147.321449323953,0,0
498031.223073107,498091.223073107,650,230,153.321449323953,0,0
498091.223073107,498151.223073107,650,230,159.321449323953,0,0
498151.223073107,498211.223073107,650,230,165.321449323953,0,0
498211.223073107,498271.223073107,650,230,171.321449323953,0,0
498271.223073107,498331.223073107,650,230,177.321449323953,0,0
498331.223073107,498391.223073107,650,230,183.321449323953,0,0
498391.223073107,498451.223073107,650,230,189.321449323953,0,0
498451.223073107,498511.223073107,650,230,195.321449323953,0,0
498511.223073107,498571.223073107,650,230,201.321449323953,0,0
498571.223073107,498631.223073107,650,230,207.321449323953,0,0
498631.223073107,498691.223073107,650,230,213.321449323953,0,0
498691.223073107,498751.223073107,650,230,219.321449323953,0,0
498751.223073107,498811.223073107,650,230,225.321449323953,0,0
498811.223073107,498871.223073107,650,230,231.321449323953,0,0
498871.223073107,498931.223073107,650,230,237.321449323953,0,0
498931.223073107,498991.223073107,650,230,243.321449323953,0,0
498991.223073107,499051.223073107,650,230,249.321449323953,0,0
499051.223073107,499111.223073107,650,230,255.321449323953,0,0
499111.223073107,499171.223073107,650,230,261.321449323953,0,0
499171.223073107,499231.223073107,650,230,267.321449323953,0,0
499231.223073107,499291.223073107,650,230,273.321449323953,0,0
499291.223073107,499292.374906287,650,230,273.436632641998,0,0
499292.374906287,499352.374906287,650,560,274.786632641998,0,1
499352.374906287,499412.374906287,650,560,276.136632641998,0,1
499412.374906287,499472.374906287,650,560,277.486632641998,0,1
499472.374906287,499532.374906287,650,560,278.836632641998,0,1
499532.374906287,499592.374906287,650,560,280.186632641998,0,1
499592.374906287,499652.374906287,650,560,281.536632641998,0,1
499652.374906287,499712.374906287,650,560,282.886632641998,0,1
499712.374906287,499772.374906287,650,560,284.236632641998,0,1
499772.374906287,499832.374906287,650,560,285.586632641998,0,1
499832.374906287,499892.374906287,650,560,286.936632641998,0,1
499892.374906287,499952.374906287,650,560,288.286632641998,0,1
499952.374906287,500012.374906287,650,560,289.636632641998,0,1
500012.374906287,500072.374906287,650,560,290.986632641998,0,1
500072.374906287,500132.374906287,650,560,292.336632641998,0,1
500132.374906287,500192.374906287,650,560,293.686632641998,0,1
500192.374906287,500252.374906287,650,560,295.036632641998,0,1
500252.374906287,500312.374906287,650,560,296.386632641998,0,1
500312.374906287,500372.374906287,650,560,297.736632641998,0,1
500372.374906287,500432.374906287,650,560,299.086632641999,0,1
500432.374906287,500492.374906287,650,560,300,0,1
500492.374906287,500552.374906287,650,560,300,0,1
500552.374906287,500612.374906287,650,560,300,0,1
500612.374906287,500672.374906287,650,560,300,0,1
500672.374906287,500732.374906287,650,560,300,0,1
500732.374906287,500792.374906287,650,560,300,0,1
500792.374906287,500852.374906287,650,560,300,0,1
500852.374906287,500912.374906287,650,560,300,0,1
500912.374906287,500972.374906287,650,560,300,0,1
500972.374906287,501032.374906287,650,560,300,0,1
501032.374906287,501092.374906287,650,560,300,0,1
501092.374906287,501093.526739468,650,560,300,0,1
501093.526739468,501153.526739468,0,560,289.62962962963,0,1
501153.526739468,501213.526739468,0,560,279.259259259259,0,1
501213.526739468,501273.526739468,0,560,268.888888888889,0,1
501273.526739468,501333.526739468,0,560,258.518518518518,0,1
501333.526739468,501393.526739468,0,560,248.148148148148,0,1
501393.526739468,501453.526739468,0,560,237.777777777778,0,1
501453.526739468,501513.526739468,0,560,227.407407407407,0,1
501513.526739468,501573.526739468,0,560,217.037037037037,0,1
501573.526739468,501633.526739468,0,560,206.666666666667,0,1
501633.526739468,501693.526739468,0,230,202.407407407407,0,0
501693.526739468,501753.526739468,0,230,198.148148148148,0,0
501753.526739468,501813.526739468,0,230,193.888888888889,0,0
501813.526739468,501873.526739468,0,230,189.62962962963,0,0
501873.526739468,501933.526739468,0,230,185.37037037037,0,0
501933.526739468,501993.526739468,0,230,181.111111111111,0,0
501993.526739468,502053.526739468,0,230,176.851851851852,0,0
502053.526739468,502113.526739468,0,230,172.592592592592,0,0
502113.526739468,502173.526739468,0,230,168.333333333333,0,0
502173.526739468,502233.526739468,0,230,164.074074074074,0,0
502233.526739468,502293.526739468,0,230,159.814814814815,0,0
502293.526739468,502353.526739468,0,230,155.555555555555,0,0
502353.526739468,502413.526739468,0,230,151.296296296296,0,0
502413.526739468,502473.526739468,0,230,147.037037037037,0,0
502473.526739468,502533.526739468,0,230,142.777777777778,0,0
502533.526739468,502593.526739468,0,230,138.518518518518,0,0
502593.526739468,502653.526739468,0,230,134.259259259259,0,0
502653.526739468,502713.526739468,0,230,130,0,0
502713.526739468,502773.526739468,0,230,125.740740740741,0,0
502773.526739468,502833.526739468,0,230,121.481481481481,0,0
502833.526739468,502893.526739468,0,230,117.222222222222,0,0
502893.526739468,502953.526739468,0,230,112.962962962963,0,0
502953.526739468,503013.526739468,0,230,108.703703703703,0,0
503013.526739468,503073.526739468,0,230,104.444444444444,0,0
503073.526739468,503133.526739468,0,230,100.185185185185,0,0
503133.526739468,503193.526739468,0,230,95.9259259259256,0,0
503193.526739468,503230.215888122,0,230,93.3214493239526,0,0
503230.215888122,503290.215888122,650,230,99.3214493239526,0,0
503290.215888122,503350.215888122,650,230,105.321449323953,0,0
503350.215888122,503410.215888122,650,230,111.321449323953,0,0
503410.215888122,503470.215888122,650,230,117.321449323953,0,0
503470.215888122,503530.215888122,650,230,123.321449323953,0,0
503530.215888122,503590.215888122,650,230,129.321449323953,0,0
503590.215888122,503650.215888122,650,230,135.321449323953,0,0
503650.215888122,503710.215888122,650,230,141.321449323953,0,0
503710.215888122,503770.215888122,650,230,147.321449323953,0,0
503770.215888122,503830.215888122,650,230,153.321449323953,0,0
503830.215888122,503890.215888122,650,230,159.321449323953,0,0
503890.215888122,503950.215888122,650,230,165.321449323953,0,0
503950.215888122,504010.215888122,650,230,171.321449323953,0,0
504010.215888122,504070.215888122,650,230,177.321449323953,0,0
504070.215888122,504130.215888122,650,230,183.321449323953,0,0
504130.215888122,504190.215888122,650,230,189.321449323953,0,0
504190.215888122,504250.215888122,650,230,195.321449323953,0,0
504250.215888122,504310.215888122,650,230,201.321449323953,0,0
504310.215888122,504370.215888122,650,230,207.321449323953,0,0
504370.215888122,504430.215888122,650,230,213.321449323953,0,0
504430.215888122,504490.215888122,650,230,219.321449323953,0,0
504490.215888122,504550.215888122,650,230,225.321449323953,0,0
504550.215888122,504610.215888122,650,230,231.321449323953,0,0
504610.215888122,504670.215888122,650,230,237.321449323953,0,0
504670.215888122,504730.215888122,650,230,243.321449323953,0,0
504730.215888122,504790.215888122,650,230,249.321449323953,0,0
504790.215888122,504850.215888122,650,230,255.321449323953,0,0
504850.215888122,504910.215888122,650,230,261.321449323953,0,0
504910.215888122,504970.215888122,650,230,267.321449323953,0,0
504970.215888122,505030.215888122,650,230,273.321449323953,0,0
505030.215888122,505031.367721302,650,230,273.436632641998,0,0
505031.367721302,505091.367721302,650,560,274.786632641998,0,1
505091.367721302,505151.367721302,650,560,276.136632641998,0,1
505151.367721302,505211.367721302,650,560,277.486632641998,0,1
505211.367721302,505271.367721302,650,560,278.836632641998,0,1
505271.367721302,505331.367721302,650,560,280.186632641998,0,1
505331.367721302,505391.367721302,650,560,281.536632641998,0,1
505391.367721302,505451.367721302,650,560,282.886632641998,0,1
505451.367721302,505511.367721302,650,560,284.236632641998,0,1
505511.367721302,505571.367721302,650,560,285.586632641998,0,1
505571.367721302,505631.367721302,650,560,286.936632641998,0,1
505631.367721302,505691.367721302,650,560,288.286632641998,0,1
505691.367721302,505751.367721302,650,560,289.636632641998,0,1
505751.367721302,505811.367721302,650,560,290.986632641998,0,1
505811.367721302,505871.367721302,650,560,292.336632641998,0,1
505871.367721302,505931.367721302,650,560,293.686632641998,0,1
505931.367721302,505991.367721302,650,560,295.036632641998,0,1
505991.367721302,506051.367721302,650,560,296.386632641998,0,1
506051.367721302,506111.367721302,650,560,297.736632641998,0,1
506111.367721302,506171.367721302,650,560,299.086632641999,0,1
506171.367721302,506231.367721302,650,560,300,0,1
506231.367721302,506291.367721302,650,560,300,0,1
506291.367721302,506351.367721302,650,560,300,0,1
506351.367721302,506411.367721302,650,560,300,0,1
506411.367721302,506471.367721302,650,560,300,0,1
506471.367721302,506531.367721302,650,560,300,0,1
506531.367721302,506591.367721302,650,560,300,0,1
506591.367721302,506651.367721302,650,560,300,0,1
506651.367721302,506711.367721302,650,560,300,0,1
506711.367721302,506771.367721302,650,560,300,0,1
506771.367721302,506831.367721302,650,560,300,0,1
506831.367721302,506832.519554483,650,560,300,0,1
506832.519554483,506892.519554483,0,560,289.62962962963,0,1
506892.519554483,506952.519554483,0,560,279.259259259259,0,1
506952.519554483,507012.519554483,0,560,268.888888888889,0,1
507012.519554483,507072.519554483,0,560,258.518518518518,0,1
507072.519554483,507132.519554483,0,560,248.148148148148,0,1
507132.519554483,507192.519554483,0,560,237.777777777778,0,1
507192.519554483,507252.519554483,0,560,227.407407407407,0,1
507252.519554483,507312.519554483,0,560,217.037037037037,0,1
507312.519554483,507372.519554483,0,560,206.666666666667,0,1
507372.519554483,507432.519554483,0,230,202.407407407407,0,0
507432.519554483,507492.519554483,0,230,198.148148148148,0,0
507492.519554483,507552.519554483,0,230,193.888888888889,0,0
507552.519554483,507612.519554483,0,230,189.62962962963,0,0
507612.519554483,507672.519554483,0,230,185.37037037037,0,0
507672.519554483,507732.519554483,0,230,181.111111111111,0,0
507732.519554483,507792.519554483,0,230,176.851851851852,0,0
507792.519554483,507852.519554483,0,230,172.592592592592,0,0
507852.519554483,507912.519554483,0,230,168.333333333333,0,0
507912.519554483,507972.519554483,0,230,164.074074074074,0,0
507972.519554483,508032.519554483,0,230,159.814814814815,0,0
508032.519554483,508092.519554483,0,230,155.555555555555,0,0
508092.519554483,508152.519554483,0,230,151.296296296296,0,0
508152.519554483,508212.519554483,0,230,147.037037037037,0,0
508212.519554483,508272.519554483,0,230,142.777777777778,0,0
508272.519554483,508332.519554483,0,230,138.518518518518,0,0
508332.519554483,508392.519554483,0,230,134.259259259259,0,0
508392.519554483,508452.519554483,0,230,130,0,0
508452.519554483,508512.519554483,0,230,125.740740740741,0,0
508512.519554483,508572.519554483,0,230,121.481481481481,0,0
508572.519554483,508632.519554483,0,230,117.222222222222,0,0
508632.519554483,508692.519554483,0,230,112.962962962963,0,0
508692.519554483,508752.519554483,0,230,108.703703703703,0,0
508752.519554483,508812.519554483,0,230,104.444444444444,0,0
508812.519554483,508872.519554483,0,230,100.185185185185,0,0
508872.519554483,508932.519554483,0,230,95.9259259259256,0,0
508932.519554483,508969.208703137,0,230,93.3214493239526,0,0
508969.208703137,509029.208703137,650,230,99.3214493239526,0,0
509029.208703137,509089.208703137,650,230,105.321449323953,0,0
509089.208703137,509149.208703137,650,230,111.321449323953,0,0
509149.208703137,509209.208703137,650,230,117.321449323953,0,0
509209.208703137,509269.208703137,650,230,123.321449323953,0,0
509269.208703137,509329.208703137,650,230,129.321449323953,0,0
509329.208703137,509389.208703137,650,230,135.321449323953,0,0
509389.208703137,509449.208703137,650,230,141.321449323953,0,0
509449.208703137,509509.208703137,650,230,147.321449323953,0,0
509509.208703137,509569.208703137,650,230,153.321449323953,0,0
509569.208703137,509629.208703137,650,230,159.321449323953,0,0
509629.208703137,509689.208703137,650,230,165.321449323953,0,0
509689.208703137,509749.208703137,650,230,171.321449323953,0,0
509749.208703137,509809.208703137,650,230,177.321449323953,0,0
509809.208703137,509869.208703137,650,230,183.321449323953,0,0
509869.208703137,509929.208703137,650,230,189.321449323953,0,0
509929.208703137,509989.208703137,650,230,195.321449323953,0,0
509989.208703137,510049.208703137,650,230,201.321449323953,0,0
510049.208703137,510109.208703137,650,230,207.321449323953,0,0
510109.208703137,510169.208703137,650,230,213.321449323953,0,0
510169.208703137,510229.208703137,650,230,219.321449323953,0,0
510229.208703137,510289.208703137,650,230,225.321449323953,0,0
510289.208703137,510349.208703137,650,230,231.321449323953,0,0
510349.208703137,510409.208703137,650,230,237.321449323953,0,0
510409.208703137,510469.208703137,650,230,243.321449323953,0,0
510469.208703137,510529.208703137,650,230,249.321449323953,0,0
510529.208703137,510589.208703137,650,230,255.321449323953,0,0
510589.208703137,510649.208703137,650,230,261.321449323953,0,0
510649.208703137,510709.208703137,650,230,267.321449323953,0,0
510709.208703137,510769.208703137,650,230,273.321449323953,0,0
510769.208703137,510770.360536317,650,230,273.436632641998,0,0
510770.360536317,510830.360536317,650,560,274.786632641998,0,1
510830.360536317,510890.360536317,650,560,276.136632641998,0,1
510890.360536317,510950.360536317,650,560,277.486632641998,0,1
510950.360536317,511010.360536317,650,560,278.836632641998,0,1
511010.360536317,511070.360536317,650,560,280.186632641998,0,1
511070.360536317,511130.360536317,650,560,281.536632641998,0,1
511130.360536317,511190.360536317,650,560,282.886632641998,0,1
511190.360536317,511250.360536317,650,560,284.236632641998,0,1
511250.360536317,511310.360536317,650,560,285.586632641998,0,1
511310.360536317,511370.360536317,650,560,286.936632641998,0,1
511370.360536317,511430.360536317,650,560,288.286632641998,0,1
511430.360536317,511490.360536317,650,560,289.636632641998,0,1
511490.360536317,511550.360536317,650,560,290.986632641998,0,1
511550.360536317,511610.360536317,650,560,292.336632641998,0,1
511610.360536317,511670.360536317,650,560,293.686632641998,0,1
511670.360536317,511730.360536317,650,560,295.036632641998,0,1
511730.360536317,511790.360536317,650,560,296.386632641998,0,1
511790.360536317,511850.360536317,650,560,297.736632641998,0,1
511850.360536317,511910.360536317,650,560,299.086632641999,0,1
511910.360536317,511970.360536317,650,560,300,0,1
511970.360536317,512030.360536317,650,560,300,0,1
512030.360536317,512090.360536317,650,560,300,0,1
512090.360536317,512150.360536317,650,560,300,0,1
512150.360536317,512210.360536317,650,560,300,0,1
512210.360536317,512270.360536317,650,560,300,0,1
512270.360536317,512330.360536317,650,560,300,0,1
512330.360536317,512390.360536317,650,560,300,0,1
512390.360536317,512450.360536317,650,560,300,0,1
512450.360536317,512510.360536317,650,560,300,0,1
512510.360536317,512570.360536317,650,560,300,0,1
512570.360536317,512571.512369498,650,560,300,0,1
512571.512369498,512631.512369498,0,560,289.62962962963,0,1
512631.512369498,512691.512369498,0,560,279.259259259259,0,1
512691.512369498,512751.512369498,0,560,268.888888888889,0,1
512751.512369498,512811.512369498,0,560,258.518518518518,0,1
512811.512369498,512871.512369498,0,560,248.148148148148,0,1
512871.512369498,512931.512369498,0,560,237.777777777778,0,1
512931.512369498,512991.512369498,0,560,227.407407407407,0,1
512991.512369498,513051.512369498,0,560,217.037037037037,0,1
513051.512369498,513111.512369498,0,560,206.666666666667,0,1
513111.512369498,513171.512369498,0,230,202.407407407407,0,0
513171.512369498,513231.512369498,0,230,198.148148148148,0,0
513231.512369498,513291.512369498,0,230,193.888888888889,0,0
513291.512369498,513351.512369498,0,230,189.62962962963,0,0
513351.512369498,513411.512369498,0,230,185.37037037037,0,0
513411.512369498,513471.512369498,0,230,181.111111111111,0,0
513471.512369498,513531.512369498,0,230,176.851851851852,0,0
513531.512369498,513591.512369498,0,230,172.592592592592,0,0
513591.512369498,513651.512369498,0,230,168.333333333333,0,0
513651.512369498,513711.512369498,0,230,164.074074074074,0,0
513711.512369498,513771.512369498,0,230,159.814814814815,0,0
513771.512369498,513831.512369498,0,230,155.555555555555,0,0
513831.512369498,513891.512369498,0,230,151.296296296296,0,0
513891.512369498,513951.512369498,0,230,147.037037037037,0,0
513951.512369498,514011.512369498,0,230,142.777777777778,0,0
514011.512369498,514071.512369498,0,230,138.518518518518,0,0
514071.512369498,514131.512369498,0,230,134.259259259259,0,0
514131.512369498,514191.512369498,0,230,130,0,0
514191.512369498,514251.512369498,0,230,125.740740740741,0,0
514251.512369498,514311.512369498,0,230,121.481481481481,0,0
514311.512369498,514371.512369498,0,230,117.222222222222,0,0
514371.512369498,514431.512369498,0,230,112.962962962963,0,0
514431.512369498,514491.512369498,0,230,108.703703703703,0,0
514491.512369498,514551.512369498,0,230,104.444444444444,0,0
514551.512369498,514611.512369498,0,230,100.185185185185,0,0
514611.512369498,514671.512369498,0,230,95.9259259259256,0,0
514671.512369498,514708.201518151,0,230,93.3214493239526,0,0
514708.201518151,514768.201518151,650,230,99.3214493239526,0,0
514768.201518151,514828.201518151,650,230,105.321449323953,0,0
514828.201518151,514888.201518151,650,230,111.321449323953,0,0
514888.201518151,514948.201518151,650,230,117.321449323953,0,0
514948.201518151,515008.201518151,650,230,123.321449323953,0,0
515008.201518151,515068.201518151,650,230,129.321449323953,0,0
515068.201518151,515128.201518151,650,230,135.321449323953,0,0
515128.201518151,515188.201518151,650,230,141.321449323953,0,0
515188.201518151,515248.201518151,650,230,147.321449323953,0,0
515248.201518151,515308.201518151,650,230,153.321449323953,0,0
515308.201518151,515368.201518151,650,230,159.321449323953,0,0
515368.201518151,515428.201518151,650,230,165.321449323953,0,0
515428.201518151,515488.201518151,650,230,171.321449323953,0,0
515488.201518151,515548.201518151,650,230,177.321449323953,0,0
515548.201518151,515608.201518151,650,230,183.321449323953,0,0
515608.201518151,515668.201518151,650,230,189.321449323953,0,0
515668.201518151,515728.201518151,650,230,195.321449323953,0,0
515728.201518151,515788.201518151,650,230,201.321449323953,0,0
515788.201518151,515848.201518151,650,230,207.321449323953,0,0
515848.201518151,515908.201518151,650,230,213.321449323953,0,0
515908.201518151,515968.201518151,650,230,219.321449323953,0,0
515968.201518151,516028.201518151,650,230,225.321449323953,0,0
516028.201518151,516088.201518151,650,230,231.321449323953,0,0
516088.201518151,516148.201518151,650,230,237.321449323953,0,0
516148.201518151,516208.201518151,650,230,243.321449323953,0,0
516208.201518151,516268.201518151,650,230,249.321449323953,0,0
516268.201518151,516328.201518151,650,230,255.321449323953,0,0
516328.201518151,516388.201518151,650,230,261.321449323953,0,0
516388.201518151,516448.201518151,650,230,267.321449323953,0,0
516448.201518151,516508.201518151,650,230,273.321449323953,0,0
516508.201518151,516509.353351332,650,230,273.436632641998,0,0
516509.353351332,516569.353351332,650,560,274.786632641998,0,1
516569.353351332,516629.353351332,650,560,276.136632641998,0,1
516629.353351332,516689.353351332,650,560,277.486632641998,0,1
516689.353351332,516749.353351332,650,560,278.836632641998,0,1
516749.353351332,516809.353351332,650,560,280.186632641998,0,1
516809.353351332,516869.353351332,650,560,281.536632641998,0,1
516869.353351332,516929.353351332,650,560,282.886632641998,0,1
516929.353351332,516989.353351332,650,560,284.236632641998,0,1
516989.353351332,517049.353351332,650,560,285.586632641998,0,1
517049.353351332,517109.353351332,650,560,286.936632641998,0,1
517109.353351332,517169.353351332,650,560,288.286632641998,0,1
517169.353351332,517229.353351332,650,560,289.636632641998,0,1
517229.353351332,517289.353351332,650,560,290.986632641998,0,1
517289.353351332,517349.353351332,650,560,292.336632641998,0,1
517349.353351332,517409.353351332,650,560,293.686632641998,0,1
517409.353351332,517469.353351332,650,560,295.036632641998,0,1
517469.353351332,517529.353351332,650,560,296.386632641998,0,1
517529.353351332,517589.353351332,650,560,297.736632641998,0,1
517589.353351332,517649.353351332,650,560,299.086632641999,0,1
517649.353351332,517709.353351332,650,560,300,0,1
517709.353351332,517769.353351332,650,560,300,0,1
517769.353351332,517829.353351332,650,560,300,0,1
517829.353351332,517889.353351332,650,560,300,0,1
517889.353351332,517949.353351332,650,560,300,0,1
517949.353351332,518009.353351332,650,560,300,0,1
518009.353351332,518069.353351332,650,560,300,0,1
518069.353351332,518129.353351332,650,560,300,0,1
518129.353351332,518189.353351332,650,560,300,0,1
518189.353351332,518249.353351332,650,560,300,0,1
518249.353351332,518309.353351332,650,560,300,0,1
518309.353351332,518310.505184512,650,560,300,0,1
518310.505184512,518370.505184512,0,560,289.62962962963,0,1
518370.505184512,518430.505184512,0,560,279.259259259259,0,1
518430.505184512,518490.505184512,0,560,268.888888888889,0,1
518490.505184512,518550.505184512,0,560,258.518518518518,0,1
518550.505184512,518610.505184512,0,560,248.148148148148,0,1
518610.505184512,518670.505184512,0,560,237.777777777778,0,1
518670.505184512,518730.505184512,0,560,227.407407407407,0,1
518730.505184512,518790.505184512,0,560,217.037037037037,0,1
518790.505184512,518850.505184512,0,560,206.666666666667,0,1
518850.505184512,518910.505184512,0,230,202.407407407407,0,0
518910.505184512,518970.505184512,0,230,198.148148148148,0,0
518970.505184512,519030.505184512,0,230,193.888888888889,0,0
519030.505184512,519090.505184512,0,230,189.62962962963,0,0
519090.505184512,519150.505184512,0,230,185.37037037037,0,0
519150.505184512,519210.505184512,0,230,181.111111111111,0,0
519210.505184512,519270.505184512,0,230,176.851851851852,0,0
519270.505184512,519330.505184512,0,230,172.592592592592,0,0
519330.505184512,519390.505184512,0,230,168.333333333333,0,0
519390.505184512,519450.505184512,0,230,164.074074074074,0,0
519450.505184512,519510.505184512,0,230,159.814814814815,0,0
519510.505184512,519570.505184512,0,230,155.555555555555,0,0
519570.505184512,519630.505184512,0,230,151.296296296296,0,0
519630.505184512,519690.505184512,0,230,147.037037037037,0,0
519690.505184512,519750.505184512,0,230,142.777777777778,0,0
519750.505184512,519810.505184512,0,230,138.518518518518,0,0
519810.505184512,519870.505184512,0,230,134.259259259259,0,0
519870.505184512,519930.505184512,0,230,130,0,0
519930.505184512,519990.505184512,0,230,125.740740740741,0,0
519990.505184512,520050.505184512,0,230,121.481481481481,0,0
520050.505184512,520110.505184512,0,230,117.222222222222,0,0
520110.505184512,520170.505184512,0,230,112.962962962963,0,0
520170.505184512,520230.505184512,0,230,108.703703703703,0,0
520230.505184512,520290.505184512,0,230,104.444444444444,0,0
520290.505184512,520350.505184512,0,230,100.185185185185,0,0
520350.505184512,520410.505184512,0,230,95.9259259259256,0,0
520410.505184512,520447.194333166,0,230,93.3214493239526,0,0
520447.194333166,520507.194333166,650,230,99.3214493239526,0,0
520507.194333166,520567.194333166,650,230,105.321449323953,0,0
520567.194333166,520627.194333166,650,230,111.321449323953,0,0
520627.194333166,520687.194333166,650,230,117.321449323953,0,0
520687.194333166,520747.194333166,650,230,123.321449323953,0,0
520747.194333166,520807.194333166,650,230,129.321449323953,0,0
520807.194333166,520867.194333166,650,230,135.321449323953,0,0
520867.194333166,520927.194333166,650,230,141.321449323953,0,0
520927.194333166,520987.194333166,650,230,147.321449323953,0,0
520987.194333166,521047.194333166,650,230,153.321449323953,0,0
521047.194333166,521107.194333166,650,230,159.321449323953,0,0
521107.194333166,521167.194333166,650,230,165.321449323953,0,0
521167.194333166,521227.194333166,650,230,171.321449323953,0,0
521227.194333166,521287.194333166,650,230,177.321449323953,0,0
521287.194333166,521347.194333166,650,230,183.321449323953,0,0
521347.194333166,521407.194333166,650,230,189.321449323953,0,0
521407.194333166,521467.194333166,650,230,195.321449323953,0,0
521467.194333166,521527.194333166,650,230,201.321449323953,0,0
521527.194333166,521587.194333166,650,230,207.321449323953,0,0
521587.194333166,521647.194333166,650,230,213.321449323953,0,0
521647.194333166,521707.194333166,650,230,219.321449323953,0,0
521707.194333166,521767.194333166,650,230,225.321449323953,0,0
521767.194333166,521827.194333166,650,230,231.321449323953,0,0
521827.194333166,521887.194333166,650,230,237.321449323953,0,0
521887.194333166,521947.194333166,650,230,243.321449323953,0,0
521947.194333166,522007.194333166,650,230,249.321449323953,0,0
522007.194333166,522067.194333166,650,230,255.321449323953,0,0
522067.194333166,522127.194333166,650,230,261.321449323953,0,0
522127.194333166,522187.194333166,650,230,267.321449323953,0,0
522187.194333166,522247.194333166,650,230,273.321449323953,0,0
522247.194333166,522248.346166347,650,230,273.436632641998,0,0
522248.346166347,522308.346166347,650,560,274.786632641998,0,1
522308.346166347,522368.346166347,650,560,276.136632641998,0,1
522368.346166347,522428.346166347,650,560,277.486632641998,0,1
522428.346166347,522488.346166347,650,560,278.836632641998,0,1
522488.346166347,522548.346166347,650,560,280.186632641998,0,1
522548.346166347,522608.346166347,650,560,281.536632641998,0,1
522608.346166347,522668.346166347,650,560,282.886632641998,0,1
522668.346166347,522728.346166347,650,560,284.236632641998,0,1
522728.346166347,522788.346166347,650,560,285.586632641998,0,1
522788.346166347,522848.346166347,650,560,286.936632641998,0,1
522848.346166347,522908.346166347,650,560,288.286632641998,0,1
522908.346166347,522968.346166347,650,560,289.636632641998,0,1
522968.346166347,523028.346166347,650,560,290.986632641998,0,1
523028.346166347,523088.346166347,650,560,292.336632641998,0,1
523088.346166347,523148.346166347,650,560,293.686632641998,0,1
523148.346166347,523208.346166347,650,560,295.036632641998,0,1
523208.346166347,523268.346166347,650,560,296.386632641998,0,1
523268.346166347,523328.346166347,650,560,297.736632641998,0,1
523328.346166347,523388.346166347,650,560,299.086632641999,0,1
523388.346166347,523448.346166347,650,560,300,0,1
523448.346166347,523508.346166347,650,560,300,0,1
523508.346166347,523568.346166347,650,560,300,0,1
523568.346166347,523628.346166347,650,560,300,0,1
523628.346166347,523688.346166347,650,560,300,0,1
523688.346166347,523748.346166347,650,560,300,0,1
523748.346166347,523808.346166347,650,560,300,0,1
523808.346166347,523868.346166347,650,560,300,0,1
523868.346166347,523928.346166347,650,560,300,0,1
523928.346166347,523988.346166347,650,560,300,0,1
523988.346166347,524048.346166347,650,560,300,0,1
524048.346166347,524049.497999527,650,560,300,0,1
524049.497999527,524109.497999527,0,560,289.62962962963,0,1
524109.497999527,524169.497999527,0,560,279.259259259259,0,1
524169.497999527,524229.497999527,0,560,268.888888888889,0,1
524229.497999527,524289.497999527,0,560,258.518518518529,0,1
524289.497999527,524349.497999527,0,560,248.148148148158,0,1
524349.497999527,524409.497999527,0,560,237.777777777788,0,1
524409.497999527,524469.497999527,0,560,227.407407407417,0,1
524469.497999527,524529.497999527,0,560,217.037037037047,0,1
524529.497999527,524589.497999527,0,560,206.666666666677,0,1
524589.497999527,524649.497999527,0,230,202.407407407417,0,0
524649.497999527,524709.497999527,0,230,198.148148148158,0,0
524709.497999527,524769.497999527,0,230,193.888888888899,0,0
524769.497999527,524829.497999527,0,230,189.62962962964,0,0
524829.497999527,524889.497999527,0,230,185.37037037038,0,0
524889.497999527,524949.497999527,0,230,181.111111111121,0,0
524949.497999527,525009.497999527,0,230,176.851851851862,0,0
525009.497999527,525069.497999527,0,230,172.592592592603,0,0
525069.497999527,525129.497999527,0,230,168.333333333343,0,0
525129.497999527,525189.497999527,0,230,164.074074074084,0,0
525189.497999527,525249.497999527,0,230,159.814814814825,0,0
525249.497999527,525309.497999527,0,230,155.555555555565,0,0
525309.497999527,525369.497999527,0,230,151.296296296306,0,0
525369.497999527,525429.497999527,0,230,147.037037037047,0,0
525429.497999527,525489.497999527,0,230,142.777777777788,0,0
525489.497999527,525549.497999527,0,230,138.518518518528,0,0
525549.497999527,525609.497999527,0,230,134.259259259269,0,0
525609.497999527,525669.497999527,0,230,130.00000000001,0,0
525669.497999527,525729.497999527,0,230,125.740740740751,0,0
525729.497999527,525789.497999527,0,230,121.481481481491,0,0
525789.497999527,525849.497999527,0,230,117.222222222232,0,0
525849.497999527,525909.497999527,0,230,112.962962962973,0,0
525909.497999527,525969.497999527,0,230,108.703703703714,0,0
525969.497999527,526029.497999527,0,230,104.444444444454,0,0
526029.497999527,526089.497999527,0,230,100.185185185195,0,0
526089.497999527,526149.497999527,0,230,95.9259259259357,0,0
526149.497999527,526186.187148181,0,230,93.3214493239544,0,0
526186.187148181,526246.187148181,650,230,99.3214493239544,0,0
526246.187148181,526306.187148181,650,230,105.321449323954,0,0
526306.187148181,526366.187148181,650,230,111.321449323954,0,0
526366.187148181,526426.187148181,650,230,117.321449323954,0,0
526426.187148181,526486.187148181,650,230,123.321449323954,0,0
526486.187148181,526546.187148181,650,230,129.321449323954,0,0
526546.187148181,526606.187148181,650,230,135.321449323954,0,0
526606.187148181,526666.187148181,650,230,141.321449323954,0,0
526666.187148181,526726.187148181,650,230,147.321449323954,0,0
526726.187148181,526786.187148181,650,230,153.321449323954,0,0
526786.187148181,526846.187148181,650,230,159.321449323954,0,0
526846.187148181,526906.187148181,650,230,165.321449323954,0,0
526906.187148181,526966.187148181,650,230,171.321449323954,0,0
526966.187148181,527026.187148181,650,230,177.321449323954,0,0
527026.187148181,527086.187148181,650,230,183.321449323954,0,0
527086.187148181,527146.187148181,650,230,189.321449323954,0,0
527146.187148181,527206.187148181,650,230,195.321449323954,0,0
527206.187148181,527266.187148181,650,230,201.321449323954,0,0
527266.187148181,527326.187148181,650,230,207.321449323954,0,0
527326.187148181,527386.187148181,650,230,213.321449323954,0,0
527386.187148181,527446.187148181,650,230,219.321449323954,0,0
527446.187148181,527506.187148181,650,230,225.321449323954,0,0
527506.187148181,527566.187148181,650,230,231.321449323954,0,0
527566.187148181,527626.187148181,650,230,237.321449323954,0,0
527626.187148181,527686.187148181,650,230,243.321449323954,0,0
527686.187148181,527746.187148181,650,230,249.321449323954,0,0
527746.187148181,527806.187148181,650,230,255.321449323954,0,0
527806.187148181,527866.187148181,650,230,261.321449323954,0,0
527866.187148181,527926.187148181,650,230,267.321449323954,0,0
527926.187148181,527986.187148181,650,230,273.321449323954,0,0
527986.187148181,527987.338981361,650,230,273.436632641988,0,0
527987.338981361,527987.338981935,650,230,273.436632699381,0,0
527987.338981935,528047.338981935,650,560,274.786632699381,0,1
528047.338981935,528107.338981935,650,560,276.136632699381,0,1
528107.338981935,528167.338981935,650,560,277.486632699381,0,1
528167.338981935,528227.338981935,650,560,278.836632699381,0,1
528227.338981935,528287.338981935,650,560,280.186632699381,0,1
528287.338981935,528347.338981935,650,560,281.536632699381,0,1
528347.338981935,528407.338981935,650,560,282.886632699381,0,1
528407.338981935,528467.338981935,650,560,284.236632699381,0,1
528467.338981935,528527.338981935,650,560,285.586632699381,0,1
528527.338981935,528587.338981935,650,560,286.936632699381,0,1
528587.338981935,528647.338981935,650,560,288.286632699381,0,1
528647.338981935,528707.338981935,650,560,289.636632699381,0,1
528707.338981935,528767.338981935,650,560,290.986632699381,0,1
528767.338981935,528827.338981935,650,560,292.336632699381,0,1
528827.338981935,528887.338981935,650,560,293.686632699381,0,1
528887.338981935,528947.338981935,650,560,295.036632699381,0,1
528947.338981935,529007.338981935,650,560,296.386632699381,0,1
529007.338981935,529067.338981935,650,560,297.736632699381,0,1
529067.338981935,529127.338981935,650,560,299.086632699381,0,1
529127.338981935,529187.338981935,650,560,300,0,1
529187.338981935,529247.338981935,650,560,300,0,1
529247.338981935,529307.338981935,650,560,300,0,1
529307.338981935,529367.338981935,650,560,300,0,1
529367.338981935,529427.338981935,650,560,300,0,1
529427.338981935,529487.338981935,650,560,300,0,1
529487.338981935,529547.338981935,650,560,300,0,1
529547.338981935,529607.338981935,650,560,300,0,1
529607.338981935,529667.338981935,650,560,300,0,1
529667.338981935,529727.338981935,650,560,300,0,1
529727.338981935,529787.338981935,650,560,300,0,1
529787.338981935,529788.490814542,650,560,300,0,1
529788.490814542,529848.490814542,0,560,289.62962962963,0,1
529848.490814542,529908.490814542,0,560,279.259259259259,0,1
529908.490814542,529968.490814542,0,560,268.888888888889,0,1
529968.490814542,530028.490814542,0,560,258.518518518518,0,1
530028.490814542,530088.490814542,0,560,248.148148148148,0,1
530088.490814542,530148.490814542,0,560,237.777777777778,0,1
530148.490814542,530208.490814542,0,560,227.407407407407,0,1
530208.490814542,530268.490814542,0,560,217.037037037037,0,1
530268.490814542,530328.490814542,0,560,206.666666666667,0,1
530328.490814542,530388.490814542,0,230,202.407407407407,0,0
530388.490814542,530448.490814542,0,230,198.148148148148,0,0
530448.490814542,530508.490814542,0,230,193.888888888889,0,0
530508.490814542,530568.490814542,0,230,189.62962962963,0,0
530568.490814542,530628.490814542,0,230,185.37037037037,0,0
530628.490814542,530688.490814542,0,230,181.111111111111,0,0
530688.490814542,530748.490814542,0,230,176.851851851852,0,0
530748.490814542,530808.490814542,0,230,172.592592592592,0,0
530808.490814542,530868.490814542,0,230,168.333333333333,0,0
530868.490814542,530928.490814542,0,230,164.074074074074,0,0
530928.490814542,530988.490814542,0,230,159.814814814815,0,0
530988.490814542,531048.490814542,0,230,155.555555555555,0,0
531048.490814542,531108.490814542,0,230,151.296296296296,0,0
531108.490814542,531168.490814542,0,230,147.037037037037,0,0
531168.490814542,531228.490814542,0,230,142.777777777778,0,0
531228.490814542,531288.490814542,0,230,138.518518518518,0,0
531288.490814542,531348.490814542,0,230,134.259259259259,0,0
531348.490814542,531408.490814542,0,230,130,0,0
531408.490814542,531468.490814542,0,230,125.740740740741,0,0
531468.490814542,531528.490814542,0,230,121.481481481481,0,0
531528.490814542,531588.490814542,0,230,117.222222222222,0,0
531588.490814542,531648.490814542,0,230,112.962962962963,0,0
531648.490814542,531708.490814542,0,230,108.703703703703,0,0
531708.490814542,531768.490814542,0,230,104.444444444444,0,0
531768.490814542,531828.490814542,0,230,100.185185185185,0,0
531828.490814542,531888.490814542,0,230,95.9259259259256,0,0
531888.490814542,531925.179963196,0,230,93.3214493239526,0,0
531925.179963196,531985.179963196,650,230,99.3214493239526,0,0
531985.179963196,532045.179963196,650,230,105.321449323953,0,0
532045.179963196,532105.179963196,650,230,111.321449323953,0,0
532105.179963196,532165.179963196,650,230,117.321449323953,0,0
532165.179963196,532225.179963196,650,230,123.321449323953,0,0
532225.179963196,532285.179963196,650,230,129.321449323953,0,0
532285.179963196,532345.179963196,650,230,135.321449323953,0,0
532345.179963196,532405.179963196,650,230,141.321449323953,0,0
532405.179963196,532465.179963196,650,230,147.321449323953,0,0
532465.179963196,532525.179963196,650,230,153.321449323953,0,0
532525.179963196,532585.179963196,650,230,159.321449323953,0,0
532585.179963196,532645.179963196,650,230,165.321449323953,0,0
532645.179963196,532705.179963196,650,230,171.321449323953,0,0
532705.179963196,532765.179963196,650,230,177.321449323953,0,0
532765.179963196,532825.179963196,650,230,183.321449323953,0,0
532825.179963196,532885.179963196,650,230,189.321449323953,0,0
532885.179963196,532945.179963196,650,230,195.321449323953,0,0
532945.179963196,533005.179963196,650,230,201.321449323953,0,0
533005.179963196,533065.179963196,650,230,207.321449323953,0,0
533065.179963196,533125.179963196,650,230,213.321449323953,0,0
533125.179963196,533185.179963196,650,230,219.321449323953,0,0
533185.179963196,533245.179963196,650,230,225.321449323953,0,0
533245.179963196,533305.179963196,650,230,231.321449323953,0,0
533305.179963196,533365.179963196,650,230,237.321449323953,0,0
533365.179963196,533425.179963196,650,230,243.321449323953,0,0
533425.179963196,533485.179963196,650,230,249.321449323953,0,0
533485.179963196,533545.179963196,650,230,255.321449323953,0,0
533545.179963196,533605.179963196,650,230,261.321449323953,0,0
533605.179963196,533665.179963196,650,230,267.321449323953,0,0
533665.179963196,533725.179963196,650,230,273.321449323953,0,0
533725.179963196,533726.331796376,650,230,273.436632641998,0,0
533726.331796376,533726.332370275,650,230,273.436690031923,0,0
533726.332370275,533786.332370275,650,560,274.786690031923,0,1
533786.332370275,533846.332370275,650,560,276.136690031923,0,1
533846.332370275,533906.332370275,650,560,277.486690031923,0,1
533906.332370275,533966.332370275,650,560,278.836690031923,0,1
533966.332370275,534026.332370275,650,560,280.186690031923,0,1
534026.332370275,534086.332370275,650,560,281.536690031923,0,1
534086.332370275,534146.332370275,650,560,282.886690031923,0,1
534146.332370275,534206.332370275,650,560,284.236690031923,0,1
534206.332370275,534266.332370275,650,560,285.586690031923,0,1
534266.332370275,534326.332370275,650,560,286.936690031923,0,1
534326.332370275,534386.332370275,650,560,288.286690031923,0,1
534386.332370275,534446.332370275,650,560,289.636690031923,0,1
534446.332370275,534506.332370275,650,560,290.986690031923,0,1
534506.332370275,534566.332370275,650,560,292.336690031923,0,1
534566.332370275,534626.332370275,650,560,293.686690031923,0,1
534626.332370275,534686.332370275,650,560,295.036690031923,0,1
534686.332370275,534746.332370275,650,560,296.386690031923,0,1
534746.332370275,534806.332370275,650,560,297.736690031923,0,1
534806.332370275,534866.332370275,650,560,299.086690031923,0,1
534866.332370275,534926.332370275,650,560,300,0,1
534926.332370275,534986.332370275,650,560,300,0,1
534986.332370275,535046.332370275,650,560,300,0,1
535046.332370275,535106.332370275,650,560,300,0,1
535106.332370275,535166.332370275,650,560,300,0,1
535166.332370275,535226.332370275,650,560,300,0,1
535226.332370275,535286.332370275,650,560,300,0,1
535286.332370275,535346.332370275,650,560,300,0,1
535346.332370275,535406.332370275,650,560,300,0,1
535406.332370275,535466.332370275,650,560,300,0,1
535466.332370275,535526.332370275,650,560,300,0,1
535526.332370275,535527.483629557,650,560,300,0,1
535527.483629557,535587.483629557,0,560,289.62962962963,0,1
535587.483629557,535647.483629557,0,560,279.259259259259,0,1
535647.483629557,535707.483629557,0,560,268.888888888889,0,1
535707.483629557,535767.483629557,0,560,258.518518518518,0,1
535767.483629557,535827.483629557,0,560,248.148148148148,0,1
535827.483629557,535887.483629557,0,560,237.777777777778,0,1
535887.483629557,535947.483629557,0,560,227.407407407407,0,1
535947.483629557,536007.483629557,0,560,217.037037037037,0,1
536007.483629557,536067.483629557,0,560,206.666666666667,0,1
536067.483629557,536127.483629557,0,230,202.407407407407,0,0
536127.483629557,536187.483629557,0,230,198.148148148148,0,0
536187.483629557,536247.483629557,0,230,193.888888888889,0,0
536247.483629557,536307.483629557,0,230,189.62962962963,0,0
536307.483629557,536367.483629557,0,230,185.37037037037,0,0
536367.483629557,536427.483629557,0,230,181.111111111111,0,0
536427.483629557,536487.483629557,0,230,176.851851851852,0,0
536487.483629557,536547.483629557,0,230,172.592592592592,0,0
536547.483629557,536607.483629557,0,230,168.333333333333,0,0
536607.483629557,536667.483629557,0,230,164.074074074074,0,0
536667.483629557,536727.483629557,0,230,159.814814814815,0,0
536727.483629557,536787.483629557,0,230,155.555555555555,0,0
536787.483629557,536847.483629557,0,230,151.296296296296,0,0
536847.483629557,536907.483629557,0,230,147.037037037037,0,0
536907.483629557,536967.483629557,0,230,142.777777777778,0,0
536967.483629557,537027.483629557,0,230,138.518518518518,0,0
537027.483629557,537087.483629557,0,230,134.259259259259,0,0
537087.483629557,537147.483629557,0,230,130,0,0
537147.483629557,537207.483629557,0,230,125.740740740741,0,0
537207.483629557,537267.483629557,0,230,121.481481481481,0,0
537267.483629557,537327.483629557,0,230,117.222222222222,0,0
537327.483629557,537387.483629557,0,230,112.962962962963,0,0
537387.483629557,537447.483629557,0,230,108.703703703703,0,0
537447.483629557,537507.483629557,0,230,104.444444444444,0,0
537507.483629557,537567.483629557,0,230,100.185185185185,0,0
537567.483629557,537627.483629557,0,230,95.9259259259256,0,0
537627.483629557,537664.172778211,0,230,93.3214493239526,0,0
537664.172778211,537724.172778211,650,230,99.3214493239526,0,0
537724.172778211,537784.172778211,650,230,105.321449323953,0,0
537784.172778211,537844.172778211,650,230,111.321449323953,0,0
537844.172778211,537904.172778211,650,230,117.321449323953,0,0
537904.172778211,537964.172778211,650,230,123.321449323953,0,0
537964.172778211,538024.172778211,650,230,129.321449323953,0,0
538024.172778211,538084.172778211,650,230,135.321449323953,0,0
538084.172778211,538144.172778211,650,230,141.321449323953,0,0
538144.172778211,538204.172778211,650,230,147.321449323953,0,0
538204.172778211,538264.172778211,650,230,153.321449323953,0,0
538264.172778211,538324.172778211,650,230,159.321449323953,0,0
538324.172778211,538384.172778211,650,230,165.321449323953,0,0
538384.172778211,538444.172778211,650,230,171.321449323953,0,0
538444.172778211,538504.172778211,650,230,177.321449323953,0,0
538504.172778211,538564.172778211,650,230,183.321449323953,0,0
538564.172778211,538624.172778211,650,230,189.321449323953,0,0
538624.172778211,538684.172778211,650,230,195.321449323953,0,0
538684.172778211,538744.172778211,650,230,201.321449323953,0,0
538744.172778211,538804.172778211,650,230,207.321449323953,0,0
538804.172778211,538864.172778211,650,230,213.321449323953,0,0
538864.172778211,538924.172778211,650,230,219.321449323953,0,0
538924.172778211,538984.172778211,650,230,225.321449323953,0,0
538984.172778211,539044.172778211,650,230,231.321449323953,0,0
539044.172778211,539104.172778211,650,230,237.321449323953,0,0
539104.172778211,539164.172778211,650,230,243.321449323953,0,0
539164.172778211,539224.172778211,650,230,249.321449323953,0,0
539224.172778211,539284.172778211,650,230,255.321449323953,0,0
539284.172778211,539344.172778211,650,230,261.321449323953,0,0
539344.172778211,539404.172778211,650,230,267.321449323953,0,0
539404.172778211,539464.172778211,650,230,273.321449323953,0,0
539464.172778211,539465.324611391,650,230,273.436632641998,0,0
539465.324611391,539525.324611391,650,560,274.786632641998,0,1
539525.324611391,539585.324611391,650,560,276.136632641998,0,1
539585.324611391,539645.324611391,650,560,277.486632641998,0,1
539645.324611391,539705.324611391,650,560,278.836632641998,0,1
539705.324611391,539765.324611391,650,560,280.186632641998,0,1
539765.324611391,539825.324611391,650,560,281.536632641998,0,1
539825.324611391,539885.324611391,650,560,282.886632641998,0,1
539885.324611391,539945.324611391,650,560,284.236632641998,0,1
539945.324611391,540005.324611391,650,560,285.586632641998,0,1
540005.324611391,540065.324611391,650,560,286.936632641998,0,1
540065.324611391,540125.324611391,650,560,288.286632641998,0,1
540125.324611391,540185.324611391,650,560,289.636632641998,0,1
540185.324611391,540245.324611391,650,560,290.986632641998,0,1
540245.324611391,540305.324611391,650,560,292.336632641998,0,1
540305.324611391,540365.324611391,650,560,293.686632641998,0,1
540365.324611391,540425.324611391,650,560,295.036632641998,0,1
540425.324611391,540485.324611391,650,560,296.386632641998,0,1
540485.324611391,540545.324611391,650,560,297.736632641998,0,1
540545.324611391,540605.324611391,650,560,299.086632641999,0,1
540605.324611391,540665.324611391,650,560,300,0,1
540665.324611391,540725.324611391,650,560,300,0,1
540725.324611391,540785.324611391,650,560,300,0,1
540785.324611391,540845.324611391,650,560,300,0,1
540845.324611391,540905.324611391,650,560,300,0,1
540905.324611391,540965.324611391,650,560,300,0,1
540965.324611391,541025.324611391,650,560,300,0,1
541025.324611391,541085.324611391,650,560,300,0,1
541085.324611391,541145.324611391,650,560,300,0,1
541145.324611391,541205.324611391,650,560,300,0,1
541205.324611391,541265.324611391,650,560,300,0,1
541265.324611391,541266.476444572,650,560,300,0,1
541266.476444572,541326.476444572,0,560,289.62962962963,0,1
541326.476444572,541386.476444572,0,560,279.259259259259,0,1
541386.476444572,541446.476444572,0,560,268.888888888889,0,1
541446.476444572,541506.476444572,0,560,258.518518518518,0,1
541506.476444572,541566.476444572,0,560,248.148148148148,0,1
541566.476444572,541626.476444572,0,560,237.777777777778,0,1
541626.476444572,541686.476444572,0,560,227.407407407407,0,1
541686.476444572,541746.476444572,0,560,217.037037037037,0,1
541746.476444572,541806.476444572,0,560,206.666666666667,0,1
541806.476444572,541866.476444572,0,230,202.407407407407,0,0
541866.476444572,541926.476444572,0,230,198.148148148148,0,0
541926.476444572,541986.476444572,0,230,193.888888888889,0,0
541986.476444572,542046.476444572,0,230,189.62962962963,0,0
542046.476444572,542106.476444572,0,230,185.37037037037,0,0
542106.476444572,542166.476444572,0,230,181.111111111111,0,0
542166.476444572,542226.476444572,0,230,176.851851851852,0,0
542226.476444572,542286.476444572,0,230,172.592592592592,0,0
542286.476444572,542346.476444572,0,230,168.333333333333,0,0
542346.476444572,542406.476444572,0,230,164.074074074074,0,0
542406.476444572,542466.476444572,0,230,159.814814814815,0,0
542466.476444572,542526.476444572,0,230,155.555555555555,0,0
542526.476444572,542586.476444572,0,230,151.296296296296,0,0
542586.476444572,542646.476444572,0,230,147.037037037037,0,0
542646.476444572,542706.476444572,0,230,142.777777777778,0,0
542706.476444572,542766.476444572,0,230,138.518518518518,0,0
542766.476444572,542826.476444572,0,230,134.259259259259,0,0
542826.476444572,542886.476444572,0,230,130,0,0
542886.476444572,542946.476444572,0,230,125.740740740741,0,0
542946.476444572,543006.476444572,0,230,121.481481481481,0,0
543006.476444572,543066.476444572,0,230,117.222222222222,0,0
543066.476444572,543126.476444572,0,230,112.962962962963,0,0
543126.476444572,543186.476444572,0,230,108.703703703703,0,0
543186.476444572,543246.476444572,0,230,104.444444444444,0,0
543246.476444572,543306.476444572,0,230,100.185185185185,0,0
543306.476444572,543366.476444572,0,230,95.9259259259256,0,0
543366.476444572,543403.165593225,0,230,93.3214493239526,0,0
543403.165593225,543463.165593225,650,230,99.3214493239526,0,0
543463.165593225,543523.165593225,650,230,105.321449323953,0,0
543523.165593225,543583.165593225,650,230,111.321449323953,0,0
543583.165593225,543643.165593225,650,230,117.321449323953,0,0
543643.165593225,543703.165593225,650,230,123.321449323953,0,0
543703.165593225,543763.165593225,650,230,129.321449323953,0,0
543763.165593225,543823.165593225,650,230,135.321449323953,0,0
543823.165593225,543883.165593225,650,230,141.321449323953,0,0
543883.165593225,543943.165593225,650,230,147.321449323953,0,0
543943.165593225,544003.165593225,650,230,153.321449323953,0,0
544003.165593225,544063.165593225,650,230,159.321449323953,0,0
544063.165593225,544123.165593225,650,230,165.321449323953,0,0
544123.165593225,544183.165593225,650,230,171.321449323953,0,0
544183.165593225,544243.165593225,650,230,177.321449323953,0,0
544243.165593225,544303.165593225,650,230,183.321449323953,0,0
544303.165593225,544363.165593225,650,230,189.321449323953,0,0
544363.165593225,544423.165593225,650,230,195.321449323953,0,0
544423.165593225,544483.165593225,650,230,201.321449323953,0,0
544483.165593225,544543.165593225,650,230,207.321449323953,0,0
544543.165593225,544603.165593225,650,230,213.321449323953,0,0
544603.165593225,544663.165593225,650,230,219.321449323953,0,0
544663.165593225,544723.165593225,650,230,225.321449323953,0,0
544723.165593225,544783.165593225,650,230,231.321449323953,0,0
544783.165593225,544843.165593225,650,230,237.321449323953,0,0
544843.165593225,544903.165593225,650,230,243.321449323953,0,0
544903.165593225,544963.165593225,650,230,249.321449323953,0,0
544963.165593225,545023.165593225,650,230,255.321449323953,0,0
545023.165593225,545083.165593225,650,230,261.321449323953,0,0
545083.165593225,545143.165593225,650,230,267.321449323953,0,0
545143.165593225,545203.165593225,650,230,273.321449323953,0,0
545203.165593225,545204.317426406,650,230,273.436632641998,0,0
545204.317426406,545264.317426406,650,560,274.786632641998,0,1
545264.317426406,545324.317426406,650,560,276.136632641998,0,1
545324.317426406,545384.317426406,650,560,277.486632641998,0,1
545384.317426406,545444.317426406,650,560,278.836632641998,0,1
545444.317426406,545504.317426406,650,560,280.186632641998,0,1
545504.317426406,545564.317426406,650,560,281.536632641998,0,1
545564.317426406,545624.317426406,650,560,282.886632641998,0,1
545624.317426406,545684.317426406,650,560,284.236632641998,0,1
545684.317426406,545744.317426406,650,560,285.586632641998,0,1
545744.317426406,545804.317426406,650,560,286.936632641998,0,1
545804.317426406,545864.317426406,650,560,288.286632641998,0,1
545864.317426406,545924.317426406,650,560,289.636632641998,0,1
545924.317426406,545984.317426406,650,560,290.986632641998,0,1
545984.317426406,546044.317426406,650,560,292.336632641998,0,1
546044.317426406,546104.317426406,650,560,293.686632641998,0,1
546104.317426406,546164.317426406,650,560,295.036632641998,0,1
546164.317426406,546224.317426406,650,560,296.386632641998,0,1
546224.317426406,546284.317426406,650,560,297.736632641998,0,1
546284.317426406,546344.317426406,650,560,299.086632641999,0,1
546344.317426406,546404.317426406,650,560,300,0,1
546404.317426406,546464.317426406,650,560,300,0,1
546464.317426406,546524.317426406,650,560,300,0,1
546524.317426406,546584.317426406,650,560,300,0,1
546584.317426406,546644.317426406,650,560,300,0,1
546644.317426406,546704.317426406,650,560,300,0,1
546704.317426406,546764.317426406,650,560,300,0,1
546764.317426406,546824.317426406,650,560,300,0,1
546824.317426406,546884.317426406,650,560,300,0,1
546884.317426406,546944.317426406,650,560,300,0,1
546944.317426406,547004.317426406,650,560,300,0,1
547004.317426406,547005.469259586,650,560,300,0,1
547005.469259586,547065.469259586,0,560,289.62962962963,0,1
547065.469259586,547125.469259586,0,560,279.259259259259,0,1
547125.469259586,547185.469259586,0,560,268.888888888889,0,1
547185.469259586,547245.469259586,0,560,258.518518518518,0,1
547245.469259586,547305.469259586,0,560,248.148148148148,0,1
547305.469259586,547365.469259586,0,560,237.777777777778,0,1
547365.469259586,547425.469259586,0,560,227.407407407407,0,1
547425.469259586,547485.469259586,0,560,217.037037037037,0,1
547485.469259586,547545.469259586,0,560,206.666666666667,0,1
547545.469259586,547605.469259586,0,230,202.407407407407,0,0
547605.469259586,547665.469259586,0,230,198.148148148148,0,0
547665.469259586,547725.469259586,0,230,193.888888888889,0,0
547725.469259586,547785.469259586,0,230,189.62962962963,0,0
547785.469259586,547845.469259586,0,230,185.37037037037,0,0
547845.469259586,547905.469259586,0,230,181.111111111111,0,0
547905.469259586,547965.469259586,0,230,176.851851851852,0,0
547965.469259586,548025.469259586,0,230,172.592592592592,0,0
548025.469259586,548085.469259586,0,230,168.333333333333,0,0
548085.469259586,548145.469259586,0,230,164.074074074074,0,0
548145.469259586,548205.469259586,0,230,159.814814814815,0,0
548205.469259586,548265.469259586,0,230,155.555555555555,0,0
548265.469259586,548325.469259586,0,230,151.296296296296,0,0
548325.469259586,548385.469259586,0,230,147.037037037037,0,0
548385.469259586,548445.469259586,0,230,142.777777777778,0,0
548445.469259586,548505.469259586,0,230,138.518518518518,0,0
548505.469259586,548565.469259586,0,230,134.259259259259,0,0
548565.469259586,548625.469259586,0,230,130,0,0
548625.469259586,548685.469259586,0,230,125.740740740741,0,0
548685.469259586,548745.469259586,0,230,121.481481481481,0,0
548745.469259586,548805.469259586,0,230,117.222222222222,0,0
548805.469259586,548865.469259586,0,230,112.962962962963,0,0
548865.469259586,548925.469259586,0,230,108.703703703703,0,0
548925.469259586,548985.469259586,0,230,104.444444444444,0,0
548985.469259586,549045.469259586,0,230,100.185185185185,0,0
549045.469259586,549105.469259586,0,230,95.9259259259256,0,0
549105.469259586,549142.15840824,0,230,93.3214493239526,0,0
549142.15840824,549202.15840824,650,230,99.3214493239526,0,0
549202.15840824,549262.15840824,650,230,105.321449323953,0,0
549262.15840824,549322.15840824,650,230,111.321449323953,0,0
549322.15840824,549382.15840824,650,230,117.321449323953,0,0
549382.15840824,549442.15840824,650,230,123.321449323953,0,0
549442.15840824,549502.15840824,650,230,129.321449323953,0,0
549502.15840824,549562.15840824,650,230,135.321449323953,0,0
549562.15840824,549622.15840824,650,230,141.321449323953,0,0
549622.15840824,549682.15840824,650,230,147.321449323953,0,0
549682.15840824,549742.15840824,650,230,153.321449323953,0,0
549742.15840824,549802.15840824,650,230,159.321449323953,0,0
549802.15840824,549862.15840824,650,230,165.321449323953,0,0
549862.15840824,549922.15840824,650,230,171.321449323953,0,0
549922.15840824,549982.15840824,650,230,177.321449323953,0,0
549982.15840824,550042.15840824,650,230,183.321449323953,0,0
550042.15840824,550102.15840824,650,230,189.321449323953,0,0
550102.15840824,550162.15840824,650,230,195.321449323953,0,0
550162.15840824,550222.15840824,650,230,201.321449323953,0,0
550222.15840824,550282.15840824,650,230,207.321449323953,0,0
550282.15840824,550342.15840824,650,230,213.321449323953,0,0
550342.15840824,550402.15840824,650,230,219.321449323953,0,0
550402.15840824,550462.15840824,650,230,225.321449323953,0,0
550462.15840824,550522.15840824,650,230,231.321449323953,0,0
550522.15840824,550582.15840824,650,230,237.321449323953,0,0
550582.15840824,550642.15840824,650,230,243.321449323953,0,0
550642.15840824,550702.15840824,650,230,249.321449323953,0,0
550702.15840824,550762.15840824,650,230,255.321449323953,0,0
550762.15840824,550822.15840824,650,230,261.321449323953,0,0
550822.15840824,550882.15840824,650,230,267.321449323953,0,0
550882.15840824,550942.15840824,650,230,273.321449323953,0,0
550942.15840824,550943.310241421,650,230,273.436632641998,0,0
550943.310241421,551003.310241421,650,560,274.786632641998,0,1
551003.310241421,551063.310241421,650,560,276.136632641998,0,1
551063.310241421,551123.310241421,650,560,277.486632641998,0,1
551123.310241421,551183.310241421,650,560,278.836632641998,0,1
551183.310241421,551243.310241421,650,560,280.186632641998,0,1
551243.310241421,551303.310241421,650,560,281.536632641998,0,1
551303.310241421,551363.310241421,650,560,282.886632641998,0,1
551363.310241421,551423.310241421,650,560,284.236632641998,0,1
551423.310241421,551483.310241421,650,560,285.586632641998,0,1
551483.310241421,551543.310241421,650,560,286.936632641998,0,1
551543.310241421,551603.310241421,650,560,288.286632641998,0,1
551603.310241421,551663.310241421,650,560,289.636632641998,0,1
551663.310241421,551723.310241421,650,560,290.986632641998,0,1
551723.310241421,551783.310241421,650,560,292.336632641998,0,1
551783.310241421,551843.310241421,650,560,293.686632641998,0,1
551843.310241421,551903.310241421,650,560,295.036632641998,0,1
551903.310241421,551963.310241421,650,560,296.386632641998,0,1
551963.310241421,552023.310241421,650,560,297.736632641998,0,1
552023.310241421,552083.310241421,650,560,299.086632641999,0,1
552083.310241421,552143.310241421,650,560,300,0,1
552143.310241421,552203.310241421,650,560,300,0,1
552203.310241421,552263.310241421,650,560,300,0,1
552263.310241421,552323.310241421,650,560,300,0,1
552323.310241421,552383.310241421,650,560,300,0,1
552383.310241421,552443.310241421,650,560,300,0,1
552443.310241421,552503.310241421,650,560,300,0,1
552503.310241421,552563.310241421,650,560,300,0,1
552563.310241421,552623.310241421,650,560,300,0,1
552623.310241421,552683.310241421,650,560,300,0,1
552683.310241421,552743.310241421,650,560,300,0,1
552743.310241421,552744.462074601,650,560,300,0,1
552744.462074601,552804.462074601,0,560,289.62962962963,0,1
552804.462074601,552864.462074601,0,560,279.259259259259,0,1
552864.462074601,552924.462074601,0,560,268.888888888889,0,1
552924.462074601,552984.462074601,0,560,258.518518518518,0,1
552984.462074601,553044.462074601,0,560,248.148148148148,0,1
553044.462074601,553104.462074601,0,560,237.777777777778,0,1
553104.462074601,553164.462074601,0,560,227.407407407407,0,1
553164.462074601,553224.462074601,0,560,217.037037037037,0,1
553224.462074601,553284.462074601,0,560,206.666666666667,0,1
553284.462074601,553344.462074601,0,230,202.407407407407,0,0
553344.462074601,553404.462074601,0,230,198.148148148148,0,0
553404.462074601,553464.462074601,0,230,193.888888888889,0,0
553464.462074601,553524.462074601,0,230,189.62962962963,0,0
553524.462074601,553584.462074601,0,230,185.37037037037,0,0
553584.462074601,553644.462074601,0,230,181.111111111111,0,0
553644.462074601,553704.462074601,0,230,176.851851851852,0,0
553704.462074601,553764.462074601,0,230,172.592592592592,0,0
553764.462074601,553824.462074601,0,230,168.333333333333,0,0
553824.462074601,553884.462074601,0,230,164.074074074074,0,0
553884.462074601,553944.462074601,0,230,159.814814814815,0,0
553944.462074601,554004.462074601,0,230,155.555555555555,0,0
554004.462074601,554064.462074601,0,230,151.296296296296,0,0
554064.462074601,554124.462074601,0,230,147.037037037037,0,0
554124.462074601,554184.462074601,0,230,142.777777777778,0,0
554184.462074601,554244.462074601,0,230,138.518518518518,0,0
554244.462074601,554304.462074601,0,230,134.259259259259,0,0
554304.462074601,554364.462074601,0,230,130,0,0
554364.462074601,554424.462074601,0,230,125.740740740741,0,0
554424.462074601,554484.462074601,0,230,121.481481481481,0,0
554484.462074601,554544.462074601,0,230,117.222222222222,0,0
554544.462074601,554604.462074601,0,230,112.962962962963,0,0
554604.462074601,554664.462074601,0,230,108.703703703703,0,0
554664.462074601,554724.462074601,0,230,104.444444444444,0,0
554724.462074601,554784.462074601,0,230,100.185185185185,0,0
554784.462074601,554844.462074601,0,230,95.9259259259256,0,0
554844.462074601,554881.151223255,0,230,93.3214493239526,0,0
554881.151223255,554941.151223255,650,230,99.3214493239526,0,0
554941.151223255,555001.151223255,650,230,105.321449323953,0,0
555001.151223255,555061.151223255,650,230,111.321449323953,0,0
555061.151223255,555121.151223255,650,230,117.321449323953,0,0
555121.151223255,555181.151223255,650,230,123.321449323953,0,0
555181.151223255,555241.151223255,650,230,129.321449323953,0,0
555241.151223255,555301.151223255,650,230,135.321449323953,0,0
555301.151223255,555361.151223255,650,230,141.321449323953,0,0
555361.151223255,555421.151223255,650,230,147.321449323953,0,0
555421.151223255,555481.151223255,650,230,153.321449323953,0,0
555481.151223255,555541.151223255,650,230,159.321449323953,0,0
555541.151223255,555601.151223255,650,230,165.321449323953,0,0
555601.151223255,555661.151223255,650,230,171.321449323953,0,0
555661.151223255,555721.151223255,650,230,177.321449323953,0,0
555721.151223255,555781.151223255,650,230,183.321449323953,0,0
555781.151223255,555841.151223255,650,230,189.321449323953,0,0
555841.151223255,555901.151223255,650,230,195.321449323953,0,0
555901.151223255,555961.151223255,650,230,201.321449323953,0,0
555961.151223255,556021.151223255,650,230,207.321449323953,0,0
556021.151223255,556081.151223255,650,230,213.321449323953,0,0
556081.151223255,556141.151223255,650,230,219.321449323953,0,0
556141.151223255,556201.151223255,650,230,225.321449323953,0,0
556201.151223255,556261.151223255,650,230,231.321449323953,0,0
556261.151223255,556321.151223255,650,230,237.321449323953,0,0
556321.151223255,556381.151223255,650,230,243.321449323953,0,0
556381.151223255,556441.151223255,650,230,249.321449323953,0,0
556441.151223255,556501.151223255,650,230,255.321449323953,0,0
556501.151223255,556561.151223255,650,230,261.321449323953,0,0
556561.151223255,556621.151223255,650,230,267.321449323953,0,0
556621.151223255,556681.151223255,650,230,273.321449323953,0,0
556681.151223255,556682.303056435,650,230,273.436632641998,0,0
556682.303056435,556742.303056435,650,560,274.786632641998,0,1
556742.303056435,556802.303056435,650,560,276.136632641998,0,1
556802.303056435,556862.303056435,650,560,277.486632641998,0,1
556862.303056435,556922.303056435,650,560,278.836632641998,0,1
556922.303056435,556982.303056435,650,560,280.186632641998,0,1
556982.303056435,557042.303056435,650,560,281.536632641998,0,1
557042.303056435,557102.303056435,650,560,282.886632641998,0,1
557102.303056435,557162.303056435,650,560,284.236632641998,0,1
557162.303056435,557222.303056435,650,560,285.586632641998,0,1
557222.303056435,557282.303056435,650,560,286.936632641998,0,1
557282.303056435,557342.303056435,650,560,288.286632641998,0,1
557342.303056435,557402.303056435,650,560,289.636632641998,0,1
557402.303056435,557462.303056435,650,560,290.986632641998,0,1
557462.303056435,557522.303056435,650,560,292.336632641998,0,1
557522.303056435,557582.303056435,650,560,293.686632641998,0,1
557582.303056435,557642.303056435,650,560,295.036632641998,0,1
557642.303056435,557702.303056435,650,560,296.386632641998,0,1
557702.303056435,557762.303056435,650,560,297.736632641998,0,1
557762.303056435,557822.303056435,650,560,299.086632641999,0,1
557822.303056435,557882.303056435,650,560,300,0,1
557882.303056435,557942.303056435,650,560,300,0,1
557942.303056435,558002.303056435,650,560,300,0,1
558002.303056435,558062.303056435,650,560,300,0,1
558062.303056435,558122.303056435,650,560,300,0,1
558122.303056435,558182.303056435,650,560,300,0,1
558182.303056435,558242.303056435,650,560,300,0,1
558242.303056435,558302.303056435,650,560,300,0,1
558302.303056435,558362.303056435,650,560,300,0,1
558362.303056435,558422.303056435,650,560,300,0,1
558422.303056435,558482.303056435,650,560,300,0,1
558482.303056435,558483.454889616,650,560,300,0,1
558483.454889616,558543.454889616,0,560,289.62962962963,0,1
558543.454889616,558603.454889616,0,560,279.259259259259,0,1
558603.454889616,558663.454889616,0,560,268.888888888889,0,1
558663.454889616,558723.454889616,0,560,258.518518518518,0,1
558723.454889616,558783.454889616,0,560,248.148148148148,0,1
558783.454889616,558843.454889616,0,560,237.777777777778,0,1
558843.454889616,558903.454889616,0,560,227.407407407407,0,1
558903.454889616,558963.454889616,0,560,217.037037037037,0,1
558963.454889616,559023.454889616,0,560,206.666666666667,0,1
559023.454889616,559083.454889616,0,230,202.407407407407,0,0
559083.454889616,559143.454889616,0,230,198.148148148148,0,0
559143.454889616,559203.454889616,0,230,193.888888888889,0,0
559203.454889616,559263.454889616,0,230,189.62962962963,0,0
559263.454889616,559323.454889616,0,230,185.37037037037,0,0
559323.454889616,559383.454889616,0,230,181.111111111111,0,0
559383.454889616,559443.454889616,0,230,176.851851851852,0,0
559443.454889616,559503.454889616,0,230,172.592592592592,0,0
559503.454889616,559563.454889616,0,230,168.333333333333,0,0
559563.454889616,559623.454889616,0,230,164.074074074074,0,0
559623.454889616,559683.454889616,0,230,159.814814814815,0,0
559683.454889616,559743.454889616,0,230,155.555555555555,0,0
559743.454889616,559803.454889616,0,230,151.296296296296,0,0
559803.454889616,559863.454889616,0,230,147.037037037037,0,0
559863.454889616,559923.454889616,0,230,142.777777777778,0,0
559923.454889616,559983.454889616,0,230,138.518518518518,0,0
559983.454889616,560043.454889616,0,230,134.259259259259,0,0
560043.454889616,560103.454889616,0,230,130,0,0
560103.454889616,560163.454889616,0,230,125.740740740741,0,0
560163.454889616,560223.454889616,0,230,121.481481481481,0,0
560223.454889616,560283.454889616,0,230,117.222222222222,0,0
560283.454889616,560343.454889616,0,230,112.962962962963,0,0
560343.454889616,560403.454889616,0,230,108.703703703703,0,0
560403.454889616,560463.454889616,0,230,104.444444444444,0,0
560463.454889616,560523.454889616,0,230,100.185185185185,0,0
560523.454889616,560583.454889616,0,230,95.9259259259256,0,0
560583.454889616,560620.14403827,0,230,93.3214493239526,0,0
560620.14403827,560680.14403827,650,230,99.3214493239526,0,0
560680.14403827,560740.14403827,650,230,105.321449323953,0,0
560740.14403827,560800.14403827,650,230,111.321449323953,0,0
560800.14403827,560860.14403827,650,230,117.321449323953,0,0
560860.14403827,560920.14403827,650,230,123.321449323953,0,0
560920.14403827,560980.14403827,650,230,129.321449323953,0,0
560980.14403827,561040.14403827,650,230,135.321449323953,0,0
561040.14403827,561100.14403827,650,230,141.321449323953,0,0
561100.14403827,561160.14403827,650,230,147.321449323953,0,0
561160.14403827,561220.14403827,650,230,153.321449323953,0,0
561220.14403827,561280.14403827,650,230,159.321449323953,0,0
561280.14403827,561340.14403827,650,230,165.321449323953,0,0
561340.14403827,561400.14403827,650,230,171.321449323953,0,0
561400.14403827,561460.14403827,650,230,177.321449323953,0,0
561460.14403827,561520.14403827,650,230,183.321449323953,0,0
561520.14403827,561580.14403827,650,230,189.321449323953,0,0
561580.14403827,561640.14403827,650,230,195.321449323953,0,0
561640.14403827,561700.14403827,650,230,201.321449323953,0,0
561700.14403827,561760.14403827,650,230,207.321449323953,0,0
561760.14403827,561820.14403827,650,230,213.321449323953,0,0
561820.14403827,561880.14403827,650,230,219.321449323953,0,0
561880.14403827,561940.14403827,650,230,225.321449323953,0,0
561940.14403827,562000.14403827,650,230,231.321449323953,0,0
562000.14403827,562060.14403827,650,230,237.321449323953,0,0
562060.14403827,562120.14403827,650,230,243.321449323953,0,0
562120.14403827,562180.14403827,650,230,249.321449323953,0,0
562180.14403827,562240.14403827,650,230,255.321449323953,0,0
562240.14403827,562300.14403827,650,230,261.321449323953,0,0
562300.14403827,562360.14403827,650,230,267.321449323953,0,0
562360.14403827,562420.14403827,650,230,273.321449323953,0,0
562420.14403827,562421.29587145,650,230,273.436632641998,0,0
562421.29587145,562481.29587145,650,560,274.786632641998,0,1
562481.29587145,562541.29587145,650,560,276.136632641998,0,1
562541.29587145,562601.29587145,650,560,277.486632641998,0,1
562601.29587145,562661.29587145,650,560,278.836632641998,0,1
562661.29587145,562721.29587145,650,560,280.186632641998,0,1
562721.29587145,562781.29587145,650,560,281.536632641998,0,1
562781.29587145,562841.29587145,650,560,282.886632641998,0,1
562841.29587145,562901.29587145,650,560,284.236632641998,0,1
562901.29587145,562961.29587145,650,560,285.586632641998,0,1
562961.29587145,563021.29587145,650,560,286.936632641998,0,1
563021.29587145,563081.29587145,650,560,288.286632641998,0,1
563081.29587145,563141.29587145,650,560,289.636632641998,0,1
563141.29587145,563201.29587145,650,560,290.986632641998,0,1
563201.29587145,563261.29587145,650,560,292.336632641998,0,1
563261.29587145,563321.29587145,650,560,293.686632641998,0,1
563321.29587145,563381.29587145,650,560,295.036632641998,0,1
563381.29587145,563441.29587145,650,560,296.386632641998,0,1
563441.29587145,563501.29587145,650,560,297.736632641998,0,1
563501.29587145,563561.29587145,650,560,299.086632641999,0,1
563561.29587145,563621.29587145,650,560,300,0,1
563621.29587145,563681.29587145,650,560,300,0,1
563681.29587145,563741.29587145,650,560,300,0,1
563741.29587145,563801.29587145,650,560,300,0,1
563801.29587145,563861.29587145,650,560,300,0,1
563861.29587145,563921.29587145,650,560,300,0,1
563921.29587145,563981.29587145,650,560,300,0,1
563981.29587145,564041.29587145,650,560,300,0,1
564041.29587145,564101.29587145,650,560,300,0,1
564101.29587145,564161.29587145,650,560,300,0,1
564161.29587145,564221.29587145,650,560,300,0,1
564221.29587145,564222.447704631,650,560,300,0,1
564222.447704631,564282.447704631,0,560,289.62962962963,0,1
564282.447704631,564342.447704631,0,560,279.259259259259,0,1
564342.447704631,564402.447704631,0,560,268.888888888889,0,1
564402.447704631,564462.447704631,0,560,258.518518518518,0,1
564462.447704631,564522.447704631,0,560,248.148148148148,0,1
564522.447704631,564582.447704631,0,560,237.777777777778,0,1
564582.447704631,564642.447704631,0,560,227.407407407407,0,1
564642.447704631,564702.447704631,0,560,217.037037037037,0,1
564702.447704631,564762.447704631,0,560,206.666666666667,0,1
564762.447704631,564822.447704631,0,230,202.407407407407,0,0
564822.447704631,564882.447704631,0,230,198.148148148148,0,0
564882.447704631,564942.447704631,0,230,193.888888888889,0,0
564942.447704631,565002.447704631,0,230,189.62962962963,0,0
565002.447704631,565062.447704631,0,230,185.37037037037,0,0
565062.447704631,565122.447704631,0,230,181.111111111111,0,0
565122.447704631,565182.447704631,0,230,176.851851851852,0,0
565182.447704631,565242.447704631,0,230,172.592592592592,0,0
565242.447704631,565302.447704631,0,230,168.333333333333,0,0
565302.447704631,565362.447704631,0,230,164.074074074074,0,0
565362.447704631,565422.447704631,0,230,159.814814814815,0,0
565422.447704631,565482.447704631,0,230,155.555555555555,0,0
565482.447704631,565542.447704631,0,230,151.296296296296,0,0
565542.447704631,565602.447704631,0,230,147.037037037037,0,0
565602.447704631,565662.447704631,0,230,142.777777777778,0,0
565662.447704631,565722.447704631,0,230,138.518518518518,0,0
565722.447704631,565782.447704631,0,230,134.259259259259,0,0
565782.447704631,565842.447704631,0,230,130,0,0
565842.447704631,565902.447704631,0,230,125.740740740741,0,0
565902.447704631,565962.447704631,0,230,121.481481481481,0,0
565962.447704631,566022.447704631,0,230,117.222222222222,0,0
566022.447704631,566082.447704631,0,230,112.962962962963,0,0
566082.447704631,566142.447704631,0,230,108.703703703703,0,0
566142.447704631,566202.447704631,0,230,104.444444444444,0,0
566202.447704631,566262.447704631,0,230,100.185185185185,0,0
566262.447704631,566322.447704631,0,230,95.9259259259256,0,0
566322.447704631,566359.136853285,0,230,93.3214493239526,0,0
566359.136853285,566419.136853285,650,230,99.3214493239526,0,0
566419.136853285,566479.136853285,650,230,105.321449323953,0,0
566479.136853285,566539.136853285,650,230,111.321449323953,0,0
566539.136853285,566599.136853285,650,230,117.321449323953,0,0
566599.136853285,566659.136853285,650,230,123.321449323953,0,0
566659.136853285,566719.136853285,650,230,129.321449323953,0,0
566719.136853285,566779.136853285,650,230,135.321449323953,0,0
566779.136853285,566839.136853285,650,230,141.321449323953,0,0
566839.136853285,566899.136853285,650,230,147.321449323953,0,0
566899.136853285,566959.136853285,650,230,153.321449323953,0,0
566959.136853285,567019.136853285,650,230,159.321449323953,0,0
567019.136853285,567079.136853285,650,230,165.321449323953,0,0
567079.136853285,567139.136853285,650,230,171.321449323953,0,0
567139.136853285,567199.136853285,650,230,177.321449323953,0,0
567199.136853285,567259.136853285,650,230,183.321449323953,0,0
567259.136853285,567319.136853285,650,230,189.321449323953,0,0
567319.136853285,567379.136853285,650,230,195.321449323953,0,0
567379.136853285,567439.136853285,650,230,201.321449323953,0,0
567439.136853285,567499.136853285,650,230,207.321449323953,0,0
567499.136853285,567559.136853285,650,230,213.321449323953,0,0
567559.136853285,567619.136853285,650,230,219.321449323953,0,0
567619.136853285,567679.136853285,650,230,225.321449323953,0,0
567679.136853285,567739.136853285,650,230,231.321449323953,0,0
567739.136853285,567799.136853285,650,230,237.321449323953,0,0
567799.136853285,567859.136853285,650,230,243.321449323953,0,0
567859.136853285,567919.136853285,650,230,249.321449323953,0,0
567919.136853285,567979.136853285,650,230,255.321449323953,0,0
567979.136853285,568039.136853285,650,230,261.321449323953,0,0
568039.136853285,568099.136853285,650,230,267.321449323953,0,0
568099.136853285,568159.136853285,650,230,273.321449323953,0,0
568159.136853285,568160.288686465,650,230,273.436632641998,0,0
568160.288686465,568220.288686465,650,560,274.786632641998,0,1
568220.288686465,568280.288686465,650,560,276.136632641998,0,1
568280.288686465,568340.288686465,650,560,277.486632641998,0,1
568340.288686465,568400.288686465,650,560,278.836632641998,0,1
568400.288686465,568460.288686465,650,560,280.186632641998,0,1
568460.288686465,568520.288686465,650,560,281.536632641998,0,1
568520.288686465,568580.288686465,650,560,282.886632641998,0,1
568580.288686465,568640.288686465,650,560,284.236632641998,0,1
568640.288686465,568700.288686465,650,560,285.586632641998,0,1
568700.288686465,568760.288686465,650,560,286.936632641998,0,1
568760.288686465,568820.288686465,650,560,288.286632641998,0,1
568820.288686465,568880.288686465,650,560,289.636632641998,0,1
568880.288686465,568940.288686465,650,560,290.986632641998,0,1
568940.288686465,569000.288686465,650,560,292.336632641998,0,1
569000.288686465,569060.288686465,650,560,293.686632641998,0,1
569060.288686465,569120.288686465,650,560,295.036632641998,0,1
569120.288686465,569180.288686465,650,560,296.386632641998,0,1
569180.288686465,569240.288686465,650,560,297.736632641998,0,1
569240.288686465,569300.288686465,650,560,299.086632641999,0,1
569300.288686465,569360.288686465,650,560,300,0,1
569360.288686465,569420.288686465,650,560,300,0,1
569420.288686465,569480.288686465,650,560,300,0,1
569480.288686465,569540.288686465,650,560,300,0,1
569540.288686465,569600.288686465,650,560,300,0,1
569600.288686465,569660.288686465,650,560,300,0,1
569660.288686465,569720.288686465,650,560,300,0,1
569720.288686465,569780.288686465,650,560,300,0,1
569780.288686465,569840.288686465,650,560,300,0,1
569840.288686465,569900.288686465,650,560,300,0,1
569900.288686465,569960.288686465,650,560,300,0,1
569960.288686465,569961.440519645,650,560,300,0,1
569961.440519645,570021.440519645,0,560,289.62962962963,0,1
570021.440519645,570081.440519645,0,560,279.259259259259,0,1
570081.440519645,570141.440519645,0,560,268.888888888889,0,1
570141.440519645,570201.440519645,0,560,258.518518518518,0,1
570201.440519645,570261.440519645,0,560,248.148148148148,0,1
570261.440519645,570321.440519645,0,560,237.777777777778,0,1
570321.440519645,570381.440519645,0,560,227.407407407407,0,1
570381.440519645,570441.440519645,0,560,217.037037037037,0,1
570441.440519645,570501.440519645,0,560,206.666666666667,0,1
570501.440519645,570561.440519645,0,230,202.407407407407,0,0
570561.440519645,570621.440519645,0,230,198.148148148148,0,0
570621.440519645,570681.440519645,0,230,193.888888888889,0,0
570681.440519645,570741.440519645,0,230,189.62962962963,0,0
570741.440519645,570801.440519645,0,230,185.37037037037,0,0
570801.440519645,570861.440519645,0,230,181.111111111111,0,0
570861.440519645,570921.440519645,0,230,176.851851851852,0,0
570921.440519645,570981.440519645,0,230,172.592592592592,0,0
570981.440519645,571041.440519645,0,230,168.333333333333,0,0
571041.440519645,571101.440519645,0,230,164.074074074074,0,0
571101.440519645,571161.440519645,0,230,159.814814814815,0,0
571161.440519645,571221.440519645,0,230,155.555555555555,0,0
571221.440519645,571281.440519645,0,230,151.296296296296,0,0
571281.440519645,571341.440519645,0,230,147.037037037037,0,0
571341.440519645,571401.440519645,0,230,142.777777777778,0,0
571401.440519645,571461.440519645,0,230,138.518518518518,0,0
571461.440519645,571521.440519645,0,230,134.259259259259,0,0
571521.440519645,571581.440519645,0,230,130,0,0
571581.440519645,571641.440519645,0,230,125.740740740741,0,0
571641.440519645,571701.440519645,0,230,121.481481481481,0,0
571701.440519645,571761.440519645,0,230,117.222222222222,0,0
571761.440519645,571821.440519645,0,230,112.962962962963,0,0
571821.440519645,571881.440519645,0,230,108.703703703703,0,0
571881.440519645,571941.440519645,0,230,104.444444444444,0,0
571941.440519645,572001.440519645,0,230,100.185185185185,0,0
572001.440519645,572061.440519645,0,230,95.9259259259256,0,0
572061.440519645,572098.129668299,0,230,93.3214493239526,0,0
572098.129668299,572158.129668299,650,230,99.3214493239526,0,0
572158.129668299,572218.129668299,650,230,105.321449323953,0,0
572218.129668299,572278.129668299,650,230,111.321449323953,0,0
572278.129668299,572338.129668299,650,230,117.321449323953,0,0
572338.129668299,572398.129668299,650,230,123.321449323953,0,0
572398.129668299,572458.129668299,650,230,129.321449323953,0,0
572458.129668299,572518.129668299,650,230,135.321449323953,0,0
572518.129668299,572578.129668299,650,230,141.321449323953,0,0
572578.129668299,572638.129668299,650,230,147.321449323953,0,0
572638.129668299,572698.129668299,650,230,153.321449323953,0,0
572698.129668299,572758.129668299,650,230,159.321449323953,0,0
572758.129668299,572818.129668299,650,230,165.321449323953,0,0
572818.129668299,572878.129668299,650,230,171.321449323953,0,0
572878.129668299,572938.129668299,650,230,177.321449323953,0,0
572938.129668299,572998.129668299,650,230,183.321449323953,0,0
572998.129668299,573058.129668299,650,230,189.321449323953,0,0
573058.129668299,573118.129668299,650,230,195.321449323953,0,0
573118.129668299,573178.129668299,650,230,201.321449323953,0,0
573178.129668299,573238.129668299,650,230,207.321449323953,0,0
573238.129668299,573298.129668299,650,230,213.321449323953,0,0
573298.129668299,573358.129668299,650,230,219.321449323953,0,0
573358.129668299,573418.129668299,650,230,225.321449323953,0,0
573418.129668299,573478.129668299,650,230,231.321449323953,0,0
573478.129668299,573538.129668299,650,230,237.321449323953,0,0
573538.129668299,573598.129668299,650,230,243.321449323953,0,0
573598.129668299,573658.129668299,650,230,249.321449323953,0,0
573658.129668299,573718.129668299,650,230,255.321449323953,0,0
573718.129668299,573778.129668299,650,230,261.321449323953,0,0
573778.129668299,573838.129668299,650,230,267.321449323953,0,0
573838.129668299,573898.129668299,650,230,273.321449323953,0,0
573898.129668299,573899.28150148,650,230,273.436632641998,0,0
573899.28150148,573959.28150148,650,560,274.786632641998,0,1
573959.28150148,574019.28150148,650,560,276.136632641998,0,1
574019.28150148,574079.28150148,650,560,277.486632641998,0,1
574079.28150148,574139.28150148,650,560,278.836632641998,0,1
574139.28150148,574199.28150148,650,560,280.186632641998,0,1
574199.28150148,574259.28150148,650,560,281.536632641998,0,1
574259.28150148,574319.28150148,650,560,282.886632641998,0,1
574319.28150148,574379.28150148,650,560,284.236632641998,0,1
574379.28150148,574439.28150148,650,560,285.586632641998,0,1
574439.28150148,574499.28150148,650,560,286.936632641998,0,1
574499.28150148,574559.28150148,650,560,288.286632641998,0,1
574559.28150148,574619.28150148,650,560,289.636632641998,0,1
574619.28150148,574679.28150148,650,560,290.986632641998,0,1
574679.28150148,574739.28150148,650,560,292.336632641998,0,1
574739.28150148,574799.28150148,650,560,293.686632641998,0,1
574799.28150148,574859.28150148,650,560,295.036632641998,0,1
574859.28150148,574919.28150148,650,560,296.386632641998,0,1
574919.28150148,574979.28150148,650,560,297.736632641998,0,1
574979.28150148,575039.28150148,650,560,299.086632641999,0,1
575039.28150148,575099.28150148,650,560,300,0,1
575099.28150148,575159.28150148,650,560,300,0,1
575159.28150148,575219.28150148,650,560,300,0,1
575219.28150148,575279.28150148,650,560,300,0,1
575279.28150148,575339.28150148,650,560,300,0,1
575339.28150148,575399.28150148,650,560,300,0,1
575399.28150148,575459.28150148,650,560,300,0,1
575459.28150148,575519.28150148,650,560,300,0,1
575519.28150148,575579.28150148,650,560,300,0,1
575579.28150148,575639.28150148,650,560,300,0,1
575639.28150148,575699.28150148,650,560,300,0,1
575699.28150148,575700.43333466,650,560,300,0,1
575700.43333466,575760.43333466,0,560,289.62962962963,0,1
575760.43333466,575820.43333466,0,560,279.259259259259,0,1
575820.43333466,575880.43333466,0,560,268.888888888889,0,1
575880.43333466,575940.43333466,0,560,258.518518518518,0,1
575940.43333466,576000.43333466,0,560,248.148148148148,0,1
576000.43333466,576060.43333466,0,560,237.777777777778,0,1
576060.43333466,576120.43333466,0,560,227.407407407407,0,1
576120.43333466,576180.43333466,0,560,217.037037037037,0,1
576180.43333466,576240.43333466,0,560,206.666666666667,0,1
576240.43333466,576300.43333466,0,230,202.407407407407,0,0
576300.43333466,576360.43333466,0,230,198.148148148148,0,0
576360.43333466,576420.43333466,0,230,193.888888888889,0,0
576420.43333466,576480.43333466,0,230,189.62962962963,0,0
576480.43333466,576540.43333466,0,230,185.37037037037,0,0
576540.43333466,576600.43333466,0,230,181.111111111111,0,0
576600.43333466,576660.43333466,0,230,176.851851851852,0,0
576660.43333466,576720.43333466,0,230,172.592592592592,0,0
576720.43333466,576780.43333466,0,230,168.333333333333,0,0
576780.43333466,576840.43333466,0,230,164.074074074074,0,0
576840.43333466,576900.43333466,0,230,159.814814814815,0,0
576900.43333466,576960.43333466,0,230,155.555555555555,0,0
576960.43333466,577020.43333466,0,230,151.296296296296,0,0
577020.43333466,577080.43333466,0,230,147.037037037037,0,0
577080.43333466,577140.43333466,0,230,142.777777777778,0,0
577140.43333466,577200.43333466,0,230,138.518518518518,0,0
577200.43333466,577260.43333466,0,230,134.259259259259,0,0
577260.43333466,577320.43333466,0,230,130,0,0
577320.43333466,577380.43333466,0,230,125.740740740741,0,0
577380.43333466,577440.43333466,0,230,121.481481481481,0,0
577440.43333466,577500.43333466,0,230,117.222222222222,0,0
577500.43333466,577560.43333466,0,230,112.962962962963,0,0
577560.43333466,577620.43333466,0,230,108.703703703703,0,0
577620.43333466,577680.43333466,0,230,104.444444444444,0,0
577680.43333466,577740.43333466,0,230,100.185185185185,0,0
577740.43333466,577800.43333466,0,230,95.9259259259256,0,0
577800.43333466,577837.122483314,0,230,93.3214493239526,0,0
577837.122483314,577897.122483314,650,230,99.3214493239526,0,0
577897.122483314,577957.122483314,650,230,105.321449323953,0,0
577957.122483314,578017.122483314,650,230,111.321449323953,0,0
578017.122483314,578077.122483314,650,230,117.321449323953,0,0
578077.122483314,578137.122483314,650,230,123.321449323953,0,0
578137.122483314,578197.122483314,650,230,129.321449323953,0,0
578197.122483314,578257.122483314,650,230,135.321449323953,0,0
578257.122483314,578317.122483314,650,230,141.321449323953,0,0
578317.122483314,578377.122483314,650,230,147.321449323953,0,0
578377.122483314,578437.122483314,650,230,153.321449323953,0,0
578437.122483314,578497.122483314,650,230,159.321449323953,0,0
578497.122483314,578557.122483314,650,230,165.321449323953,0,0
578557.122483314,578617.122483314,650,230,171.321449323953,0,0
578617.122483314,578677.122483314,650,230,177.321449323953,0,0
578677.122483314,578737.122483314,650,230,183.321449323953,0,0
578737.122483314,578797.122483314,650,230,189.321449323953,0,0
578797.122483314,578857.122483314,650,230,195.321449323953,0,0
578857.122483314,578917.122483314,650,230,201.321449323953,0,0
578917.122483314,578977.122483314,650,230,207.321449323953,0,0
578977.122483314,579037.122483314,650,230,213.321449323953,0,0
579037.122483314,579097.122483314,650,230,219.321449323953,0,0
579097.122483314,579157.122483314,650,230,225.321449323953,0,0
579157.122483314,579217.122483314,650,230,231.321449323953,0,0
579217.122483314,579277.122483314,650,230,237.321449323953,0,0
579277.122483314,579337.122483314,650,230,243.321449323953,0,0
579337.122483314,579397.122483314,650,230,249.321449323953,0,0
579397.122483314,579457.122483314,650,230,255.321449323953,0,0
579457.122483314,579517.122483314,650,230,261.321449323953,0,0
579517.122483314,579577.122483314,650,230,267.321449323953,0,0
579577.122483314,579637.122483314,650,230,273.321449323953,0,0
579637.122483314,579638.274316495,650,230,273.436632641998,0,0
579638.274316495,579698.274316495,650,560,274.786632641998,0,1
579698.274316495,579758.274316495,650,560,276.136632641998,0,1
579758.274316495,579818.274316495,650,560,277.486632641998,0,1
579818.274316495,579878.274316495,650,560,278.836632641998,0,1
579878.274316495,579938.274316495,650,560,280.186632641998,0,1
579938.274316495,579998.274316495,650,560,281.536632641998,0,1
579998.274316495,580058.274316495,650,560,282.886632641998,0,1
580058.274316495,580118.274316495,650,560,284.236632641998,0,1
580118.274316495,580178.274316495,650,560,285.586632641998,0,1
580178.274316495,580238.274316495,650,560,286.936632641998,0,1
580238.274316495,580298.274316495,650,560,288.286632641998,0,1
580298.274316495,580358.274316495,650,560,289.636632641998,0,1
580358.274316495,580418.274316495,650,560,290.986632641998,0,1
580418.274316495,580478.274316495,650,560,292.336632641998,0,1
580478.274316495,580538.274316495,650,560,293.686632641998,0,1
580538.274316495,580598.274316495,650,560,295.036632641998,0,1
580598.274316495,580658.274316495,650,560,296.386632641998,0,1
580658.274316495,580718.274316495,650,560,297.736632641998,0,1
580718.274316495,580778.274316495,650,560,299.086632641999,0,1
580778.274316495,580838.274316495,650,560,300,0,1
580838.274316495,580898.274316495,650,560,300,0,1
580898.274316495,580958.274316495,650,560,300,0,1
580958.274316495,581018.274316495,650,560,300,0,1
581018.274316495,581078.274316495,650,560,300,0,1
581078.274316495,581138.274316495,650,560,300,0,1
581138.274316495,581198.274316495,650,560,300,0,1
581198.274316495,581258.274316495,650,560,300,0,1
581258.274316495,581318.274316495,650,560,300,0,1
581318.274316495,581378.274316495,650,560,300,0,1
581378.274316495,581438.274316495,650,560,300,0,1
581438.274316495,581439.426149675,650,560,300,0,1
581439.426149675,581499.426149675,0,560,289.62962962963,0,1
581499.426149675,581559.426149675,0,560,279.259259259259,0,1
581559.426149675,581619.426149675,0,560,268.888888888889,0,1
581619.426149675,581679.426149675,0,560,258.518518518518,0,1
581679.426149675,581739.426149675,0,560,248.148148148148,0,1
581739.426149675,581799.426149675,0,560,237.777777777778,0,1
581799.426149675,581859.426149675,0,560,227.407407407407,0,1
581859.426149675,581919.426149675,0,560,217.037037037037,0,1
581919.426149675,581979.426149675,0,560,206.666666666667,0,1
581979.426149675,582039.426149675,0,230,202.407407407407,0,0
582039.426149675,582099.426149675,0,230,198.148148148148,0,0
582099.426149675,582159.426149675,0,230,193.888888888889,0,0
582159.426149675,582219.426149675,0,230,189.62962962963,0,0
582219.426149675,582279.426149675,0,230,185.37037037037,0,0
582279.426149675,582339.426149675,0,230,181.111111111111,0,0
582339.426149675,582399.426149675,0,230,176.851851851852,0,0
582399.426149675,582459.426149675,0,230,172.592592592592,0,0
582459.426149675,582519.426149675,0,230,168.333333333333,0,0
582519.426149675,582579.426149675,0,230,164.074074074074,0,0
582579.426149675,582639.426149675,0,230,159.814814814815,0,0
582639.426149675,582699.426149675,0,230,155.555555555555,0,0
582699.426149675,582759.426149675,0,230,151.296296296296,0,0
582759.426149675,582819.426149675,0,230,147.037037037037,0,0
582819.426149675,582879.426149675,0,230,142.777777777778,0,0
582879.426149675,582939.426149675,0,230,138.518518518518,0,0
582939.426149675,582999.426149675,0,230,134.259259259259,0,0
582999.426149675,583059.426149675,0,230,130,0,0
583059.426149675,583119.426149675,0,230,125.740740740741,0,0
583119.426149675,583179.426149675,0,230,121.481481481481,0,0
583179.426149675,583239.426149675,0,230,117.222222222222,0,0
583239.426149675,583299.426149675,0,230,112.962962962963,0,0
583299.426149675,583359.426149675,0,230,108.703703703703,0,0
583359.426149675,583419.426149675,0,230,104.444444444444,0,0
583419.426149675,583479.426149675,0,230,100.185185185185,0,0
583479.426149675,583539.426149675,0,230,95.9259259259256,0,0
583539.426149675,583576.115298329,0,230,93.3214493239526,0,0
583576.115298329,583636.115298329,650,230,99.3214493239526,0,0
583636.115298329,583696.115298329,650,230,105.321449323953,0,0
583696.115298329,583756.115298329,650,230,111.321449323953,0,0
583756.115298329,583816.115298329,650,230,117.321449323953,0,0
583816.115298329,583876.115298329,650,230,123.321449323953,0,0
583876.115298329,583936.115298329,650,230,129.321449323953,0,0
583936.115298329,583996.115298329,650,230,135.321449323953,0,0
583996.115298329,584056.115298329,650,230,141.321449323953,0,0
584056.115298329,584116.115298329,650,230,147.321449323953,0,0
584116.115298329,584176.115298329,650,230,153.321449323953,0,0
584176.115298329,584236.115298329,650,230,159.321449323953,0,0
584236.115298329,584296.115298329,650,230,165.321449323953,0,0
584296.115298329,584356.115298329,650,230,171.321449323953,0,0
584356.115298329,584416.115298329,650,230,177.321449323953,0,0
584416.115298329,584476.115298329,650,230,183.321449323953,0,0
584476.115298329,584536.115298329,650,230,189.321449323953,0,0
584536.115298329,584596.115298329,650,230,195.321449323953,0,0
584596.115298329,584656.115298329,650,230,201.321449323953,0,0
584656.115298329,584716.115298329,650,230,207.321449323953,0,0
584716.115298329,584776.115298329,650,230,213.321449323953,0,0
584776.115298329,584836.115298329,650,230,219.321449323953,0,0
584836.115298329,584896.115298329,650,230,225.321449323953,0,0
584896.115298329,584956.115298329,650,230,231.321449323953,0,0
584956.115298329,585016.115298329,650,230,237.321449323953,0,0
585016.115298329,585076.115298329,650,230,243.321449323953,0,0
585076.115298329,585136.115298329,650,230,249.321449323953,0,0
585136.115298329,585196.115298329,650,230,255.321449323953,0,0
585196.115298329,585256.115298329,650,230,261.321449323953,0,0
585256.115298329,585316.115298329,650,230,267.321449323953,0,0
585316.115298329,585376.115298329,650,230,273.321449323953,0,0
585376.115298329,585377.267131509,650,230,273.436632641998,0,0
585377.267131509,585437.267131509,650,560,274.786632641998,0,1
585437.267131509,585497.267131509,650,560,276.136632641998,0,1
585497.267131509,585557.267131509,650,560,277.486632641998,0,1
585557.267131509,585617.267131509,650,560,278.836632641998,0,1
585617.267131509,585677.267131509,650,560,280.186632641998,0,1
585677.267131509,585737.267131509,650,560,281.536632641998,0,1
585737.267131509,585797.267131509,650,560,282.886632641998,0,1
585797.267131509,585857.267131509,650,560,284.236632641998,0,1
585857.267131509,585917.267131509,650,560,285.586632641998,0,1
585917.267131509,585977.267131509,650,560,286.936632641998,0,1
585977.267131509,586037.267131509,650,560,288.286632641998,0,1
586037.267131509,586097.267131509,650,560,289.636632641998,0,1
586097.267131509,586157.267131509,650,560,290.986632641998,0,1
586157.267131509,586217.267131509,650,560,292.336632641998,0,1
586217.267131509,586277.267131509,650,560,293.686632641998,0,1
586277.267131509,586337.267131509,650,560,295.036632641998,0,1
586337.267131509,586397.267131509,650,560,296.386632641998,0,1
586397.267131509,586457.267131509,650,560,297.736632641998,0,1
586457.267131509,586517.267131509,650,560,299.086632641999,0,1
586517.267131509,586577.267131509,650,560,300,0,1
586577.267131509,586637.267131509,650,560,300,0,1
586637.267131509,586697.267131509,650,560,300,0,1
586697.267131509,586757.267131509,650,560,300,0,1
586757.267131509,586817.267131509,650,560,300,0,1
586817.267131509,586877.267131509,650,560,300,0,1
586877.267131509,586937.267131509,650,560,300,0,1
586937.267131509,586997.267131509,650,560,300,0,1
586997.267131509,587057.267131509,650,560,300,0,1
587057.267131509,587117.267131509,650,560,300,0,1
587117.267131509,587177.267131509,650,560,300,0,1
587177.267131509,587178.41896469,650,560,300,0,1
587178.41896469,587238.41896469,0,560,289.62962962963,0,1
587238.41896469,587298.41896469,0,560,279.259259259259,0,1
587298.41896469,587358.41896469,0,560,268.888888888889,0,1
587358.41896469,587418.41896469,0,560,258.518518518518,0,1
587418.41896469,587478.41896469,0,560,248.148148148148,0,1
587478.41896469,587538.41896469,0,560,237.777777777778,0,1
587538.41896469,587598.41896469,0,560,227.407407407407,0,1
587598.41896469,587658.41896469,0,560,217.037037037037,0,1
587658.41896469,587718.41896469,0,560,206.666666666667,0,1
587718.41896469,587778.41896469,0,230,202.407407407407,0,0
587778.41896469,587838.41896469,0,230,198.148148148148,0,0
587838.41896469,587898.41896469,0,230,193.888888888889,0,0
587898.41896469,587958.41896469,0,230,189.62962962963,0,0
587958.41896469,588018.41896469,0,230,185.37037037037,0,0
588018.41896469,588078.41896469,0,230,181.111111111111,0,0
588078.41896469,588138.41896469,0,230,176.851851851852,0,0
588138.41896469,588198.41896469,0,230,172.592592592592,0,0
588198.41896469,588258.41896469,0,230,168.333333333333,0,0
588258.41896469,588318.41896469,0,230,164.074074074074,0,0
588318.41896469,588378.41896469,0,230,159.814814814815,0,0
588378.41896469,588438.41896469,0,230,155.555555555555,0,0
588438.41896469,588498.41896469,0,230,151.296296296296,0,0
588498.41896469,588558.41896469,0,230,147.037037037037,0,0
588558.41896469,588618.41896469,0,230,142.777777777778,0,0
588618.41896469,588678.41896469,0,230,138.518518518518,0,0
588678.41896469,588738.41896469,0,230,134.259259259259,0,0
588738.41896469,588798.41896469,0,230,130,0,0
588798.41896469,588858.41896469,0,230,125.740740740741,0,0
588858.41896469,588918.41896469,0,230,121.481481481481,0,0
588918.41896469,588978.41896469,0,230,117.222222222222,0,0
588978.41896469,589038.41896469,0,230,112.962962962963,0,0
589038.41896469,589098.41896469,0,230,108.703703703703,0,0
589098.41896469,589158.41896469,0,230,104.444444444444,0,0
589158.41896469,589218.41896469,0,230,100.185185185185,0,0
589218.41896469,589278.41896469,0,230,95.9259259259256,0,0
589278.41896469,589315.108113344,0,230,93.3214493239526,0,0
589315.108113344,589375.108113344,650,230,99.3214493239526,0,0
589375.108113344,589435.108113344,650,230,105.321449323953,0,0
589435.108113344,589495.108113344,650,230,111.321449323953,0,0
589495.108113344,589555.108113344,650,230,117.321449323953,0,0
589555.108113344,589615.108113344,650,230,123.321449323953,0,0
589615.108113344,589675.108113344,650,230,129.321449323953,0,0
589675.108113344,589735.108113344,650,230,135.321449323953,0,0
589735.108113344,589795.108113344,650,230,141.321449323953,0,0
589795.108113344,589855.108113344,650,230,147.321449323953,0,0
589855.108113344,589915.108113344,650,230,153.321449323953,0,0
589915.108113344,589975.108113344,650,230,159.321449323953,0,0
589975.108113344,590035.108113344,650,230,165.321449323953,0,0
590035.108113344,590095.108113344,650,230,171.321449323953,0,0
590095.108113344,590155.108113344,650,230,177.321449323953,0,0
590155.108113344,590215.108113344,650,230,183.321449323953,0,0
590215.108113344,590275.108113344,650,230,189.321449323953,0,0
590275.108113344,590335.108113344,650,230,195.321449323953,0,0
590335.108113344,590395.108113344,650,230,201.321449323953,0,0
590395.108113344,590455.108113344,650,230,207.321449323953,0,0
590455.108113344,590515.108113344,650,230,213.321449323953,0,0
590515.108113344,590575.108113344,650,230,219.321449323953,0,0
590575.108113344,590635.108113344,650,230,225.321449323953,0,0
590635.108113344,590695.108113344,650,230,231.321449323953,0,0
590695.108113344,590755.108113344,650,230,237.321449323953,0,0
590755.108113344,590815.108113344,650,230,243.321449323953,0,0
590815.108113344,590875.108113344,650,230,249.321449323953,0,0
590875.108113344,590935.108113344,650,230,255.321449323953,0,0
590935.108113344,590995.108113344,650,230,261.321449323953,0,0
590995.108113344,591055.108113344,650,230,267.321449323953,0,0
591055.108113344,591115.108113344,650,230,273.321449323953,0,0
591115.108113344,591116.259946524,650,230,273.436632641998,0,0
591116.259946524,591176.259946524,650,560,274.786632641998,0,1
591176.259946524,591236.259946524,650,560,276.136632641998,0,1
591236.259946524,591296.259946524,650,560,277.486632641998,0,1
591296.259946524,591356.259946524,650,560,278.836632641998,0,1
591356.259946524,591416.259946524,650,560,280.186632641998,0,1
591416.259946524,591476.259946524,650,560,281.536632641998,0,1
591476.259946524,591536.259946524,650,560,282.886632641998,0,1
591536.259946524,591596.259946524,650,560,284.236632641998,0,1
591596.259946524,591656.259946524,650,560,285.586632641998,0,1
591656.259946524,591716.259946524,650,560,286.936632641998,0,1
591716.259946524,591776.259946524,650,560,288.286632641998,0,1
591776.259946524,591836.259946524,650,560,289.636632641998,0,1
591836.259946524,591896.259946524,650,560,290.986632641998,0,1
591896.259946524,591956.259946524,650,560,292.336632641998,0,1
591956.259946524,592016.259946524,650,560,293.686632641998,0,1
592016.259946524,592076.259946524,650,560,295.036632641998,0,1
592076.259946524,592136.259946524,650,560,296.386632641998,0,1
592136.259946524,592196.259946524,650,560,297.736632641998,0,1
592196.259946524,592256.259946524,650,560,299.086632641999,0,1
592256.259946524,592316.259946524,650,560,300,0,1
592316.259946524,592376.259946524,650,560,300,0,1
592376.259946524,592436.259946524,650,560,300,0,1
592436.259946524,592496.259946524,650,560,300,0,1
592496.259946524,592556.259946524,650,560,300,0,1
592556.259946524,592616.259946524,650,560,300,0,1
592616.259946524,592676.259946524,650,560,300,0,1
592676.259946524,592736.259946524,650,560,300,0,1
592736.259946524,592796.259946524,650,560,300,0,1
592796.259946524,592856.259946524,650,560,300,0,1
592856.259946524,592916.259946524,650,560,300,0,1
592916.259946524,592917.411779705,650,560,300,0,1
592917.411779705,592977.411779705,0,560,289.62962962963,0,1
592977.411779705,593037.411779705,0,560,279.259259259259,0,1
593037.411779705,593097.411779705,0,560,268.888888888889,0,1
593097.411779705,593157.411779705,0,560,258.518518518518,0,1
593157.411779705,593217.411779705,0,560,248.148148148148,0,1
593217.411779705,593277.411779705,0,560,237.777777777778,0,1
593277.411779705,593337.411779705,0,560,227.407407407407,0,1
593337.411779705,593397.411779705,0,560,217.037037037037,0,1
593397.411779705,593457.411779705,0,560,206.666666666667,0,1
593457.411779705,593517.411779705,0,230,202.407407407407,0,0
593517.411779705,593577.411779705,0,230,198.148148148148,0,0
593577.411779705,593637.411779705,0,230,193.888888888889,0,0
593637.411779705,593697.411779705,0,230,189.62962962963,0,0
593697.411779705,593757.411779705,0,230,185.37037037037,0,0
593757.411779705,593817.411779705,0,230,181.111111111111,0,0
593817.411779705,593877.411779705,0,230,176.851851851852,0,0
593877.411779705,593937.411779705,0,230,172.592592592592,0,0
593937.411779705,593997.411779705,0,230,168.333333333333,0,0
593997.411779705,594057.411779705,0,230,164.074074074074,0,0
594057.411779705,594117.411779705,0,230,159.814814814815,0,0
594117.411779705,594177.411779705,0,230,155.555555555555,0,0
594177.411779705,594237.411779705,0,230,151.296296296296,0,0
594237.411779705,594297.411779705,0,230,147.037037037037,0,0
594297.411779705,594357.411779705,0,230,142.777777777778,0,0
594357.411779705,594417.411779705,0,230,138.518518518518,0,0
594417.411779705,594477.411779705,0,230,134.259259259259,0,0
594477.411779705,594537.411779705,0,230,130,0,0
594537.411779705,594597.411779705,0,230,125.740740740741,0,0
594597.411779705,594657.411779705,0,230,121.481481481481,0,0
594657.411779705,594717.411779705,0,230,117.222222222222,0,0
594717.411779705,594777.411779705,0,230,112.962962962963,0,0
594777.411779705,594837.411779705,0,230,108.703703703703,0,0
594837.411779705,594897.411779705,0,230,104.444444444444,0,0
594897.411779705,594957.411779705,0,230,100.185185185185,0,0
594957.411779705,595017.411779705,0,230,95.9259259259256,0,0
595017.411779705,595054.100928359,0,230,93.3214493239526,0,0
595054.100928359,595114.100928359,650,230,99.3214493239526,0,0
595114.100928359,595174.100928359,650,230,105.321449323953,0,0
595174.100928359,595234.100928359,650,230,111.321449323953,0,0
595234.100928359,595294.100928359,650,230,117.321449323953,0,0
595294.100928359,595354.100928359,650,230,123.321449323953,0,0
595354.100928359,595414.100928359,650,230,129.321449323953,0,0
595414.100928359,595474.100928359,650,230,135.321449323953,0,0
595474.100928359,595534.100928359,650,230,141.321449323953,0,0
595534.100928359,595594.100928359,650,230,147.321449323953,0,0
595594.100928359,595654.100928359,650,230,153.321449323953,0,0
595654.100928359,595714.100928359,650,230,159.321449323953,0,0
595714.100928359,595774.100928359,650,230,165.321449323953,0,0
595774.100928359,595834.100928359,650,230,171.321449323953,0,0
595834.100928359,595894.100928359,650,230,177.321449323953,0,0
595894.100928359,595954.100928359,650,230,183.321449323953,0,0
595954.100928359,596014.100928359,650,230,189.321449323953,0,0
596014.100928359,596074.100928359,650,230,195.321449323953,0,0
596074.100928359,596134.100928359,650,230,201.321449323953,0,0
596134.100928359,596194.100928359,650,230,207.321449323953,0,0
596194.100928359,596254.100928359,650,230,213.321449323953,0,0
596254.100928359,596314.100928359,650,230,219.321449323953,0,0
596314.100928359,596374.100928359,650,230,225.321449323953,0,0
596374.100928359,596434.100928359,650,230,231.321449323953,0,0
596434.100928359,596494.100928359,650,230,237.321449323953,0,0
596494.100928359,596554.100928359,650,230,243.321449323953,0,0
596554.100928359,596614.100928359,650,230,249.321449323953,0,0
596614.100928359,596674.100928359,650,230,255.321449323953,0,0
596674.100928359,596734.100928359,650,230,261.321449323953,0,0
596734.100928359,596794.100928359,650,230,267.321449323953,0,0
596794.100928359,596854.100928359,650,230,273.321449323953,0,0
596854.100928359,596855.252761539,650,230,273.436632641998,0,0
596855.252761539,596915.252761539,650,560,274.786632641998,0,1
596915.252761539,596975.252761539,650,560,276.136632641998,0,1
596975.252761539,597035.252761539,650,560,277.486632641998,0,1
597035.252761539,597095.252761539,650,560,278.836632641998,0,1
597095.252761539,597155.252761539,650,560,280.186632641998,0,1
597155.252761539,597215.252761539,650,560,281.536632641998,0,1
597215.252761539,597275.252761539,650,560,282.886632641998,0,1
597275.252761539,597335.252761539,650,560,284.236632641998,0,1
597335.252761539,597395.252761539,650,560,285.586632641998,0,1
597395.252761539,597455.252761539,650,560,286.936632641998,0,1
597455.252761539,597515.252761539,650,560,288.286632641998,0,1
597515.252761539,597575.252761539,650,560,289.636632641998,0,1
597575.252761539,597635.252761539,650,560,290.986632641998,0,1
597635.252761539,597695.252761539,650,560,292.336632641998,0,1
597695.252761539,597755.252761539,650,560,293.686632641998,0,1
597755.252761539,597815.252761539,650,560,295.036632641998,0,1
597815.252761539,597875.252761539,650,560,296.386632641998,0,1
597875.252761539,597935.252761539,650,560,297.736632641998,0,1
597935.252761539,597995.252761539,650,560,299.086632641999,0,1
597995.252761539,598055.252761539,650,560,300,0,1
598055.252761539,598115.252761539,650,560,300,0,1
598115.252761539,598175.252761539,650,560,300,0,1
598175.252761539,598235.252761539,650,560,300,0,1
598235.252761539,598295.252761539,650,560,300,0,1
598295.252761539,598355.252761539,650,560,300,0,1
598355.252761539,598415.252761539,650,560,300,0,1
598415.252761539,598475.252761539,650,560,300,0,1
598475.252761539,598535.252761539,650,560,300,0,1
598535.252761539,598595.252761539,650,560,300,0,1
598595.252761539,598655.252761539,650,560,300,0,1
598655.252761539,598656.404594719,650,560,300,0,1
598656.404594719,598716.404594719,0,560,289.62962962963,0,1
598716.404594719,598776.404594719,0,560,279.259259259259,0,1
598776.404594719,598836.404594719,0,560,268.888888888889,0,1
598836.404594719,598896.404594719,0,560,258.518518518518,0,1
598896.404594719,598956.404594719,0,560,248.148148148148,0,1
598956.404594719,599016.404594719,0,560,237.777777777778,0,1
599016.404594719,599076.404594719,0,560,227.407407407407,0,1
599076.404594719,599136.404594719,0,560,217.037037037037,0,1
599136.404594719,599196.404594719,0,560,206.666666666667,0,1
599196.404594719,599256.404594719,0,230,202.407407407407,0,0
599256.404594719,599316.404594719,0,230,198.148148148148,0,0
599316.404594719,599376.404594719,0,230,193.888888888889,0,0
599376.404594719,599436.404594719,0,230,189.62962962963,0,0
599436.404594719,599496.404594719,0,230,185.37037037037,0,0
599496.404594719,599556.404594719,0,230,181.111111111111,0,0
599556.404594719,599616.404594719,0,230,176.851851851852,0,0
599616.404594719,599676.404594719,0,230,172.592592592592,0,0
599676.404594719,599736.404594719,0,230,168.333333333333,0,0
599736.404594719,599796.404594719,0,230,164.074074074074,0,0
599796.404594719,599856.404594719,0,230,159.814814814815,0,0
599856.404594719,599916.404594719,0,230,155.555555555555,0,0
599916.404594719,599976.404594719,0,230,151.296296296296,0,0
599976.404594719,600036.404594719,0,230,147.037037037037,0,0
600036.404594719,600096.404594719,0,230,142.777777777778,0,0
600096.404594719,600156.404594719,0,230,138.518518518518,0,0
600156.404594719,600216.404594719,0,230,134.259259259259,0,0
600216.404594719,600276.404594719,0,230,130,0,0
600276.404594719,600336.404594719,0,230,125.740740740741,0,0
600336.404594719,600396.404594719,0,230,121.481481481481,0,0
600396.404594719,600456.404594719,0,230,117.222222222222,0,0
600456.404594719,600516.404594719,0,230,112.962962962963,0,0
600516.404594719,600576.404594719,0,230,108.703703703703,0,0
600576.404594719,600636.404594719,0,230,104.444444444444,0,0
600636.404594719,600696.404594719,0,230,100.185185185185,0,0
600696.404594719,600756.404594719,0,230,95.9259259259256,0,0
600756.404594719,600793.093743373,0,230,93.3214493239526,0,0
600793.093743373,600853.093743373,650,230,99.3214493239526,0,0
600853.093743373,600913.093743373,650,230,105.321449323953,0,0
600913.093743373,600973.093743373,650,230,111.321449323953,0,0
600973.093743373,601033.093743373,650,230,117.321449323953,0,0
601033.093743373,601093.093743373,650,230,123.321449323953,0,0
601093.093743373,601153.093743373,650,230,129.321449323953,0,0
601153.093743373,601213.093743373,650,230,135.321449323953,0,0
601213.093743373,601273.093743373,650,230,141.321449323953,0,0
601273.093743373,601333.093743373,650,230,147.321449323953,0,0
601333.093743373,601393.093743373,650,230,153.321449323953,0,0
601393.093743373,601453.093743373,650,230,159.321449323953,0,0
601453.093743373,601513.093743373,650,230,165.321449323953,0,0
601513.093743373,601573.093743373,650,230,171.321449323953,0,0
601573.093743373,601633.093743373,650,230,177.321449323953,0,0
601633.093743373,601693.093743373,650,230,183.321449323953,0,0
601693.093743373,601753.093743373,650,230,189.321449323953,0,0
601753.093743373,601813.093743373,650,230,195.321449323953,0,0
601813.093743373,601873.093743373,650,230,201.321449323953,0,0
601873.093743373,601933.093743373,650,230,207.321449323953,0,0
601933.093743373,601993.093743373,650,230,213.321449323953,0,0
601993.093743373,602053.093743373,650,230,219.321449323953,0,0
602053.093743373,602113.093743373,650,230,225.321449323953,0,0
602113.093743373,602173.093743373,650,230,231.321449323953,0,0
602173.093743373,602233.093743373,650,230,237.321449323953,0,0
602233.093743373,602293.093743373,650,230,243.321449323953,0,0
602293.093743373,602353.093743373,650,230,249.321449323953,0,0
602353.093743373,602413.093743373,650,230,255.321449323953,0,0
602413.093743373,602473.093743373,650,230,261.321449323953,0,0
602473.093743373,602533.093743373,650,230,267.321449323953,0,0
602533.093743373,602593.093743373,650,230,273.321449323953,0,0
602593.093743373,602594.245576554,650,230,273.436632641998,0,0
602594.245576554,602594.245577128,650,230,273.436632699391,0,0
602594.245577128,602654.245577128,650,560,274.786632699391,0,1
602654.245577128,602714.245577128,650,560,276.136632699391,0,1
602714.245577128,602774.245577128,650,560,277.486632699391,0,1
602774.245577128,602834.245577128,650,560,278.836632699391,0,1
602834.245577128,602894.245577128,650,560,280.186632699391,0,1
602894.245577128,602954.245577128,650,560,281.536632699391,0,1
602954.245577128,603014.245577128,650,560,282.886632699391,0,1
603014.245577128,603074.245577128,650,560,284.236632699391,0,1
603074.245577128,603134.245577128,650,560,285.586632699391,0,1
603134.245577128,603194.245577128,650,560,286.936632699391,0,1
603194.245577128,603254.245577128,650,560,288.286632699391,0,1
603254.245577128,603314.245577128,650,560,289.636632699391,0,1
603314.245577128,603374.245577128,650,560,290.986632699391,0,1
603374.245577128,603434.245577128,650,560,292.336632699391,0,1
603434.245577128,603494.245577128,650,560,293.686632699391,0,1
603494.245577128,603554.245577128,650,560,295.036632699391,0,1
603554.245577128,603614.245577128,650,560,296.386632699391,0,1
603614.245577128,603674.245577128,650,560,297.736632699391,0,1
603674.245577128,603734.245577128,650,560,299.086632699391,0,1
603734.245577128,603794.245577128,650,560,300,0,1
603794.245577128,603854.245577128,650,560,300,0,1
603854.245577128,603914.245577128,650,560,300,0,1
603914.245577128,603974.245577128,650,560,300,0,1
603974.245577128,604034.245577128,650,560,300,0,1
604034.245577128,604094.245577128,650,560,300,0,1
604094.245577128,604154.245577128,650,560,300,0,1
604154.245577128,604214.245577128,650,560,300,0,1
604214.245577128,604274.245577128,650,560,300,0,1
604274.245577128,604334.245577128,650,560,300,0,1
604334.245577128,604394.245577128,650,560,300,0,1
604394.245577128,604395.397409734,650,560,300,0,1
604395.397409734,604455.397409734,0,560,289.62962962963,0,1
604455.397409734,604515.397409734,0,560,279.259259259259,0,1
604515.397409734,604575.397409734,0,560,268.888888888889,0,1
604575.397409734,604635.397409734,0,560,258.518518518518,0,1
604635.397409734,604695.397409734,0,560,248.148148148148,0,1
604695.397409734,604755.397409734,0,560,237.777777777778,0,1
604755.397409734,604815.397409734,0,560,227.407407407407,0,1
604815.397409734,604875.397409734,0,560,217.037037037037,0,1
604875.397409734,604935.397409734,0,560,206.666666666667,0,1
604935.397409734,604995.397409734,0,230,202.407407407407,0,0
604995.397409734,605055.397409734,0,230,198.148148148148,0,0
605055.397409734,605115.397409734,0,230,193.888888888889,0,0
605115.397409734,605175.397409734,0,230,189.62962962963,0,0
605175.397409734,605235.397409734,0,230,185.37037037037,0,0
605235.397409734,605295.397409734,0,230,181.111111111111,0,0
605295.397409734,605355.397409734,0,230,176.851851851852,0,0
605355.397409734,605415.397409734,0,230,172.592592592592,0,0
605415.397409734,605475.397409734,0,230,168.333333333333,0,0
605475.397409734,605535.397409734,0,230,164.074074074074,0,0
605535.397409734,605595.397409734,0,230,159.814814814815,0,0
605595.397409734,605655.397409734,0,230,155.555555555555,0,0
605655.397409734,605715.397409734,0,230,151.296296296296,0,0
605715.397409734,605775.397409734,0,230,147.037037037037,0,0
605775.397409734,605835.397409734,0,230,142.777777777778,0,0
605835.397409734,605895.397409734,0,230,138.518518518518,0,0
605895.397409734,605955.397409734,0,230,134.259259259259,0,0
605955.397409734,606015.397409734,0,230,130,0,0
606015.397409734,606075.397409734,0,230,125.740740740741,0,0
606075.397409734,606135.397409734,0,230,121.481481481481,0,0
606135.397409734,606195.397409734,0,230,117.222222222222,0,0
606195.397409734,606255.397409734,0,230,112.962962962963,0,0
606255.397409734,606315.397409734,0,230,108.703703703703,0,0
606315.397409734,606375.397409734,0,230,104.444444444444,0,0
606375.397409734,606435.397409734,0,230,100.185185185185,0,0
606435.397409734,606495.397409734,0,230,95.9259259259256,0,0
606495.397409734,606532.086558388,0,230,93.3214493239526,0,0
606532.086558388,606592.086558388,650,230,99.3214493239526,0,0
606592.086558388,606652.086558388,650,230,105.321449323953,0,0
606652.086558388,606712.086558388,650,230,111.321449323953,0,0
606712.086558388,606772.086558388,650,230,117.321449323953,0,0
606772.086558388,606832.086558388,650,230,123.321449323953,0,0
606832.086558388,606892.086558388,650,230,129.321449323953,0,0
606892.086558388,606952.086558388,650,230,135.321449323953,0,0
606952.086558388,607012.086558388,650,230,141.321449323953,0,0
607012.086558388,607072.086558388,650,230,147.321449323953,0,0
607072.086558388,607132.086558388,650,230,153.321449323953,0,0
607132.086558388,607192.086558388,650,230,159.321449323953,0,0
607192.086558388,607252.086558388,650,230,165.321449323953,0,0
607252.086558388,607312.086558388,650,230,171.321449323953,0,0
607312.086558388,607372.086558388,650,230,177.321449323953,0,0
607372.086558388,607432.086558388,650,230,183.321449323953,0,0
607432.086558388,607492.086558388,650,230,189.321449323953,0,0
607492.086558388,607552.086558388,650,230,195.321449323953,0,0
607552.086558388,607612.086558388,650,230,201.321449323953,0,0
607612.086558388,607672.086558388,650,230,207.321449323953,0,0
607672.086558388,607732.086558388,650,230,213.321449323953,0,0
607732.086558388,607792.086558388,650,230,219.321449323953,0,0
607792.086558388,607852.086558388,650,230,225.321449323953,0,0
607852.086558388,607912.086558388,650,230,231.321449323953,0,0
607912.086558388,607972.086558388,650,230,237.321449323953,0,0
607972.086558388,608032.086558388,650,230,243.321449323953,0,0
608032.086558388,608092.086558388,650,230,249.321449323953,0,0
608092.086558388,608152.086558388,650,230,255.321449323953,0,0
608152.086558388,608212.086558388,650,230,261.321449323953,0,0
608212.086558388,608272.086558388,650,230,267.321449323953,0,0
608272.086558388,608332.086558388,650,230,273.321449323953,0,0
608332.086558388,608333.238391569,650,230,273.436632641998,0,0
608333.238391569,608333.238392142,650,230,273.436632699391,0,0
608333.238392142,608393.238392142,650,560,274.786632699391,0,1
608393.238392142,608453.238392142,650,560,276.136632699391,0,1
608453.238392142,608513.238392142,650,560,277.486632699391,0,1
608513.238392142,608573.238392142,650,560,278.836632699391,0,1
608573.238392142,608633.238392142,650,560,280.186632699391,0,1
608633.238392142,608693.238392142,650,560,281.536632699391,0,1
608693.238392142,608753.238392142,650,560,282.886632699391,0,1
608753.238392142,608813.238392142,650,560,284.236632699391,0,1
608813.238392142,608873.238392142,650,560,285.586632699391,0,1
608873.238392142,608933.238392142,650,560,286.936632699391,0,1
608933.238392142,608993.238392142,650,560,288.286632699391,0,1
608993.238392142,609053.238392142,650,560,289.636632699391,0,1
609053.238392142,609113.238392142,650,560,290.986632699391,0,1
609113.238392142,609173.238392142,650,560,292.336632699391,0,1
609173.238392142,609233.238392142,650,560,293.686632699391,0,1
609233.238392142,609293.238392142,650,560,295.036632699391,0,1
609293.238392142,609353.238392142,650,560,296.386632699391,0,1
609353.238392142,609413.238392142,650,560,297.736632699391,0,1
609413.238392142,609473.238392142,650,560,299.086632699391,0,1
609473.238392142,609533.238392142,650,560,300,0,1
609533.238392142,609593.238392142,650,560,300,0,1
609593.238392142,609653.238392142,650,560,300,0,1
609653.238392142,609713.238392142,650,560,300,0,1
609713.238392142,609773.238392142,650,560,300,0,1
609773.238392142,609833.238392142,650,560,300,0,1
609833.238392142,609893.238392142,650,560,300,0,1
609893.238392142,609953.238392142,650,560,300,0,1
609953.238392142,610013.238392142,650,560,300,0,1
610013.238392142,610073.238392142,650,560,300,0,1
610073.238392142,610133.238392142,650,560,300,0,1
610133.238392142,610134.390224749,650,560,300,0,1
610134.390224749,610194.390224749,0,560,289.62962962963,0,1
610194.390224749,610254.390224749,0,560,279.259259259259,0,1
610254.390224749,610314.390224749,0,560,268.888888888889,0,1
610314.390224749,610374.390224749,0,560,258.518518518518,0,1
610374.390224749,610434.390224749,0,560,248.148148148148,0,1
610434.390224749,610494.390224749,0,560,237.777777777778,0,1
610494.390224749,610554.390224749,0,560,227.407407407407,0,1
610554.390224749,610614.390224749,0,560,217.037037037037,0,1
610614.390224749,610674.390224749,0,560,206.666666666667,0,1
610674.390224749,610734.390224749,0,230,202.407407407407,0,0
610734.390224749,610794.390224749,0,230,198.148148148148,0,0
610794.390224749,610854.390224749,0,230,193.888888888889,0,0
610854.390224749,610914.390224749,0,230,189.62962962963,0,0
610914.390224749,610974.390224749,0,230,185.37037037037,0,0
610974.390224749,611034.390224749,0,230,181.111111111111,0,0
611034.390224749,611094.390224749,0,230,176.851851851852,0,0
611094.390224749,611154.390224749,0,230,172.592592592592,0,0
611154.390224749,611214.390224749,0,230,168.333333333333,0,0
611214.390224749,611274.390224749,0,230,164.074074074074,0,0
611274.390224749,611334.390224749,0,230,159.814814814815,0,0
611334.390224749,611394.390224749,0,230,155.555555555555,0,0
611394.390224749,611454.390224749,0,230,151.296296296296,0,0
611454.390224749,611514.390224749,0,230,147.037037037037,0,0
611514.390224749,611574.390224749,0,230,142.777777777778,0,0
611574.390224749,611634.390224749,0,230,138.518518518518,0,0
611634.390224749,611694.390224749,0,230,134.259259259259,0,0
611694.390224749,611754.390224749,0,230,130,0,0
611754.390224749,611814.390224749,0,230,125.740740740741,0,0
611814.390224749,611874.390224749,0,230,121.481481481481,0,0
611874.390224749,611934.390224749,0,230,117.222222222222,0,0
611934.390224749,611994.390224749,0,230,112.962962962963,0,0
611994.390224749,612054.390224749,0,230,108.703703703703,0,0
612054.390224749,612114.390224749,0,230,104.444444444444,0,0
612114.390224749,612174.390224749,0,230,100.185185185185,0,0
612174.390224749,612234.390224749,0,230,95.9259259259256,0,0
612234.390224749,612271.079373403,0,230,93.3214493239526,0,0
612271.079373403,612331.079373403,650,230,99.3214493239526,0,0
612331.079373403,612391.079373403,650,230,105.321449323953,0,0
612391.079373403,612451.079373403,650,230,111.321449323953,0,0
612451.079373403,612511.079373403,650,230,117.321449323953,0,0
612511.079373403,612571.079373403,650,230,123.321449323953,0,0
612571.079373403,612631.079373403,650,230,129.321449323953,0,0
612631.079373403,612691.079373403,650,230,135.321449323953,0,0
612691.079373403,612751.079373403,650,230,141.321449323953,0,0
612751.079373403,612811.079373403,650,230,147.321449323953,0,0
612811.079373403,612871.079373403,650,230,153.321449323953,0,0
612871.079373403,612931.079373403,650,230,159.321449323953,0,0
612931.079373403,612991.079373403,650,230,165.321449323953,0,0
612991.079373403,613051.079373403,650,230,171.321449323953,0,0
613051.079373403,613111.079373403,650,230,177.321449323953,0,0
613111.079373403,613171.079373403,650,230,183.321449323953,0,0
613171.079373403,613231.079373403,650,230,189.321449323953,0,0
613231.079373403,613291.079373403,650,230,195.321449323953,0,0
613291.079373403,613351.079373403,650,230,201.321449323953,0,0
613351.079373403,613411.079373403,650,230,207.321449323953,0,0
613411.079373403,613471.079373403,650,230,213.321449323953,0,0
613471.079373403,613531.079373403,650,230,219.321449323953,0,0
613531.079373403,613591.079373403,650,230,225.321449323953,0,0
613591.079373403,613651.079373403,650,230,231.321449323953,0,0
613651.079373403,613711.079373403,650,230,237.321449323953,0,0
613711.079373403,613771.079373403,650,230,243.321449323953,0,0
613771.079373403,613831.079373403,650,230,249.321449323953,0,0
613831.079373403,613891.079373403,650,230,255.321449323953,0,0
613891.079373403,613951.079373403,650,230,261.321449323953,0,0
613951.079373403,614011.079373403,650,230,267.321449323953,0,0
614011.079373403,614071.079373403,650,230,273.321449323953,0,0
614071.079373403,614072.231206583,650,230,273.436632641998,0,0
614072.231206583,614072.231780483,650,230,273.436690031923,0,0
614072.231780483,614132.231780483,650,560,274.786690031923,0,1
614132.231780483,614192.231780483,650,560,276.136690031923,0,1
614192.231780483,614252.231780483,650,560,277.486690031923,0,1
614252.231780483,614312.231780483,650,560,278.836690031923,0,1
614312.231780483,614372.231780483,650,560,280.186690031923,0,1
614372.231780483,614432.231780483,650,560,281.536690031923,0,1
614432.231780483,614492.231780483,650,560,282.886690031923,0,1
614492.231780483,614552.231780483,650,560,284.236690031923,0,1
614552.231780483,614612.231780483,650,560,285.586690031923,0,1
614612.231780483,614672.231780483,650,560,286.936690031923,0,1
614672.231780483,614732.231780483,650,560,288.286690031923,0,1
614732.231780483,614792.231780483,650,560,289.636690031923,0,1
614792.231780483,614852.231780483,650,560,290.986690031923,0,1
614852.231780483,614912.231780483,650,560,292.336690031923,0,1
614912.231780483,614972.231780483,650,560,293.686690031923,0,1
614972.231780483,615032.231780483,650,560,295.036690031923,0,1
615032.231780483,615092.231780483,650,560,296.386690031923,0,1
615092.231780483,615152.231780483,650,560,297.736690031923,0,1
615152.231780483,615212.231780483,650,560,299.086690031923,0,1
615212.231780483,615272.231780483,650,560,300,0,1
615272.231780483,615332.231780483,650,560,300,0,1
615332.231780483,615392.231780483,650,560,300,0,1
615392.231780483,615452.231780483,650,560,300,0,1
615452.231780483,615512.231780483,650,560,300,0,1
615512.231780483,615572.231780483,650,560,300,0,1
615572.231780483,615632.231780483,650,560,300,0,1
615632.231780483,615692.231780483,650,560,300,0,1
615692.231780483,615752.231780483,650,560,300,0,1
615752.231780483,615812.231780483,650,560,300,0,1
615812.231780483,615872.231780483,650,560,300,0,1
615872.231780483,615873.383039764,650,560,300,0,1
615873.383039764,615933.383039764,0,560,289.62962962963,0,1
615933.383039764,615993.383039764,0,560,279.259259259259,0,1
615993.383039764,616053.383039764,0,560,268.888888888889,0,1
616053.383039764,616113.383039764,0,560,258.518518518518,0,1
616113.383039764,616173.383039764,0,560,248.148148148148,0,1
616173.383039764,616233.383039764,0,560,237.777777777778,0,1
616233.383039764,616293.383039764,0,560,227.407407407407,0,1
616293.383039764,616353.383039764,0,560,217.037037037037,0,1
616353.383039764,616413.383039764,0,560,206.666666666667,0,1
616413.383039764,616473.383039764,0,230,202.407407407407,0,0
616473.383039764,616533.383039764,0,230,198.148148148148,0,0
616533.383039764,616593.383039764,0,230,193.888888888889,0,0
616593.383039764,616653.383039764,0,230,189.62962962963,0,0
616653.383039764,616713.383039764,0,230,185.37037037037,0,0
616713.383039764,616773.383039764,0,230,181.111111111111,0,0
616773.383039764,616833.383039764,0,230,176.851851851852,0,0
616833.383039764,616893.383039764,0,230,172.592592592592,0,0
616893.383039764,616953.383039764,0,230,168.333333333333,0,0
616953.383039764,617013.383039764,0,230,164.074074074074,0,0
617013.383039764,617073.383039764,0,230,159.814814814815,0,0
617073.383039764,617133.383039764,0,230,155.555555555555,0,0
617133.383039764,617193.383039764,0,230,151.296296296296,0,0
617193.383039764,617253.383039764,0,230,147.037037037037,0,0
617253.383039764,617313.383039764,0,230,142.777777777778,0,0
617313.383039764,617373.383039764,0,230,138.518518518518,0,0
617373.383039764,617433.383039764,0,230,134.259259259259,0,0
617433.383039764,617493.383039764,0,230,130,0,0
617493.383039764,617553.383039764,0,230,125.740740740741,0,0
617553.383039764,617613.383039764,0,230,121.481481481481,0,0
617613.383039764,617673.383039764,0,230,117.222222222222,0,0
617673.383039764,617733.383039764,0,230,112.962962962963,0,0
617733.383039764,617793.383039764,0,230,108.703703703703,0,0
617793.383039764,617853.383039764,0,230,104.444444444444,0,0
617853.383039764,617913.383039764,0,230,100.185185185185,0,0
617913.383039764,617973.383039764,0,230,95.9259259259256,0,0
617973.383039764,618010.072188418,0,230,93.3214493239526,0,0
618010.072188418,618070.072188418,650,230,99.3214493239526,0,0
618070.072188418,618130.072188418,650,230,105.321449323953,0,0
618130.072188418,618190.072188418,650,230,111.321449323953,0,0
618190.072188418,618250.072188418,650,230,117.321449323953,0,0
618250.072188418,618310.072188418,650,230,123.321449323953,0,0
618310.072188418,618370.072188418,650,230,129.321449323953,0,0
618370.072188418,618430.072188418,650,230,135.321449323953,0,0
618430.072188418,618490.072188418,650,230,141.321449323953,0,0
618490.072188418,618550.072188418,650,230,147.321449323953,0,0
618550.072188418,618610.072188418,650,230,153.321449323953,0,0
618610.072188418,618670.072188418,650,230,159.321449323953,0,0
618670.072188418,618730.072188418,650,230,165.321449323953,0,0
618730.072188418,618790.072188418,650,230,171.321449323953,0,0
618790.072188418,618850.072188418,650,230,177.321449323953,0,0
618850.072188418,618910.072188418,650,230,183.321449323953,0,0
618910.072188418,618970.072188418,650,230,189.321449323953,0,0
618970.072188418,619030.072188418,650,230,195.321449323953,0,0
619030.072188418,619090.072188418,650,230,201.321449323953,0,0
619090.072188418,619150.072188418,650,230,207.321449323953,0,0
619150.072188418,619210.072188418,650,230,213.321449323953,0,0
619210.072188418,619270.072188418,650,230,219.321449323953,0,0
619270.072188418,619330.072188418,650,230,225.321449323953,0,0
619330.072188418,619390.072188418,650,230,231.321449323953,0,0
619390.072188418,619450.072188418,650,230,237.321449323953,0,0
619450.072188418,619510.072188418,650,230,243.321449323953,0,0
619510.072188418,619570.072188418,650,230,249.321449323953,0,0
619570.072188418,619630.072188418,650,230,255.321449323953,0,0
619630.072188418,619690.072188418,650,230,261.321449323953,0,0
619690.072188418,619750.072188418,650,230,267.321449323953,0,0
619750.072188418,619810.072188418,650,230,273.321449323953,0,0
619810.072188418,619811.224021598,650,230,273.436632641998,0,0
619811.224021598,619871.224021598,650,560,274.786632641998,0,1
619871.224021598,619931.224021598,650,560,276.136632641998,0,1
619931.224021598,619991.224021598,650,560,277.486632641998,0,1
619991.224021598,620051.224021598,650,560,278.836632641998,0,1
620051.224021598,620111.224021598,650,560,280.186632641998,0,1
620111.224021598,620171.224021598,650,560,281.536632641998,0,1
620171.224021598,620231.224021598,650,560,282.886632641998,0,1
620231.224021598,620291.224021598,650,560,284.236632641998,0,1
620291.224021598,620351.224021598,650,560,285.586632641998,0,1
620351.224021598,620411.224021598,650,560,286.936632641998,0,1
620411.224021598,620471.224021598,650,560,288.286632641998,0,1
620471.224021598,620531.224021598,650,560,289.636632641998,0,1
620531.224021598,620591.224021598,650,560,290.986632641998,0,1
620591.224021598,620651.224021598,650,560,292.336632641998,0,1
620651.224021598,620711.224021598,650,560,293.686632641998,0,1
620711.224021598,620771.224021598,650,560,295.036632641998,0,1
620771.224021598,620831.224021598,650,560,296.386632641998,0,1
620831.224021598,620891.224021598,650,560,297.736632641998,0,1
620891.224021598,620951.224021598,650,560,299.086632641999,0,1
620951.224021598,621011.224021598,650,560,300,0,1
621011.224021598,621071.224021598,650,560,300,0,1
621071.224021598,621131.224021598,650,560,300,0,1
621131.224021598,621191.224021598,650,560,300,0,1
621191.224021598,621251.224021598,650,560,300,0,1
621251.224021598,621311.224021598,650,560,300,0,1
621311.224021598,621371.224021598,650,560,300,0,1
621371.224021598,621431.224021598,650,560,300,0,1
621431.224021598,621491.224021598,650,560,300,0,1
621491.224021598,621551.224021598,650,560,300,0,1
621551.224021598,621611.224021598,650,560,300,0,1
621611.224021598,621612.375854779,650,560,300,0,1
621612.375854779,621672.375854779,0,560,289.62962962963,0,1
621672.375854779,621732.375854779,0,560,279.259259259259,0,1
621732.375854779,621792.375854779,0,560,268.888888888889,0,1
621792.375854779,621852.375854779,0,560,258.518518518518,0,1
621852.375854779,621912.375854779,0,560,248.148148148148,0,1
621912.375854779,621972.375854779,0,560,237.777777777778,0,1
621972.375854779,622032.375854779,0,560,227.407407407407,0,1
622032.375854779,622092.375854779,0,560,217.037037037037,0,1
622092.375854779,622152.375854779,0,560,206.666666666667,0,1
622152.375854779,622212.375854779,0,230,202.407407407407,0,0
622212.375854779,622272.375854779,0,230,198.148148148148,0,0
622272.375854779,622332.375854779,0,230,193.888888888889,0,0
622332.375854779,622392.375854779,0,230,189.62962962963,0,0
622392.375854779,622452.375854779,0,230,185.37037037037,0,0
622452.375854779,622512.375854779,0,230,181.111111111111,0,0
622512.375854779,622572.375854779,0,230,176.851851851852,0,0
622572.375854779,622632.375854779,0,230,172.592592592592,0,0
622632.375854779,622692.375854779,0,230,168.333333333333,0,0
622692.375854779,622752.375854779,0,230,164.074074074074,0,0
622752.375854779,622812.375854779,0,230,159.814814814815,0,0
622812.375854779,622872.375854779,0,230,155.555555555555,0,0
622872.375854779,622932.375854779,0,230,151.296296296296,0,0
622932.375854779,622992.375854779,0,230,147.037037037037,0,0
622992.375854779,623052.375854779,0,230,142.777777777778,0,0
623052.375854779,623112.375854779,0,230,138.518518518518,0,0
623112.375854779,623172.375854779,0,230,134.259259259259,0,0
623172.375854779,623232.375854779,0,230,130,0,0
623232.375854779,623292.375854779,0,230,125.740740740741,0,0
623292.375854779,623352.375854779,0,230,121.481481481481,0,0
623352.375854779,623412.375854779,0,230,117.222222222222,0,0
623412.375854779,623472.375854779,0,230,112.962962962963,0,0
623472.375854779,623532.375854779,0,230,108.703703703703,0,0
623532.375854779,623592.375854779,0,230,104.444444444444,0,0
623592.375854779,623652.375854779,0,230,100.185185185185,0,0
623652.375854779,623712.375854779,0,230,95.9259259259256,0,0
623712.375854779,623749.065003433,0,230,93.3214493239526,0,0
623749.065003433,623809.065003433,650,230,99.3214493239526,0,0
623809.065003433,623869.065003433,650,230,105.321449323953,0,0
623869.065003433,623929.065003433,650,230,111.321449323953,0,0
623929.065003433,623989.065003433,650,230,117.321449323953,0,0
623989.065003433,624049.065003433,650,230,123.321449323953,0,0
624049.065003433,624109.065003433,650,230,129.321449323953,0,0
624109.065003433,624169.065003433,650,230,135.321449323953,0,0
624169.065003433,624229.065003433,650,230,141.321449323953,0,0
624229.065003433,624289.065003433,650,230,147.321449323953,0,0
624289.065003433,624349.065003433,650,230,153.321449323953,0,0
624349.065003433,624409.065003433,650,230,159.321449323953,0,0
624409.065003433,624469.065003433,650,230,165.321449323953,0,0
624469.065003433,624529.065003433,650,230,171.321449323953,0,0
624529.065003433,624589.065003433,650,230,177.321449323953,0,0
624589.065003433,624649.065003433,650,230,183.321449323953,0,0
624649.065003433,624709.065003433,650,230,189.321449323953,0,0
624709.065003433,624769.065003433,650,230,195.321449323953,0,0
624769.065003433,624829.065003433,650,230,201.321449323953,0,0
624829.065003433,624889.065003433,650,230,207.321449323953,0,0
624889.065003433,624949.065003433,650,230,213.321449323953,0,0
624949.065003433,625009.065003433,650,230,219.321449323953,0,0
625009.065003433,625069.065003433,650,230,225.321449323953,0,0
625069.065003433,625129.065003433,650,230,231.321449323953,0,0
625129.065003433,625189.065003433,650,230,237.321449323953,0,0
625189.065003433,625249.065003433,650,230,243.321449323953,0,0
625249.065003433,625309.065003433,650,230,249.321449323953,0,0
625309.065003433,625369.065003433,650,230,255.321449323953,0,0
625369.065003433,625429.065003433,650,230,261.321449323953,0,0
625429.065003433,625489.065003433,650,230,267.321449323953,0,0
625489.065003433,625549.065003433,650,230,273.321449323953,0,0
625549.065003433,625550.216836613,650,230,273.436632641998,0,0
625550.216836613,625610.216836613,650,560,274.786632641998,0,1
625610.216836613,625670.216836613,650,560,276.136632641998,0,1
625670.216836613,625730.216836613,650,560,277.486632641998,0,1
625730.216836613,625790.216836613,650,560,278.836632641998,0,1
625790.216836613,625850.216836613,650,560,280.186632641998,0,1
625850.216836613,625910.216836613,650,560,281.536632641998,0,1
625910.216836613,625970.216836613,650,560,282.886632641998,0,1
625970.216836613,626030.216836613,650,560,284.236632641998,0,1
626030.216836613,626090.216836613,650,560,285.586632641998,0,1
626090.216836613,626150.216836613,650,560,286.936632641998,0,1
626150.216836613,626210.216836613,650,560,288.286632641998,0,1
626210.216836613,626270.216836613,650,560,289.636632641998,0,1
626270.216836613,626330.216836613,650,560,290.986632641998,0,1
626330.216836613,626390.216836613,650,560,292.336632641998,0,1
626390.216836613,626450.216836613,650,560,293.686632641998,0,1
626450.216836613,626510.216836613,650,560,295.036632641998,0,1
626510.216836613,626570.216836613,650,560,296.386632641998,0,1
626570.216836613,626630.216836613,650,560,297.736632641998,0,1
626630.216836613,626690.216836613,650,560,299.086632641999,0,1
626690.216836613,626750.216836613,650,560,300,0,1
626750.216836613,626810.216836613,650,560,300,0,1
626810.216836613,626870.216836613,650,560,300,0,1
626870.216836613,626930.216836613,650,560,300,0,1
626930.216836613,626990.216836613,650,560,300,0,1
626990.216836613,627050.216836613,650,560,300,0,1
627050.216836613,627110.216836613,650,560,300,0,1
627110.216836613,627170.216836613,650,560,300,0,1
627170.216836613,627230.216836613,650,560,300,0,1
627230.216836613,627290.216836613,650,560,300,0,1
627290.216836613,627350.216836613,650,560,300,0,1
627350.216836613,627351.368669793,650,560,300,0,1
627351.368669793,627411.368669793,0,560,289.62962962963,0,1
627411.368669793,627471.368669793,0,560,279.259259259259,0,1
627471.368669793,627531.368669793,0,560,268.888888888889,0,1
627531.368669793,627591.368669793,0,560,258.518518518518,0,1
627591.368669793,627651.368669793,0,560,248.148148148148,0,1
627651.368669793,627711.368669793,0,560,237.777777777778,0,1
627711.368669793,627771.368669793,0,560,227.407407407407,0,1
627771.368669793,627831.368669793,0,560,217.037037037037,0,1
627831.368669793,627891.368669793,0,560,206.666666666667,0,1
627891.368669793,627951.368669793,0,230,202.407407407407,0,0
627951.368669793,628011.368669793,0,230,198.148148148148,0,0
628011.368669793,628071.368669793,0,230,193.888888888889,0,0
628071.368669793,628131.368669793,0,230,189.62962962963,0,0
628131.368669793,628191.368669793,0,230,185.37037037037,0,0
628191.368669793,628251.368669793,0,230,181.111111111111,0,0
628251.368669793,628311.368669793,0,230,176.851851851852,0,0
628311.368669793,628371.368669793,0,230,172.592592592592,0,0
628371.368669793,628431.368669793,0,230,168.333333333333,0,0
628431.368669793,628491.368669793,0,230,164.074074074074,0,0
628491.368669793,628551.368669793,0,230,159.814814814815,0,0
628551.368669793,628611.368669793,0,230,155.555555555555,0,0
628611.368669793,628671.368669793,0,230,151.296296296296,0,0
628671.368669793,628731.368669793,0,230,147.037037037037,0,0
628731.368669793,628791.368669793,0,230,142.777777777778,0,0
628791.368669793,628851.368669793,0,230,138.518518518518,0,0
628851.368669793,628911.368669793,0,230,134.259259259259,0,0
628911.368669793,628971.368669793,0,230,130,0,0
628971.368669793,629031.368669793,0,230,125.740740740741,0,0
629031.368669793,629091.368669793,0,230,121.481481481481,0,0
629091.368669793,629151.368669793,0,230,117.222222222222,0,0
629151.368669793,629211.368669793,0,230,112.962962962963,0,0
629211.368669793,629271.368669793,0,230,108.703703703703,0,0
629271.368669793,629331.368669793,0,230,104.444444444444,0,0
629331.368669793,629391.368669793,0,230,100.185185185185,0,0
629391.368669793,629451.368669793,0,230,95.9259259259256,0,0
629451.368669793,629488.057818447,0,230,93.3214493239526,0,0
629488.057818447,629548.057818447,650,230,99.3214493239526,0,0
629548.057818447,629608.057818447,650,230,105.321449323953,0,0
629608.057818447,629668.057818447,650,230,111.321449323953,0,0
629668.057818447,629728.057818447,650,230,117.321449323953,0,0
629728.057818447,629788.057818447,650,230,123.321449323953,0,0
629788.057818447,629848.057818447,650,230,129.321449323953,0,0
629848.057818447,629908.057818447,650,230,135.321449323953,0,0
629908.057818447,629968.057818447,650,230,141.321449323953,0,0
629968.057818447,630028.057818447,650,230,147.321449323953,0,0
630028.057818447,630088.057818447,650,230,153.321449323953,0,0
630088.057818447,630148.057818447,650,230,159.321449323953,0,0
630148.057818447,630208.057818447,650,230,165.321449323953,0,0
630208.057818447,630268.057818447,650,230,171.321449323953,0,0
630268.057818447,630328.057818447,650,230,177.321449323953,0,0
630328.057818447,630388.057818447,650,230,183.321449323953,0,0
630388.057818447,630448.057818447,650,230,189.321449323953,0,0
630448.057818447,630508.057818447,650,230,195.321449323953,0,0
630508.057818447,630568.057818447,650,230,201.321449323953,0,0
630568.057818447,630628.057818447,650,230,207.321449323953,0,0
630628.057818447,630688.057818447,650,230,213.321449323953,0,0
630688.057818447,630748.057818447,650,230,219.321449323953,0,0
630748.057818447,630808.057818447,650,230,225.321449323953,0,0
630808.057818447,630868.057818447,650,230,231.321449323953,0,0
630868.057818447,630928.057818447,650,230,237.321449323953,0,0
630928.057818447,630988.057818447,650,230,243.321449323953,0,0
630988.057818447,631048.057818447,650,230,249.321449323953,0,0
631048.057818447,631108.057818447,650,230,255.321449323953,0,0
631108.057818447,631168.057818447,650,230,261.321449323953,0,0
631168.057818447,631228.057818447,650,230,267.321449323953,0,0
631228.057818447,631288.057818447,650,230,273.321449323953,0,0
631288.057818447,631289.209651628,650,230,273.436632641998,0,0
631289.209651628,631349.209651628,650,560,274.786632641998,0,1
631349.209651628,631409.209651628,650,560,276.136632641998,0,1
631409.209651628,631469.209651628,650,560,277.486632641998,0,1
631469.209651628,631529.209651628,650,560,278.836632641998,0,1
631529.209651628,631589.209651628,650,560,280.186632641998,0,1
631589.209651628,631649.209651628,650,560,281.536632641998,0,1
631649.209651628,631709.209651628,650,560,282.886632641998,0,1
631709.209651628,631769.209651628,650,560,284.236632641998,0,1
631769.209651628,631829.209651628,650,560,285.586632641998,0,1
631829.209651628,631889.209651628,650,560,286.936632641998,0,1
631889.209651628,631949.209651628,650,560,288.286632641998,0,1
631949.209651628,632009.209651628,650,560,289.636632641998,0,1
632009.209651628,632069.209651628,650,560,290.986632641998,0,1
632069.209651628,632129.209651628,650,560,292.336632641998,0,1
632129.209651628,632189.209651628,650,560,293.686632641998,0,1
632189.209651628,632249.209651628,650,560,295.036632641998,0,1
632249.209651628,632309.209651628,650,560,296.386632641998,0,1
632309.209651628,632369.209651628,650,560,297.736632641998,0,1
632369.209651628,632429.209651628,650,560,299.086632641999,0,1
632429.209651628,632489.209651628,650,560,300,0,1
632489.209651628,632549.209651628,650,560,300,0,1
632549.209651628,632609.209651628,650,560,300,0,1
632609.209651628,632669.209651628,650,560,300,0,1
632669.209651628,632729.209651628,650,560,300,0,1
632729.209651628,632789.209651628,650,560,300,0,1
632789.209651628,632849.209651628,650,560,300,0,1
632849.209651628,632909.209651628,650,560,300,0,1
632909.209651628,632969.209651628,650,560,300,0,1
632969.209651628,633029.209651628,650,560,300,0,1
633029.209651628,633089.209651628,650,560,300,0,1
633089.209651628,633090.361484808,650,560,300,0,1
633090.361484808,633150.361484808,0,560,289.62962962963,0,1
633150.361484808,633210.361484808,0,560,279.259259259259,0,1
633210.361484808,633270.361484808,0,560,268.888888888889,0,1
633270.361484808,633330.361484808,0,560,258.518518518518,0,1
633330.361484808,633390.361484808,0,560,248.148148148148,0,1
633390.361484808,633450.361484808,0,560,237.777777777778,0,1
633450.361484808,633510.361484808,0,560,227.407407407407,0,1
633510.361484808,633570.361484808,0,560,217.037037037037,0,1
633570.361484808,633630.361484808,0,560,206.666666666667,0,1
633630.361484808,633690.361484808,0,230,202.407407407407,0,0
633690.361484808,633750.361484808,0,230,198.148148148148,0,0
633750.361484808,633810.361484808,0,230,193.888888888889,0,0
633810.361484808,633870.361484808,0,230,189.62962962963,0,0
633870.361484808,633930.361484808,0,230,185.37037037037,0,0
633930.361484808,633990.361484808,0,230,181.111111111111,0,0
633990.361484808,634050.361484808,0,230,176.851851851852,0,0
634050.361484808,634110.361484808,0,230,172.592592592592,0,0
634110.361484808,634170.361484808,0,230,168.333333333333,0,0
634170.361484808,634230.361484808,0,230,164.074074074074,0,0
634230.361484808,634290.361484808,0,230,159.814814814815,0,0
634290.361484808,634350.361484808,0,230,155.555555555555,0,0
634350.361484808,634410.361484808,0,230,151.296296296296,0,0
634410.361484808,634470.361484808,0,230,147.037037037037,0,0
634470.361484808,634530.361484808,0,230,142.777777777778,0,0
634530.361484808,634590.361484808,0,230,138.518518518518,0,0
634590.361484808,634650.361484808,0,230,134.259259259259,0,0
634650.361484808,634710.361484808,0,230,130,0,0
634710.361484808,634770.361484808,0,230,125.740740740741,0,0
634770.361484808,634830.361484808,0,230,121.481481481481,0,0
634830.361484808,634890.361484808,0,230,117.222222222222,0,0
634890.361484808,634950.361484808,0,230,112.962962962963,0,0
634950.361484808,635010.361484808,0,230,108.703703703703,0,0
635010.361484808,635070.361484808,0,230,104.444444444444,0,0
635070.361484808,635130.361484808,0,230,100.185185185185,0,0
635130.361484808,635190.361484808,0,230,95.9259259259256,0,0
635190.361484808,635203.911476526,0,230,94.9640437978436,0,0
635203.911476526,635227.050633462,0,215,93.4285750505107,0,0
635227.050633462,635287.050633462,650,215,99.4285750505107,0,0
635287.050633462,635347.050633462,650,215,105.428575050511,0,0
635347.050633462,635407.050633462,650,215,111.428575050511,0,0
635407.050633462,635467.050633462,650,215,117.428575050511,0,0
635467.050633462,635527.050633462,650,215,123.428575050511,0,0
635527.050633462,635587.050633462,650,215,129.428575050511,0,0
635587.050633462,635647.050633462,650,215,135.428575050511,0,0
635647.050633462,635707.050633462,650,215,141.428575050511,0,0
635707.050633462,635767.050633462,650,215,147.428575050511,0,0
635767.050633462,635827.050633462,650,215,153.428575050511,0,0
635827.050633462,635887.050633462,650,215,159.428575050511,0,0
635887.050633462,635947.050633462,650,215,165.428575050511,0,0
635947.050633462,636007.050633462,650,215,171.428575050511,0,0
636007.050633462,636067.050633462,650,215,177.428575050511,0,0
636067.050633462,636127.050633462,650,215,183.428575050511,0,0
636127.050633462,636187.050633462,650,215,189.428575050511,0,0
636187.050633462,636247.050633462,650,215,195.428575050511,0,0
636247.050633462,636307.050633462,650,215,201.428575050511,0,0
636307.050633462,636367.050633462,650,215,207.428575050511,0,0
636367.050633462,636427.050633462,650,215,213.428575050511,0,0
636427.050633462,636487.050633462,650,215,219.428575050511,0,0
636487.050633462,636547.050633462,650,215,225.428575050511,0,0
636547.050633462,636607.050633462,650,215,231.428575050511,0,0
636607.050633462,636667.050633462,650,215,237.428575050511,0,0
636667.050633462,636727.050633462,650,215,243.428575050511,0,0
636727.050633462,636787.050633462,650,215,249.428575050511,0,0
636787.050633462,636847.050633462,650,215,255.428575050511,0,0
636847.050633462,636907.050633462,650,215,261.428575050511,0,0
636907.050633462,636967.050633462,650,215,267.428575050511,0,0
636967.050633462,637027.050633462,650,215,273.428575050511,0,0
637027.050633462,637028.202466643,650,215,273.543758368556,0,0
637028.202466643,637088.202466643,650,215,279.543758368556,0,0
637088.202466643,637148.202466643,650,215,285.543758368556,0,0
637148.202466643,637208.202466643,650,215,291.543758368556,0,0
637208.202466643,637268.202466643,650,215,297.543758368556,0,0
637268.202466643,637328.202466643,650,215,300,0,0
637328.202466643,637388.202466643,650,215,300,0,0
637388.202466643,637448.202466643,650,215,300,0,0
637448.202466643,637508.202466643,650,215,300,0,0
637508.202466643,637568.202466643,650,215,300,0,0
637568.202466643,637628.202466643,650,215,300,0,0
637628.202466643,637688.202466643,650,215,300,0,0
637688.202466643,637748.202466643,650,215,300,0,0
637748.202466643,637808.202466643,650,215,300,0,0
637808.202466643,637868.202466643,650,215,300,0,0
637868.202466643,637928.202466643,650,215,300,0,0
637928.202466643,637988.202466643,650,215,300,0,0
637988.202466643,638048.202466643,650,215,300,0,0
638048.202466643,638108.202466643,650,215,300,0,0
638108.202466643,638168.202466643,650,215,300,0,0
638168.202466643,638228.202466643,650,215,300,0,0
638228.202466643,638288.202466643,650,215,300,0,0
638288.202466643,638348.202466643,650,215,300,0,0
638348.202466643,638408.202466643,650,215,300,0,0
638408.202466643,638468.202466643,650,215,300,0,0
638468.202466643,638528.202466643,650,215,300,0,0
638528.202466643,638588.202466643,650,215,300,0,0
638588.202466643,638648.202466643,650,215,300,0,0
638648.202466643,638708.202466643,650,215,300,0,0
638708.202466643,638768.202466643,650,215,300,0,0
638768.202466643,638828.202466643,650,215,300,0,0
638828.202466643,638829.354299823,650,215,300,0,0
638829.354299823,638889.354299823,0,215,296.018518518519,0,0
638889.354299823,638949.354299823,0,215,292.037037037037,0,0
638949.354299823,639009.354299823,0,215,288.055555555556,0,0
639009.354299823,639069.354299823,0,215,284.074074074074,0,0
639069.354299823,639129.354299823,0,215,280.092592592593,0,0
639129.354299823,639189.354299823,0,215,276.111111111111,0,0
639189.354299823,639249.354299823,0,215,272.12962962963,0,0
639249.354299823,639309.354299823,0,215,268.148148148148,0,0
639309.354299823,639369.354299823,0,215,264.166666666667,0,0
639369.354299823,639429.354299823,0,215,260.185185185185,0,0
639429.354299823,639489.354299823,0,215,256.203703703704,0,0
639489.354299823,639549.354299823,0,215,252.222222222222,0,0
639549.354299823,639609.354299823,0,215,248.240740740741,0,0
639609.354299823,639669.354299823,0,215,244.259259259259,0,0
639669.354299823,639729.354299823,0,215,240.277777777778,0,0
639729.354299823,639789.354299823,0,215,236.296296296296,0,0
639789.354299823,639849.354299823,0,215,232.314814814815,0,0
639849.354299823,639909.354299823,0,215,228.333333333333,0,0
639909.354299823,639969.354299823,0,215,224.351851851852,0,0
639969.354299823,640029.354299823,0,215,220.37037037037,0,0
640029.354299823,640089.354299823,0,215,216.388888888889,0,0
640089.354299823,640149.354299823,0,215,212.407407407407,0,0
640149.354299823,640209.354299823,0,215,208.425925925926,0,0
640209.354299823,640269.354299823,0,215,204.444444444444,0,0
640269.354299823,640329.354299823,0,215,200.462962962963,0,0
640329.354299823,640389.354299823,0,215,196.481481481481,0,0
640389.354299823,640449.354299823,0,215,192.5,0,0
640449.354299823,640509.354299823,0,215,188.518518518518,0,0
640509.354299823,640569.354299823,0,215,184.537037037037,0,0
640569.354299823,640629.354299823,0,215,180.555555555555,0,0
640629.354299823,640689.354299823,0,215,176.574074074074,0,0
640689.354299823,640749.354299823,0,215,172.592592592592,0,0
640749.354299823,640809.354299823,0,215,168.611111111111,0,0
640809.354299823,640869.354299823,0,215,164.629629629629,0,0
640869.354299823,640929.354299823,0,215,160.648148148148,0,0
640929.354299823,640966.043448477,0,215,158.213528715869,0,0
640966.043448477,641026.043448477,650,215,164.213528715869,0,0
641026.043448477,641086.043448477,650,215,170.213528715869,0,0
641086.043448477,641146.043448477,650,215,176.213528715869,0,0
641146.043448477,641206.043448477,650,215,182.213528715869,0,0
641206.043448477,641266.043448477,650,215,188.213528715869,0,0
641266.043448477,641326.043448477,650,215,194.213528715869,0,0
641326.043448477,641386.043448477,650,215,200.213528715869,0,0
641386.043448477,641446.043448477,650,215,206.213528715869,0,0
641446.043448477,641506.043448477,650,215,212.213528715869,0,0
641506.043448477,641566.043448477,650,215,218.213528715869,0,0
641566.043448477,641626.043448477,650,215,224.213528715869,0,0
641626.043448477,641686.043448477,650,215,230.213528715869,0,0
641686.043448477,641746.043448477,650,215,236.213528715869,0,0
641746.043448477,641806.043448477,650,215,242.213528715869,0,0
641806.043448477,641866.043448477,650,215,248.213528715869,0,0
641866.043448477,641926.043448477,650,215,254.213528715869,0,0
641926.043448477,641986.043448477,650,215,260.213528715869,0,0
641986.043448477,642046.043448477,650,215,266.213528715869,0,0
642046.043448477,642106.043448477,650,215,272.213528715869,0,0
642106.043448477,642166.043448477,650,215,278.213528715869,0,0
642166.043448477,642226.043448477,650,215,284.213528715869,0,0
642226.043448477,642286.043448477,650,215,290.213528715869,0,0
642286.043448477,642346.043448477,650,215,296.213528715869,0,0
642346.043448477,642406.043448477,650,215,300,0,0
642406.043448477,642466.043448477,650,215,300,0,0
642466.043448477,642526.043448477,650,215,300,0,0
642526.043448477,642586.043448477,650,215,300,0,0
642586.043448477,642646.043448477,650,215,300,0,0
642646.043448477,642706.043448477,650,215,300,0,0
642706.043448477,642766.043448477,650,215,300,0,0
642766.043448477,642767.195281657,650,215,300,0,0
642767.195281657,642827.195281657,650,215,300,0,0
642827.195281657,642887.195281657,650,215,300,0,0
642887.195281657,642947.195281657,650,215,300,0,0
642947.195281657,643007.195281657,650,215,300,0,0
643007.195281657,643067.195281657,650,215,300,0,0
643067.195281657,643127.195281657,650,215,300,0,0
643127.195281657,643187.195281657,650,215,300,0,0
643187.195281657,643247.195281657,650,215,300,0,0
643247.195281657,643307.195281657,650,215,300,0,0
643307.195281657,643367.195281657,650,215,300,0,0
643367.195281657,643427.195281657,650,215,300,0,0
643427.195281657,643487.195281657,650,215,300,0,0
643487.195281657,643547.195281657,650,215,300,0,0
643547.195281657,643607.195281657,650,215,300,0,0
643607.195281657,643667.195281657,650,215,300,0,0
643667.195281657,643727.195281657,650,215,300,0,0
643727.195281657,643787.195281657,650,215,300,0,0
643787.195281657,643847.195281657,650,215,300,0,0
643847.195281657,643907.195281657,650,215,300,0,0
643907.195281657,643967.195281657,650,215,300,0,0
643967.195281657,644027.195281657,650,215,300,0,0
644027.195281657,644087.195281657,650,215,300,0,0
644087.195281657,644147.195281657,650,215,300,0,0
644147.195281657,644207.195281657,650,215,300,0,0
644207.195281657,644267.195281657,650,215,300,0,0
644267.195281657,644327.195281657,650,215,300,0,0
644327.195281657,644387.195281657,650,215,300,0,0
644387.195281657,644447.195281657,650,215,300,0,0
644447.195281657,644507.195281657,650,215,300,0,0
644507.195281657,644567.195281657,650,215,300,0,0
644567.195281657,644568.347114838,650,215,300,0,0
644568.347114838,644628.347114838,0,215,296.018518518519,0,0
644628.347114838,644688.347114838,0,215,292.037037037037,0,0
644688.347114838,644748.347114838,0,215,288.055555555556,0,0
644748.347114838,644808.347114838,0,215,284.074074074074,0,0
644808.347114838,644868.347114838,0,215,280.092592592593,0,0
644868.347114838,644928.347114838,0,215,276.111111111111,0,0
644928.347114838,644988.347114838,0,215,272.12962962963,0,0
644988.347114838,645048.347114838,0,215,268.148148148148,0,0
645048.347114838,645108.347114838,0,215,264.166666666667,0,0
645108.347114838,645168.347114838,0,215,260.185185185185,0,0
645168.347114838,645228.347114838,0,215,256.203703703704,0,0
645228.347114838,645288.347114838,0,215,252.222222222222,0,0
645288.347114838,645348.347114838,0,215,248.240740740741,0,0
645348.347114838,645408.347114838,0,215,244.259259259259,0,0
645408.347114838,645468.347114838,0,215,240.277777777778,0,0
645468.347114838,645528.347114838,0,215,236.296296296296,0,0
645528.347114838,645588.347114838,0,215,232.314814814815,0,0
645588.347114838,645648.347114838,0,215,228.333333333333,0,0
645648.347114838,645708.347114838,0,215,224.351851851852,0,0
645708.347114838,645768.347114838,0,215,220.37037037037,0,0
645768.347114838,645828.347114838,0,215,216.388888888889,0,0
645828.347114838,645888.347114838,0,215,212.407407407407,0,0
645888.347114838,645948.347114838,0,215,208.425925925926,0,0
645948.347114838,646008.347114838,0,215,204.444444444444,0,0
646008.347114838,646068.347114838,0,215,200.462962962963,0,0
646068.347114838,646128.347114838,0,215,196.481481481481,0,0
646128.347114838,646188.347114838,0,215,192.5,0,0
646188.347114838,646248.347114838,0,215,188.518518518518,0,0
646248.347114838,646308.347114838,0,215,184.537037037037,0,0
646308.347114838,646368.347114838,0,215,180.555555555555,0,0
646368.347114838,646428.347114838,0,215,176.574074074074,0,0
646428.347114838,646488.347114838,0,215,172.592592592592,0,0
646488.347114838,646548.347114838,0,215,168.611111111111,0,0
646548.347114838,646608.347114838,0,215,164.629629629629,0,0
646608.347114838,646668.347114838,0,215,160.648148148148,0,0
646668.347114838,646705.036263492,0,215,158.213528715869,0,0
646705.036263492,646765.036263492,650,215,164.213528715869,0,0
646765.036263492,646825.036263492,650,215,170.213528715869,0,0
646825.036263492,646885.036263492,650,215,176.213528715869,0,0
646885.036263492,646945.036263492,650,215,182.213528715869,0,0
646945.036263492,647005.036263492,650,215,188.213528715869,0,0
647005.036263492,647065.036263492,650,215,194.213528715869,0,0
647065.036263492,647125.036263492,650,215,200.213528715869,0,0
647125.036263492,647185.036263492,650,215,206.213528715869,0,0
647185.036263492,647245.036263492,650,215,212.213528715869,0,0
647245.036263492,647305.036263492,650,215,218.213528715869,0,0
647305.036263492,647365.036263492,650,215,224.213528715869,0,0
647365.036263492,647425.036263492,650,215,230.213528715869,0,0
647425.036263492,647485.036263492,650,215,236.213528715869,0,0
647485.036263492,647545.036263492,650,215,242.213528715869,0,0
647545.036263492,647605.036263492,650,215,248.213528715869,0,0
647605.036263492,647665.036263492,650,215,254.213528715869,0,0
647665.036263492,647725.036263492,650,215,260.213528715869,0,0
647725.036263492,647785.036263492,650,215,266.213528715869,0,0
647785.036263492,647845.036263492,650,215,272.213528715869,0,0
647845.036263492,647905.036263492,650,215,278.213528715869,0,0
647905.036263492,647965.036263492,650,215,284.213528715869,0,0
647965.036263492,648025.036263492,650,215,290.213528715869,0,0
648025.036263492,648085.036263492,650,215,296.213528715869,0,0
648085.036263492,648145.036263492,650,215,300,0,0
648145.036263492,648205.036263492,650,215,300,0,0
648205.036263492,648265.036263492,650,215,300,0,0
648265.036263492,648325.036263492,650,215,300,0,0
648325.036263492,648385.036263492,650,215,300,0,0
648385.036263492,648445.036263492,650,215,300,0,0
648445.036263492,648505.036263492,650,215,300,0,0
648505.036263492,648506.188096672,650,215,300,0,0
648506.188096672,648566.188096672,650,215,300,0,0
648566.188096672,648626.188096672,650,215,300,0,0
648626.188096672,648686.188096672,650,215,300,0,0
648686.188096672,648746.188096672,650,215,300,0,0
648746.188096672,648806.188096672,650,215,300,0,0
648806.188096672,648866.188096672,650,215,300,0,0
648866.188096672,648926.188096672,650,215,300,0,0
648926.188096672,648986.188096672,650,215,300,0,0
648986.188096672,649046.188096672,650,215,300,0,0
649046.188096672,649106.188096672,650,215,300,0,0
649106.188096672,649166.188096672,650,215,300,0,0
649166.188096672,649226.188096672,650,215,300,0,0
649226.188096672,649286.188096672,650,215,300,0,0
649286.188096672,649346.188096672,650,215,300,0,0
649346.188096672,649406.188096672,650,215,300,0,0
649406.188096672,649466.188096672,650,215,300,0,0
649466.188096672,649526.188096672,650,215,300,0,0
649526.188096672,649586.188096672,650,215,300,0,0
649586.188096672,649646.188096672,650,215,300,0,0
649646.188096672,649706.188096672,650,215,300,0,0
649706.188096672,649766.188096672,650,215,300,0,0
649766.188096672,649826.188096672,650,215,300,0,0
649826.188096672,649886.188096672,650,215,300,0,0
649886.188096672,649946.188096672,650,215,300,0,0
649946.188096672,650006.188096672,650,215,300,0,0
650006.188096672,650066.188096672,650,215,300,0,0
650066.188096672,650126.188096672,650,215,300,0,0
650126.188096672,650186.188096672,650,215,300,0,0
650186.188096672,650246.188096672,650,215,300,0,0
650246.188096672,650306.188096672,650,215,300,0,0
650306.188096672,650307.339929853,650,215,300,0,0
650307.339929853,650367.339929853,0,215,296.018518518519,0,0
650367.339929853,650427.339929853,0,215,292.037037037037,0,0
650427.339929853,650487.339929853,0,215,288.055555555556,0,0
650487.339929853,650547.339929853,0,215,284.074074074074,0,0
650547.339929853,650607.339929853,0,215,280.092592592593,0,0
650607.339929853,650667.339929853,0,215,276.111111111111,0,0
650667.339929853,650727.339929853,0,215,272.12962962963,0,0
650727.339929853,650787.339929853,0,215,268.148148148148,0,0
650787.339929853,650847.339929853,0,215,264.166666666667,0,0
650847.339929853,650907.339929853,0,215,260.185185185185,0,0
650907.339929853,650967.339929853,0,215,256.203703703704,0,0
650967.339929853,651027.339929853,0,215,252.222222222222,0,0
651027.339929853,651087.339929853,0,215,248.240740740741,0,0
651087.339929853,651147.339929853,0,215,244.259259259259,0,0
651147.339929853,651207.339929853,0,215,240.277777777778,0,0
651207.339929853,651267.339929853,0,215,236.296296296296,0,0
651267.339929853,651327.339929853,0,215,232.314814814815,0,0
651327.339929853,651387.339929853,0,215,228.333333333333,0,0
651387.339929853,651447.339929853,0,215,224.351851851852,0,0
651447.339929853,651507.339929853,0,215,220.37037037037,0,0
651507.339929853,651567.339929853,0,215,216.388888888889,0,0
651567.339929853,651627.339929853,0,215,212.407407407407,0,0
651627.339929853,651687.339929853,0,215,208.425925925926,0,0
651687.339929853,651747.339929853,0,215,204.444444444444,0,0
651747.339929853,651807.339929853,0,215,200.462962962963,0,0
651807.339929853,651867.339929853,0,215,196.481481481481,0,0
651867.339929853,651927.339929853,0,215,192.5,0,0
651927.339929853,651987.339929853,0,215,188.518518518518,0,0
651987.339929853,652047.339929853,0,215,184.537037037037,0,0
652047.339929853,652107.339929853,0,215,180.555555555555,0,0
652107.339929853,652167.339929853,0,215,176.574074074074,0,0
652167.339929853,652227.339929853,0,215,172.592592592592,0,0
652227.339929853,652287.339929853,0,215,168.611111111111,0,0
652287.339929853,652347.339929853,0,215,164.629629629629,0,0
652347.339929853,652407.339929853,0,215,160.648148148148,0,0
652407.339929853,652444.029078507,0,215,158.213528715869,0,0
652444.029078507,652504.029078507,650,215,164.213528715869,0,0
652504.029078507,652564.029078507,650,215,170.213528715869,0,0
652564.029078507,652624.029078507,650,215,176.213528715869,0,0
652624.029078507,652684.029078507,650,215,182.213528715869,0,0
652684.029078507,652744.029078507,650,215,188.213528715869,0,0
652744.029078507,652804.029078507,650,215,194.213528715869,0,0
652804.029078507,652864.029078507,650,215,200.213528715869,0,0
652864.029078507,652924.029078507,650,215,206.213528715869,0,0
652924.029078507,652984.029078507,650,215,212.213528715869,0,0
652984.029078507,653044.029078507,650,215,218.213528715869,0,0
653044.029078507,653104.029078507,650,215,224.213528715869,0,0
653104.029078507,653164.029078507,650,215,230.213528715869,0,0
653164.029078507,653224.029078507,650,215,236.213528715869,0,0
653224.029078507,653284.029078507,650,215,242.213528715869,0,0
653284.029078507,653344.029078507,650,215,248.213528715869,0,0
653344.029078507,653404.029078507,650,215,254.213528715869,0,0
653404.029078507,653464.029078507,650,215,260.213528715869,0,0
653464.029078507,653524.029078507,650,215,266.213528715869,0,0
653524.029078507,653584.029078507,650,215,272.213528715869,0,0
653584.029078507,653644.029078507,650,215,278.213528715869,0,0
653644.029078507,653704.029078507,650,215,284.213528715869,0,0
653704.029078507,653764.029078507,650,215,290.213528715869,0,0
653764.029078507,653824.029078507,650,215,296.213528715869,0,0
653824.029078507,653884.029078507,650,215,300,0,0
653884.029078507,653944.029078507,650,215,300,0,0
653944.029078507,654004.029078507,650,215,300,0,0
654004.029078507,654064.029078507,650,215,300,0,0
654064.029078507,654124.029078507,650,215,300,0,0
654124.029078507,654184.029078507,650,215,300,0,0
654184.029078507,654244.029078507,650,215,300,0,0
654244.029078507,654245.180911687,650,215,300,0,0
654245.180911687,654305.180911687,650,215,300,0,0
654305.180911687,654365.180911687,650,215,300,0,0
654365.180911687,654425.180911687,650,215,300,0,0
654425.180911687,654485.180911687,650,215,300,0,0
654485.180911687,654545.180911687,650,215,300,0,0
654545.180911687,654605.180911687,650,215,300,0,0
654605.180911687,654665.180911687,650,215,300,0,0
654665.180911687,654725.180911687,650,215,300,0,0
654725.180911687,654785.180911687,650,215,300,0,0
654785.180911687,654845.180911687,650,215,300,0,0
654845.180911687,654905.180911687,650,215,300,0,0
654905.180911687,654965.180911687,650,215,300,0,0
654965.180911687,655025.180911687,650,215,300,0,0
655025.180911687,655085.180911687,650,215,300,0,0
655085.180911687,655145.180911687,650,215,300,0,0
655145.180911687,655205.180911687,650,215,300,0,0
655205.180911687,655265.180911687,650,215,300,0,0
655265.180911687,655325.180911687,650,215,300,0,0
655325.180911687,655385.180911687,650,215,300,0,0
655385.180911687,655445.180911687,650,215,300,0,0
655445.180911687,655505.180911687,650,215,300,0,0
655505.180911687,655565.180911687,650,215,300,0,0
655565.180911687,655625.180911687,650,215,300,0,0
655625.180911687,655685.180911687,650,215,300,0,0
655685.180911687,655745.180911687,650,215,300,0,0
655745.180911687,655805.180911687,650,215,300,0,0
655805.180911687,655865.180911687,650,215,300,0,0
655865.180911687,655925.180911687,650,215,300,0,0
655925.180911687,655985.180911687,650,215,300,0,0
655985.180911687,656045.180911687,650,215,300,0,0
656045.180911687,656046.332744867,650,215,300,0,0
656046.332744867,656106.332744867,0,215,296.018518518519,0,0
656106.332744867,656166.332744867,0,215,292.037037037037,0,0
656166.332744867,656226.332744867,0,215,288.055555555556,0,0
656226.332744867,656286.332744867,0,215,284.074074074074,0,0
656286.332744867,656346.332744867,0,215,280.092592592593,0,0
656346.332744867,656406.332744867,0,215,276.111111111111,0,0
656406.332744867,656466.332744867,0,215,272.12962962963,0,0
656466.332744867,656526.332744867,0,215,268.148148148148,0,0
656526.332744867,656586.332744867,0,215,264.166666666667,0,0
656586.332744867,656646.332744867,0,215,260.185185185185,0,0
656646.332744867,656706.332744867,0,215,256.203703703704,0,0
656706.332744867,656766.332744867,0,215,252.222222222222,0,0
656766.332744867,656826.332744867,0,215,248.240740740741,0,0
656826.332744867,656886.332744867,0,215,244.259259259259,0,0
656886.332744867,656946.332744867,0,215,240.277777777778,0,0
656946.332744867,657006.332744867,0,215,236.296296296296,0,0
657006.332744867,657066.332744867,0,215,232.314814814815,0,0
657066.332744867,657126.332744867,0,215,228.333333333333,0,0
657126.332744867,657186.332744867,0,215,224.351851851852,0,0
657186.332744867,657246.332744867,0,215,220.37037037037,0,0
657246.332744867,657306.332744867,0,215,216.388888888889,0,0
657306.332744867,657366.332744867,0,215,212.407407407407,0,0
657366.332744867,657426.332744867,0,215,208.425925925926,0,0
657426.332744867,657486.332744867,0,215,204.444444444444,0,0
657486.332744867,657546.332744867,0,215,200.462962962963,0,0
657546.332744867,657606.332744867,0,215,196.481481481481,0,0
657606.332744867,657666.332744867,0,215,192.5,0,0
657666.332744867,657726.332744867,0,215,188.518518518518,0,0
657726.332744867,657786.332744867,0,215,184.537037037037,0,0
657786.332744867,657846.332744867,0,215,180.555555555555,0,0
657846.332744867,657906.332744867,0,215,176.574074074074,0,0
657906.332744867,657966.332744867,0,215,172.592592592592,0,0
657966.332744867,658026.332744867,0,215,168.611111111111,0,0
658026.332744867,658086.332744867,0,215,164.629629629629,0,0
658086.332744867,658146.332744867,0,215,160.648148148148,0,0
658146.332744867,658183.021893521,0,215,158.213528715869,0,0
658183.021893521,658243.021893521,650,215,164.213528715869,0,0
658243.021893521,658303.021893521,650,215,170.213528715869,0,0
658303.021893521,658363.021893521,650,215,176.213528715869,0,0
658363.021893521,658423.021893521,650,215,182.213528715869,0,0
658423.021893521,658483.021893521,650,215,188.213528715869,0,0
658483.021893521,658543.021893521,650,215,194.213528715869,0,0
658543.021893521,658603.021893521,650,215,200.213528715869,0,0
658603.021893521,658663.021893521,650,215,206.213528715869,0,0
658663.021893521,658723.021893521,650,215,212.213528715869,0,0
658723.021893521,658783.021893521,650,215,218.213528715869,0,0
658783.021893521,658843.021893521,650,215,224.213528715869,0,0
658843.021893521,658903.021893521,650,215,230.213528715869,0,0
658903.021893521,658963.021893521,650,215,236.213528715869,0,0
658963.021893521,659023.021893521,650,215,242.213528715869,0,0
659023.021893521,659083.021893521,650,215,248.213528715869,0,0
659083.021893521,659143.021893521,650,215,254.213528715869,0,0
659143.021893521,659203.021893521,650,215,260.213528715869,0,0
659203.021893521,659263.021893521,650,215,266.213528715869,0,0
659263.021893521,659323.021893521,650,215,272.213528715869,0,0
659323.021893521,659383.021893521,650,215,278.213528715869,0,0
659383.021893521,659443.021893521,650,215,284.213528715869,0,0
659443.021893521,659503.021893521,650,215,290.213528715869,0,0
659503.021893521,659563.021893521,650,215,296.213528715869,0,0
659563.021893521,659623.021893521,650,215,300,0,0
659623.021893521,659683.021893521,650,215,300,0,0
659683.021893521,659743.021893521,650,215,300,0,0
659743.021893521,659803.021893521,650,215,300,0,0
659803.021893521,659863.021893521,650,215,300,0,0
659863.021893521,659923.021893521,650,215,300,0,0
659923.021893521,659983.021893521,650,215,300,0,0
659983.021893521,659984.173726702,650,215,300,0,0
659984.173726702,660044.173726702,650,215,300,0,0
660044.173726702,660104.173726702,650,215,300,0,0
660104.173726702,660164.173726702,650,215,300,0,0
660164.173726702,660224.173726702,650,215,300,0,0
660224.173726702,660284.173726702,650,215,300,0,0
660284.173726702,660344.173726702,650,215,300,0,0
660344.173726702,660404.173726702,650,215,300,0,0
660404.173726702,660464.173726702,650,215,300,0,0
660464.173726702,660524.173726702,650,215,300,0,0
660524.173726702,660584.173726702,650,215,300,0,0
660584.173726702,660644.173726702,650,215,300,0,0
660644.173726702,660704.173726702,650,215,300,0,0
660704.173726702,660764.173726702,650,215,300,0,0
660764.173726702,660824.173726702,650,215,300,0,0
660824.173726702,660884.173726702,650,215,300,0,0
660884.173726702,660944.173726702,650,215,300,0,0
660944.173726702,661004.173726702,650,215,300,0,0
661004.173726702,661064.173726702,650,215,300,0,0
661064.173726702,661124.173726702,650,215,300,0,0
661124.173726702,661184.173726702,650,215,300,0,0
661184.173726702,661244.173726702,650,215,300,0,0
661244.173726702,661304.173726702,650,215,300,0,0
661304.173726702,661364.173726702,650,215,300,0,0
661364.173726702,661424.173726702,650,215,300,0,0
661424.173726702,661484.173726702,650,215,300,0,0
661484.173726702,661544.173726702,650,215,300,0,0
661544.173726702,661604.173726702,650,215,300,0,0
661604.173726702,661664.173726702,650,215,300,0,0
661664.173726702,661724.173726702,650,215,300,0,0
661724.173726702,661784.173726702,650,215,300,0,0
661784.173726702,661785.325559882,650,215,300,0,0
661785.325559882,661845.325559882,0,215,296.018518518519,0,0
661845.325559882,661905.325559882,0,215,292.037037037037,0,0
661905.325559882,661965.325559882,0,215,288.055555555556,0,0
661965.325559882,662025.325559882,0,215,284.074074074074,0,0
662025.325559882,662085.325559882,0,215,280.092592592593,0,0
662085.325559882,662145.325559882,0,215,276.111111111111,0,0
662145.325559882,662205.325559882,0,215,272.12962962963,0,0
662205.325559882,662265.325559882,0,215,268.148148148148,0,0
662265.325559882,662325.325559882,0,215,264.166666666667,0,0
662325.325559882,662385.325559882,0,215,260.185185185185,0,0
662385.325559882,662445.325559882,0,215,256.203703703704,0,0
662445.325559882,662505.325559882,0,215,252.222222222222,0,0
662505.325559882,662565.325559882,0,215,248.240740740741,0,0
662565.325559882,662625.325559882,0,215,244.259259259259,0,0
662625.325559882,662685.325559882,0,215,240.277777777778,0,0
662685.325559882,662745.325559882,0,215,236.296296296296,0,0
662745.325559882,662805.325559882,0,215,232.314814814815,0,0
662805.325559882,662865.325559882,0,215,228.333333333333,0,0
662865.325559882,662925.325559882,0,215,224.351851851852,0,0
662925.325559882,662985.325559882,0,215,220.37037037037,0,0
662985.325559882,663045.325559882,0,215,216.388888888889,0,0
663045.325559882,663105.325559882,0,215,212.407407407407,0,0
663105.325559882,663165.325559882,0,215,208.425925925926,0,0
663165.325559882,663225.325559882,0,215,204.444444444444,0,0
663225.325559882,663285.325559882,0,215,200.462962962963,0,0
663285.325559882,663345.325559882,0,215,196.481481481481,0,0
663345.325559882,663405.325559882,0,215,192.5,0,0
663405.325559882,663465.325559882,0,215,188.518518518518,0,0
663465.325559882,663525.325559882,0,215,184.537037037037,0,0
663525.325559882,663585.325559882,0,215,180.555555555555,0,0
663585.325559882,663645.325559882,0,215,176.574074074074,0,0
663645.325559882,663705.325559882,0,215,172.592592592592,0,0
663705.325559882,663765.325559882,0,215,168.611111111111,0,0
663765.325559882,663825.325559882,0,215,164.629629629629,0,0
663825.325559882,663885.325559882,0,215,160.648148148148,0,0
663885.325559882,663922.014708536,0,215,158.213528715869,0,0
663922.014708536,663982.014708536,650,215,164.213528715869,0,0
663982.014708536,664042.014708536,650,215,170.213528715869,0,0
664042.014708536,664102.014708536,650,215,176.213528715869,0,0
664102.014708536,664162.014708536,650,215,182.213528715869,0,0
664162.014708536,664222.014708536,650,215,188.213528715869,0,0
664222.014708536,664282.014708536,650,215,194.213528715869,0,0
664282.014708536,664342.014708536,650,215,200.213528715869,0,0
664342.014708536,664402.014708536,650,215,206.213528715869,0,0
664402.014708536,664462.014708536,650,215,212.213528715869,0,0
664462.014708536,664522.014708536,650,215,218.213528715869,0,0
664522.014708536,664582.014708536,650,215,224.213528715869,0,0
664582.014708536,664642.014708536,650,215,230.213528715869,0,0
664642.014708536,664702.014708536,650,215,236.213528715869,0,0
664702.014708536,664762.014708536,650,215,242.213528715869,0,0
664762.014708536,664822.014708536,650,215,248.213528715869,0,0
664822.014708536,664882.014708536,650,215,254.213528715869,0,0
664882.014708536,664942.014708536,650,215,260.213528715869,0,0
664942.014708536,665002.014708536,650,215,266.213528715869,0,0
665002.014708536,665062.014708536,650,215,272.213528715869,0,0
665062.014708536,665122.014708536,650,215,278.213528715869,0,0
665122.014708536,665182.014708536,650,215,284.213528715869,0,0
665182.014708536,665242.014708536,650,215,290.213528715869,0,0
665242.014708536,665302.014708536,650,215,296.213528715869,0,0
665302.014708536,665362.014708536,650,215,300,0,0
665362.014708536,665422.014708536,650,215,300,0,0
665422.014708536,665482.014708536,650,215,300,0,0
665482.014708536,665542.014708536,650,215,300,0,0
665542.014708536,665602.014708536,650,215,300,0,0
665602.014708536,665662.014708536,650,215,300,0,0
665662.014708536,665722.014708536,650,215,300,0,0
665722.014708536,665723.166541717,650,215,300,0,0
665723.166541717,665783.166541717,650,215,300,0,0
665783.166541717,665843.166541717,650,215,300,0,0
665843.166541717,665903.166541717,650,215,300,0,0
665903.166541717,665963.166541717,650,215,300,0,0
665963.166541717,666023.166541717,650,215,300,0,0
666023.166541717,666083.166541717,650,215,300,0,0
666083.166541717,666143.166541717,650,215,300,0,0
666143.166541717,666203.166541717,650,215,300,0,0
666203.166541717,666263.166541717,650,215,300,0,0
666263.166541717,666323.166541717,650,215,300,0,0
666323.166541717,666383.166541717,650,215,300,0,0
666383.166541717,666443.166541717,650,215,300,0,0
666443.166541717,666503.166541717,650,215,300,0,0
666503.166541717,666563.166541717,650,215,300,0,0
666563.166541717,666623.166541717,650,215,300,0,0
666623.166541717,666683.166541717,650,215,300,0,0
666683.166541717,666743.166541717,650,215,300,0,0
666743.166541717,666803.166541717,650,215,300,0,0
666803.166541717,666863.166541717,650,215,300,0,0
666863.166541717,666923.166541717,650,215,300,0,0
666923.166541717,666983.166541717,650,215,300,0,0
666983.166541717,667043.166541717,650,215,300,0,0
667043.166541717,667103.166541717,650,215,300,0,0
667103.166541717,667163.166541717,650,215,300,0,0
667163.166541717,667223.166541717,650,215,300,0,0
667223.166541717,667283.166541717,650,215,300,0,0
667283.166541717,667343.166541717,650,215,300,0,0
667343.166541717,667403.166541717,650,215,300,0,0
667403.166541717,667463.166541717,650,215,300,0,0
667463.166541717,667523.166541717,650,215,300,0,0
667523.166541717,667524.318374897,650,215,300,0,0
667524.318374897,667584.318374897,0,215,296.018518518519,0,0
667584.318374897,667644.318374897,0,215,292.037037037037,0,0
667644.318374897,667704.318374897,0,215,288.055555555556,0,0
667704.318374897,667764.318374897,0,215,284.074074074074,0,0
667764.318374897,667824.318374897,0,215,280.092592592593,0,0
667824.318374897,667884.318374897,0,215,276.111111111111,0,0
667884.318374897,667944.318374897,0,215,272.12962962963,0,0
667944.318374897,668004.318374897,0,215,268.148148148148,0,0
668004.318374897,668064.318374897,0,215,264.166666666667,0,0
668064.318374897,668124.318374897,0,215,260.185185185185,0,0
668124.318374897,668184.318374897,0,215,256.203703703704,0,0
668184.318374897,668244.318374897,0,215,252.222222222222,0,0
668244.318374897,668304.318374897,0,215,248.240740740741,0,0
668304.318374897,668364.318374897,0,215,244.259259259259,0,0
668364.318374897,668424.318374897,0,215,240.277777777778,0,0
668424.318374897,668484.318374897,0,215,236.296296296296,0,0
668484.318374897,668544.318374897,0,215,232.314814814815,0,0
668544.318374897,668604.318374897,0,215,228.333333333333,0,0
668604.318374897,668664.318374897,0,215,224.351851851852,0,0
668664.318374897,668724.318374897,0,215,220.37037037037,0,0
668724.318374897,668784.318374897,0,215,216.388888888889,0,0
668784.318374897,668844.318374897,0,215,212.407407407407,0,0
668844.318374897,668904.318374897,0,215,208.425925925926,0,0
668904.318374897,668964.318374897,0,215,204.444444444444,0,0
668964.318374897,669024.318374897,0,215,200.462962962963,0,0
669024.318374897,669084.318374897,0,215,196.481481481481,0,0
669084.318374897,669144.318374897,0,215,192.5,0,0
669144.318374897,669204.318374897,0,215,188.518518518518,0,0
669204.318374897,669264.318374897,0,215,184.537037037037,0,0
669264.318374897,669324.318374897,0,215,180.555555555555,0,0
669324.318374897,669384.318374897,0,215,176.574074074074,0,0
669384.318374897,669444.318374897,0,215,172.592592592592,0,0
669444.318374897,669504.318374897,0,215,168.611111111111,0,0
669504.318374897,669564.318374897,0,215,164.629629629629,0,0
669564.318374897,669624.318374897,0,215,160.648148148148,0,0
669624.318374897,669661.007523551,0,215,158.213528715869,0,0
669661.007523551,669721.007523551,650,215,164.213528715869,0,0
669721.007523551,669781.007523551,650,215,170.213528715869,0,0
669781.007523551,669841.007523551,650,215,176.213528715869,0,0
669841.007523551,669901.007523551,650,215,182.213528715869,0,0
669901.007523551,669961.007523551,650,215,188.213528715869,0,0
669961.007523551,670021.007523551,650,215,194.213528715869,0,0
670021.007523551,670081.007523551,650,215,200.213528715869,0,0
670081.007523551,670141.007523551,650,215,206.213528715869,0,0
670141.007523551,670201.007523551,650,215,212.213528715869,0,0
670201.007523551,670261.007523551,650,215,218.213528715869,0,0
670261.007523551,670321.007523551,650,215,224.213528715869,0,0
670321.007523551,670381.007523551,650,215,230.213528715869,0,0
670381.007523551,670441.007523551,650,215,236.213528715869,0,0
670441.007523551,670501.007523551,650,215,242.213528715869,0,0
670501.007523551,670561.007523551,650,215,248.213528715869,0,0
670561.007523551,670621.007523551,650,215,254.213528715869,0,0
670621.007523551,670681.007523551,650,215,260.213528715869,0,0
670681.007523551,670741.007523551,650,215,266.213528715869,0,0
670741.007523551,670801.007523551,650,215,272.213528715869,0,0
670801.007523551,670861.007523551,650,215,278.213528715869,0,0
670861.007523551,670921.007523551,650,215,284.213528715869,0,0
670921.007523551,670981.007523551,650,215,290.213528715869,0,0
670981.007523551,671041.007523551,650,215,296.213528715869,0,0
671041.007523551,671101.007523551,650,215,300,0,0
671101.007523551,671161.007523551,650,215,300,0,0
671161.007523551,671221.007523551,650,215,300,0,0
671221.007523551,671281.007523551,650,215,300,0,0
671281.007523551,671341.007523551,650,215,300,0,0
671341.007523551,671401.007523551,650,215,300,0,0
671401.007523551,671461.007523551,650,215,300,0,0
671461.007523551,671462.159356731,650,215,300,0,0
671462.159356731,671522.159356731,650,215,300,0,0
671522.159356731,671582.159356731,650,215,300,0,0
671582.159356731,671642.159356731,650,215,300,0,0
671642.159356731,671702.159356731,650,215,300,0,0
671702.159356731,671762.159356731,650,215,300,0,0
671762.159356731,671822.159356731,650,215,300,0,0
671822.159356731,671882.159356731,650,215,300,0,0
671882.159356731,671942.159356731,650,215,300,0,0
671942.159356731,672002.159356731,650,215,300,0,0
672002.159356731,672062.159356731,650,215,300,0,0
672062.159356731,672122.159356731,650,215,300,0,0
672122.159356731,672182.159356731,650,215,300,0,0
672182.159356731,672242.159356731,650,215,300,0,0
672242.159356731,672302.159356731,650,215,300,0,0
672302.159356731,672362.159356731,650,215,300,0,0
672362.159356731,672422.159356731,650,215,300,0,0
672422.159356731,672482.159356731,650,215,300,0,0
672482.159356731,672542.159356731,650,215,300,0,0
672542.159356731,672602.159356731,650,215,300,0,0
672602.159356731,672662.159356731,650,215,300,0,0
672662.159356731,672722.159356731,650,215,300,0,0
672722.159356731,672782.159356731,650,215,300,0,0
672782.159356731,672842.159356731,650,215,300,0,0
672842.159356731,672902.159356731,650,215,300,0,0
672902.159356731,672962.159356731,650,215,300,0,0
672962.159356731,673022.159356731,650,215,300,0,0
673022.159356731,673082.159356731,650,215,300,0,0
673082.159356731,673142.159356731,650,215,300,0,0
673142.159356731,673202.159356731,650,215,300,0,0
673202.159356731,673262.159356731,650,215,300,0,0
673262.159356731,673263.311189912,650,215,300,0,0
673263.311189912,673323.311189912,0,215,296.018518518519,0,0
673323.311189912,673383.311189912,0,215,292.037037037037,0,0
673383.311189912,673443.311189912,0,215,288.055555555556,0,0
673443.311189912,673503.311189912,0,215,284.074074074074,0,0
673503.311189912,673563.311189912,0,215,280.092592592593,0,0
673563.311189912,673623.311189912,0,215,276.111111111111,0,0
673623.311189912,673683.311189912,0,215,272.12962962963,0,0
673683.311189912,673743.311189912,0,215,268.148148148148,0,0
673743.311189912,673803.311189912,0,215,264.166666666667,0,0
673803.311189912,673863.311189912,0,215,260.185185185185,0,0
673863.311189912,673923.311189912,0,215,256.203703703704,0,0
673923.311189912,673983.311189912,0,215,252.222222222222,0,0
673983.311189912,674043.311189912,0,215,248.240740740741,0,0
674043.311189912,674103.311189912,0,215,244.259259259259,0,0
674103.311189912,674163.311189912,0,215,240.277777777778,0,0
674163.311189912,674223.311189912,0,215,236.296296296296,0,0
674223.311189912,674283.311189912,0,215,232.314814814815,0,0
674283.311189912,674343.311189912,0,215,228.333333333333,0,0
674343.311189912,674403.311189912,0,215,224.351851851852,0,0
674403.311189912,674463.311189912,0,215,220.37037037037,0,0
674463.311189912,674523.311189912,0,215,216.388888888889,0,0
674523.311189912,674583.311189912,0,215,212.407407407407,0,0
674583.311189912,674643.311189912,0,215,208.425925925926,0,0
674643.311189912,674703.311189912,0,215,204.444444444444,0,0
674703.311189912,674763.311189912,0,215,200.462962962963,0,0
674763.311189912,674823.311189912,0,215,196.481481481481,0,0
674823.311189912,674883.311189912,0,215,192.5,0,0
674883.311189912,674943.311189912,0,215,188.518518518518,0,0
674943.311189912,675003.311189912,0,215,184.537037037037,0,0
675003.311189912,675063.311189912,0,215,180.555555555555,0,0
675063.311189912,675123.311189912,0,215,176.574074074074,0,0
675123.311189912,675183.311189912,0,215,172.592592592592,0,0
675183.311189912,675243.311189912,0,215,168.611111111111,0,0
675243.311189912,675303.311189912,0,215,164.629629629629,0,0
675303.311189912,675363.311189912,0,215,160.648148148148,0,0
675363.311189912,675400.000338566,0,215,158.213528715869,0,0
675400.000338566,675460.000338566,650,215,164.213528715869,0,0
675460.000338566,675520.000338566,650,215,170.213528715869,0,0
675520.000338566,675580.000338566,650,215,176.213528715869,0,0
675580.000338566,675640.000338566,650,215,182.213528715869,0,0
675640.000338566,675700.000338566,650,215,188.213528715869,0,0
675700.000338566,675760.000338566,650,215,194.213528715869,0,0
675760.000338566,675820.000338566,650,215,200.213528715869,0,0
675820.000338566,675880.000338566,650,215,206.213528715869,0,0
675880.000338566,675940.000338566,650,215,212.213528715869,0,0
675940.000338566,676000.000338566,650,215,218.213528715869,0,0
676000.000338566,676060.000338566,650,215,224.213528715869,0,0
676060.000338566,676120.000338566,650,215,230.213528715869,0,0
676120.000338566,676180.000338566,650,215,236.213528715869,0,0
676180.000338566,676240.000338566,650,215,242.213528715869,0,0
676240.000338566,676300.000338566,650,215,248.213528715869,0,0
676300.000338566,676360.000338566,650,215,254.213528715869,0,0
676360.000338566,676420.000338566,650,215,260.213528715869,0,0
676420.000338566,676480.000338566,650,215,266.213528715869,0,0
676480.000338566,676540.000338566,650,215,272.213528715869,0,0
676540.000338566,676600.000338566,650,215,278.213528715869,0,0
676600.000338566,676660.000338566,650,215,284.213528715869,0,0
676660.000338566,676720.000338566,650,215,290.213528715869,0,0
676720.000338566,676780.000338566,650,215,296.213528715869,0,0
676780.000338566,676840.000338566,650,215,300,0,0
676840.000338566,676900.000338566,650,215,300,0,0
676900.000338566,676960.000338566,650,215,300,0,0
676960.000338566,677020.000338566,650,215,300,0,0
677020.000338566,677080.000338566,650,215,300,0,0
677080.000338566,677140.000338566,650,215,300,0,0
677140.000338566,677200.000338566,650,215,300,0,0
677200.000338566,677201.152171746,650,215,300,0,0
677201.152171746,677261.152171746,650,215,300,0,0
677261.152171746,677321.152171746,650,215,300,0,0
677321.152171746,677381.152171746,650,215,300,0,0
677381.152171746,677441.152171746,650,215,300,0,0
677441.152171746,677501.152171746,650,215,300,0,0
677501.152171746,677561.152171746,650,215,300,0,0
677561.152171746,677621.152171746,650,215,300,0,0
677621.152171746,677681.152171746,650,215,300,0,0
677681.152171746,677741.152171746,650,215,300,0,0
677741.152171746,677801.152171746,650,215,300,0,0
677801.152171746,677861.152171746,650,215,300,0,0
677861.152171746,677921.152171746,650,215,300,0,0
677921.152171746,677981.152171746,650,215,300,0,0
677981.152171746,678041.152171746,650,215,300,0,0
678041.152171746,678101.152171746,650,215,300,0,0
678101.152171746,678161.152171746,650,215,300,0,0
678161.152171746,678221.152171746,650,215,300,0,0
678221.152171746,678281.152171746,650,215,300,0,0
678281.152171746,678341.152171746,650,215,300,0,0
678341.152171746,678401.152171746,650,215,300,0,0
678401.152171746,678461.152171746,650,215,300,0,0
678461.152171746,678521.152171746,650,215,300,0,0
678521.152171746,678581.152171746,650,215,300,0,0
678581.152171746,678641.152171746,650,215,300,0,0
678641.152171746,678701.152171746,650,215,300,0,0
678701.152171746,678761.152171746,650,215,300,0,0
678761.152171746,678821.152171746,650,215,300,0,0
678821.152171746,678881.152171746,650,215,300,0,0
678881.152171746,678941.152171746,650,215,300,0,0
678941.152171746,679001.152171746,650,215,300,0,0
679001.152171746,679002.304004927,650,215,300,0,0
679002.304004927,679062.304004927,0,215,296.018518518519,0,0
679062.304004927,679122.304004927,0,215,292.037037037037,0,0
679122.304004927,679182.304004927,0,215,288.055555555556,0,0
679182.304004927,679242.304004927,0,215,284.074074074074,0,0
679242.304004927,679302.304004927,0,215,280.092592592593,0,0
679302.304004927,679362.304004927,0,215,276.111111111111,0,0
679362.304004927,679422.304004927,0,215,272.12962962963,0,0
679422.304004927,679482.304004927,0,215,268.148148148148,0,0
679482.304004927,679542.304004927,0,215,264.166666666667,0,0
679542.304004927,679602.304004927,0,215,260.185185185185,0,0
679602.304004927,679662.304004927,0,215,256.203703703704,0,0
679662.304004927,679722.304004927,0,215,252.222222222222,0,0
679722.304004927,679782.304004927,0,215,248.240740740741,0,0
679782.304004927,679842.304004927,0,215,244.259259259259,0,0
679842.304004927,679902.304004927,0,215,240.277777777778,0,0
679902.304004927,679962.304004927,0,215,236.296296296296,0,0
679962.304004927,680022.304004927,0,215,232.314814814815,0,0
680022.304004927,680082.304004927,0,215,228.333333333333,0,0
680082.304004927,680142.304004927,0,215,224.351851851852,0,0
680142.304004927,680202.304004927,0,215,220.37037037037,0,0
680202.304004927,680262.304004927,0,215,216.388888888889,0,0
680262.304004927,680322.304004927,0,215,212.407407407407,0,0
680322.304004927,680382.304004927,0,215,208.425925925926,0,0
680382.304004927,680442.304004927,0,215,204.444444444444,0,0
680442.304004927,680502.304004927,0,215,200.462962962963,0,0
680502.304004927,680562.304004927,0,215,196.481481481481,0,0
680562.304004927,680622.304004927,0,215,192.5,0,0
680622.304004927,680682.304004927,0,215,188.518518518518,0,0
680682.304004927,680742.304004927,0,215,184.537037037037,0,0
680742.304004927,680802.304004927,0,215,180.555555555555,0,0
680802.304004927,680862.304004927,0,215,176.574074074074,0,0
680862.304004927,680922.304004927,0,215,172.592592592592,0,0
680922.304004927,680982.304004927,0,215,168.611111111111,0,0
680982.304004927,681042.304004927,0,215,164.629629629629,0,0
681042.304004927,681102.304004927,0,215,160.648148148148,0,0
681102.304004927,681138.99315358,0,215,158.213528715869,0,0
681138.99315358,681198.99315358,650,215,164.213528715869,0,0
681198.99315358,681258.99315358,650,215,170.213528715869,0,0
681258.99315358,681318.99315358,650,215,176.213528715869,0,0
681318.99315358,681378.99315358,650,215,182.213528715869,0,0
681378.99315358,681438.99315358,650,215,188.213528715869,0,0
681438.99315358,681498.99315358,650,215,194.213528715869,0,0
681498.99315358,681558.99315358,650,215,200.213528715869,0,0
681558.99315358,681618.99315358,650,215,206.213528715869,0,0
681618.99315358,681678.99315358,650,215,212.213528715869,0,0
681678.99315358,681738.99315358,650,215,218.213528715869,0,0
681738.99315358,681798.99315358,650,215,224.213528715869,0,0
681798.99315358,681858.99315358,650,215,230.213528715869,0,0
681858.99315358,681918.99315358,650,215,236.213528715869,0,0
681918.99315358,681978.99315358,650,215,242.213528715869,0,0
681978.99315358,682038.99315358,650,215,248.213528715869,0,0
682038.99315358,682098.99315358,650,215,254.213528715869,0,0
682098.99315358,682158.99315358,650,215,260.213528715869,0,0
682158.99315358,682218.99315358,650,215,266.213528715869,0,0
682218.99315358,682278.99315358,650,215,272.213528715869,0,0
682278.99315358,682338.99315358,650,215,278.213528715869,0,0
682338.99315358,682398.99315358,650,215,284.213528715869,0,0
682398.99315358,682458.99315358,650,215,290.213528715869,0,0
682458.99315358,682518.99315358,650,215,296.213528715869,0,0
682518.99315358,682578.99315358,650,215,300,0,0
682578.99315358,682638.99315358,650,215,300,0,0
682638.99315358,682698.99315358,650,215,300,0,0
682698.99315358,682758.99315358,650,215,300,0,0
682758.99315358,682818.99315358,650,215,300,0,0
682818.99315358,682878.99315358,650,215,300,0,0
682878.99315358,682938.99315358,650,215,300,0,0
682938.99315358,682940.144986761,650,215,300,0,0
682940.144986761,683000.144986761,650,215,300,0,0
683000.144986761,683060.144986761,650,215,300,0,0
683060.144986761,683120.144986761,650,215,300,0,0
683120.144986761,683180.144986761,650,215,300,0,0
683180.144986761,683240.144986761,650,215,300,0,0
683240.144986761,683300.144986761,650,215,300,0,0
683300.144986761,683360.144986761,650,215,300,0,0
683360.144986761,683420.144986761,650,215,300,0,0
683420.144986761,683480.144986761,650,215,300,0,0
683480.144986761,683540.144986761,650,215,300,0,0
683540.144986761,683600.144986761,650,215,300,0,0
683600.144986761,683660.144986761,650,215,300,0,0
683660.144986761,683720.144986761,650,215,300,0,0
683720.144986761,683780.144986761,650,215,300,0,0
683780.144986761,683840.144986761,650,215,300,0,0
683840.144986761,683900.144986761,650,215,300,0,0
683900.144986761,683960.144986761,650,215,300,0,0
683960.144986761,684020.144986761,650,215,300,0,0
684020.144986761,684080.144986761,650,215,300,0,0
684080.144986761,684140.144986761,650,215,300,0,0
684140.144986761,684200.144986761,650,215,300,0,0
684200.144986761,684260.144986761,650,215,300,0,0
684260.144986761,684320.144986761,650,215,300,0,0
684320.144986761,684380.144986761,650,215,300,0,0
684380.144986761,684440.144986761,650,215,300,0,0
684440.144986761,684500.144986761,650,215,300,0,0
684500.144986761,684560.144986761,650,215,300,0,0
684560.144986761,684620.144986761,650,215,300,0,0
684620.144986761,684680.144986761,650,215,300,0,0
684680.144986761,684740.144986761,650,215,300,0,0
684740.144986761,684741.296819941,650,215,300,0,0
684741.296819941,684801.296819941,0,215,296.018518518519,0,0
684801.296819941,684861.296819941,0,215,292.037037037037,0,0
684861.296819941,684921.296819941,0,215,288.055555555556,0,0
684921.296819941,684981.296819941,0,215,284.074074074074,0,0
684981.296819941,685041.296819941,0,215,280.092592592593,0,0
685041.296819941,685101.296819941,0,215,276.111111111111,0,0
685101.296819941,685161.296819941,0,215,272.12962962963,0,0
685161.296819941,685221.296819941,0,215,268.148148148148,0,0
685221.296819941,685281.296819941,0,215,264.166666666667,0,0
685281.296819941,685341.296819941,0,215,260.185185185185,0,0
685341.296819941,685401.296819941,0,215,256.203703703704,0,0
685401.296819941,685461.296819941,0,215,252.222222222222,0,0
685461.296819941,685521.296819941,0,215,248.240740740741,0,0
685521.296819941,685581.296819941,0,215,244.259259259259,0,0
685581.296819941,685641.296819941,0,215,240.277777777778,0,0
685641.296819941,685701.296819941,0,215,236.296296296296,0,0
685701.296819941,685761.296819941,0,215,232.314814814815,0,0
685761.296819941,685821.296819941,0,215,228.333333333333,0,0
685821.296819941,685881.296819941,0,215,224.351851851852,0,0
685881.296819941,685941.296819941,0,215,220.37037037037,0,0
685941.296819941,686001.296819941,0,215,216.388888888889,0,0
686001.296819941,686061.296819941,0,215,212.407407407407,0,0
686061.296819941,686121.296819941,0,215,208.425925925926,0,0
686121.296819941,686181.296819941,0,215,204.444444444444,0,0
686181.296819941,686241.296819941,0,215,200.462962962963,0,0
686241.296819941,686301.296819941,0,215,196.481481481481,0,0
686301.296819941,686361.296819941,0,215,192.5,0,0
686361.296819941,686421.296819941,0,215,188.518518518518,0,0
686421.296819941,686481.296819941,0,215,184.537037037037,0,0
686481.296819941,686541.296819941,0,215,180.555555555555,0,0
686541.296819941,686601.296819941,0,215,176.574074074074,0,0
686601.296819941,686661.296819941,0,215,172.592592592592,0,0
686661.296819941,686721.296819941,0,215,168.611111111111,0,0
686721.296819941,686781.296819941,0,215,164.629629629629,0,0
686781.296819941,686841.296819941,0,215,160.648148148148,0,0
686841.296819941,686877.985968595,0,215,158.213528715869,0,0
686877.985968595,686937.985968595,650,215,164.213528715869,0,0
686937.985968595,686997.985968595,650,215,170.213528715869,0,0
686997.985968595,687057.985968595,650,215,176.213528715869,0,0
687057.985968595,687117.985968595,650,215,182.213528715869,0,0
687117.985968595,687177.985968595,650,215,188.213528715869,0,0
687177.985968595,687237.985968595,650,215,194.213528715869,0,0
687237.985968595,687297.985968595,650,215,200.213528715869,0,0
687297.985968595,687357.985968595,650,215,206.213528715869,0,0
687357.985968595,687417.985968595,650,215,212.213528715869,0,0
687417.985968595,687477.985968595,650,215,218.213528715869,0,0
687477.985968595,687537.985968595,650,215,224.213528715869,0,0
687537.985968595,687597.985968595,650,215,230.213528715869,0,0
687597.985968595,687657.985968595,650,215,236.213528715869,0,0
687657.985968595,687717.985968595,650,215,242.213528715869,0,0
687717.985968595,687777.985968595,650,215,248.213528715869,0,0
687777.985968595,687837.985968595,650,215,254.213528715869,0,0
687837.985968595,687897.985968595,650,215,260.213528715869,0,0
687897.985968595,687957.985968595,650,215,266.213528715869,0,0
687957.985968595,688017.985968595,650,215,272.213528715869,0,0
688017.985968595,688077.985968595,650,215,278.213528715869,0,0
688077.985968595,688137.985968595,650,215,284.213528715869,0,0
688137.985968595,688197.985968595,650,215,290.213528715869,0,0
688197.985968595,688257.985968595,650,215,296.213528715869,0,0
688257.985968595,688317.985968595,650,215,300,0,0
688317.985968595,688377.985968595,650,215,300,0,0
688377.985968595,688437.985968595,650,215,300,0,0
688437.985968595,688497.985968595,650,215,300,0,0
688497.985968595,688557.985968595,650,215,300,0,0
688557.985968595,688617.985968595,650,215,300,0,0
688617.985968595,688677.985968595,650,215,300,0,0
688677.985968595,688679.137801776,650,215,300,0,0
688679.137801776,688739.137801776,650,215,300,0,0
688739.137801776,688799.137801776,650,215,300,0,0
688799.137801776,688859.137801776,650,215,300,0,0
688859.137801776,688919.137801776,650,215,300,0,0
688919.137801776,688979.137801776,650,215,300,0,0
688979.137801776,689039.137801776,650,215,300,0,0
689039.137801776,689099.137801776,650,215,300,0,0
689099.137801776,689159.137801776,650,215,300,0,0
689159.137801776,689219.137801776,650,215,300,0,0
689219.137801776,689279.137801776,650,215,300,0,0
689279.137801776,689339.137801776,650,215,300,0,0
689339.137801776,689399.137801776,650,215,300,0,0
689399.137801776,689459.137801776,650,215,300,0,0
689459.137801776,689519.137801776,650,215,300,0,0
689519.137801776,689579.137801776,650,215,300,0,0
689579.137801776,689639.137801776,650,215,300,0,0
689639.137801776,689699.137801776,650,215,300,0,0
689699.137801776,689759.137801776,650,215,300,0,0
689759.137801776,689819.137801776,650,215,300,0,0
689819.137801776,689879.137801776,650,215,300,0,0
689879.137801776,689939.137801776,650,215,300,0,0
689939.137801776,689999.137801776,650,215,300,0,0
689999.137801776,690059.137801776,650,215,300,0,0
690059.137801776,690119.137801776,650,215,300,0,0
690119.137801776,690179.137801776,650,215,300,0,0
690179.137801776,690239.137801776,650,215,300,0,0
690239.137801776,690299.137801776,650,215,300,0,0
690299.137801776,690359.137801776,650,215,300,0,0
690359.137801776,690419.137801776,650,215,300,0,0
690419.137801776,690479.137801776,650,215,300,0,0
690479.137801776,690480.289634956,650,215,300,0,0
690480.289634956,690540.289634956,0,215,296.018518518519,0,0
690540.289634956,690600.289634956,0,215,292.037037037037,0,0
690600.289634956,690660.289634956,0,215,288.055555555556,0,0
690660.289634956,690720.289634956,0,215,284.074074074074,0,0
690720.289634956,690780.289634956,0,215,280.092592592593,0,0
690780.289634956,690840.289634956,0,215,276.111111111111,0,0
690840.289634956,690900.289634956,0,215,272.12962962963,0,0
690900.289634956,690960.289634956,0,215,268.148148148148,0,0
690960.289634956,691020.289634956,0,215,264.166666666667,0,0
691020.289634956,691080.289634956,0,215,260.185185185185,0,0
691080.289634956,691140.289634956,0,215,256.203703703704,0,0
691140.289634956,691200.289634956,0,215,252.222222222222,0,0
691200.289634956,691260.289634956,0,215,248.240740740741,0,0
691260.289634956,691320.289634956,0,215,244.259259259259,0,0
691320.289634956,691380.289634956,0,215,240.277777777778,0,0
691380.289634956,691440.289634956,0,215,236.296296296296,0,0
691440.289634956,691500.289634956,0,215,232.314814814815,0,0
691500.289634956,691560.289634956,0,215,228.333333333333,0,0
691560.289634956,691620.289634956,0,215,224.351851851852,0,0
691620.289634956,691680.289634956,0,215,220.37037037037,0,0
691680.289634956,691740.289634956,0,215,216.388888888889,0,0
691740.289634956,691800.289634956,0,215,212.407407407407,0,0
691800.289634956,691860.289634956,0,215,208.425925925926,0,0
691860.289634956,691920.289634956,0,215,204.444444444444,0,0
691920.289634956,691980.289634956,0,215,200.462962962963,0,0
691980.289634956,692040.289634956,0,215,196.481481481481,0,0
692040.289634956,692100.289634956,0,215,192.5,0,0
692100.289634956,692160.289634956,0,215,188.518518518518,0,0
692160.289634956,692220.289634956,0,215,184.537037037037,0,0
692220.289634956,692280.289634956,0,215,180.555555555555,0,0
692280.289634956,692340.289634956,0,215,176.574074074074,0,0
692340.289634956,692400.289634956,0,215,172.592592592592,0,0
692400.289634956,692460.289634956,0,215,168.611111111111,0,0
692460.289634956,692520.289634956,0,215,164.629629629629,0,0
692520.289634956,692580.289634956,0,215,160.648148148148,0,0
692580.289634956,692616.97878361,0,215,158.213528715869,0,0
692616.97878361,692676.97878361,650,215,164.213528715869,0,0
692676.97878361,692736.97878361,650,215,170.213528715869,0,0
692736.97878361,692796.97878361,650,215,176.213528715869,0,0
692796.97878361,692856.97878361,650,215,182.213528715869,0,0
692856.97878361,692916.97878361,650,215,188.213528715869,0,0
692916.97878361,692976.97878361,650,215,194.213528715869,0,0
692976.97878361,693036.97878361,650,215,200.213528715869,0,0
693036.97878361,693096.97878361,650,215,206.213528715869,0,0
693096.97878361,693156.97878361,650,215,212.213528715869,0,0
693156.97878361,693216.97878361,650,215,218.213528715869,0,0
693216.97878361,693276.97878361,650,215,224.213528715869,0,0
693276.97878361,693336.97878361,650,215,230.213528715869,0,0
693336.97878361,693396.97878361,650,215,236.213528715869,0,0
693396.97878361,693456.97878361,650,215,242.213528715869,0,0
693456.97878361,693516.97878361,650,215,248.213528715869,0,0
693516.97878361,693576.97878361,650,215,254.213528715869,0,0
693576.97878361,693636.97878361,650,215,260.213528715869,0,0
693636.97878361,693696.97878361,650,215,266.213528715869,0,0
693696.97878361,693756.97878361,650,215,272.213528715869,0,0
693756.97878361,693816.97878361,650,215,278.213528715869,0,0
693816.97878361,693876.97878361,650,215,284.213528715869,0,0
693876.97878361,693936.97878361,650,215,290.213528715869,0,0
693936.97878361,693996.97878361,650,215,296.213528715869,0,0
693996.97878361,694056.97878361,650,215,300,0,0
694056.97878361,694116.97878361,650,215,300,0,0
694116.97878361,694176.97878361,650,215,300,0,0
694176.97878361,694236.97878361,650,215,300,0,0
694236.97878361,694296.97878361,650,215,300,0,0
694296.97878361,694356.97878361,650,215,300,0,0
694356.97878361,694416.97878361,650,215,300,0,0
694416.97878361,694418.13061679,650,215,300,0,0
694418.13061679,694478.13061679,650,215,300,0,0
694478.13061679,694538.13061679,650,215,300,0,0
694538.13061679,694598.13061679,650,215,300,0,0
694598.13061679,694658.13061679,650,215,300,0,0
694658.13061679,694718.13061679,650,215,300,0,0
694718.13061679,694778.13061679,650,215,300,0,0
694778.13061679,694838.13061679,650,215,300,0,0
694838.13061679,694898.13061679,650,215,300,0,0
694898.13061679,694958.13061679,650,215,300,0,0
694958.13061679,695018.13061679,650,215,300,0,0
695018.13061679,695078.13061679,650,215,300,0,0
695078.13061679,695138.13061679,650,215,300,0,0
695138.13061679,695198.13061679,650,215,300,0,0
695198.13061679,695258.13061679,650,215,300,0,0
695258.13061679,695318.13061679,650,215,300,0,0
695318.13061679,695378.13061679,650,215,300,0,0
695378.13061679,695438.13061679,650,215,300,0,0
695438.13061679,695498.13061679,650,215,300,0,0
695498.13061679,695558.13061679,650,215,300,0,0
695558.13061679,695618.13061679,650,215,300,0,0
695618.13061679,695678.13061679,650,215,300,0,0
695678.13061679,695738.13061679,650,215,300,0,0
695738.13061679,695798.13061679,650,215,300,0,0
695798.13061679,695858.13061679,650,215,300,0,0
695858.13061679,695918.13061679,650,215,300,0,0
695918.13061679,695978.13061679,650,215,300,0,0
695978.13061679,696038.13061679,650,215,300,0,0
696038.13061679,696098.13061679,650,215,300,0,0
696098.13061679,696158.13061679,650,215,300,0,0
696158.13061679,696218.13061679,650,215,300,0,0
696218.13061679,696219.282449971,650,215,300,0,0
696219.282449971,696279.282449971,0,215,296.018518518519,0,0
696279.282449971,696339.282449971,0,215,292.037037037037,0,0
696339.282449971,696399.282449971,0,215,288.055555555556,0,0
696399.282449971,696459.282449971,0,215,284.074074074074,0,0
696459.282449971,696519.282449971,0,215,280.092592592593,0,0
696519.282449971,696579.282449971,0,215,276.111111111111,0,0
696579.282449971,696639.282449971,0,215,272.12962962963,0,0
696639.282449971,696699.282449971,0,215,268.148148148148,0,0
696699.282449971,696759.282449971,0,215,264.166666666667,0,0
696759.282449971,696819.282449971,0,215,260.185185185185,0,0
696819.282449971,696879.282449971,0,215,256.203703703704,0,0
696879.282449971,696939.282449971,0,215,252.222222222222,0,0
696939.282449971,696999.282449971,0,215,248.240740740741,0,0
696999.282449971,697059.282449971,0,215,244.259259259259,0,0
697059.282449971,697119.282449971,0,215,240.277777777778,0,0
697119.282449971,697179.282449971,0,215,236.296296296296,0,0
697179.282449971,697239.282449971,0,215,232.314814814815,0,0
697239.282449971,697299.282449971,0,215,228.333333333333,0,0
697299.282449971,697359.282449971,0,215,224.351851851852,0,0
697359.282449971,697419.282449971,0,215,220.37037037037,0,0
697419.282449971,697479.282449971,0,215,216.388888888889,0,0
697479.282449971,697539.282449971,0,215,212.407407407407,0,0
697539.282449971,697599.282449971,0,215,208.425925925926,0,0
697599.282449971,697659.282449971,0,215,204.444444444444,0,0
697659.282449971,697719.282449971,0,215,200.462962962963,0,0
697719.282449971,697779.282449971,0,215,196.481481481481,0,0
697779.282449971,697839.282449971,0,215,192.5,0,0
697839.282449971,697899.282449971,0,215,188.518518518518,0,0
697899.282449971,697959.282449971,0,215,184.537037037037,0,0
697959.282449971,698019.282449971,0,215,180.555555555555,0,0
698019.282449971,698079.282449971,0,215,176.574074074074,0,0
698079.282449971,698139.282449971,0,215,172.592592592592,0,0
698139.282449971,698199.282449971,0,215,168.611111111111,0,0
698199.282449971,698259.282449971,0,215,164.629629629629,0,0
698259.282449971,698319.282449971,0,215,160.648148148148,0,0
698319.282449971,698355.971598625,0,215,158.213528715869,0,0
698355.971598625,698415.971598625,650,215,164.213528715869,0,0
698415.971598625,698475.971598625,650,215,170.213528715869,0,0
698475.971598625,698535.971598625,650,215,176.213528715869,0,0
698535.971598625,698595.971598625,650,215,182.213528715869,0,0
698595.971598625,698655.971598625,650,215,188.213528715869,0,0
698655.971598625,698715.971598625,650,215,194.213528715869,0,0
698715.971598625,698775.971598625,650,215,200.213528715869,0,0
698775.971598625,698835.971598625,650,215,206.213528715869,0,0
698835.971598625,698895.971598625,650,215,212.213528715869,0,0
698895.971598625,698955.971598625,650,215,218.213528715869,0,0
698955.971598625,699015.971598625,650,215,224.213528715869,0,0
699015.971598625,699075.971598625,650,215,230.213528715869,0,0
699075.971598625,699135.971598625,650,215,236.213528715869,0,0
699135.971598625,699195.971598625,650,215,242.213528715869,0,0
699195.971598625,699255.971598625,650,215,248.213528715869,0,0
699255.971598625,699315.971598625,650,215,254.213528715869,0,0
699315.971598625,699375.971598625,650,215,260.213528715869,0,0
699375.971598625,699435.971598625,650,215,266.213528715869,0,0
699435.971598625,699495.971598625,650,215,272.213528715869,0,0
699495.971598625,699555.971598625,650,215,278.213528715869,0,0
699555.971598625,699615.971598625,650,215,284.213528715869,0,0
699615.971598625,699675.971598625,650,215,290.213528715869,0,0
699675.971598625,699735.971598625,650,215,296.213528715869,0,0
699735.971598625,699795.971598625,650,215,300,0,0
699795.971598625,699855.971598625,650,215,300,0,0
699855.971598625,699915.971598625,650,215,300,0,0
699915.971598625,699975.971598625,650,215,300,0,0
699975.971598625,700035.971598625,650,215,300,0,0
700035.971598625,700095.971598625,650,215,300,0,0
700095.971598625,700155.971598625,650,215,300,0,0
700155.971598625,700157.123431805,650,215,300,0,0
700157.123431805,700217.123431805,650,215,300,0,0
700217.123431805,700277.123431805,650,215,300,0,0
700277.123431805,700337.123431805,650,215,300,0,0
700337.123431805,700397.123431805,650,215,300,0,0
700397.123431805,700457.123431805,650,215,300,0,0
700457.123431805,700517.123431805,650,215,300,0,0
700517.123431805,700577.123431805,650,215,300,0,0
700577.123431805,700637.123431805,650,215,300,0,0
700637.123431805,700697.123431805,650,215,300,0,0
700697.123431805,700757.123431805,650,215,300,0,0
700757.123431805,700817.123431805,650,215,300,0,0
700817.123431805,700877.123431805,650,215,300,0,0
700877.123431805,700937.123431805,650,215,300,0,0
700937.123431805,700997.123431805,650,215,300,0,0
700997.123431805,701057.123431805,650,215,300,0,0
701057.123431805,701117.123431805,650,215,300,0,0
701117.123431805,701177.123431805,650,215,300,0,0
701177.123431805,701237.123431805,650,215,300,0,0
701237.123431805,701297.123431805,650,215,300,0,0
701297.123431805,701357.123431805,650,215,300,0,0
701357.123431805,701417.123431805,650,215,300,0,0
701417.123431805,701477.123431805,650,215,300,0,0
701477.123431805,701537.123431805,650,215,300,0,0
701537.123431805,701597.123431805,650,215,300,0,0
701597.123431805,701657.123431805,650,215,300,0,0
701657.123431805,701717.123431805,650,215,300,0,0
701717.123431805,701777.123431805,650,215,300,0,0
701777.123431805,701837.123431805,650,215,300,0,0
701837.123431805,701897.123431805,650,215,300,0,0
701897.123431805,701957.123431805,650,215,300,0,0
701957.123431805,701958.275264986,650,215,300,0,0
701958.275264986,702018.275264986,0,215,296.018518518519,0,0
702018.275264986,702078.275264986,0,215,292.037037037037,0,0
702078.275264986,702138.275264986,0,215,288.055555555556,0,0
702138.275264986,702198.275264986,0,215,284.074074074074,0,0
702198.275264986,702258.275264986,0,215,280.092592592593,0,0
702258.275264986,702318.275264986,0,215,276.111111111111,0,0
702318.275264986,702378.275264986,0,215,272.12962962963,0,0
702378.275264986,702438.275264986,0,215,268.148148148148,0,0
702438.275264986,702498.275264986,0,215,264.166666666667,0,0
702498.275264986,702558.275264986,0,215,260.185185185185,0,0
702558.275264986,702618.275264986,0,215,256.203703703704,0,0
702618.275264986,702678.275264986,0,215,252.222222222222,0,0
702678.275264986,702738.275264986,0,215,248.240740740741,0,0
702738.275264986,702798.275264986,0,215,244.259259259259,0,0
702798.275264986,702858.275264986,0,215,240.277777777778,0,0
702858.275264986,702918.275264986,0,215,236.296296296296,0,0
702918.275264986,702978.275264986,0,215,232.314814814815,0,0
702978.275264986,703038.275264986,0,215,228.333333333333,0,0
703038.275264986,703098.275264986,0,215,224.351851851852,0,0
703098.275264986,703158.275264986,0,215,220.37037037037,0,0
703158.275264986,703218.275264986,0,215,216.388888888889,0,0
703218.275264986,703278.275264986,0,215,212.407407407407,0,0
703278.275264986,703338.275264986,0,215,208.425925925926,0,0
703338.275264986,703398.275264986,0,215,204.444444444444,0,0
703398.275264986,703458.275264986,0,215,200.462962962963,0,0
703458.275264986,703518.275264986,0,215,196.481481481481,0,0
703518.275264986,703578.275264986,0,215,192.5,0,0
703578.275264986,703638.275264986,0,215,188.518518518518,0,0
703638.275264986,703698.275264986,0,215,184.537037037037,0,0
703698.275264986,703758.275264986,0,215,180.555555555555,0,0
703758.275264986,703818.275264986,0,215,176.574074074074,0,0
703818.275264986,703878.275264986,0,215,172.592592592592,0,0
703878.275264986,703938.275264986,0,215,168.611111111111,0,0
703938.275264986,703998.275264986,0,215,164.629629629629,0,0
703998.275264986,704058.275264986,0,215,160.648148148148,0,0
704058.275264986,704094.96441364,0,215,158.213528715869,0,0
704094.96441364,704154.96441364,650,215,164.213528715869,0,0
704154.96441364,704214.96441364,650,215,170.213528715869,0,0
704214.96441364,704274.96441364,650,215,176.213528715869,0,0
704274.96441364,704334.96441364,650,215,182.213528715869,0,0
704334.96441364,704394.96441364,650,215,188.213528715869,0,0
704394.96441364,704454.96441364,650,215,194.213528715869,0,0
704454.96441364,704514.96441364,650,215,200.213528715869,0,0
704514.96441364,704574.96441364,650,215,206.213528715869,0,0
704574.96441364,704634.96441364,650,215,212.213528715869,0,0
704634.96441364,704694.96441364,650,215,218.213528715869,0,0
704694.96441364,704754.96441364,650,215,224.213528715869,0,0
704754.96441364,704814.96441364,650,215,230.213528715869,0,0
704814.96441364,704874.96441364,650,215,236.213528715869,0,0
704874.96441364,704934.96441364,650,215,242.213528715869,0,0
704934.96441364,704994.96441364,650,215,248.213528715869,0,0
704994.96441364,705054.96441364,650,215,254.213528715869,0,0
705054.96441364,705114.96441364,650,215,260.213528715869,0,0
705114.96441364,705174.96441364,650,215,266.213528715869,0,0
705174.96441364,705234.96441364,650,215,272.213528715869,0,0
705234.96441364,705294.96441364,650,215,278.213528715869,0,0
705294.96441364,705354.96441364,650,215,284.213528715869,0,0
705354.96441364,705414.96441364,650,215,290.213528715869,0,0
705414.96441364,705474.96441364,650,215,296.213528715869,0,0
705474.96441364,705534.96441364,650,215,300,0,0
705534.96441364,705594.96441364,650,215,300,0,0
705594.96441364,705654.96441364,650,215,300,0,0
705654.96441364,705714.96441364,650,215,300,0,0
705714.96441364,705774.96441364,650,215,300,0,0
705774.96441364,705834.96441364,650,215,300,0,0
705834.96441364,705894.96441364,650,215,300,0,0
705894.96441364,705896.11624682,650,215,300,0,0
705896.11624682,705956.11624682,650,215,300,0,0
705956.11624682,706016.11624682,650,215,300,0,0
706016.11624682,706076.11624682,650,215,300,0,0
706076.11624682,706136.11624682,650,215,300,0,0
706136.11624682,706196.11624682,650,215,300,0,0
706196.11624682,706256.11624682,650,215,300,0,0
706256.11624682,706316.11624682,650,215,300,0,0
706316.11624682,706376.11624682,650,215,300,0,0
706376.11624682,706436.11624682,650,215,300,0,0
706436.11624682,706496.11624682,650,215,300,0,0
706496.11624682,706556.11624682,650,215,300,0,0
706556.11624682,706616.11624682,650,215,300,0,0
706616.11624682,706676.11624682,650,215,300,0,0
706676.11624682,706736.11624682,650,215,300,0,0
706736.11624682,706796.11624682,650,215,300,0,0
706796.11624682,706856.11624682,650,215,300,0,0
706856.11624682,706916.11624682,650,215,300,0,0
706916.11624682,706976.11624682,650,215,300,0,0
706976.11624682,707036.11624682,650,215,300,0,0
707036.11624682,707096.11624682,650,215,300,0,0
707096.11624682,707156.11624682,650,215,300,0,0
707156.11624682,707216.11624682,650,215,300,0,0
707216.11624682,707276.11624682,650,215,300,0,0
707276.11624682,707336.11624682,650,215,300,0,0
707336.11624682,707396.11624682,650,215,300,0,0
707396.11624682,707456.11624682,650,215,300,0,0
707456.11624682,707516.11624682,650,215,300,0,0
707516.11624682,707576.11624682,650,215,300,0,0
707576.11624682,707636.11624682,650,215,300,0,0
707636.11624682,707696.11624682,650,215,300,0,0
707696.11624682,707697.268080001,650,215,300,0,0
707697.268080001,707757.268080001,0,215,296.018518518519,0,0
707757.268080001,707817.268080001,0,215,292.037037037037,0,0
707817.268080001,707877.268080001,0,215,288.055555555556,0,0
707877.268080001,707937.268080001,0,215,284.074074074074,0,0
707937.268080001,707997.268080001,0,215,280.092592592593,0,0
707997.268080001,708057.268080001,0,215,276.111111111111,0,0
708057.268080001,708117.268080001,0,215,272.12962962963,0,0
708117.268080001,708177.268080001,0,215,268.148148148148,0,0
708177.268080001,708237.268080001,0,215,264.166666666667,0,0
708237.268080001,708297.268080001,0,215,260.185185185185,0,0
708297.268080001,708357.268080001,0,215,256.203703703704,0,0
708357.268080001,708417.268080001,0,215,252.222222222222,0,0
708417.268080001,708477.268080001,0,215,248.240740740741,0,0
708477.268080001,708537.268080001,0,215,244.259259259259,0,0
708537.268080001,708597.268080001,0,215,240.277777777778,0,0
708597.268080001,708657.268080001,0,215,236.296296296296,0,0
708657.268080001,708717.268080001,0,215,232.314814814815,0,0
708717.268080001,708777.268080001,0,215,228.333333333333,0,0
708777.268080001,708837.268080001,0,215,224.351851851852,0,0
708837.268080001,708897.268080001,0,215,220.37037037037,0,0
708897.268080001,708957.268080001,0,215,216.388888888889,0,0
708957.268080001,709017.268080001,0,215,212.407407407407,0,0
709017.268080001,709077.268080001,0,215,208.425925925926,0,0
709077.268080001,709137.268080001,0,215,204.444444444444,0,0
709137.268080001,709197.268080001,0,215,200.462962962963,0,0
709197.268080001,709257.268080001,0,215,196.481481481481,0,0
709257.268080001,709317.268080001,0,215,192.5,0,0
709317.268080001,709377.268080001,0,215,188.518518518518,0,0
709377.268080001,709437.268080001,0,215,184.537037037037,0,0
709437.268080001,709497.268080001,0,215,180.555555555555,0,0
709497.268080001,709557.268080001,0,215,176.574074074074,0,0
709557.268080001,709617.268080001,0,215,172.592592592592,0,0
709617.268080001,709677.268080001,0,215,168.611111111111,0,0
709677.268080001,709737.268080001,0,215,164.629629629629,0,0
709737.268080001,709797.268080001,0,215,160.648148148148,0,0
709797.268080001,709833.957228655,0,215,158.213528715869,0,0
709833.957228655,709893.957228655,650,215,164.213528715869,0,0
709893.957228655,709953.957228655,650,215,170.213528715869,0,0
709953.957228655,710013.957228655,650,215,176.213528715869,0,0
710013.957228655,710073.957228655,650,215,182.213528715869,0,0
710073.957228655,710133.957228655,650,215,188.213528715869,0,0
710133.957228655,710193.957228655,650,215,194.213528715869,0,0
710193.957228655,710253.957228655,650,215,200.213528715869,0,0
710253.957228655,710313.957228655,650,215,206.213528715869,0,0
710313.957228655,710373.957228655,650,215,212.213528715869,0,0
710373.957228655,710433.957228655,650,215,218.213528715869,0,0
710433.957228655,710493.957228655,650,215,224.213528715869,0,0
710493.957228655,710553.957228655,650,215,230.213528715869,0,0
710553.957228655,710613.957228655,650,215,236.213528715869,0,0
710613.957228655,710673.957228655,650,215,242.213528715869,0,0
710673.957228655,710733.957228655,650,215,248.213528715869,0,0
710733.957228655,710793.957228655,650,215,254.213528715869,0,0
710793.957228655,710853.957228655,650,215,260.213528715869,0,0
710853.957228655,710913.957228655,650,215,266.213528715869,0,0
710913.957228655,710973.957228655,650,215,272.213528715869,0,0
710973.957228655,711033.957228655,650,215,278.213528715869,0,0
711033.957228655,711093.957228655,650,215,284.213528715869,0,0
711093.957228655,711153.957228655,650,215,290.213528715869,0,0
711153.957228655,711213.957228655,650,215,296.213528715869,0,0
711213.957228655,711273.957228655,650,215,300,0,0
711273.957228655,711333.957228655,650,215,300,0,0
711333.957228655,711393.957228655,650,215,300,0,0
711393.957228655,711453.957228655,650,215,300,0,0
711453.957228655,711513.957228655,650,215,300,0,0
711513.957228655,711573.957228655,650,215,300,0,0
711573.957228655,711633.957228655,650,215,300,0,0
711633.957228655,711635.109061835,650,215,300,0,0
711635.109061835,711695.109061835,650,215,300,0,0
711695.109061835,711755.109061835,650,215,300,0,0
711755.109061835,711815.109061835,650,215,300,0,0
711815.109061835,711875.109061835,650,215,300,0,0
711875.109061835,711935.109061835,650,215,300,0,0
711935.109061835,711995.109061835,650,215,300,0,0
711995.109061835,712055.109061835,650,215,300,0,0
712055.109061835,712115.109061835,650,215,300,0,0
712115.109061835,712175.109061835,650,215,300,0,0
712175.109061835,712235.109061835,650,215,300,0,0
712235.109061835,712295.109061835,650,215,300,0,0
712295.109061835,712355.109061835,650,215,300,0,0
712355.109061835,712415.109061835,650,215,300,0,0
712415.109061835,712475.109061835,650,215,300,0,0
712475.109061835,712535.109061835,650,215,300,0,0
712535.109061835,712595.109061835,650,215,300,0,0
712595.109061835,712655.109061835,650,215,300,0,0
712655.109061835,712715.109061835,650,215,300,0,0
712715.109061835,712775.109061835,650,215,300,0,0
712775.109061835,712835.109061835,650,215,300,0,0
712835.109061835,712895.109061835,650,215,300,0,0
712895.109061835,712955.109061835,650,215,300,0,0
712955.109061835,713015.109061835,650,215,300,0,0
713015.109061835,713075.109061835,650,215,300,0,0
713075.109061835,713135.109061835,650,215,300,0,0
713135.109061835,713195.109061835,650,215,300,0,0
713195.109061835,713255.109061835,650,215,300,0,0
713255.109061835,713315.109061835,650,215,300,0,0
713315.109061835,713375.109061835,650,215,300,0,0
713375.109061835,713435.109061835,650,215,300,0,0
713435.109061835,713436.260895015,650,215,300,0,0
713436.260895015,713496.260895015,0,215,296.018518518519,0,0
713496.260895015,713556.260895015,0,215,292.037037037037,0,0
713556.260895015,713616.260895015,0,215,288.055555555556,0,0
713616.260895015,713676.260895015,0,215,284.074074074074,0,0
713676.260895015,713736.260895015,0,215,280.092592592593,0,0
713736.260895015,713796.260895015,0,215,276.111111111111,0,0
713796.260895015,713856.260895015,0,215,272.12962962963,0,0
713856.260895015,713916.260895015,0,215,268.148148148148,0,0
713916.260895015,713976.260895015,0,215,264.166666666667,0,0
713976.260895015,714036.260895015,0,215,260.185185185185,0,0
714036.260895015,714096.260895015,0,215,256.203703703704,0,0
714096.260895015,714156.260895015,0,215,252.222222222222,0,0
714156.260895015,714216.260895015,0,215,248.240740740741,0,0
714216.260895015,714276.260895015,0,215,244.259259259259,0,0
714276.260895015,714336.260895015,0,215,240.277777777778,0,0
714336.260895015,714396.260895015,0,215,236.296296296296,0,0
714396.260895015,714456.260895015,0,215,232.314814814815,0,0
714456.260895015,714516.260895015,0,215,228.333333333333,0,0
714516.260895015,714576.260895015,0,215,224.351851851852,0,0
714576.260895015,714636.260895015,0,215,220.37037037037,0,0
714636.260895015,714696.260895015,0,215,216.388888888889,0,0
714696.260895015,714756.260895015,0,215,212.407407407407,0,0
714756.260895015,714816.260895015,0,215,208.425925925926,0,0
714816.260895015,714876.260895015,0,215,204.444444444444,0,0
714876.260895015,714936.260895015,0,215,200.462962962963,0,0
714936.260895015,714996.260895015,0,215,196.481481481481,0,0
714996.260895015,715056.260895015,0,215,192.5,0,0
715056.260895015,715116.260895015,0,215,188.518518518518,0,0
715116.260895015,715176.260895015,0,215,184.537037037037,0,0
715176.260895015,715236.260895015,0,215,180.555555555555,0,0
715236.260895015,715296.260895015,0,215,176.574074074074,0,0
715296.260895015,715356.260895015,0,215,172.592592592592,0,0
715356.260895015,715416.260895015,0,215,168.611111111111,0,0
715416.260895015,715476.260895015,0,215,164.629629629629,0,0
715476.260895015,715536.260895015,0,215,160.648148148148,0,0
715536.260895015,715572.950043669,0,215,158.213528715869,0,0
715572.950043669,715632.950043669,650,215,164.213528715869,0,0
715632.950043669,715692.950043669,650,215,170.213528715869,0,0
715692.950043669,715752.950043669,650,215,176.213528715869,0,0
715752.950043669,715812.950043669,650,215,182.213528715869,0,0
715812.950043669,715872.950043669,650,215,188.213528715869,0,0
715872.950043669,715932.950043669,650,215,194.213528715869,0,0
715932.950043669,715992.950043669,650,215,200.213528715869,0,0
715992.950043669,716052.950043669,650,215,206.213528715869,0,0
716052.950043669,716112.950043669,650,215,212.213528715869,0,0
716112.950043669,716172.950043669,650,215,218.213528715869,0,0
716172.950043669,716232.950043669,650,215,224.213528715869,0,0
716232.950043669,716292.950043669,650,215,230.213528715869,0,0
716292.950043669,716352.950043669,650,215,236.213528715869,0,0
716352.950043669,716412.950043669,650,215,242.213528715869,0,0
716412.950043669,716472.950043669,650,215,248.213528715869,0,0
716472.950043669,716532.950043669,650,215,254.213528715869,0,0
716532.950043669,716592.950043669,650,215,260.213528715869,0,0
716592.950043669,716652.950043669,650,215,266.213528715869,0,0
716652.950043669,716712.950043669,650,215,272.213528715869,0,0
716712.950043669,716772.950043669,650,215,278.213528715869,0,0
716772.950043669,716832.950043669,650,215,284.213528715869,0,0
716832.950043669,716892.950043669,650,215,290.213528715869,0,0
716892.950043669,716952.950043669,650,215,296.213528715869,0,0
716952.950043669,717012.950043669,650,215,300,0,0
717012.950043669,717072.950043669,650,215,300,0,0
717072.950043669,717132.950043669,650,215,300,0,0
717132.950043669,717192.950043669,650,215,300,0,0
717192.950043669,717252.950043669,650,215,300,0,0
717252.950043669,717312.950043669,650,215,300,0,0
717312.950043669,717372.950043669,650,215,300,0,0
717372.950043669,717374.10187685,650,215,300,0,0
717374.10187685,717434.10187685,650,215,300,0,0
717434.10187685,717494.10187685,650,215,300,0,0
717494.10187685,717554.10187685,650,215,300,0,0
717554.10187685,717614.10187685,650,215,300,0,0
717614.10187685,717674.10187685,650,215,300,0,0
717674.10187685,717734.10187685,650,215,300,0,0
717734.10187685,717794.10187685,650,215,300,0,0
717794.10187685,717854.10187685,650,215,300,0,0
717854.10187685,717914.10187685,650,215,300,0,0
717914.10187685,717974.10187685,650,215,300,0,0
717974.10187685,718034.10187685,650,215,300,0,0
718034.10187685,718094.10187685,650,215,300,0,0
718094.10187685,718154.10187685,650,215,300,0,0
718154.10187685,718214.10187685,650,215,300,0,0
718214.10187685,718274.10187685,650,215,300,0,0
718274.10187685,718334.10187685,650,215,300,0,0
718334.10187685,718394.10187685,650,215,300,0,0
718394.10187685,718454.10187685,650,215,300,0,0
718454.10187685,718514.10187685,650,215,300,0,0
718514.10187685,718574.10187685,650,215,300,0,0
718574.10187685,718634.10187685,650,215,300,0,0
718634.10187685,718694.10187685,650,215,300,0,0
718694.10187685,718754.10187685,650,215,300,0,0
718754.10187685,718814.10187685,650,215,300,0,0
718814.10187685,718874.10187685,650,215,300,0,0
718874.10187685,718934.10187685,650,215,300,0,0
718934.10187685,718994.10187685,650,215,300,0,0
718994.10187685,719054.10187685,650,215,300,0,0
719054.10187685,719114.10187685,650,215,300,0,0
719114.10187685,719174.10187685,650,215,300,0,0
719174.10187685,719175.25371003,650,215,300,0,0
719175.25371003,719235.25371003,0,215,296.018518518519,0,0
719235.25371003,719295.25371003,0,215,292.037037037037,0,0
719295.25371003,719355.25371003,0,215,288.055555555556,0,0
719355.25371003,719415.25371003,0,215,284.074074074074,0,0
719415.25371003,719475.25371003,0,215,280.092592592593,0,0
719475.25371003,719535.25371003,0,215,276.111111111111,0,0
719535.25371003,719595.25371003,0,215,272.12962962963,0,0
719595.25371003,719655.25371003,0,215,268.148148148148,0,0
719655.25371003,719715.25371003,0,215,264.166666666667,0,0
719715.25371003,719775.25371003,0,215,260.185185185185,0,0
719775.25371003,719835.25371003,0,215,256.203703703704,0,0
719835.25371003,719895.25371003,0,215,252.222222222222,0,0
719895.25371003,719955.25371003,0,215,248.240740740741,0,0
719955.25371003,720015.25371003,0,215,244.259259259259,0,0
720015.25371003,720075.25371003,0,215,240.277777777778,0,0
720075.25371003,720135.25371003,0,215,236.296296296296,0,0
720135.25371003,720195.25371003,0,215,232.314814814815,0,0
720195.25371003,720255.25371003,0,215,228.333333333333,0,0
720255.25371003,720315.25371003,0,215,224.351851851852,0,0
720315.25371003,720375.25371003,0,215,220.37037037037,0,0
720375.25371003,720435.25371003,0,215,216.388888888889,0,0
720435.25371003,720495.25371003,0,215,212.407407407407,0,0
720495.25371003,720555.25371003,0,215,208.425925925926,0,0
720555.25371003,720615.25371003,0,215,204.444444444444,0,0
720615.25371003,720675.25371003,0,215,200.462962962963,0,0
720675.25371003,720735.25371003,0,215,196.481481481481,0,0
720735.25371003,720795.25371003,0,215,192.5,0,0
720795.25371003,720855.25371003,0,215,188.518518518518,0,0
720855.25371003,720915.25371003,0,215,184.537037037037,0,0
720915.25371003,720975.25371003,0,215,180.555555555555,0,0
720975.25371003,721035.25371003,0,215,176.574074074074,0,0
721035.25371003,721095.25371003,0,215,172.592592592592,0,0
721095.25371003,721155.25371003,0,215,168.611111111111,0,0
721155.25371003,721215.25371003,0,215,164.629629629629,0,0
721215.25371003,721275.25371003,0,215,160.648148148148,0,0
721275.25371003,721311.942858684,0,215,158.213528715869,0,0
721311.942858684,721371.942858684,650,215,164.213528715869,0,0
721371.942858684,721431.942858684,650,215,170.213528715869,0,0
721431.942858684,721491.942858684,650,215,176.213528715869,0,0
721491.942858684,721551.942858684,650,215,182.213528715869,0,0
721551.942858684,721611.942858684,650,215,188.213528715869,0,0
721611.942858684,721671.942858684,650,215,194.213528715869,0,0
721671.942858684,721731.942858684,650,215,200.213528715869,0,0
721731.942858684,721791.942858684,650,215,206.213528715869,0,0
721791.942858684,721851.942858684,650,215,212.213528715869,0,0
721851.942858684,721911.942858684,650,215,218.213528715869,0,0
721911.942858684,721971.942858684,650,215,224.213528715869,0,0
721971.942858684,722031.942858684,650,215,230.213528715869,0,0
722031.942858684,722091.942858684,650,215,236.213528715869,0,0
722091.942858684,722151.942858684,650,215,242.213528715869,0,0
722151.942858684,722211.942858684,650,215,248.213528715869,0,0
722211.942858684,722271.942858684,650,215,254.213528715869,0,0
722271.942858684,722331.942858684,650,215,260.213528715869,0,0
722331.942858684,722391.942858684,650,215,266.213528715869,0,0
722391.942858684,722451.942858684,650,215,272.213528715869,0,0
722451.942858684,722511.942858684,650,215,278.213528715869,0,0
722511.942858684,722571.942858684,650,215,284.213528715869,0,0
722571.942858684,722631.942858684,650,215,290.213528715869,0,0
722631.942858684,722691.942858684,650,215,296.213528715869,0,0
722691.942858684,722751.942858684,650,215,300,0,0
722751.942858684,722811.942858684,650,215,300,0,0
722811.942858684,722871.942858684,650,215,300,0,0
722871.942858684,722931.942858684,650,215,300,0,0
722931.942858684,722991.942858684,650,215,300,0,0
722991.942858684,723051.942858684,650,215,300,0,0
723051.942858684,723111.942858684,650,215,300,0,0
723111.942858684,723113.094691865,650,215,300,0,0
723113.094691865,723173.094691865,650,215,300,0,0
723173.094691865,723233.094691865,650,215,300,0,0
723233.094691865,723293.094691865,650,215,300,0,0
723293.094691865,723353.094691865,650,215,300,0,0
723353.094691865,723413.094691865,650,215,300,0,0
723413.094691865,723473.094691865,650,215,300,0,0
723473.094691865,723533.094691865,650,215,300,0,0
723533.094691865,723593.094691865,650,215,300,0,0
723593.094691865,723653.094691865,650,215,300,0,0
723653.094691865,723713.094691865,650,215,300,0,0
723713.094691865,723773.094691865,650,215,300,0,0
723773.094691865,723833.094691865,650,215,300,0,0
723833.094691865,723893.094691865,650,215,300,0,0
723893.094691865,723953.094691865,650,215,300,0,0
723953.094691865,724013.094691865,650,215,300,0,0
724013.094691865,724073.094691865,650,215,300,0,0
724073.094691865,724133.094691865,650,215,300,0,0
724133.094691865,724193.094691865,650,215,300,0,0
724193.094691865,724253.094691865,650,215,300,0,0
724253.094691865,724313.094691865,650,215,300,0,0
724313.094691865,724373.094691865,650,215,300,0,0
724373.094691865,724433.094691865,650,215,300,0,0
724433.094691865,724493.094691865,650,215,300,0,0
724493.094691865,724553.094691865,650,215,300,0,0
724553.094691865,724613.094691865,650,215,300,0,0
724613.094691865,724673.094691865,650,215,300,0,0
724673.094691865,724733.094691865,650,215,300,0,0
724733.094691865,724793.094691865,650,215,300,0,0
724793.094691865,724853.094691865,650,215,300,0,0
724853.094691865,724913.094691865,650,215,300,0,0
724913.094691865,724914.246525045,650,215,300,0,0
724914.246525045,724974.246525045,0,215,296.018518518519,0,0
724974.246525045,725034.246525045,0,215,292.037037037037,0,0
725034.246525045,725094.246525045,0,215,288.055555555556,0,0
725094.246525045,725154.246525045,0,215,284.074074074074,0,0
725154.246525045,725214.246525045,0,215,280.092592592593,0,0
725214.246525045,725274.246525045,0,215,276.111111111111,0,0
725274.246525045,725334.246525045,0,215,272.12962962963,0,0
725334.246525045,725394.246525045,0,215,268.148148148148,0,0
725394.246525045,725454.246525045,0,215,264.166666666667,0,0
725454.246525045,725514.246525045,0,215,260.185185185185,0,0
725514.246525045,725574.246525045,0,215,256.203703703704,0,0
725574.246525045,725634.246525045,0,215,252.222222222222,0,0
725634.246525045,725694.246525045,0,215,248.240740740741,0,0
725694.246525045,725754.246525045,0,215,244.259259259259,0,0
725754.246525045,725814.246525045,0,215,240.277777777778,0,0
725814.246525045,725874.246525045,0,215,236.296296296296,0,0
725874.246525045,725934.246525045,0,215,232.314814814815,0,0
725934.246525045,725994.246525045,0,215,228.333333333333,0,0
725994.246525045,726054.246525045,0,215,224.351851851852,0,0
726054.246525045,726114.246525045,0,215,220.37037037037,0,0
726114.246525045,726174.246525045,0,215,216.388888888889,0,0
726174.246525045,726234.246525045,0,215,212.407407407407,0,0
726234.246525045,726294.246525045,0,215,208.425925925926,0,0
726294.246525045,726354.246525045,0,215,204.444444444444,0,0
726354.246525045,726414.246525045,0,215,200.462962962963,0,0
726414.246525045,726474.246525045,0,215,196.481481481481,0,0
726474.246525045,726534.246525045,0,215,192.5,0,0
726534.246525045,726594.246525045,0,215,188.518518518518,0,0
726594.246525045,726654.246525045,0,215,184.537037037037,0,0
726654.246525045,726714.246525045,0,215,180.555555555555,0,0
726714.246525045,726774.246525045,0,215,176.574074074074,0,0
726774.246525045,726834.246525045,0,215,172.592592592592,0,0
726834.246525045,726894.246525045,0,215,168.611111111111,0,0
726894.246525045,726954.246525045,0,215,164.629629629629,0,0
726954.246525045,727014.246525045,0,215,160.648148148148,0,0
727014.246525045,727050.935673699,0,215,158.213528715869,0,0
727050.935673699,727110.935673699,650,215,164.213528715869,0,0
727110.935673699,727170.935673699,650,215,170.213528715869,0,0
727170.935673699,727230.935673699,650,215,176.213528715869,0,0
727230.935673699,727290.935673699,650,215,182.213528715869,0,0
727290.935673699,727350.935673699,650,215,188.213528715869,0,0
727350.935673699,727410.935673699,650,215,194.213528715869,0,0
727410.935673699,727470.935673699,650,215,200.213528715869,0,0
727470.935673699,727530.935673699,650,215,206.213528715869,0,0
727530.935673699,727590.935673699,650,215,212.213528715869,0,0
727590.935673699,727650.935673699,650,215,218.213528715869,0,0
727650.935673699,727710.935673699,650,215,224.213528715869,0,0
727710.935673699,727770.935673699,650,215,230.213528715869,0,0
727770.935673699,727830.935673699,650,215,236.213528715869,0,0
727830.935673699,727890.935673699,650,215,242.213528715869,0,0
727890.935673699,727950.935673699,650,215,248.213528715869,0,0
727950.935673699,728010.935673699,650,215,254.213528715869,0,0
728010.935673699,728070.935673699,650,215,260.213528715869,0,0
728070.935673699,728130.935673699,650,215,266.213528715869,0,0
728130.935673699,728190.935673699,650,215,272.213528715869,0,0
728190.935673699,728250.935673699,650,215,278.213528715869,0,0
728250.935673699,728310.935673699,650,215,284.213528715869,0,0
728310.935673699,728370.935673699,650,215,290.213528715869,0,0
728370.935673699,728430.935673699,650,215,296.213528715869,0,0
728430.935673699,728490.935673699,650,215,300,0,0
728490.935673699,728550.935673699,650,215,300,0,0
728550.935673699,728610.935673699,650,215,300,0,0
728610.935673699,728670.935673699,650,215,300,0,0
728670.935673699,728730.935673699,650,215,300,0,0
728730.935673699,728790.935673699,650,215,300,0,0
728790.935673699,728850.935673699,650,215,300,0,0
728850.935673699,728852.087506879,650,215,300,0,0
728852.087506879,728912.087506879,650,215,300,0,0
728912.087506879,728972.087506879,650,215,300,0,0
728972.087506879,729032.087506879,650,215,300,0,0
729032.087506879,729092.087506879,650,215,300,0,0
729092.087506879,729152.087506879,650,215,300,0,0
729152.087506879,729212.087506879,650,215,300,0,0
729212.087506879,729272.087506879,650,215,300,0,0
729272.087506879,729332.087506879,650,215,300,0,0
729332.087506879,729392.087506879,650,215,300,0,0
729392.087506879,729452.087506879,650,215,300,0,0
729452.087506879,729512.087506879,650,215,300,0,0
729512.087506879,729572.087506879,650,215,300,0,0
729572.087506879,729632.087506879,650,215,300,0,0
729632.087506879,729692.087506879,650,215,300,0,0
729692.087506879,729752.087506879,650,215,300,0,0
729752.087506879,729812.087506879,650,215,300,0,0
729812.087506879,729872.087506879,650,215,300,0,0
729872.087506879,729932.087506879,650,215,300,0,0
729932.087506879,729992.087506879,650,215,300,0,0
729992.087506879,730052.087506879,650,215,300,0,0
730052.087506879,730112.087506879,650,215,300,0,0
730112.087506879,730172.087506879,650,215,300,0,0
730172.087506879,730232.087506879,650,215,300,0,0
730232.087506879,730292.087506879,650,215,300,0,0
730292.087506879,730352.087506879,650,215,300,0,0
730352.087506879,730412.087506879,650,215,300,0,0
730412.087506879,730472.087506879,650,215,300,0,0
730472.087506879,730532.087506879,650,215,300,0,0
730532.087506879,730592.087506879,650,215,300,0,0
730592.087506879,730652.087506879,650,215,300,0,0
730652.087506879,730653.23934006,650,215,300,0,0
730653.23934006,730713.23934006,0,215,296.018518518519,0,0
730713.23934006,730773.23934006,0,215,292.037037037037,0,0
730773.23934006,730833.23934006,0,215,288.055555555556,0,0
730833.23934006,730893.23934006,0,215,284.074074074074,0,0
730893.23934006,730953.23934006,0,215,280.092592592593,0,0
730953.23934006,731013.23934006,0,215,276.111111111111,0,0
731013.23934006,731073.23934006,0,215,272.12962962963,0,0
731073.23934006,731133.23934006,0,215,268.148148148148,0,0
731133.23934006,731193.23934006,0,215,264.166666666667,0,0
731193.23934006,731253.23934006,0,215,260.185185185185,0,0
731253.23934006,731313.23934006,0,215,256.203703703704,0,0
731313.23934006,731373.23934006,0,215,252.222222222222,0,0
731373.23934006,731433.23934006,0,215,248.240740740741,0,0
731433.23934006,731493.23934006,0,215,244.259259259259,0,0
731493.23934006,731553.23934006,0,215,240.277777777778,0,0
731553.23934006,731613.23934006,0,215,236.296296296296,0,0
731613.23934006,731673.23934006,0,215,232.314814814815,0,0
731673.23934006,731733.23934006,0,215,228.333333333333,0,0
731733.23934006,731793.23934006,0,215,224.351851851852,0,0
731793.23934006,731853.23934006,0,215,220.37037037037,0,0
731853.23934006,731913.23934006,0,215,216.388888888889,0,0
731913.23934006,731973.23934006,0,215,212.407407407407,0,0
731973.23934006,732033.23934006,0,215,208.425925925926,0,0
732033.23934006,732093.23934006,0,215,204.444444444444,0,0
732093.23934006,732153.23934006,0,215,200.462962962963,0,0
732153.23934006,732213.23934006,0,215,196.481481481481,0,0
732213.23934006,732273.23934006,0,215,192.5,0,0
732273.23934006,732333.23934006,0,215,188.518518518518,0,0
732333.23934006,732393.23934006,0,215,184.537037037037,0,0
732393.23934006,732453.23934006,0,215,180.555555555555,0,0
732453.23934006,732513.23934006,0,215,176.574074074074,0,0
732513.23934006,732573.23934006,0,215,172.592592592592,0,0
732573.23934006,732633.23934006,0,215,168.611111111111,0,0
732633.23934006,732693.23934006,0,215,164.629629629629,0,0
732693.23934006,732753.23934006,0,215,160.648148148148,0,0
732753.23934006,732789.928488714,0,215,158.213528715869,0,0
732789.928488714,732849.928488714,650,215,164.213528715869,0,0
732849.928488714,732909.928488714,650,215,170.213528715869,0,0
732909.928488714,732969.928488714,650,215,176.213528715869,0,0
732969.928488714,733029.928488714,650,215,182.213528715869,0,0
733029.928488714,733089.928488714,650,215,188.213528715869,0,0
733089.928488714,733149.928488714,650,215,194.213528715869,0,0
733149.928488714,733209.928488714,650,215,200.213528715869,0,0
733209.928488714,733269.928488714,650,215,206.213528715869,0,0
733269.928488714,733329.928488714,650,215,212.213528715869,0,0
733329.928488714,733389.928488714,650,215,218.213528715869,0,0
733389.928488714,733449.928488714,650,215,224.213528715869,0,0
733449.928488714,733509.928488714,650,215,230.213528715869,0,0
733509.928488714,733569.928488714,650,215,236.213528715869,0,0
733569.928488714,733629.928488714,650,215,242.213528715869,0,0
733629.928488714,733689.928488714,650,215,248.213528715869,0,0
733689.928488714,733749.928488714,650,215,254.213528715869,0,0
733749.928488714,733809.928488714,650,215,260.213528715869,0,0
733809.928488714,733869.928488714,650,215,266.213528715869,0,0
733869.928488714,733929.928488714,650,215,272.213528715869,0,0
733929.928488714,733989.928488714,650,215,278.213528715869,0,0
733989.928488714,734049.928488714,650,215,284.213528715869,0,0
734049.928488714,734109.928488714,650,215,290.213528715869,0,0
734109.928488714,734169.928488714,650,215,296.213528715869,0,0
734169.928488714,734229.928488714,650,215,300,0,0
734229.928488714,734289.928488714,650,215,300,0,0
734289.928488714,734349.928488714,650,215,300,0,0
734349.928488714,734409.928488714,650,215,300,0,0
734409.928488714,734469.928488714,650,215,300,0,0
734469.928488714,734529.928488714,650,215,300,0,0
734529.928488714,734589.928488714,650,215,300,0,0
734589.928488714,734591.080321894,650,215,300,0,0
734591.080321894,734651.080321894,650,215,300,0,0
734651.080321894,734711.080321894,650,215,300,0,0
734711.080321894,734771.080321894,650,215,300,0,0
734771.080321894,734831.080321894,650,215,300,0,0
734831.080321894,734891.080321894,650,215,300,0,0
734891.080321894,734951.080321894,650,215,300,0,0
734951.080321894,735011.080321894,650,215,300,0,0
735011.080321894,735071.080321894,650,215,300,0,0
735071.080321894,735131.080321894,650,215,300,0,0
735131.080321894,735191.080321894,650,215,300,0,0
735191.080321894,735251.080321894,650,215,300,0,0
735251.080321894,735311.080321894,650,215,300,0,0
735311.080321894,735371.080321894,650,215,300,0,0
735371.080321894,735431.080321894,650,215,300,0,0
735431.080321894,735491.080321894,650,215,300,0,0
735491.080321894,735551.080321894,650,215,300,0,0
735551.080321894,735611.080321894,650,215,300,0,0
735611.080321894,735671.080321894,650,215,300,0,0
735671.080321894,735731.080321894,650,215,300,0,0
735731.080321894,735791.080321894,650,215,300,0,0
735791.080321894,735851.080321894,650,215,300,0,0
735851.080321894,735911.080321894,650,215,300,0,0
735911.080321894,735971.080321894,650,215,300,0,0
735971.080321894,736031.080321894,650,215,300,0,0
736031.080321894,736091.080321894,650,215,300,0,0
736091.080321894,736151.080321894,650,215,300,0,0
736151.080321894,736211.080321894,650,215,300,0,0
736211.080321894,736271.080321894,650,215,300,0,0
736271.080321894,736331.080321894,650,215,300,0,0
736331.080321894,736391.080321894,650,215,300,0,0
736391.080321894,736392.232155075,650,215,300,0,0
736392.232155075,736452.232155075,0,215,296.018518518519,0,0
736452.232155075,736512.232155075,0,215,292.037037037037,0,0
736512.232155075,736572.232155075,0,215,288.055555555556,0,0
736572.232155075,736632.232155075,0,215,284.074074074074,0,0
736632.232155075,736692.232155075,0,215,280.092592592593,0,0
736692.232155075,736752.232155075,0,215,276.111111111111,0,0
736752.232155075,736812.232155075,0,215,272.12962962963,0,0
736812.232155075,736872.232155075,0,215,268.148148148148,0,0
736872.232155075,736932.232155075,0,215,264.166666666667,0,0
736932.232155075,736992.232155075,0,215,260.185185185185,0,0
736992.232155075,737052.232155075,0,215,256.203703703704,0,0
737052.232155075,737112.232155075,0,215,252.222222222222,0,0
737112.232155075,737172.232155075,0,215,248.240740740741,0,0
737172.232155075,737232.232155075,0,215,244.259259259259,0,0
737232.232155075,737292.232155075,0,215,240.277777777778,0,0
737292.232155075,737352.232155075,0,215,236.296296296296,0,0
737352.232155075,737412.232155075,0,215,232.314814814815,0,0
737412.232155075,737472.232155075,0,215,228.333333333333,0,0
737472.232155075,737532.232155075,0,215,224.351851851852,0,0
737532.232155075,737592.232155075,0,215,220.37037037037,0,0
737592.232155075,737652.232155075,0,215,216.388888888889,0,0
737652.232155075,737712.232155075,0,215,212.407407407407,0,0
737712.232155075,737772.232155075,0,215,208.425925925926,0,0
737772.232155075,737832.232155075,0,215,204.444444444444,0,0
737832.232155075,737892.232155075,0,215,200.462962962963,0,0
737892.232155075,737952.232155075,0,215,196.481481481481,0,0
737952.232155075,738012.232155075,0,215,192.5,0,0
738012.232155075,738072.232155075,0,215,188.518518518518,0,0
738072.232155075,738132.232155075,0,215,184.537037037037,0,0
738132.232155075,738192.232155075,0,215,180.555555555555,0,0
738192.232155075,738252.232155075,0,215,176.574074074074,0,0
738252.232155075,738312.232155075,0,215,172.592592592592,0,0
738312.232155075,738372.232155075,0,215,168.611111111111,0,0
738372.232155075,738432.232155075,0,215,164.629629629629,0,0
738432.232155075,738492.232155075,0,215,160.648148148148,0,0
738492.232155075,738528.921303728,0,215,158.213528715869,0,0
738528.921303728,738588.921303728,650,215,164.213528715869,0,0
738588.921303728,738648.921303728,650,215,170.213528715869,0,0
738648.921303728,738708.921303728,650,215,176.213528715869,0,0
738708.921303728,738768.921303728,650,215,182.213528715869,0,0
738768.921303728,738828.921303728,650,215,188.213528715869,0,0
738828.921303728,738888.921303728,650,215,194.213528715869,0,0
738888.921303728,738948.921303728,650,215,200.213528715869,0,0
738948.921303728,739008.921303728,650,215,206.213528715869,0,0
739008.921303728,739068.921303728,650,215,212.213528715869,0,0
739068.921303728,739128.921303728,650,215,218.213528715869,0,0
739128.921303728,739188.921303728,650,215,224.213528715869,0,0
739188.921303728,739248.921303728,650,215,230.213528715869,0,0
739248.921303728,739308.921303728,650,215,236.213528715869,0,0
739308.921303728,739368.921303728,650,215,242.213528715869,0,0
739368.921303728,739428.921303728,650,215,248.213528715869,0,0
739428.921303728,739488.921303728,650,215,254.213528715869,0,0
739488.921303728,739548.921303728,650,215,260.213528715869,0,0
739548.921303728,739608.921303728,650,215,266.213528715869,0,0
739608.921303728,739668.921303728,650,215,272.213528715869,0,0
739668.921303728,739728.921303728,650,215,278.213528715869,0,0
739728.921303728,739788.921303728,650,215,284.213528715869,0,0
739788.921303728,739848.921303728,650,215,290.213528715869,0,0
739848.921303728,739908.921303728,650,215,296.213528715869,0,0
739908.921303728,739968.921303728,650,215,300,0,0
739968.921303728,740028.921303728,650,215,300,0,0
740028.921303728,740088.921303728,650,215,300,0,0
740088.921303728,740148.921303728,650,215,300,0,0
740148.921303728,740208.921303728,650,215,300,0,0
740208.921303728,740268.921303728,650,215,300,0,0
740268.921303728,740328.921303728,650,215,300,0,0
740328.921303728,740330.073136909,650,215,300,0,0
740330.073136909,740390.073136909,650,215,300,0,0
740390.073136909,740450.073136909,650,215,300,0,0
740450.073136909,740510.073136909,650,215,300,0,0
740510.073136909,740570.073136909,650,215,300,0,0
740570.073136909,740630.073136909,650,215,300,0,0
740630.073136909,740690.073136909,650,215,300,0,0
740690.073136909,740750.073136909,650,215,300,0,0
740750.073136909,740810.073136909,650,215,300,0,0
740810.073136909,740870.073136909,650,215,300,0,0
740870.073136909,740930.073136909,650,215,300,0,0
740930.073136909,740990.073136909,650,215,300,0,0
740990.073136909,741050.073136909,650,215,300,0,0
741050.073136909,741110.073136909,650,215,300,0,0
741110.073136909,741170.073136909,650,215,300,0,0
741170.073136909,741230.073136909,650,215,300,0,0
741230.073136909,741290.073136909,650,215,300,0,0
741290.073136909,741350.073136909,650,215,300,0,0
741350.073136909,741410.073136909,650,215,300,0,0
741410.073136909,741470.073136909,650,215,300,0,0
741470.073136909,741530.073136909,650,215,300,0,0
741530.073136909,741590.073136909,650,215,300,0,0
741590.073136909,741650.073136909,650,215,300,0,0
741650.073136909,741710.073136909,650,215,300,0,0
741710.073136909,741770.073136909,650,215,300,0,0
741770.073136909,741830.073136909,650,215,300,0,0
741830.073136909,741890.073136909,650,215,300,0,0
741890.073136909,741950.073136909,650,215,300,0,0
741950.073136909,742010.073136909,650,215,300,0,0
742010.073136909,742070.073136909,650,215,300,0,0
742070.073136909,742130.073136909,650,215,300,0,0
742130.073136909,742131.224970089,650,215,300,0,0
742131.224970089,742191.224970089,0,215,296.018518518519,0,0
742191.224970089,742251.224970089,0,215,292.037037037037,0,0
742251.224970089,742311.224970089,0,215,288.055555555556,0,0
742311.224970089,742371.224970089,0,215,284.074074074074,0,0
742371.224970089,742431.224970089,0,215,280.092592592593,0,0
742431.224970089,742491.224970089,0,215,276.111111111111,0,0
742491.224970089,742551.224970089,0,215,272.12962962963,0,0
742551.224970089,742611.224970089,0,215,268.148148148148,0,0
742611.224970089,742671.224970089,0,215,264.166666666667,0,0
742671.224970089,742731.224970089,0,215,260.185185185185,0,0
742731.224970089,742791.224970089,0,215,256.203703703704,0,0
742791.224970089,742851.224970089,0,215,252.222222222222,0,0
742851.224970089,742911.224970089,0,215,248.240740740741,0,0
742911.224970089,742971.224970089,0,215,244.259259259259,0,0
742971.224970089,743031.224970089,0,215,240.277777777778,0,0
743031.224970089,743091.224970089,0,215,236.296296296296,0,0
743091.224970089,743151.224970089,0,215,232.314814814815,0,0
743151.224970089,743211.224970089,0,215,228.333333333333,0,0
743211.224970089,743271.224970089,0,215,224.351851851852,0,0
743271.224970089,743331.224970089,0,215,220.37037037037,0,0
743331.224970089,743391.224970089,0,215,216.388888888889,0,0
743391.224970089,743451.224970089,0,215,212.407407407407,0,0
743451.224970089,743511.224970089,0,215,208.425925925926,0,0
743511.224970089,743571.224970089,0,215,204.444444444444,0,0
743571.224970089,743631.224970089,0,215,200.462962962963,0,0
743631.224970089,743691.224970089,0,215,196.481481481481,0,0
743691.224970089,743751.224970089,0,215,192.5,0,0
743751.224970089,743811.224970089,0,215,188.518518518518,0,0
743811.224970089,743871.224970089,0,215,184.537037037037,0,0
743871.224970089,743931.224970089,0,215,180.555555555555,0,0
743931.224970089,743991.224970089,0,215,176.574074074074,0,0
743991.224970089,744051.224970089,0,215,172.592592592592,0,0
744051.224970089,744111.224970089,0,215,168.611111111111,0,0
744111.224970089,744171.224970089,0,215,164.629629629629,0,0
744171.224970089,744231.224970089,0,215,160.648148148148,0,0
744231.224970089,744267.914118743,0,215,158.213528715869,0,0
744267.914118743,744327.914118743,650,215,164.213528715869,0,0
744327.914118743,744387.914118743,650,215,170.213528715869,0,0
744387.914118743,744447.914118743,650,215,176.213528715869,0,0
744447.914118743,744507.914118743,650,215,182.213528715869,0,0
744507.914118743,744567.914118743,650,215,188.213528715869,0,0
744567.914118743,744627.914118743,650,215,194.213528715869,0,0
744627.914118743,744687.914118743,650,215,200.213528715869,0,0
744687.914118743,744747.914118743,650,215,206.213528715869,0,0
744747.914118743,744807.914118743,650,215,212.213528715869,0,0
744807.914118743,744867.914118743,650,215,218.213528715869,0,0
744867.914118743,744927.914118743,650,215,224.213528715869,0,0
744927.914118743,744987.914118743,650,215,230.213528715869,0,0
744987.914118743,745047.914118743,650,215,236.213528715869,0,0
745047.914118743,745107.914118743,650,215,242.213528715869,0,0
745107.914118743,745167.914118743,650,215,248.213528715869,0,0
745167.914118743,745227.914118743,650,215,254.213528715869,0,0
745227.914118743,745287.914118743,650,215,260.213528715869,0,0
745287.914118743,745347.914118743,650,215,266.213528715869,0,0
745347.914118743,745407.914118743,650,215,272.213528715869,0,0
745407.914118743,745467.914118743,650,215,278.213528715869,0,0
745467.914118743,745527.914118743,650,215,284.213528715869,0,0
745527.914118743,745587.914118743,650,215,290.213528715869,0,0
745587.914118743,745647.914118743,650,215,296.213528715869,0,0
745647.914118743,745707.914118743,650,215,300,0,0
745707.914118743,745767.914118743,650,215,300,0,0
745767.914118743,745827.914118743,650,215,300,0,0
745827.914118743,745887.914118743,650,215,300,0,0
745887.914118743,745947.914118743,650,215,300,0,0
745947.914118743,746007.914118743,650,215,300,0,0
746007.914118743,746067.914118743,650,215,300,0,0
746067.914118743,746069.065951924,650,215,300,0,0
746069.065951924,746129.065951924,650,215,300,0,0
746129.065951924,746189.065951924,650,215,300,0,0
746189.065951924,746249.065951924,650,215,300,0,0
746249.065951924,746309.065951924,650,215,300,0,0
746309.065951924,746369.065951924,650,215,300,0,0
746369.065951924,746429.065951924,650,215,300,0,0
746429.065951924,746489.065951924,650,215,300,0,0
746489.065951924,746549.065951924,650,215,300,0,0
746549.065951924,746609.065951924,650,215,300,0,0
746609.065951924,746669.065951924,650,215,300,0,0
746669.065951924,746729.065951924,650,215,300,0,0
746729.065951924,746789.065951924,650,215,300,0,0
746789.065951924,746849.065951924,650,215,300,0,0
746849.065951924,746909.065951924,650,215,300,0,0
746909.065951924,746969.065951924,650,215,300,0,0
746969.065951924,747029.065951924,650,215,300,0,0
747029.065951924,747089.065951924,650,215,300,0,0
747089.065951924,747149.065951924,650,215,300,0,0
747149.065951924,747209.065951924,650,215,300,0,0
747209.065951924,747269.065951924,650,215,300,0,0
747269.065951924,747329.065951924,650,215,300,0,0
747329.065951924,747389.065951924,650,215,300,0,0
747389.065951924,747449.065951924,650,215,300,0,0
747449.065951924,747509.065951924,650,215,300,0,0
747509.065951924,747569.065951924,650,215,300,0,0
747569.065951924,747629.065951924,650,215,300,0,0
747629.065951924,747689.065951924,650,215,300,0,0
747689.065951924,747749.065951924,650,215,300,0,0
747749.065951924,747809.065951924,650,215,300,0,0
747809.065951924,747869.065951924,650,215,300,0,0
747869.065951924,747870.217785104,650,215,300,0,0
747870.217785104,747930.217785104,0,215,296.018518518519,0,0
747930.217785104,747990.217785104,0,215,292.037037037037,0,0
747990.217785104,748050.217785104,0,215,288.055555555556,0,0
748050.217785104,748110.217785104,0,215,284.074074074074,0,0
748110.217785104,748170.217785104,0,215,280.092592592593,0,0
748170.217785104,748230.217785104,0,215,276.111111111111,0,0
748230.217785104,748290.217785104,0,215,272.12962962963,0,0
748290.217785104,748350.217785104,0,215,268.148148148148,0,0
748350.217785104,748410.217785104,0,215,264.166666666667,0,0
748410.217785104,748470.217785104,0,215,260.185185185185,0,0
748470.217785104,748530.217785104,0,215,256.203703703704,0,0
748530.217785104,748590.217785104,0,215,252.222222222222,0,0
748590.217785104,748650.217785104,0,215,248.240740740741,0,0
748650.217785104,748710.217785104,0,215,244.259259259259,0,0
748710.217785104,748770.217785104,0,215,240.277777777778,0,0
748770.217785104,748830.217785104,0,215,236.296296296296,0,0
748830.217785104,748890.217785104,0,215,232.314814814815,0,0
748890.217785104,748950.217785104,0,215,228.333333333333,0,0
748950.217785104,749010.217785104,0,215,224.351851851852,0,0
749010.217785104,749070.217785104,0,215,220.37037037037,0,0
749070.217785104,749130.217785104,0,215,216.388888888889,0,0
749130.217785104,749190.217785104,0,215,212.407407407407,0,0
749190.217785104,749250.217785104,0,215,208.425925925926,0,0
749250.217785104,749310.217785104,0,215,204.444444444444,0,0
749310.217785104,749370.217785104,0,215,200.462962962963,0,0
749370.217785104,749430.217785104,0,215,196.481481481481,0,0
749430.217785104,749490.217785104,0,215,192.5,0,0
749490.217785104,749550.217785104,0,215,188.518518518518,0,0
749550.217785104,749610.217785104,0,215,184.537037037037,0,0
749610.217785104,749670.217785104,0,215,180.555555555555,0,0
749670.217785104,749730.217785104,0,215,176.574074074074,0,0
749730.217785104,749790.217785104,0,215,172.592592592592,0,0
749790.217785104,749850.217785104,0,215,168.611111111111,0,0
749850.217785104,749910.217785104,0,215,164.629629629629,0,0
749910.217785104,749970.217785104,0,215,160.648148148148,0,0
749970.217785104,750006.906933758,0,215,158.213528715869,0,0
750006.906933758,750066.906933758,650,215,164.213528715869,0,0
750066.906933758,750126.906933758,650,215,170.213528715869,0,0
750126.906933758,750186.906933758,650,215,176.213528715869,0,0
750186.906933758,750246.906933758,650,215,182.213528715869,0,0
750246.906933758,750306.906933758,650,215,188.213528715869,0,0
750306.906933758,750366.906933758,650,215,194.213528715869,0,0
750366.906933758,750426.906933758,650,215,200.213528715869,0,0
750426.906933758,750486.906933758,650,215,206.213528715869,0,0
750486.906933758,750546.906933758,650,215,212.213528715869,0,0
750546.906933758,750606.906933758,650,215,218.213528715869,0,0
750606.906933758,750666.906933758,650,215,224.213528715869,0,0
750666.906933758,750726.906933758,650,215,230.213528715869,0,0
750726.906933758,750786.906933758,650,215,236.213528715869,0,0
750786.906933758,750846.906933758,650,215,242.213528715869,0,0
750846.906933758,750906.906933758,650,215,248.213528715869,0,0
750906.906933758,750966.906933758,650,215,254.213528715869,0,0
750966.906933758,751026.906933758,650,215,260.213528715869,0,0
751026.906933758,751086.906933758,650,215,266.213528715869,0,0
751086.906933758,751146.906933758,650,215,272.213528715869,0,0
751146.906933758,751206.906933758,650,215,278.213528715869,0,0
751206.906933758,751266.906933758,650,215,284.213528715869,0,0
751266.906933758,751326.906933758,650,215,290.213528715869,0,0
751326.906933758,751386.906933758,650,215,296.213528715869,0,0
751386.906933758,751446.906933758,650,215,300,0,0
751446.906933758,751506.906933758,650,215,300,0,0
751506.906933758,751566.906933758,650,215,300,0,0
751566.906933758,751626.906933758,650,215,300,0,0
751626.906933758,751686.906933758,650,215,300,0,0
751686.906933758,751746.906933758,650,215,300,0,0
751746.906933758,751806.906933758,650,215,300,0,0
751806.906933758,751808.058766939,650,215,300,0,0
751808.058766939,751868.058766939,650,215,300,0,0
751868.058766939,751928.058766939,650,215,300,0,0
751928.058766939,751988.058766939,650,215,300,0,0
751988.058766939,752048.058766939,650,215,300,0,0
752048.058766939,752108.058766939,650,215,300,0,0
752108.058766939,752168.058766939,650,215,300,0,0
752168.058766939,752228.058766939,650,215,300,0,0
752228.058766939,752288.058766939,650,215,300,0,0
752288.058766939,752348.058766939,650,215,300,0,0
752348.058766939,752408.058766939,650,215,300,0,0
752408.058766939,752468.058766939,650,215,300,0,0
752468.058766939,752528.058766939,650,215,300,0,0
752528.058766939,752588.058766939,650,215,300,0,0
752588.058766939,752648.058766939,650,215,300,0,0
752648.058766939,752708.058766939,650,215,300,0,0
752708.058766939,752768.058766939,650,215,300,0,0
752768.058766939,752828.058766939,650,215,300,0,0
752828.058766939,752888.058766939,650,215,300,0,0
752888.058766939,752948.058766939,650,215,300,0,0
752948.058766939,753008.058766939,650,215,300,0,0
753008.058766939,753068.058766939,650,215,300,0,0
753068.058766939,753128.058766939,650,215,300,0,0
753128.058766939,753188.058766939,650,215,300,0,0
753188.058766939,753248.058766939,650,215,300,0,0
753248.058766939,753308.058766939,650,215,300,0,0
753308.058766939,753368.058766939,650,215,300,0,0
753368.058766939,753428.058766939,650,215,300,0,0
753428.058766939,753488.058766939,650,215,300,0,0
753488.058766939,753548.058766939,650,215,300,0,0
753548.058766939,753608.058766939,650,215,300,0,0
753608.058766939,753609.210600119,650,215,300,0,0
753609.210600119,753669.210600119,0,215,296.018518518519,0,0
753669.210600119,753729.210600119,0,215,292.037037037037,0,0
753729.210600119,753789.210600119,0,215,288.055555555556,0,0
753789.210600119,753849.210600119,0,215,284.074074074074,0,0
753849.210600119,753909.210600119,0,215,280.092592592593,0,0
753909.210600119,753969.210600119,0,215,276.111111111111,0,0
753969.210600119,754029.210600119,0,215,272.12962962963,0,0
754029.210600119,754089.210600119,0,215,268.148148148148,0,0
754089.210600119,754149.210600119,0,215,264.166666666667,0,0
754149.210600119,754209.210600119,0,215,260.185185185185,0,0
754209.210600119,754269.210600119,0,215,256.203703703704,0,0
754269.210600119,754329.210600119,0,215,252.222222222222,0,0
754329.210600119,754389.210600119,0,215,248.240740740741,0,0
754389.210600119,754449.210600119,0,215,244.259259259259,0,0
754449.210600119,754509.210600119,0,215,240.277777777778,0,0
754509.210600119,754569.210600119,0,215,236.296296296296,0,0
754569.210600119,754629.210600119,0,215,232.314814814815,0,0
754629.210600119,754689.210600119,0,215,228.333333333333,0,0
754689.210600119,754749.210600119,0,215,224.351851851852,0,0
754749.210600119,754809.210600119,0,215,220.37037037037,0,0
754809.210600119,754869.210600119,0,215,216.388888888889,0,0
754869.210600119,754929.210600119,0,215,212.407407407407,0,0
754929.210600119,754989.210600119,0,215,208.425925925926,0,0
754989.210600119,755049.210600119,0,215,204.444444444444,0,0
755049.210600119,755109.210600119,0,215,200.462962962963,0,0
755109.210600119,755169.210600119,0,215,196.481481481481,0,0
755169.210600119,755229.210600119,0,215,192.5,0,0
755229.210600119,755289.210600119,0,215,188.518518518518,0,0
755289.210600119,755349.210600119,0,215,184.537037037037,0,0
755349.210600119,755409.210600119,0,215,180.555555555555,0,0
755409.210600119,755469.210600119,0,215,176.574074074074,0,0
755469.210600119,755529.210600119,0,215,172.592592592592,0,0
755529.210600119,755589.210600119,0,215,168.611111111111,0,0
755589.210600119,755649.210600119,0,215,164.629629629629,0,0
755649.210600119,755709.210600119,0,215,160.648148148148,0,0
755709.210600119,755745.899748773,0,215,158.213528715869,0,0
755745.899748773,755805.899748773,650,215,164.213528715869,0,0
755805.899748773,755865.899748773,650,215,170.213528715869,0,0
755865.899748773,755925.899748773,650,215,176.213528715869,0,0
755925.899748773,755985.899748773,650,215,182.213528715869,0,0
755985.899748773,756045.899748773,650,215,188.213528715869,0,0
756045.899748773,756105.899748773,650,215,194.213528715869,0,0
756105.899748773,756165.899748773,650,215,200.213528715869,0,0
756165.899748773,756225.899748773,650,215,206.213528715869,0,0
756225.899748773,756285.899748773,650,215,212.213528715869,0,0
756285.899748773,756345.899748773,650,215,218.213528715869,0,0
756345.899748773,756405.899748773,650,215,224.213528715869,0,0
756405.899748773,756465.899748773,650,215,230.213528715869,0,0
756465.899748773,756525.899748773,650,215,236.213528715869,0,0
756525.899748773,756585.899748773,650,215,242.213528715869,0,0
756585.899748773,756645.899748773,650,215,248.213528715869,0,0
756645.899748773,756705.899748773,650,215,254.213528715869,0,0
756705.899748773,756765.899748773,650,215,260.213528715869,0,0
756765.899748773,756825.899748773,650,215,266.213528715869,0,0
756825.899748773,756885.899748773,650,215,272.213528715869,0,0
756885.899748773,756945.899748773,650,215,278.213528715869,0,0
756945.899748773,757005.899748773,650,215,284.213528715869,0,0
757005.899748773,757065.899748773,650,215,290.213528715869,0,0
757065.899748773,757125.899748773,650,215,296.213528715869,0,0
757125.899748773,757185.899748773,650,215,300,0,0
757185.899748773,757245.899748773,650,215,300,0,0
757245.899748773,757305.899748773,650,215,300,0,0
757305.899748773,757365.899748773,650,215,300,0,0
757365.899748773,757425.899748773,650,215,300,0,0
757425.899748773,757485.899748773,650,215,300,0,0
757485.899748773,757545.899748773,650,215,300,0,0
757545.899748773,757547.051581953,650,215,300,0,0
757547.051581953,757607.051581953,650,215,300,0,0
757607.051581953,757667.051581953,650,215,300,0,0
757667.051581953,757727.051581953,650,215,300,0,0
757727.051581953,757787.051581953,650,215,300,0,0
757787.051581953,757847.051581953,650,215,300,0,0
757847.051581953,757907.051581953,650,215,300,0,0
757907.051581953,757967.051581953,650,215,300,0,0
757967.051581953,758027.051581953,650,215,300,0,0
758027.051581953,758087.051581953,650,215,300,0,0
758087.051581953,758147.051581953,650,215,300,0,0
758147.051581953,758207.051581953,650,215,300,0,0
758207.051581953,758267.051581953,650,215,300,0,0
758267.051581953,758327.051581953,650,215,300,0,0
758327.051581953,758387.051581953,650,215,300,0,0
758387.051581953,758447.051581953,650,215,300,0,0
758447.051581953,758507.051581953,650,215,300,0,0
758507.051581953,758567.051581953,650,215,300,0,0
758567.051581953,758627.051581953,650,215,300,0,0
758627.051581953,758687.051581953,650,215,300,0,0
758687.051581953,758747.051581953,650,215,300,0,0
758747.051581953,758807.051581953,650,215,300,0,0
758807.051581953,758867.051581953,650,215,300,0,0
758867.051581953,758927.051581953,650,215,300,0,0
758927.051581953,758987.051581953,650,215,300,0,0
758987.051581953,759047.051581953,650,215,300,0,0
759047.051581953,759107.051581953,650,215,300,0,0
759107.051581953,759167.051581953,650,215,300,0,0
759167.051581953,759227.051581953,650,215,300,0,0
759227.051581953,759287.051581953,650,215,300,0,0
759287.051581953,759347.051581953,650,215,300,0,0
759347.051581953,759348.203415134,650,215,300,0,0
759348.203415134,759408.203415134,0,215,296.018518518519,0,0
759408.203415134,759468.203415134,0,215,292.037037037037,0,0
759468.203415134,759528.203415134,0,215,288.055555555556,0,0
759528.203415134,759588.203415134,0,215,284.074074074074,0,0
759588.203415134,759648.203415134,0,215,280.092592592593,0,0
759648.203415134,759708.203415134,0,215,276.111111111111,0,0
759708.203415134,759768.203415134,0,215,272.12962962963,0,0
759768.203415134,759828.203415134,0,215,268.148148148148,0,0
759828.203415134,759888.203415134,0,215,264.166666666667,0,0
759888.203415134,759948.203415134,0,215,260.185185185185,0,0
759948.203415134,760008.203415134,0,215,256.203703703704,0,0
760008.203415134,760068.203415134,0,215,252.222222222222,0,0
760068.203415134,760128.203415134,0,215,248.240740740741,0,0
760128.203415134,760188.203415134,0,215,244.259259259259,0,0
760188.203415134,760248.203415134,0,215,240.277777777778,0,0
760248.203415134,760308.203415134,0,215,236.296296296296,0,0
760308.203415134,760368.203415134,0,215,232.314814814815,0,0
760368.203415134,760428.203415134,0,215,228.333333333333,0,0
760428.203415134,760488.203415134,0,215,224.351851851852,0,0
760488.203415134,760548.203415134,0,215,220.37037037037,0,0
760548.203415134,760608.203415134,0,215,216.388888888889,0,0
760608.203415134,760668.203415134,0,215,212.407407407407,0,0
760668.203415134,760728.203415134,0,215,208.425925925926,0,0
760728.203415134,760788.203415134,0,215,204.444444444444,0,0
760788.203415134,760848.203415134,0,215,200.462962962963,0,0
760848.203415134,760908.203415134,0,215,196.481481481481,0,0
760908.203415134,760968.203415134,0,215,192.5,0,0
760968.203415134,761028.203415134,0,215,188.518518518518,0,0
761028.203415134,761088.203415134,0,215,184.537037037037,0,0
761088.203415134,761148.203415134,0,215,180.555555555555,0,0
761148.203415134,761208.203415134,0,215,176.574074074074,0,0
761208.203415134,761268.203415134,0,215,172.592592592592,0,0
761268.203415134,761328.203415134,0,215,168.611111111111,0,0
761328.203415134,761388.203415134,0,215,164.629629629629,0,0
761388.203415134,761448.203415134,0,215,160.648148148148,0,0
761448.203415134,761484.892563788,0,215,158.213528715869,0,0
761484.892563788,761544.892563788,650,215,164.213528715869,0,0
761544.892563788,761604.892563788,650,215,170.213528715869,0,0
761604.892563788,761664.892563788,650,215,176.213528715869,0,0
761664.892563788,761724.892563788,650,215,182.213528715869,0,0
761724.892563788,761784.892563788,650,215,188.213528715869,0,0
761784.892563788,761844.892563788,650,215,194.213528715869,0,0
761844.892563788,761904.892563788,650,215,200.213528715869,0,0
761904.892563788,761964.892563788,650,215,206.213528715869,0,0
761964.892563788,762024.892563788,650,215,212.213528715869,0,0
762024.892563788,762084.892563788,650,215,218.213528715869,0,0
762084.892563788,762144.892563788,650,215,224.213528715869,0,0
762144.892563788,762204.892563788,650,215,230.213528715869,0,0
762204.892563788,762264.892563788,650,215,236.213528715869,0,0
762264.892563788,762324.892563788,650,215,242.213528715869,0,0
762324.892563788,762384.892563788,650,215,248.213528715869,0,0
762384.892563788,762444.892563788,650,215,254.213528715869,0,0
762444.892563788,762504.892563788,650,215,260.213528715869,0,0
762504.892563788,762564.892563788,650,215,266.213528715869,0,0
762564.892563788,762624.892563788,650,215,272.213528715869,0,0
762624.892563788,762684.892563788,650,215,278.213528715869,0,0
762684.892563788,762744.892563788,650,215,284.213528715869,0,0
762744.892563788,762804.892563788,650,215,290.213528715869,0,0
762804.892563788,762864.892563788,650,215,296.213528715869,0,0
762864.892563788,762924.892563788,650,215,300,0,0
762924.892563788,762984.892563788,650,215,300,0,0
762984.892563788,763044.892563788,650,215,300,0,0
763044.892563788,763104.892563788,650,215,300,0,0
763104.892563788,763164.892563788,650,215,300,0,0
763164.892563788,763224.892563788,650,215,300,0,0
763224.892563788,763284.892563788,650,215,300,0,0
763284.892563788,763286.044396968,650,215,300,0,0
763286.044396968,763346.044396968,650,215,300,0,0
763346.044396968,763406.044396968,650,215,300,0,0
763406.044396968,763466.044396968,650,215,300,0,0
763466.044396968,763526.044396968,650,215,300,0,0
763526.044396968,763586.044396968,650,215,300,0,0
763586.044396968,763646.044396968,650,215,300,0,0
763646.044396968,763706.044396968,650,215,300,0,0
763706.044396968,763766.044396968,650,215,300,0,0
763766.044396968,763826.044396968,650,215,300,0,0
763826.044396968,763886.044396968,650,215,300,0,0
763886.044396968,763946.044396968,650,215,300,0,0
763946.044396968,764006.044396968,650,215,300,0,0
764006.044396968,764066.044396968,650,215,300,0,0
764066.044396968,764126.044396968,650,215,300,0,0
764126.044396968,764186.044396968,650,215,300,0,0
764186.044396968,764246.044396968,650,215,300,0,0
764246.044396968,764306.044396968,650,215,300,0,0
764306.044396968,764366.044396968,650,215,300,0,0
764366.044396968,764426.044396968,650,215,300,0,0
764426.044396968,764486.044396968,650,215,300,0,0
764486.044396968,764546.044396968,650,215,300,0,0
764546.044396968,764606.044396968,650,215,300,0,0
764606.044396968,764666.044396968,650,215,300,0,0
764666.044396968,764726.044396968,650,215,300,0,0
764726.044396968,764786.044396968,650,215,300,0,0
764786.044396968,764846.044396968,650,215,300,0,0
764846.044396968,764906.044396968,650,215,300,0,0
764906.044396968,764966.044396968,650,215,300,0,0
764966.044396968,765026.044396968,650,215,300,0,0
765026.044396968,765086.044396968,650,215,300,0,0
765086.044396968,765087.196230149,650,215,300,0,0
765087.196230149,765147.196230149,0,215,296.018518518519,0,0
765147.196230149,765207.196230149,0,215,292.037037037037,0,0
765207.196230149,765267.196230149,0,215,288.055555555556,0,0
765267.196230149,765327.196230149,0,215,284.074074074074,0,0
765327.196230149,765387.196230149,0,215,280.092592592593,0,0
765387.196230149,765447.196230149,0,215,276.111111111111,0,0
765447.196230149,765507.196230149,0,215,272.12962962963,0,0
765507.196230149,765567.196230149,0,215,268.148148148148,0,0
765567.196230149,765627.196230149,0,215,264.166666666667,0,0
765627.196230149,765687.196230149,0,215,260.185185185185,0,0
765687.196230149,765747.196230149,0,215,256.203703703704,0,0
765747.196230149,765807.196230149,0,215,252.222222222222,0,0
765807.196230149,765867.196230149,0,215,248.240740740741,0,0
765867.196230149,765927.196230149,0,215,244.259259259259,0,0
765927.196230149,765987.196230149,0,215,240.277777777778,0,0
765987.196230149,766047.196230149,0,215,236.296296296296,0,0
766047.196230149,766107.196230149,0,215,232.314814814815,0,0
766107.196230149,766167.196230149,0,215,228.333333333333,0,0
766167.196230149,766227.196230149,0,215,224.351851851852,0,0
766227.196230149,766287.196230149,0,215,220.37037037037,0,0
766287.196230149,766347.196230149,0,215,216.388888888889,0,0
766347.196230149,766407.196230149,0,215,212.407407407407,0,0
766407.196230149,766467.196230149,0,215,208.425925925926,0,0
766467.196230149,766527.196230149,0,215,204.444444444444,0,0
766527.196230149,766587.196230149,0,215,200.462962962963,0,0
766587.196230149,766647.196230149,0,215,196.481481481481,0,0
766647.196230149,766707.196230149,0,215,192.5,0,0
766707.196230149,766767.196230149,0,215,188.518518518518,0,0
766767.196230149,766827.196230149,0,215,184.537037037037,0,0
766827.196230149,766887.196230149,0,215,180.555555555555,0,0
766887.196230149,766947.196230149,0,215,176.574074074074,0,0
766947.196230149,767007.196230149,0,215,172.592592592592,0,0
767007.196230149,767067.196230149,0,215,168.611111111111,0,0
767067.196230149,767127.196230149,0,215,164.629629629629,0,0
767127.196230149,767187.196230149,0,215,160.648148148148,0,0
767187.196230149,767223.885378802,0,215,158.213528715869,0,0
767223.885378802,767283.885378802,650,215,164.213528715869,0,0
767283.885378802,767343.885378802,650,215,170.213528715869,0,0
767343.885378802,767403.885378802,650,215,176.213528715869,0,0
767403.885378802,767463.885378802,650,215,182.213528715869,0,0
767463.885378802,767523.885378802,650,215,188.213528715869,0,0
767523.885378802,767583.885378802,650,215,194.213528715869,0,0
767583.885378802,767643.885378802,650,215,200.213528715869,0,0
767643.885378802,767703.885378802,650,215,206.213528715869,0,0
767703.885378802,767763.885378802,650,215,212.213528715869,0,0
767763.885378802,767823.885378802,650,215,218.213528715869,0,0
767823.885378802,767883.885378802,650,215,224.213528715869,0,0
767883.885378802,767943.885378802,650,215,230.213528715869,0,0
767943.885378802,768003.885378802,650,215,236.213528715869,0,0
768003.885378802,768063.885378802,650,215,242.213528715869,0,0
768063.885378802,768123.885378802,650,215,248.213528715869,0,0
768123.885378802,768183.885378802,650,215,254.213528715869,0,0
768183.885378802,768243.885378802,650,215,260.213528715869,0,0
768243.885378802,768303.885378802,650,215,266.213528715869,0,0
768303.885378802,768363.885378802,650,215,272.213528715869,0,0
768363.885378802,768423.885378802,650,215,278.213528715869,0,0
768423.885378802,768483.885378802,650,215,284.213528715869,0,0
768483.885378802,768543.885378802,650,215,290.213528715869,0,0
768543.885378802,768603.885378802,650,215,296.213528715869,0,0
768603.885378802,768663.885378802,650,215,300,0,0
768663.885378802,768723.885378802,650,215,300,0,0
768723.885378802,768783.885378802,650,215,300,0,0
768783.885378802,768843.885378802,650,215,300,0,0
768843.885378802,768903.885378802,650,215,300,0,0
768903.885378802,768963.885378802,650,215,300,0,0
768963.885378802,769023.885378802,650,215,300,0,0
769023.885378802,769025.037211983,650,215,300,0,0
769025.037211983,769085.037211983,650,215,300,0,0
769085.037211983,769145.037211983,650,215,300,0,0
769145.037211983,769205.037211983,650,215,300,0,0
769205.037211983,769265.037211983,650,215,300,0,0
769265.037211983,769325.037211983,650,215,300,0,0
769325.037211983,769385.037211983,650,215,300,0,0
769385.037211983,769445.037211983,650,215,300,0,0
769445.037211983,769505.037211983,650,215,300,0,0
769505.037211983,769565.037211983,650,215,300,0,0
769565.037211983,769625.037211983,650,215,300,0,0
769625.037211983,769685.037211983,650,215,300,0,0
769685.037211983,769745.037211983,650,215,300,0,0
769745.037211983,769805.037211983,650,215,300,0,0
769805.037211983,769865.037211983,650,215,300,0,0
769865.037211983,769925.037211983,650,215,300,0,0
769925.037211983,769985.037211983,650,215,300,0,0
769985.037211983,770045.037211983,650,215,300,0,0
770045.037211983,770105.037211983,650,215,300,0,0
770105.037211983,770165.037211983,650,215,300,0,0
770165.037211983,770225.037211983,650,215,300,0,0
770225.037211983,770285.037211983,650,215,300,0,0
770285.037211983,770345.037211983,650,215,300,0,0
770345.037211983,770405.037211983,650,215,300,0,0
770405.037211983,770465.037211983,650,215,300,0,0
770465.037211983,770525.037211983,650,215,300,0,0
770525.037211983,770585.037211983,650,215,300,0,0
770585.037211983,770645.037211983,650,215,300,0,0
770645.037211983,770705.037211983,650,215,300,0,0
770705.037211983,770765.037211983,650,215,300,0,0
770765.037211983,770825.037211983,650,215,300,0,0
770825.037211983,770826.189045163,650,215,300,0,0
770826.189045163,770886.189045163,0,215,296.018518518519,0,0
770886.189045163,770946.189045163,0,215,292.037037037037,0,0
770946.189045163,771006.189045163,0,215,288.055555555556,0,0
771006.189045163,771066.189045163,0,215,284.074074074074,0,0
771066.189045163,771126.189045163,0,215,280.092592592593,0,0
771126.189045163,771186.189045163,0,215,276.111111111111,0,0
771186.189045163,771246.189045163,0,215,272.12962962963,0,0
771246.189045163,771306.189045163,0,215,268.148148148148,0,0
771306.189045163,771366.189045163,0,215,264.166666666667,0,0
771366.189045163,771426.189045163,0,215,260.185185185185,0,0
771426.189045163,771486.189045163,0,215,256.203703703704,0,0
771486.189045163,771546.189045163,0,215,252.222222222222,0,0
771546.189045163,771606.189045163,0,215,248.240740740741,0,0
771606.189045163,771666.189045163,0,215,244.259259259259,0,0
771666.189045163,771726.189045163,0,215,240.277777777778,0,0
771726.189045163,771786.189045163,0,215,236.296296296296,0,0
771786.189045163,771846.189045163,0,215,232.314814814815,0,0
771846.189045163,771906.189045163,0,215,228.333333333333,0,0
771906.189045163,771966.189045163,0,215,224.351851851852,0,0
771966.189045163,772026.189045163,0,215,220.37037037037,0,0
772026.189045163,772086.189045163,0,215,216.388888888889,0,0
772086.189045163,772146.189045163,0,215,212.407407407407,0,0
772146.189045163,772206.189045163,0,215,208.425925925926,0,0
772206.189045163,772266.189045163,0,215,204.444444444444,0,0
772266.189045163,772326.189045163,0,215,200.462962962963,0,0
772326.189045163,772386.189045163,0,215,196.481481481481,0,0
772386.189045163,772446.189045163,0,215,192.5,0,0
772446.189045163,772506.189045163,0,215,188.518518518518,0,0
772506.189045163,772566.189045163,0,215,184.537037037037,0,0
772566.189045163,772626.189045163,0,215,180.555555555555,0,0
772626.189045163,772686.189045163,0,215,176.574074074074,0,0
772686.189045163,772746.189045163,0,215,172.592592592592,0,0
772746.189045163,772806.189045163,0,215,168.611111111111,0,0
772806.189045163,772866.189045163,0,215,164.629629629629,0,0
772866.189045163,772926.189045163,0,215,160.648148148148,0,0
772926.189045163,772962.878193817,0,215,158.213528715869,0,0
772962.878193817,773022.878193817,650,215,164.213528715869,0,0
773022.878193817,773082.878193817,650,215,170.213528715869,0,0
773082.878193817,773142.878193817,650,215,176.213528715869,0,0
773142.878193817,773202.878193817,650,215,182.213528715869,0,0
773202.878193817,773262.878193817,650,215,188.213528715869,0,0
773262.878193817,773322.878193817,650,215,194.213528715869,0,0
773322.878193817,773382.878193817,650,215,200.213528715869,0,0
773382.878193817,773442.878193817,650,215,206.213528715869,0,0
773442.878193817,773502.878193817,650,215,212.213528715869,0,0
773502.878193817,773562.878193817,650,215,218.213528715869,0,0
773562.878193817,773622.878193817,650,215,224.213528715869,0,0
773622.878193817,773682.878193817,650,215,230.213528715869,0,0
773682.878193817,773742.878193817,650,215,236.213528715869,0,0
773742.878193817,773802.878193817,650,215,242.213528715869,0,0
773802.878193817,773862.878193817,650,215,248.213528715869,0,0
773862.878193817,773922.878193817,650,215,254.213528715869,0,0
773922.878193817,773982.878193817,650,215,260.213528715869,0,0
773982.878193817,774042.878193817,650,215,266.213528715869,0,0
774042.878193817,774102.878193817,650,215,272.213528715869,0,0
774102.878193817,774162.878193817,650,215,278.213528715869,0,0
774162.878193817,774222.878193817,650,215,284.213528715869,0,0
774222.878193817,774282.878193817,650,215,290.213528715869,0,0
774282.878193817,774342.878193817,650,215,296.213528715869,0,0
774342.878193817,774402.878193817,650,215,300,0,0
774402.878193817,774462.878193817,650,215,300,0,0
774462.878193817,774522.878193817,650,215,300,0,0
774522.878193817,774582.878193817,650,215,300,0,0
774582.878193817,774642.878193817,650,215,300,0,0
774642.878193817,774702.878193817,650,215,300,0,0
774702.878193817,774762.878193817,650,215,300,0,0
774762.878193817,774764.030026998,650,215,300,0,0
774764.030026998,774824.030026998,650,215,300,0,0
774824.030026998,774884.030026998,650,215,300,0,0
774884.030026998,774944.030026998,650,215,300,0,0
774944.030026998,775004.030026998,650,215,300,0,0
775004.030026998,775064.030026998,650,215,300,0,0
775064.030026998,775124.030026998,650,215,300,0,0
775124.030026998,775184.030026998,650,215,300,0,0
775184.030026998,775244.030026998,650,215,300,0,0
775244.030026998,775304.030026998,650,215,300,0,0
775304.030026998,775364.030026998,650,215,300,0,0
775364.030026998,775424.030026998,650,215,300,0,0
775424.030026998,775484.030026998,650,215,300,0,0
775484.030026998,775544.030026998,650,215,300,0,0
775544.030026998,775604.030026998,650,215,300,0,0
775604.030026998,775664.030026998,650,215,300,0,0
775664.030026998,775724.030026998,650,215,300,0,0
775724.030026998,775784.030026998,650,215,300,0,0
775784.030026998,775844.030026998,650,215,300,0,0
775844.030026998,775904.030026998,650,215,300,0,0
775904.030026998,775964.030026998,650,215,300,0,0
775964.030026998,776024.030026998,650,215,300,0,0
776024.030026998,776084.030026998,650,215,300,0,0
776084.030026998,776144.030026998,650,215,300,0,0
776144.030026998,776204.030026998,650,215,300,0,0
776204.030026998,776264.030026998,650,215,300,0,0
776264.030026998,776324.030026998,650,215,300,0,0
776324.030026998,776384.030026998,650,215,300,0,0
776384.030026998,776444.030026998,650,215,300,0,0
776444.030026998,776504.030026998,650,215,300,0,0
776504.030026998,776564.030026998,650,215,300,0,0
776564.030026998,776565.181860178,650,215,300,0,0
776565.181860178,776625.181860178,0,215,296.018518518519,0,0
776625.181860178,776685.181860178,0,215,292.037037037037,0,0
776685.181860178,776745.181860178,0,215,288.055555555556,0,0
776745.181860178,776805.181860178,0,215,284.074074074074,0,0
776805.181860178,776865.181860178,0,215,280.092592592593,0,0
776865.181860178,776925.181860178,0,215,276.111111111111,0,0
776925.181860178,776985.181860178,0,215,272.12962962963,0,0
776985.181860178,777045.181860178,0,215,268.148148148148,0,0
777045.181860178,777105.181860178,0,215,264.166666666667,0,0
777105.181860178,777165.181860178,0,215,260.185185185185,0,0
777165.181860178,777225.181860178,0,215,256.203703703704,0,0
777225.181860178,777285.181860178,0,215,252.222222222222,0,0
777285.181860178,777345.181860178,0,215,248.240740740741,0,0
777345.181860178,777405.181860178,0,215,244.259259259259,0,0
777405.181860178,777465.181860178,0,215,240.277777777778,0,0
777465.181860178,777525.181860178,0,215,236.296296296296,0,0
777525.181860178,777585.181860178,0,215,232.314814814815,0,0
777585.181860178,777645.181860178,0,215,228.333333333333,0,0
777645.181860178,777705.181860178,0,215,224.351851851852,0,0
777705.181860178,777765.181860178,0,215,220.37037037037,0,0
777765.181860178,777825.181860178,0,215,216.388888888889,0,0
777825.181860178,777885.181860178,0,215,212.407407407407,0,0
777885.181860178,777945.181860178,0,215,208.425925925926,0,0
777945.181860178,778005.181860178,0,215,204.444444444444,0,0
778005.181860178,778065.181860178,0,215,200.462962962963,0,0
778065.181860178,778125.181860178,0,215,196.481481481481,0,0
778125.181860178,778185.181860178,0,215,192.5,0,0
778185.181860178,778245.181860178,0,215,188.518518518518,0,0
778245.181860178,778305.181860178,0,215,184.537037037037,0,0
778305.181860178,778365.181860178,0,215,180.555555555555,0,0
778365.181860178,778425.181860178,0,215,176.574074074074,0,0
778425.181860178,778485.181860178,0,215,172.592592592592,0,0
778485.181860178,778545.181860178,0,215,168.611111111111,0,0
778545.181860178,778605.181860178,0,215,164.629629629629,0,0
778605.181860178,778665.181860178,0,215,160.648148148148,0,0
778665.181860178,778701.871008832,0,215,158.213528715869,0,0
778701.871008832,778761.871008832,650,215,164.213528715869,0,0
778761.871008832,778821.871008832,650,215,170.213528715869,0,0
778821.871008832,778881.871008832,650,215,176.213528715869,0,0
778881.871008832,778941.871008832,650,215,182.213528715869,0,0
778941.871008832,779001.871008832,650,215,188.213528715869,0,0
779001.871008832,779061.871008832,650,215,194.213528715869,0,0
779061.871008832,779121.871008832,650,215,200.213528715869,0,0
779121.871008832,779181.871008832,650,215,206.213528715869,0,0
779181.871008832,779241.871008832,650,215,212.213528715869,0,0
779241.871008832,779301.871008832,650,215,218.213528715869,0,0
779301.871008832,779361.871008832,650,215,224.213528715869,0,0
779361.871008832,779421.871008832,650,215,230.213528715869,0,0
779421.871008832,779481.871008832,650,215,236.213528715869,0,0
779481.871008832,779541.871008832,650,215,242.213528715869,0,0
779541.871008832,779601.871008832,650,215,248.213528715869,0,0
779601.871008832,779661.871008832,650,215,254.213528715869,0,0
779661.871008832,779721.871008832,650,215,260.213528715869,0,0
779721.871008832,779781.871008832,650,215,266.213528715869,0,0
779781.871008832,779841.871008832,650,215,272.213528715869,0,0
779841.871008832,779901.871008832,650,215,278.213528715869,0,0
779901.871008832,779961.871008832,650,215,284.213528715869,0,0
779961.871008832,780021.871008832,650,215,290.213528715869,0,0
780021.871008832,780081.871008832,650,215,296.213528715869,0,0
780081.871008832,780141.871008832,650,215,300,0,0
780141.871008832,780201.871008832,650,215,300,0,0
780201.871008832,780261.871008832,650,215,300,0,0
780261.871008832,780321.871008832,650,215,300,0,0
780321.871008832,780381.871008832,650,215,300,0,0
780381.871008832,780441.871008832,650,215,300,0,0
780441.871008832,780501.871008832,650,215,300,0,0
780501.871008832,780503.022842012,650,215,300,0,0
780503.022842012,780563.022842012,650,215,300,0,0
780563.022842012,780623.022842012,650,215,300,0,0
780623.022842012,780683.022842012,650,215,300,0,0
780683.022842012,780743.022842012,650,215,300,0,0
780743.022842012,780803.022842012,650,215,300,0,0
780803.022842012,780863.022842012,650,215,300,0,0
780863.022842012,780923.022842012,650,215,300,0,0
780923.022842012,780983.022842012,650,215,300,0,0
780983.022842012,781043.022842012,650,215,300,0,0
781043.022842012,781103.022842012,650,215,300,0,0
781103.022842012,781163.022842012,650,215,300,0,0
781163.022842012,781223.022842012,650,215,300,0,0
781223.022842012,781283.022842012,650,215,300,0,0
781283.022842012,781343.022842012,650,215,300,0,0
781343.022842012,781403.022842012,650,215,300,0,0
781403.022842012,781463.022842012,650,215,300,0,0
781463.022842012,781523.022842012,650,215,300,0,0
781523.022842012,781583.022842012,650,215,300,0,0
781583.022842012,781643.022842012,650,215,300,0,0
781643.022842012,781703.022842012,650,215,300,0,0
781703.022842012,781763.022842012,650,215,300,0,0
781763.022842012,781823.022842012,650,215,300,0,0
781823.022842012,781883.022842012,650,215,300,0,0
781883.022842012,781943.022842012,650,215,300,0,0
781943.022842012,782003.022842012,650,215,300,0,0
782003.022842012,782063.022842012,650,215,300,0,0
782063.022842012,782123.022842012,650,215,300,0,0
782123.022842012,782183.022842012,650,215,300,0,0
782183.022842012,782243.022842012,650,215,300,0,0
782243.022842012,782303.022842012,650,215,300,0,0
782303.022842012,782304.174675193,650,215,300,0,0
782304.174675193,782364.174675193,0,215,296.018518518519,0,0
782364.174675193,782424.174675193,0,215,292.037037037037,0,0
782424.174675193,782484.174675193,0,215,288.055555555556,0,0
782484.174675193,782544.174675193,0,215,284.074074074074,0,0
782544.174675193,782604.174675193,0,215,280.092592592593,0,0
782604.174675193,782664.174675193,0,215,276.111111111111,0,0
782664.174675193,782724.174675193,0,215,272.12962962963,0,0
782724.174675193,782784.174675193,0,215,268.148148148148,0,0
782784.174675193,782844.174675193,0,215,264.166666666667,0,0
782844.174675193,782904.174675193,0,215,260.185185185185,0,0
782904.174675193,782964.174675193,0,215,256.203703703704,0,0
782964.174675193,783024.174675193,0,215,252.222222222222,0,0
783024.174675193,783084.174675193,0,215,248.240740740741,0,0
783084.174675193,783144.174675193,0,215,244.259259259259,0,0
783144.174675193,783204.174675193,0,215,240.277777777778,0,0
783204.174675193,783264.174675193,0,215,236.296296296296,0,0
783264.174675193,783324.174675193,0,215,232.314814814815,0,0
783324.174675193,783384.174675193,0,215,228.333333333333,0,0
783384.174675193,783444.174675193,0,215,224.351851851852,0,0
783444.174675193,783504.174675193,0,215,220.37037037037,0,0
783504.174675193,783564.174675193,0,215,216.388888888889,0,0
783564.174675193,783624.174675193,0,215,212.407407407407,0,0
783624.174675193,783684.174675193,0,215,208.425925925926,0,0
783684.174675193,783744.174675193,0,215,204.444444444444,0,0
783744.174675193,783804.174675193,0,215,200.462962962963,0,0
783804.174675193,783864.174675193,0,215,196.481481481481,0,0
783864.174675193,783924.174675193,0,215,192.5,0,0
783924.174675193,783984.174675193,0,215,188.518518518518,0,0
783984.174675193,784044.174675193,0,215,184.537037037037,0,0
784044.174675193,784104.174675193,0,215,180.555555555555,0,0
784104.174675193,784164.174675193,0,215,176.574074074074,0,0
784164.174675193,784224.174675193,0,215,172.592592592592,0,0
784224.174675193,784284.174675193,0,215,168.611111111111,0,0
784284.174675193,784344.174675193,0,215,164.629629629629,0,0
784344.174675193,784404.174675193,0,215,160.648148148148,0,0
784404.174675193,784440.863823847,0,215,158.213528715869,0,0
784440.863823847,784500.863823847,650,215,164.213528715869,0,0
784500.863823847,784560.863823847,650,215,170.213528715869,0,0
784560.863823847,784620.863823847,650,215,176.213528715869,0,0
784620.863823847,784680.863823847,650,215,182.213528715869,0,0
784680.863823847,784740.863823847,650,215,188.213528715869,0,0
784740.863823847,784800.863823847,650,215,194.213528715869,0,0
784800.863823847,784860.863823847,650,215,200.213528715869,0,0
784860.863823847,784920.863823847,650,215,206.213528715869,0,0
784920.863823847,784980.863823847,650,215,212.213528715869,0,0
784980.863823847,785040.863823847,650,215,218.213528715869,0,0
785040.863823847,785100.863823847,650,215,224.213528715869,0,0
785100.863823847,785160.863823847,650,215,230.213528715869,0,0
785160.863823847,785220.863823847,650,215,236.213528715869,0,0
785220.863823847,785280.863823847,650,215,242.213528715869,0,0
785280.863823847,785340.863823847,650,215,248.213528715869,0,0
785340.863823847,785400.863823847,650,215,254.213528715869,0,0
785400.863823847,785460.863823847,650,215,260.213528715869,0,0
785460.863823847,785520.863823847,650,215,266.213528715869,0,0
785520.863823847,785580.863823847,650,215,272.213528715869,0,0
785580.863823847,785640.863823847,650,215,278.213528715869,0,0
785640.863823847,785700.863823847,650,215,284.213528715869,0,0
785700.863823847,785760.863823847,650,215,290.213528715869,0,0
785760.863823847,785820.863823847,650,215,296.213528715869,0,0
785820.863823847,785880.863823847,650,215,300,0,0
785880.863823847,785940.863823847,650,215,300,0,0
785940.863823847,786000.863823847,650,215,300,0,0
786000.863823847,786060.863823847,650,215,300,0,0
786060.863823847,786120.863823847,650,215,300,0,0
786120.863823847,786180.863823847,650,215,300,0,0
786180.863823847,786240.863823847,650,215,300,0,0
786240.863823847,786242.015657027,650,215,300,0,0
786242.015657027,786302.015657027,650,215,300,0,0
786302.015657027,786362.015657027,650,215,300,0,0
786362.015657027,786422.015657027,650,215,300,0,0
786422.015657027,786482.015657027,650,215,300,0,0
786482.015657027,786542.015657027,650,215,300,0,0
786542.015657027,786602.015657027,650,215,300,0,0
786602.015657027,786662.015657027,650,215,300,0,0
786662.015657027,786722.015657027,650,215,300,0,0
786722.015657027,786782.015657027,650,215,300,0,0
786782.015657027,786842.015657027,650,215,300,0,0
786842.015657027,786902.015657027,650,215,300,0,0
786902.015657027,786962.015657027,650,215,300,0,0
786962.015657027,787022.015657027,650,215,300,0,0
787022.015657027,787082.015657027,650,215,300,0,0
787082.015657027,787142.015657027,650,215,300,0,0
787142.015657027,787202.015657027,650,215,300,0,0
787202.015657027,787262.015657027,650,215,300,0,0
787262.015657027,787322.015657027,650,215,300,0,0
787322.015657027,787382.015657027,650,215,300,0,0
787382.015657027,787442.015657027,650,215,300,0,0
787442.015657027,787502.015657027,650,215,300,0,0
787502.015657027,787562.015657027,650,215,300,0,0
787562.015657027,787622.015657027,650,215,300,0,0
787622.015657027,787682.015657027,650,215,300,0,0
787682.015657027,787742.015657027,650,215,300,0,0
787742.015657027,787802.015657027,650,215,300,0,0
787802.015657027,787862.015657027,650,215,300,0,0
787862.015657027,787922.015657027,650,215,300,0,0
787922.015657027,787982.015657027,650,215,300,0,0
787982.015657027,788042.015657027,650,215,300,0,0
788042.015657027,788043.167490208,650,215,300,0,0
788043.167490208,788103.167490208,0,215,296.018518518519,0,0
788103.167490208,788163.167490208,0,215,292.037037037037,0,0
788163.167490208,788223.167490208,0,215,288.055555555556,0,0
788223.167490208,788283.167490208,0,215,284.074074074074,0,0
788283.167490208,788343.167490208,0,215,280.092592592593,0,0
788343.167490208,788403.167490208,0,215,276.111111111111,0,0
788403.167490208,788463.167490208,0,215,272.12962962963,0,0
788463.167490208,788523.167490208,0,215,268.148148148148,0,0
788523.167490208,788583.167490208,0,215,264.166666666667,0,0
788583.167490208,788643.167490208,0,215,260.185185185185,0,0
788643.167490208,788703.167490208,0,215,256.203703703704,0,0
788703.167490208,788763.167490208,0,215,252.222222222222,0,0
788763.167490208,788823.167490208,0,215,248.240740740741,0,0
788823.167490208,788883.167490208,0,215,244.259259259259,0,0
788883.167490208,788943.167490208,0,215,240.277777777778,0,0
788943.167490208,789003.167490208,0,215,236.296296296296,0,0
789003.167490208,789063.167490208,0,215,232.314814814815,0,0
789063.167490208,789123.167490208,0,215,228.333333333333,0,0
789123.167490208,789183.167490208,0,215,224.351851851852,0,0
789183.167490208,789243.167490208,0,215,220.37037037037,0,0
789243.167490208,789303.167490208,0,215,216.388888888889,0,0
789303.167490208,789363.167490208,0,215,212.407407407407,0,0
789363.167490208,789423.167490208,0,215,208.425925925926,0,0
789423.167490208,789483.167490208,0,215,204.444444444444,0,0
789483.167490208,789543.167490208,0,215,200.462962962963,0,0
789543.167490208,789603.167490208,0,215,196.481481481481,0,0
789603.167490208,789663.167490208,0,215,192.5,0,0
789663.167490208,789723.167490208,0,215,188.518518518518,0,0
789723.167490208,789783.167490208,0,215,184.537037037037,0,0
789783.167490208,789843.167490208,0,215,180.555555555555,0,0
789843.167490208,789903.167490208,0,215,176.574074074074,0,0
789903.167490208,789963.167490208,0,215,172.592592592592,0,0
789963.167490208,790023.167490208,0,215,168.611111111111,0,0
790023.167490208,790083.167490208,0,215,164.629629629629,0,0
790083.167490208,790143.167490208,0,215,160.648148148148,0,0
790143.167490208,790179.856638862,0,215,158.213528715869,0,0
790179.856638862,790239.856638862,650,215,164.213528715869,0,0
790239.856638862,790299.856638862,650,215,170.213528715869,0,0
790299.856638862,790359.856638862,650,215,176.213528715869,0,0
790359.856638862,790419.856638862,650,215,182.213528715869,0,0
790419.856638862,790479.856638862,650,215,188.213528715869,0,0
790479.856638862,790539.856638862,650,215,194.213528715869,0,0
790539.856638862,790599.856638862,650,215,200.213528715869,0,0
790599.856638862,790659.856638862,650,215,206.213528715869,0,0
790659.856638862,790719.856638862,650,215,212.213528715869,0,0
790719.856638862,790779.856638862,650,215,218.213528715869,0,0
790779.856638862,790839.856638862,650,215,224.213528715869,0,0
790839.856638862,790899.856638862,650,215,230.213528715869,0,0
790899.856638862,790959.856638862,650,215,236.213528715869,0,0
790959.856638862,791019.856638862,650,215,242.213528715869,0,0
791019.856638862,791079.856638862,650,215,248.213528715869,0,0
791079.856638862,791139.856638862,650,215,254.213528715869,0,0
791139.856638862,791199.856638862,650,215,260.213528715869,0,0
791199.856638862,791259.856638862,650,215,266.213528715869,0,0
791259.856638862,791319.856638862,650,215,272.213528715869,0,0
791319.856638862,791379.856638862,650,215,278.213528715869,0,0
791379.856638862,791439.856638862,650,215,284.213528715869,0,0
791439.856638862,791499.856638862,650,215,290.213528715869,0,0
791499.856638862,791559.856638862,650,215,296.213528715869,0,0
791559.856638862,791619.856638862,650,215,300,0,0
791619.856638862,791679.856638862,650,215,300,0,0
791679.856638862,791739.856638862,650,215,300,0,0
791739.856638862,791799.856638862,650,215,300,0,0
791799.856638862,791859.856638862,650,215,300,0,0
791859.856638862,791919.856638862,650,215,300,0,0
791919.856638862,791979.856638862,650,215,300,0,0
791979.856638862,791981.008472042,650,215,300,0,0
791981.008472042,792041.008472042,650,215,300,0,0
792041.008472042,792101.008472042,650,215,300,0,0
792101.008472042,792161.008472042,650,215,300,0,0
792161.008472042,792221.008472042,650,215,300,0,0
792221.008472042,792281.008472042,650,215,300,0,0
792281.008472042,792341.008472042,650,215,300,0,0
792341.008472042,792401.008472042,650,215,300,0,0
792401.008472042,792461.008472042,650,215,300,0,0
792461.008472042,792521.008472042,650,215,300,0,0
792521.008472042,792581.008472042,650,215,300,0,0
792581.008472042,792641.008472042,650,215,300,0,0
792641.008472042,792701.008472042,650,215,300,0,0
792701.008472042,792761.008472042,650,215,300,0,0
792761.008472042,792821.008472042,650,215,300,0,0
792821.008472042,792881.008472042,650,215,300,0,0
792881.008472042,792941.008472042,650,215,300,0,0
792941.008472042,793001.008472042,650,215,300,0,0
793001.008472042,793061.008472042,650,215,300,0,0
793061.008472042,793121.008472042,650,215,300,0,0
793121.008472042,793181.008472042,650,215,300,0,0
793181.008472042,793241.008472042,650,215,300,0,0
793241.008472042,793301.008472042,650,215,300,0,0
793301.008472042,793361.008472042,650,215,300,0,0
793361.008472042,793421.008472042,650,215,300,0,0
793421.008472042,793481.008472042,650,215,300,0,0
793481.008472042,793541.008472042,650,215,300,0,0
793541.008472042,793601.008472042,650,215,300,0,0
793601.008472042,793661.008472042,650,215,300,0,0
793661.008472042,793721.008472042,650,215,300,0,0
793721.008472042,793781.008472042,650,215,300,0,0
793781.008472042,793782.160305223,650,215,300,0,0
793782.160305223,793842.160305223,0,215,296.018518518519,0,0
793842.160305223,793902.160305223,0,215,292.037037037037,0,0
793902.160305223,793962.160305223,0,215,288.055555555556,0,0
793962.160305223,794022.160305223,0,215,284.074074074074,0,0
794022.160305223,794082.160305223,0,215,280.092592592593,0,0
794082.160305223,794142.160305223,0,215,276.111111111111,0,0
794142.160305223,794202.160305223,0,215,272.12962962963,0,0
794202.160305223,794262.160305223,0,215,268.148148148148,0,0
794262.160305223,794322.160305223,0,215,264.166666666667,0,0
794322.160305223,794382.160305223,0,215,260.185185185185,0,0
794382.160305223,794442.160305223,0,215,256.203703703704,0,0
794442.160305223,794502.160305223,0,215,252.222222222222,0,0
794502.160305223,794562.160305223,0,215,248.240740740741,0,0
794562.160305223,794622.160305223,0,215,244.259259259259,0,0
794622.160305223,794682.160305223,0,215,240.277777777778,0,0
794682.160305223,794742.160305223,0,215,236.296296296296,0,0
794742.160305223,794802.160305223,0,215,232.314814814815,0,0
794802.160305223,794862.160305223,0,215,228.333333333333,0,0
794862.160305223,794922.160305223,0,215,224.351851851852,0,0
794922.160305223,794982.160305223,0,215,220.37037037037,0,0
794982.160305223,795042.160305223,0,215,216.388888888889,0,0
795042.160305223,795102.160305223,0,215,212.407407407407,0,0
795102.160305223,795162.160305223,0,215,208.425925925926,0,0
795162.160305223,795222.160305223,0,215,204.444444444444,0,0
795222.160305223,795282.160305223,0,215,200.462962962963,0,0
795282.160305223,795342.160305223,0,215,196.481481481481,0,0
795342.160305223,795402.160305223,0,215,192.5,0,0
795402.160305223,795462.160305223,0,215,188.518518518518,0,0
795462.160305223,795522.160305223,0,215,184.537037037037,0,0
795522.160305223,795582.160305223,0,215,180.555555555555,0,0
795582.160305223,795642.160305223,0,215,176.574074074074,0,0
795642.160305223,795702.160305223,0,215,172.592592592592,0,0
795702.160305223,795762.160305223,0,215,168.611111111111,0,0
795762.160305223,795822.160305223,0,215,164.629629629629,0,0
795822.160305223,795882.160305223,0,215,160.648148148148,0,0
795882.160305223,795918.849453876,0,215,158.213528715869,0,0
795918.849453876,795978.849453876,650,215,164.213528715869,0,0
795978.849453876,796038.849453876,650,215,170.213528715869,0,0
796038.849453876,796098.849453876,650,215,176.213528715869,0,0
796098.849453876,796158.849453876,650,215,182.213528715869,0,0
796158.849453876,796218.849453876,650,215,188.213528715869,0,0
796218.849453876,796278.849453876,650,215,194.213528715869,0,0
796278.849453876,796338.849453876,650,215,200.213528715869,0,0
796338.849453876,796398.849453876,650,215,206.213528715869,0,0
796398.849453876,796458.849453876,650,215,212.213528715869,0,0
796458.849453876,796518.849453876,650,215,218.213528715869,0,0
796518.849453876,796578.849453876,650,215,224.213528715869,0,0
796578.849453876,796638.849453876,650,215,230.213528715869,0,0
796638.849453876,796698.849453876,650,215,236.213528715869,0,0
796698.849453876,796758.849453876,650,215,242.213528715869,0,0
796758.849453876,796818.849453876,650,215,248.213528715869,0,0
796818.849453876,796878.849453876,650,215,254.213528715869,0,0
796878.849453876,796938.849453876,650,215,260.213528715869,0,0
796938.849453876,796998.849453876,650,215,266.213528715869,0,0
796998.849453876,797058.849453876,650,215,272.213528715869,0,0
797058.849453876,797118.849453876,650,215,278.213528715869,0,0
797118.849453876,797178.849453876,650,215,284.213528715869,0,0
797178.849453876,797238.849453876,650,215,290.213528715869,0,0
797238.849453876,797298.849453876,650,215,296.213528715869,0,0
797298.849453876,797358.849453876,650,215,300,0,0
797358.849453876,797418.849453876,650,215,300,0,0
797418.849453876,797478.849453876,650,215,300,0,0
797478.849453876,797538.849453876,650,215,300,0,0
797538.849453876,797598.849453876,650,215,300,0,0
797598.849453876,797658.849453876,650,215,300,0,0
797658.849453876,797718.849453876,650,215,300,0,0
797718.849453876,797720.001287057,650,215,300,0,0
797720.001287057,797780.001287057,650,215,300,0,0
797780.001287057,797840.001287057,650,215,300,0,0
797840.001287057,797900.001287057,650,215,300,0,0
797900.001287057,797960.001287057,650,215,300,0,0
797960.001287057,798020.001287057,650,215,300,0,0
798020.001287057,798080.001287057,650,215,300,0,0
798080.001287057,798140.001287057,650,215,300,0,0
798140.001287057,798200.001287057,650,215,300,0,0
798200.001287057,798260.001287057,650,215,300,0,0
798260.001287057,798320.001287057,650,215,300,0,0
798320.001287057,798380.001287057,650,215,300,0,0
798380.001287057,798440.001287057,650,215,300,0,0
798440.001287057,798500.001287057,650,215,300,0,0
798500.001287057,798560.001287057,650,215,300,0,0
798560.001287057,798620.001287057,650,215,300,0,0
798620.001287057,798680.001287057,650,215,300,0,0
798680.001287057,798740.001287057,650,215,300,0,0
798740.001287057,798800.001287057,650,215,300,0,0
798800.001287057,798860.001287057,650,215,300,0,0
798860.001287057,798920.001287057,650,215,300,0,0
798920.001287057,798980.001287057,650,215,300,0,0
798980.001287057,799040.001287057,650,215,300,0,0
799040.001287057,799100.001287057,650,215,300,0,0
799100.001287057,799160.001287057,650,215,300,0,0
799160.001287057,799220.001287057,650,215,300,0,0
799220.001287057,799280.001287057,650,215,300,0,0
799280.001287057,799340.001287057,650,215,300,0,0
799340.001287057,799400.001287057,650,215,300,0,0
799400.001287057,799460.001287057,650,215,300,0,0
799460.001287057,799520.001287057,650,215,300,0,0
799520.001287057,799521.153120237,650,215,300,0,0
799521.153120237,799581.153120237,0,215,296.018518518519,0,0
799581.153120237,799641.153120237,0,215,292.037037037037,0,0
799641.153120237,799701.153120237,0,215,288.055555555556,0,0
799701.153120237,799761.153120237,0,215,284.074074074074,0,0
799761.153120237,799821.153120237,0,215,280.092592592593,0,0
799821.153120237,799881.153120237,0,215,276.111111111111,0,0
799881.153120237,799941.153120237,0,215,272.12962962963,0,0
799941.153120237,800001.153120237,0,215,268.148148148148,0,0
800001.153120237,800061.153120237,0,215,264.166666666667,0,0
800061.153120237,800121.153120237,0,215,260.185185185185,0,0
800121.153120237,800181.153120237,0,215,256.203703703704,0,0
800181.153120237,800241.153120237,0,215,252.222222222222,0,0
800241.153120237,800301.153120237,0,215,248.240740740741,0,0
800301.153120237,800361.153120237,0,215,244.259259259259,0,0
800361.153120237,800421.153120237,0,215,240.277777777778,0,0
800421.153120237,800481.153120237,0,215,236.296296296296,0,0
800481.153120237,800541.153120237,0,215,232.314814814815,0,0
800541.153120237,800601.153120237,0,215,228.333333333333,0,0
800601.153120237,800661.153120237,0,215,224.351851851852,0,0
800661.153120237,800721.153120237,0,215,220.37037037037,0,0
800721.153120237,800781.153120237,0,215,216.388888888889,0,0
800781.153120237,800841.153120237,0,215,212.407407407407,0,0
800841.153120237,800901.153120237,0,215,208.425925925926,0,0
800901.153120237,800961.153120237,0,215,204.444444444444,0,0
800961.153120237,801021.153120237,0,215,200.462962962963,0,0
801021.153120237,801081.153120237,0,215,196.481481481481,0,0
801081.153120237,801141.153120237,0,215,192.5,0,0
801141.153120237,801201.153120237,0,215,188.518518518518,0,0
801201.153120237,801261.153120237,0,215,184.537037037037,0,0
801261.153120237,801321.153120237,0,215,180.555555555555,0,0
801321.153120237,801381.153120237,0,215,176.574074074074,0,0
801381.153120237,801441.153120237,0,215,172.592592592592,0,0
801441.153120237,801501.153120237,0,215,168.611111111111,0,0
801501.153120237,801561.153120237,0,215,164.629629629629,0,0
801561.153120237,801621.153120237,0,215,160.648148148148,0,0
801621.153120237,801657.842268891,0,215,158.213528715869,0,0
801657.842268891,801717.842268891,650,215,164.213528715869,0,0
801717.842268891,801777.842268891,650,215,170.213528715869,0,0
801777.842268891,801837.842268891,650,215,176.213528715869,0,0
801837.842268891,801897.842268891,650,215,182.213528715869,0,0
801897.842268891,801957.842268891,650,215,188.213528715869,0,0
801957.842268891,802017.842268891,650,215,194.213528715869,0,0
802017.842268891,802077.842268891,650,215,200.213528715869,0,0
802077.842268891,802137.842268891,650,215,206.213528715869,0,0
802137.842268891,802197.842268891,650,215,212.213528715869,0,0
802197.842268891,802257.842268891,650,215,218.213528715869,0,0
802257.842268891,802317.842268891,650,215,224.213528715869,0,0
802317.842268891,802377.842268891,650,215,230.213528715869,0,0
802377.842268891,802437.842268891,650,215,236.213528715869,0,0
802437.842268891,802497.842268891,650,215,242.213528715869,0,0
802497.842268891,802557.842268891,650,215,248.213528715869,0,0
802557.842268891,802617.842268891,650,215,254.213528715869,0,0
802617.842268891,802677.842268891,650,215,260.213528715869,0,0
802677.842268891,802737.842268891,650,215,266.213528715869,0,0
802737.842268891,802797.842268891,650,215,272.213528715869,0,0
802797.842268891,802857.842268891,650,215,278.213528715869,0,0
802857.842268891,802917.842268891,650,215,284.213528715869,0,0
802917.842268891,802977.842268891,650,215,290.213528715869,0,0
802977.842268891,803037.842268891,650,215,296.213528715869,0,0
803037.842268891,803097.842268891,650,215,300,0,0
803097.842268891,803157.842268891,650,215,300,0,0
803157.842268891,803217.842268891,650,215,300,0,0
803217.842268891,803277.842268891,650,215,300,0,0
803277.842268891,803337.842268891,650,215,300,0,0
803337.842268891,803397.842268891,650,215,300,0,0
803397.842268891,803457.842268891,650,215,300,0,0
803457.842268891,803458.994102072,650,215,300,0,0
803458.994102072,803518.994102072,650,215,300,0,0
803518.994102072,803578.994102072,650,215,300,0,0
803578.994102072,803638.994102072,650,215,300,0,0
803638.994102072,803698.994102072,650,215,300,0,0
803698.994102072,803758.994102072,650,215,300,0,0
803758.994102072,803818.994102072,650,215,300,0,0
803818.994102072,803878.994102072,650,215,300,0,0
803878.994102072,803938.994102072,650,215,300,0,0
803938.994102072,803998.994102072,650,215,300,0,0
803998.994102072,804058.994102072,650,215,300,0,0
804058.994102072,804118.994102072,650,215,300,0,0
804118.994102072,804178.994102072,650,215,300,0,0
804178.994102072,804238.994102072,650,215,300,0,0
804238.994102072,804298.994102072,650,215,300,0,0
804298.994102072,804358.994102072,650,215,300,0,0
804358.994102072,804418.994102072,650,215,300,0,0
804418.994102072,804478.994102072,650,215,300,0,0
804478.994102072,804538.994102072,650,215,300,0,0
804538.994102072,804598.994102072,650,215,300,0,0
804598.994102072,804658.994102072,650,215,300,0,0
804658.994102072,804718.994102072,650,215,300,0,0
804718.994102072,804778.994102072,650,215,300,0,0
804778.994102072,804838.994102072,650,215,300,0,0
804838.994102072,804898.994102072,650,215,300,0,0
804898.994102072,804958.994102072,650,215,300,0,0
804958.994102072,805018.994102072,650,215,300,0,0
805018.994102072,805078.994102072,650,215,300,0,0
805078.994102072,805138.994102072,650,215,300,0,0
805138.994102072,805198.994102072,650,215,300,0,0
805198.994102072,805258.994102072,650,215,300,0,0
805258.994102072,805260.145935252,650,215,300,0,0
805260.145935252,805320.145935252,0,215,296.018518518519,0,0
805320.145935252,805380.145935252,0,215,292.037037037037,0,0
805380.145935252,805440.145935252,0,215,288.055555555556,0,0
805440.145935252,805500.145935252,0,215,284.074074074074,0,0
805500.145935252,805560.145935252,0,215,280.092592592593,0,0
805560.145935252,805620.145935252,0,215,276.111111111111,0,0
805620.145935252,805680.145935252,0,215,272.12962962963,0,0
805680.145935252,805740.145935252,0,215,268.148148148148,0,0
805740.145935252,805800.145935252,0,215,264.166666666667,0,0
805800.145935252,805860.145935252,0,215,260.185185185185,0,0
805860.145935252,805920.145935252,0,215,256.203703703704,0,0
805920.145935252,805980.145935252,0,215,252.222222222222,0,0
805980.145935252,806040.145935252,0,215,248.240740740741,0,0
806040.145935252,806100.145935252,0,215,244.259259259259,0,0
806100.145935252,806160.145935252,0,215,240.277777777778,0,0
806160.145935252,806220.145935252,0,215,236.296296296296,0,0
806220.145935252,806280.145935252,0,215,232.314814814815,0,0
806280.145935252,806340.145935252,0,215,228.333333333333,0,0
806340.145935252,806400.145935252,0,215,224.351851851852,0,0
806400.145935252,806460.145935252,0,215,220.37037037037,0,0
806460.145935252,806520.145935252,0,215,216.388888888889,0,0
806520.145935252,806580.145935252,0,215,212.407407407407,0,0
806580.145935252,806640.145935252,0,215,208.425925925926,0,0
806640.145935252,806700.145935252,0,215,204.444444444444,0,0
806700.145935252,806760.145935252,0,215,200.462962962963,0,0
806760.145935252,806820.145935252,0,215,196.481481481481,0,0
806820.145935252,806880.145935252,0,215,192.5,0,0
806880.145935252,806940.145935252,0,215,188.518518518518,0,0
806940.145935252,807000.145935252,0,215,184.537037037037,0,0
807000.145935252,807060.145935252,0,215,180.555555555555,0,0
807060.145935252,807120.145935252,0,215,176.574074074074,0,0
807120.145935252,807180.145935252,0,215,172.592592592592,0,0
807180.145935252,807240.145935252,0,215,168.611111111111,0,0
807240.145935252,807300.145935252,0,215,164.629629629629,0,0
807300.145935252,807360.145935252,0,215,160.648148148148,0,0
807360.145935252,807396.835083906,0,215,158.213528715869,0,0
807396.835083906,807456.835083906,650,215,164.213528715869,0,0
807456.835083906,807516.835083906,650,215,170.213528715869,0,0
807516.835083906,807576.835083906,650,215,176.213528715869,0,0
807576.835083906,807636.835083906,650,215,182.213528715869,0,0
807636.835083906,807696.835083906,650,215,188.213528715869,0,0
807696.835083906,807756.835083906,650,215,194.213528715869,0,0
807756.835083906,807816.835083906,650,215,200.213528715869,0,0
807816.835083906,807876.835083906,650,215,206.213528715869,0,0
807876.835083906,807936.835083906,650,215,212.213528715869,0,0
807936.835083906,807996.835083906,650,215,218.213528715869,0,0
807996.835083906,808056.835083906,650,215,224.213528715869,0,0
808056.835083906,808116.835083906,650,215,230.213528715869,0,0
808116.835083906,808176.835083906,650,215,236.213528715869,0,0
808176.835083906,808236.835083906,650,215,242.213528715869,0,0
808236.835083906,808296.835083906,650,215,248.213528715869,0,0
808296.835083906,808356.835083906,650,215,254.213528715869,0,0
808356.835083906,808416.835083906,650,215,260.213528715869,0,0
808416.835083906,808476.835083906,650,215,266.213528715869,0,0
808476.835083906,808536.835083906,650,215,272.213528715869,0,0
808536.835083906,808596.835083906,650,215,278.213528715869,0,0
808596.835083906,808656.835083906,650,215,284.213528715869,0,0
808656.835083906,808716.835083906,650,215,290.213528715869,0,0
808716.835083906,808776.835083906,650,215,296.213528715869,0,0
808776.835083906,808836.835083906,650,215,300,0,0
808836.835083906,808896.835083906,650,215,300,0,0
808896.835083906,808956.835083906,650,215,300,0,0
808956.835083906,809016.835083906,650,215,300,0,0
809016.835083906,809076.835083906,650,215,300,0,0
809076.835083906,809136.835083906,650,215,300,0,0
809136.835083906,809196.835083906,650,215,300,0,0
809196.835083906,809197.986917087,650,215,300,0,0
809197.986917087,809257.986917087,650,215,300,0,0
809257.986917087,809317.986917087,650,215,300,0,0
809317.986917087,809377.986917087,650,215,300,0,0
809377.986917087,809437.986917087,650,215,300,0,0
809437.986917087,809497.986917087,650,215,300,0,0
809497.986917087,809557.986917087,650,215,300,0,0
809557.986917087,809617.986917087,650,215,300,0,0
809617.986917087,809677.986917087,650,215,300,0,0
809677.986917087,809737.986917087,650,215,300,0,0
809737.986917087,809797.986917087,650,215,300,0,0
809797.986917087,809857.986917087,650,215,300,0,0
809857.986917087,809917.986917087,650,215,300,0,0
809917.986917087,809977.986917087,650,215,300,0,0
809977.986917087,810037.986917087,650,215,300,0,0
810037.986917087,810097.986917087,650,215,300,0,0
810097.986917087,810157.986917087,650,215,300,0,0
810157.986917087,810217.986917087,650,215,300,0,0
810217.986917087,810277.986917087,650,215,300,0,0
810277.986917087,810337.986917087,650,215,300,0,0
810337.986917087,810397.986917087,650,215,300,0,0
810397.986917087,810457.986917087,650,215,300,0,0
810457.986917087,810517.986917087,650,215,300,0,0
810517.986917087,810577.986917087,650,215,300,0,0
810577.986917087,810637.986917087,650,215,300,0,0
810637.986917087,810697.986917087,650,215,300,0,0
810697.986917087,810757.986917087,650,215,300,0,0
810757.986917087,810817.986917087,650,215,300,0,0
810817.986917087,810877.986917087,650,215,300,0,0
810877.986917087,810937.986917087,650,215,300,0,0
810937.986917087,810997.986917087,650,215,300,0,0
810997.986917087,810999.138750267,650,215,300,0,0
810999.138750267,811059.138750267,0,215,296.018518518519,0,0
811059.138750267,811119.138750267,0,215,292.037037037037,0,0
811119.138750267,811179.138750267,0,215,288.055555555556,0,0
811179.138750267,811239.138750267,0,215,284.074074074074,0,0
811239.138750267,811299.138750267,0,215,280.092592592593,0,0
811299.138750267,811359.138750267,0,215,276.111111111111,0,0
811359.138750267,811419.138750267,0,215,272.12962962963,0,0
811419.138750267,811479.138750267,0,215,268.148148148148,0,0
811479.138750267,811539.138750267,0,215,264.166666666667,0,0
811539.138750267,811599.138750267,0,215,260.185185185185,0,0
811599.138750267,811659.138750267,0,215,256.203703703704,0,0
811659.138750267,811719.138750267,0,215,252.222222222222,0,0
811719.138750267,811779.138750267,0,215,248.240740740741,0,0
811779.138750267,811839.138750267,0,215,244.259259259259,0,0
811839.138750267,811899.138750267,0,215,240.277777777778,0,0
811899.138750267,811959.138750267,0,215,236.296296296296,0,0
811959.138750267,812019.138750267,0,215,232.314814814815,0,0
812019.138750267,812079.138750267,0,215,228.333333333333,0,0
812079.138750267,812139.138750267,0,215,224.351851851852,0,0
812139.138750267,812199.138750267,0,215,220.37037037037,0,0
812199.138750267,812259.138750267,0,215,216.388888888889,0,0
812259.138750267,812319.138750267,0,215,212.407407407407,0,0
812319.138750267,812379.138750267,0,215,208.425925925926,0,0
812379.138750267,812439.138750267,0,215,204.444444444444,0,0
812439.138750267,812499.138750267,0,215,200.462962962963,0,0
812499.138750267,812559.138750267,0,215,196.481481481481,0,0
812559.138750267,812619.138750267,0,215,192.5,0,0
812619.138750267,812679.138750267,0,215,188.518518518518,0,0
812679.138750267,812739.138750267,0,215,184.537037037037,0,0
812739.138750267,812799.138750267,0,215,180.555555555555,0,0
812799.138750267,812859.138750267,0,215,176.574074074074,0,0
812859.138750267,812919.138750267,0,215,172.592592592592,0,0
812919.138750267,812979.138750267,0,215,168.611111111111,0,0
812979.138750267,813039.138750267,0,215,164.629629629629,0,0
813039.138750267,813099.138750267,0,215,160.648148148148,0,0
813099.138750267,813135.827898921,0,215,158.213528715869,0,0
813135.827898921,813195.827898921,650,215,164.213528715869,0,0
813195.827898921,813255.827898921,650,215,170.213528715869,0,0
813255.827898921,813315.827898921,650,215,176.213528715869,0,0
813315.827898921,813375.827898921,650,215,182.213528715869,0,0
813375.827898921,813435.827898921,650,215,188.213528715869,0,0
813435.827898921,813495.827898921,650,215,194.213528715869,0,0
813495.827898921,813555.827898921,650,215,200.213528715869,0,0
813555.827898921,813615.827898921,650,215,206.213528715869,0,0
813615.827898921,813675.827898921,650,215,212.213528715869,0,0
813675.827898921,813735.827898921,650,215,218.213528715869,0,0
813735.827898921,813795.827898921,650,215,224.213528715869,0,0
813795.827898921,813855.827898921,650,215,230.213528715869,0,0
813855.827898921,813915.827898921,650,215,236.213528715869,0,0
813915.827898921,813975.827898921,650,215,242.213528715869,0,0
813975.827898921,814035.827898921,650,215,248.213528715869,0,0
814035.827898921,814095.827898921,650,215,254.213528715869,0,0
814095.827898921,814155.827898921,650,215,260.213528715869,0,0
814155.827898921,814215.827898921,650,215,266.213528715869,0,0
814215.827898921,814275.827898921,650,215,272.213528715869,0,0
814275.827898921,814335.827898921,650,215,278.213528715869,0,0
814335.827898921,814395.827898921,650,215,284.213528715869,0,0
814395.827898921,814455.827898921,650,215,290.213528715869,0,0
814455.827898921,814515.827898921,650,215,296.213528715869,0,0
814515.827898921,814575.827898921,650,215,300,0,0
814575.827898921,814635.827898921,650,215,300,0,0
814635.827898921,814695.827898921,650,215,300,0,0
814695.827898921,814755.827898921,650,215,300,0,0
814755.827898921,814815.827898921,650,215,300,0,0
814815.827898921,814875.827898921,650,215,300,0,0
814875.827898921,814935.827898921,650,215,300,0,0
814935.827898921,814936.979732101,650,215,300,0,0
814936.979732101,814996.979732101,650,215,300,0,0
814996.979732101,815056.979732101,650,215,300,0,0
815056.979732101,815116.979732101,650,215,300,0,0
815116.979732101,815176.979732101,650,215,300,0,0
815176.979732101,815236.979732101,650,215,300,0,0
815236.979732101,815296.979732101,650,215,300,0,0
815296.979732101,815356.979732101,650,215,300,0,0
815356.979732101,815416.979732101,650,215,300,0,0
815416.979732101,815476.979732101,650,215,300,0,0
815476.979732101,815536.979732101,650,215,300,0,0
815536.979732101,815596.979732101,650,215,300,0,0
815596.979732101,815656.979732101,650,215,300,0,0
815656.979732101,815716.979732101,650,215,300,0,0
815716.979732101,815776.979732101,650,215,300,0,0
815776.979732101,815836.979732101,650,215,300,0,0
815836.979732101,815896.979732101,650,215,300,0,0
815896.979732101,815956.979732101,650,215,300,0,0
815956.979732101,816016.979732101,650,215,300,0,0
816016.979732101,816076.979732101,650,215,300,0,0
816076.979732101,816136.979732101,650,215,300,0,0
816136.979732101,816196.979732101,650,215,300,0,0
816196.979732101,816256.979732101,650,215,300,0,0
816256.979732101,816316.979732101,650,215,300,0,0
816316.979732101,816376.979732101,650,215,300,0,0
816376.979732101,816436.979732101,650,215,300,0,0
816436.979732101,816496.979732101,650,215,300,0,0
816496.979732101,816556.979732101,650,215,300,0,0
816556.979732101,816616.979732101,650,215,300,0,0
816616.979732101,816676.979732101,650,215,300,0,0
816676.979732101,816736.979732101,650,215,300,0,0
816736.979732101,816738.131565282,650,215,300,0,0
816738.131565282,816798.131565282,0,215,296.018518518519,0,0
816798.131565282,816858.131565282,0,215,292.037037037037,0,0
816858.131565282,816918.131565282,0,215,288.055555555556,0,0
816918.131565282,816978.131565282,0,215,284.074074074074,0,0
816978.131565282,817038.131565282,0,215,280.092592592593,0,0
817038.131565282,817098.131565282,0,215,276.111111111111,0,0
817098.131565282,817158.131565282,0,215,272.12962962963,0,0
817158.131565282,817218.131565282,0,215,268.148148148148,0,0
817218.131565282,817278.131565282,0,215,264.166666666667,0,0
817278.131565282,817338.131565282,0,215,260.185185185185,0,0
817338.131565282,817398.131565282,0,215,256.203703703704,0,0
817398.131565282,817458.131565282,0,215,252.222222222222,0,0
817458.131565282,817518.131565282,0,215,248.240740740741,0,0
817518.131565282,817578.131565282,0,215,244.259259259259,0,0
817578.131565282,817638.131565282,0,215,240.277777777778,0,0
817638.131565282,817698.131565282,0,215,236.296296296296,0,0
817698.131565282,817758.131565282,0,215,232.314814814815,0,0
817758.131565282,817818.131565282,0,215,228.333333333333,0,0
817818.131565282,817878.131565282,0,215,224.351851851852,0,0
817878.131565282,817938.131565282,0,215,220.37037037037,0,0
817938.131565282,817998.131565282,0,215,216.388888888889,0,0
817998.131565282,818058.131565282,0,215,212.407407407407,0,0
818058.131565282,818118.131565282,0,215,208.425925925926,0,0
818118.131565282,818178.131565282,0,215,204.444444444444,0,0
818178.131565282,818238.131565282,0,215,200.462962962963,0,0
818238.131565282,818298.131565282,0,215,196.481481481481,0,0
818298.131565282,818358.131565282,0,215,192.5,0,0
818358.131565282,818418.131565282,0,215,188.518518518518,0,0
818418.131565282,818478.131565282,0,215,184.537037037037,0,0
818478.131565282,818538.131565282,0,215,180.555555555555,0,0
818538.131565282,818598.131565282,0,215,176.574074074074,0,0
818598.131565282,818658.131565282,0,215,172.592592592592,0,0
818658.131565282,818718.131565282,0,215,168.611111111111,0,0
818718.131565282,818778.131565282,0,215,164.629629629629,0,0
818778.131565282,818838.131565282,0,215,160.648148148148,0,0
818838.131565282,818874.820713936,0,215,158.213528715869,0,0
818874.820713936,818934.820713936,650,215,164.213528715869,0,0
818934.820713936,818994.820713936,650,215,170.213528715869,0,0
818994.820713936,819054.820713936,650,215,176.213528715869,0,0
819054.820713936,819114.820713936,650,215,182.213528715869,0,0
819114.820713936,819174.820713936,650,215,188.213528715869,0,0
819174.820713936,819234.820713936,650,215,194.213528715869,0,0
819234.820713936,819294.820713936,650,215,200.213528715869,0,0
819294.820713936,819354.820713936,650,215,206.213528715869,0,0
819354.820713936,819414.820713936,650,215,212.213528715869,0,0
819414.820713936,819474.820713936,650,215,218.213528715869,0,0
819474.820713936,819534.820713936,650,215,224.213528715869,0,0
819534.820713936,819594.820713936,650,215,230.213528715869,0,0
819594.820713936,819654.820713936,650,215,236.213528715869,0,0
819654.820713936,819714.820713936,650,215,242.213528715869,0,0
819714.820713936,819774.820713936,650,215,248.213528715869,0,0
819774.820713936,819834.820713936,650,215,254.213528715869,0,0
819834.820713936,819894.820713936,650,215,260.213528715869,0,0
819894.820713936,819954.820713936,650,215,266.213528715869,0,0
819954.820713936,820014.820713936,650,215,272.213528715869,0,0
820014.820713936,820074.820713936,650,215,278.213528715869,0,0
820074.820713936,820134.820713936,650,215,284.213528715869,0,0
820134.820713936,820194.820713936,650,215,290.213528715869,0,0
820194.820713936,820254.820713936,650,215,296.213528715869,0,0
820254.820713936,820314.820713936,650,215,300,0,0
820314.820713936,820374.820713936,650,215,300,0,0
820374.820713936,820434.820713936,650,215,300,0,0
820434.820713936,820494.820713936,650,215,300,0,0
820494.820713936,820554.820713936,650,215,300,0,0
820554.820713936,820614.820713936,650,215,300,0,0
820614.820713936,820674.820713936,650,215,300,0,0
820674.820713936,820675.972547116,650,215,300,0,0
820675.972547116,820735.972547116,650,215,300,0,0
820735.972547116,820795.972547116,650,215,300,0,0
820795.972547116,820855.972547116,650,215,300,0,0
820855.972547116,820915.972547116,650,215,300,0,0
820915.972547116,820975.972547116,650,215,300,0,0
820975.972547116,821035.972547116,650,215,300,0,0
821035.972547116,821095.972547116,650,215,300,0,0
821095.972547116,821155.972547116,650,215,300,0,0
821155.972547116,821215.972547116,650,215,300,0,0
821215.972547116,821275.972547116,650,215,300,0,0
821275.972547116,821335.972547116,650,215,300,0,0
821335.972547116,821395.972547116,650,215,300,0,0
821395.972547116,821455.972547116,650,215,300,0,0
821455.972547116,821515.972547116,650,215,300,0,0
821515.972547116,821575.972547116,650,215,300,0,0
821575.972547116,821635.972547116,650,215,300,0,0
821635.972547116,821695.972547116,650,215,300,0,0
821695.972547116,821755.972547116,650,215,300,0,0
821755.972547116,821815.972547116,650,215,300,0,0
821815.972547116,821875.972547116,650,215,300,0,0
821875.972547116,821935.972547116,650,215,300,0,0
821935.972547116,821995.972547116,650,215,300,0,0
821995.972547116,822055.972547116,650,215,300,0,0
822055.972547116,822115.972547116,650,215,300,0,0
822115.972547116,822175.972547116,650,215,300,0,0
822175.972547116,822235.972547116,650,215,300,0,0
822235.972547116,822295.972547116,650,215,300,0,0
822295.972547116,822355.972547116,650,215,300,0,0
822355.972547116,822415.972547116,650,215,300,0,0
822415.972547116,822475.972547116,650,215,300,0,0
822475.972547116,822477.124380297,650,215,300,0,0
822477.124380297,822537.124380297,0,215,296.018518518519,0,0
822537.124380297,822597.124380297,0,215,292.037037037037,0,0
822597.124380297,822657.124380297,0,215,288.055555555556,0,0
822657.124380297,822717.124380297,0,215,284.074074074074,0,0
822717.124380297,822777.124380297,0,215,280.092592592593,0,0
822777.124380297,822837.124380297,0,215,276.111111111111,0,0
822837.124380297,822897.124380297,0,215,272.12962962963,0,0
822897.124380297,822957.124380297,0,215,268.148148148148,0,0
822957.124380297,823017.124380297,0,215,264.166666666667,0,0
823017.124380297,823077.124380297,0,215,260.185185185185,0,0
823077.124380297,823137.124380297,0,215,256.203703703704,0,0
823137.124380297,823197.124380297,0,215,252.222222222222,0,0
823197.124380297,823257.124380297,0,215,248.240740740741,0,0
823257.124380297,823317.124380297,0,215,244.259259259259,0,0
823317.124380297,823377.124380297,0,215,240.277777777778,0,0
823377.124380297,823437.124380297,0,215,236.296296296296,0,0
823437.124380297,823497.124380297,0,215,232.314814814815,0,0
823497.124380297,823557.124380297,0,215,228.333333333333,0,0
823557.124380297,823617.124380297,0,215,224.351851851852,0,0
823617.124380297,823677.124380297,0,215,220.37037037037,0,0
823677.124380297,823737.124380297,0,215,216.388888888889,0,0
823737.124380297,823797.124380297,0,215,212.407407407407,0,0
823797.124380297,823857.124380297,0,215,208.425925925926,0,0
823857.124380297,823917.124380297,0,215,204.444444444444,0,0
823917.124380297,823977.124380297,0,215,200.462962962963,0,0
823977.124380297,824037.124380297,0,215,196.481481481481,0,0
824037.124380297,824097.124380297,0,215,192.5,0,0
824097.124380297,824157.124380297,0,215,188.518518518518,0,0
824157.124380297,824217.124380297,0,215,184.537037037037,0,0
824217.124380297,824277.124380297,0,215,180.555555555555,0,0
824277.124380297,824337.124380297,0,215,176.574074074074,0,0
824337.124380297,824397.124380297,0,215,172.592592592592,0,0
824397.124380297,824457.124380297,0,215,168.611111111111,0,0
824457.124380297,824517.124380297,0,215,164.629629629629,0,0
824517.124380297,824577.124380297,0,215,160.648148148148,0,0
824577.124380297,824613.81352895,0,215,158.213528715869,0,0
824613.81352895,824673.81352895,650,215,164.213528715869,0,0
824673.81352895,824733.81352895,650,215,170.213528715869,0,0
824733.81352895,824793.81352895,650,215,176.213528715869,0,0
824793.81352895,824853.81352895,650,215,182.213528715869,0,0
824853.81352895,824913.81352895,650,215,188.213528715869,0,0
824913.81352895,824973.81352895,650,215,194.213528715869,0,0
824973.81352895,825033.81352895,650,215,200.213528715869,0,0
825033.81352895,825093.81352895,650,215,206.213528715869,0,0
825093.81352895,825153.81352895,650,215,212.213528715869,0,0
825153.81352895,825213.81352895,650,215,218.213528715869,0,0
825213.81352895,825273.81352895,650,215,224.213528715869,0,0
825273.81352895,825333.81352895,650,215,230.213528715869,0,0
825333.81352895,825393.81352895,650,215,236.213528715869,0,0
825393.81352895,825453.81352895,650,215,242.213528715869,0,0
825453.81352895,825513.81352895,650,215,248.213528715869,0,0
825513.81352895,825573.81352895,650,215,254.213528715869,0,0
825573.81352895,825633.81352895,650,215,260.213528715869,0,0
825633.81352895,825693.81352895,650,215,266.213528715869,0,0
825693.81352895,825753.81352895,650,215,272.213528715869,0,0
825753.81352895,825813.81352895,650,215,278.213528715869,0,0
825813.81352895,825873.81352895,650,215,284.213528715869,0,0
825873.81352895,825933.81352895,650,215,290.213528715869,0,0
825933.81352895,825993.81352895,650,215,296.213528715869,0,0
825993.81352895,826053.81352895,650,215,300,0,0
826053.81352895,826113.81352895,650,215,300,0,0
826113.81352895,826173.81352895,650,215,300,0,0
826173.81352895,826233.81352895,650,215,300,0,0
826233.81352895,826293.81352895,650,215,300,0,0
826293.81352895,826353.81352895,650,215,300,0,0
826353.81352895,826413.81352895,650,215,300,0,0
826413.81352895,826414.965362131,650,215,300,0,0
826414.965362131,826474.965362131,650,215,300,0,0
826474.965362131,826534.965362131,650,215,300,0,0
826534.965362131,826594.965362131,650,215,300,0,0
826594.965362131,826654.965362131,650,215,300,0,0
826654.965362131,826714.965362131,650,215,300,0,0
826714.965362131,826774.965362131,650,215,300,0,0
826774.965362131,826834.965362131,650,215,300,0,0
826834.965362131,826894.965362131,650,215,300,0,0
826894.965362131,826954.965362131,650,215,300,0,0
826954.965362131,827014.965362131,650,215,300,0,0
827014.965362131,827074.965362131,650,215,300,0,0
827074.965362131,827134.965362131,650,215,300,0,0
827134.965362131,827194.965362131,650,215,300,0,0
827194.965362131,827254.965362131,650,215,300,0,0
827254.965362131,827314.965362131,650,215,300,0,0
827314.965362131,827374.965362131,650,215,300,0,0
827374.965362131,827434.965362131,650,215,300,0,0
827434.965362131,827494.965362131,650,215,300,0,0
827494.965362131,827554.965362131,650,215,300,0,0
827554.965362131,827614.965362131,650,215,300,0,0
827614.965362131,827674.965362131,650,215,300,0,0
827674.965362131,827734.965362131,650,215,300,0,0
827734.965362131,827794.965362131,650,215,300,0,0
827794.965362131,827854.965362131,650,215,300,0,0
827854.965362131,827914.965362131,650,215,300,0,0
827914.965362131,827974.965362131,650,215,300,0,0
827974.965362131,828034.965362131,650,215,300,0,0
828034.965362131,828094.965362131,650,215,300,0,0
828094.965362131,828154.965362131,650,215,300,0,0
828154.965362131,828214.965362131,650,215,300,0,0
828214.965362131,828216.117195311,650,215,300,0,0
828216.117195311,828276.117195311,0,215,296.018518518519,0,0
828276.117195311,828336.117195311,0,215,292.037037037037,0,0
828336.117195311,828396.117195311,0,215,288.055555555556,0,0
828396.117195311,828456.117195311,0,215,284.074074074074,0,0
828456.117195311,828516.117195311,0,215,280.092592592593,0,0
828516.117195311,828576.117195311,0,215,276.111111111111,0,0
828576.117195311,828636.117195311,0,215,272.12962962963,0,0
828636.117195311,828696.117195311,0,215,268.148148148148,0,0
828696.117195311,828756.117195311,0,215,264.166666666667,0,0
828756.117195311,828816.117195311,0,215,260.185185185185,0,0
828816.117195311,828876.117195311,0,215,256.203703703704,0,0
828876.117195311,828936.117195311,0,215,252.222222222222,0,0
828936.117195311,828996.117195311,0,215,248.240740740741,0,0
828996.117195311,829056.117195311,0,215,244.259259259259,0,0
829056.117195311,829116.117195311,0,215,240.277777777778,0,0
829116.117195311,829176.117195311,0,215,236.296296296296,0,0
829176.117195311,829236.117195311,0,215,232.314814814815,0,0
829236.117195311,829296.117195311,0,215,228.333333333333,0,0
829296.117195311,829356.117195311,0,215,224.351851851852,0,0
829356.117195311,829416.117195311,0,215,220.37037037037,0,0
829416.117195311,829476.117195311,0,215,216.388888888889,0,0
829476.117195311,829536.117195311,0,215,212.407407407407,0,0
829536.117195311,829596.117195311,0,215,208.425925925926,0,0
829596.117195311,829656.117195311,0,215,204.444444444444,0,0
829656.117195311,829716.117195311,0,215,200.462962962963,0,0
829716.117195311,829776.117195311,0,215,196.481481481481,0,0
829776.117195311,829836.117195311,0,215,192.5,0,0
829836.117195311,829896.117195311,0,215,188.518518518518,0,0
829896.117195311,829956.117195311,0,215,184.537037037037,0,0
829956.117195311,830016.117195311,0,215,180.555555555555,0,0
830016.117195311,830076.117195311,0,215,176.574074074074,0,0
830076.117195311,830136.117195311,0,215,172.592592592592,0,0
830136.117195311,830196.117195311,0,215,168.611111111111,0,0
830196.117195311,830256.117195311,0,215,164.629629629629,0,0
830256.117195311,830316.117195311,0,215,160.648148148148,0,0
830316.117195311,830352.806343965,0,215,158.213528715869,0,0
830352.806343965,830412.806343965,650,215,164.213528715869,0,0
830412.806343965,830472.806343965,650,215,170.213528715869,0,0
830472.806343965,830532.806343965,650,215,176.213528715869,0,0
830532.806343965,830592.806343965,650,215,182.213528715869,0,0
830592.806343965,830652.806343965,650,215,188.213528715869,0,0
830652.806343965,830712.806343965,650,215,194.213528715869,0,0
830712.806343965,830772.806343965,650,215,200.213528715869,0,0
830772.806343965,830832.806343965,650,215,206.213528715869,0,0
830832.806343965,830892.806343965,650,215,212.213528715869,0,0
830892.806343965,830952.806343965,650,215,218.213528715869,0,0
830952.806343965,831012.806343965,650,215,224.213528715869,0,0
831012.806343965,831072.806343965,650,215,230.213528715869,0,0
831072.806343965,831132.806343965,650,215,236.213528715869,0,0
831132.806343965,831192.806343965,650,215,242.213528715869,0,0
831192.806343965,831252.806343965,650,215,248.213528715869,0,0
831252.806343965,831312.806343965,650,215,254.213528715869,0,0
831312.806343965,831372.806343965,650,215,260.213528715869,0,0
831372.806343965,831432.806343965,650,215,266.213528715869,0,0
831432.806343965,831492.806343965,650,215,272.213528715869,0,0
831492.806343965,831552.806343965,650,215,278.213528715869,0,0
831552.806343965,831612.806343965,650,215,284.213528715869,0,0
831612.806343965,831672.806343965,650,215,290.213528715869,0,0
831672.806343965,831732.806343965,650,215,296.213528715869,0,0
831732.806343965,831792.806343965,650,215,300,0,0
831792.806343965,831852.806343965,650,215,300,0,0
831852.806343965,831912.806343965,650,215,300,0,0
831912.806343965,831972.806343965,650,215,300,0,0
831972.806343965,832032.806343965,650,215,300,0,0
832032.806343965,832092.806343965,650,215,300,0,0
832092.806343965,832152.806343965,650,215,300,0,0
832152.806343965,832153.958177146,650,215,300,0,0
832153.958177146,832213.958177146,650,215,300,0,0
832213.958177146,832273.958177146,650,215,300,0,0
832273.958177146,832333.958177146,650,215,300,0,0
832333.958177146,832393.958177146,650,215,300,0,0
832393.958177146,832453.958177146,650,215,300,0,0
832453.958177146,832513.958177146,650,215,300,0,0
832513.958177146,832573.958177146,650,215,300,0,0
832573.958177146,832633.958177146,650,215,300,0,0
832633.958177146,832693.958177146,650,215,300,0,0
832693.958177146,832753.958177146,650,215,300,0,0
832753.958177146,832813.958177146,650,215,300,0,0
832813.958177146,832873.958177146,650,215,300,0,0
832873.958177146,832933.958177146,650,215,300,0,0
832933.958177146,832993.958177146,650,215,300,0,0
832993.958177146,833053.958177146,650,215,300,0,0
833053.958177146,833113.958177146,650,215,300,0,0
833113.958177146,833173.958177146,650,215,300,0,0
833173.958177146,833233.958177146,650,215,300,0,0
833233.958177146,833293.958177146,650,215,300,0,0
833293.958177146,833353.958177146,650,215,300,0,0
833353.958177146,833413.958177146,650,215,300,0,0
833413.958177146,833473.958177146,650,215,300,0,0
833473.958177146,833533.958177146,650,215,300,0,0
833533.958177146,833593.958177146,650,215,300,0,0
833593.958177146,833653.958177146,650,215,300,0,0
833653.958177146,833713.958177146,650,215,300,0,0
833713.958177146,833773.958177146,650,215,300,0,0
833773.958177146,833833.958177146,650,215,300,0,0
833833.958177146,833893.958177146,650,215,300,0,0
833893.958177146,833953.958177146,650,215,300,0,0
833953.958177146,833955.110010326,650,215,300,0,0
833955.110010326,834015.110010326,0,215,296.018518518519,0,0
834015.110010326,834075.110010326,0,215,292.037037037037,0,0
834075.110010326,834135.110010326,0,215,288.055555555556,0,0
834135.110010326,834195.110010326,0,215,284.074074074074,0,0
834195.110010326,834255.110010326,0,215,280.092592592593,0,0
834255.110010326,834315.110010326,0,215,276.111111111111,0,0
834315.110010326,834375.110010326,0,215,272.12962962963,0,0
834375.110010326,834435.110010326,0,215,268.148148148148,0,0
834435.110010326,834495.110010326,0,215,264.166666666667,0,0
834495.110010326,834555.110010326,0,215,260.185185185185,0,0
834555.110010326,834615.110010326,0,215,256.203703703704,0,0
834615.110010326,834675.110010326,0,215,252.222222222222,0,0
834675.110010326,834735.110010326,0,215,248.240740740741,0,0
834735.110010326,834795.110010326,0,215,244.259259259259,0,0
834795.110010326,834855.110010326,0,215,240.277777777778,0,0
834855.110010326,834915.110010326,0,215,236.296296296296,0,0
834915.110010326,834975.110010326,0,215,232.314814814815,0,0
834975.110010326,835035.110010326,0,215,228.333333333333,0,0
835035.110010326,835095.110010326,0,215,224.351851851852,0,0
835095.110010326,835155.110010326,0,215,220.37037037037,0,0
835155.110010326,835215.110010326,0,215,216.388888888889,0,0
835215.110010326,835275.110010326,0,215,212.407407407407,0,0
835275.110010326,835335.110010326,0,215,208.425925925926,0,0
835335.110010326,835395.110010326,0,215,204.444444444444,0,0
835395.110010326,835455.110010326,0,215,200.462962962963,0,0
835455.110010326,835515.110010326,0,215,196.481481481481,0,0
835515.110010326,835575.110010326,0,215,192.5,0,0
835575.110010326,835635.110010326,0,215,188.518518518518,0,0
835635.110010326,835695.110010326,0,215,184.537037037037,0,0
835695.110010326,835755.110010326,0,215,180.555555555555,0,0
835755.110010326,835815.110010326,0,215,176.574074074074,0,0
835815.110010326,835875.110010326,0,215,172.592592592592,0,0
835875.110010326,835935.110010326,0,215,168.611111111111,0,0
835935.110010326,835995.110010326,0,215,164.629629629629,0,0
835995.110010326,836055.110010326,0,215,160.648148148148,0,0
836055.110010326,836091.79915898,0,215,158.213528715869,0,0
836091.79915898,836151.79915898,650,215,164.213528715869,0,0
836151.79915898,836211.79915898,650,215,170.213528715869,0,0
836211.79915898,836271.79915898,650,215,176.213528715869,0,0
836271.79915898,836331.79915898,650,215,182.213528715869,0,0
836331.79915898,836391.79915898,650,215,188.213528715869,0,0
836391.79915898,836451.79915898,650,215,194.213528715869,0,0
836451.79915898,836511.79915898,650,215,200.213528715869,0,0
836511.79915898,836571.79915898,650,215,206.213528715869,0,0
836571.79915898,836631.79915898,650,215,212.213528715869,0,0
836631.79915898,836691.79915898,650,215,218.213528715869,0,0
836691.79915898,836751.79915898,650,215,224.213528715869,0,0
836751.79915898,836811.79915898,650,215,230.213528715869,0,0
836811.79915898,836871.79915898,650,215,236.213528715869,0,0
836871.79915898,836931.79915898,650,215,242.213528715869,0,0
836931.79915898,836991.79915898,650,215,248.213528715869,0,0
836991.79915898,837051.79915898,650,215,254.213528715869,0,0
837051.79915898,837111.79915898,650,215,260.213528715869,0,0
837111.79915898,837171.79915898,650,215,266.213528715869,0,0
837171.79915898,837231.79915898,650,215,272.213528715869,0,0
837231.79915898,837291.79915898,650,215,278.213528715869,0,0
837291.79915898,837351.79915898,650,215,284.213528715869,0,0
837351.79915898,837411.79915898,650,215,290.213528715869,0,0
837411.79915898,837471.79915898,650,215,296.213528715869,0,0
837471.79915898,837531.79915898,650,215,300,0,0
837531.79915898,837591.79915898,650,215,300,0,0
837591.79915898,837651.79915898,650,215,300,0,0
837651.79915898,837711.79915898,650,215,300,0,0
837711.79915898,837771.79915898,650,215,300,0,0
837771.79915898,837831.79915898,650,215,300,0,0
837831.79915898,837891.79915898,650,215,300,0,0
837891.79915898,837892.95099216,650,215,300,0,0
837892.95099216,837952.95099216,650,215,300,0,0
837952.95099216,838012.95099216,650,215,300,0,0
838012.95099216,838072.95099216,650,215,300,0,0
838072.95099216,838132.95099216,650,215,300,0,0
838132.95099216,838192.95099216,650,215,300,0,0
838192.95099216,838252.95099216,650,215,300,0,0
838252.95099216,838312.95099216,650,215,300,0,0
838312.95099216,838372.95099216,650,215,300,0,0
838372.95099216,838432.95099216,650,215,300,0,0
838432.95099216,838492.95099216,650,215,300,0,0
838492.95099216,838552.95099216,650,215,300,0,0
838552.95099216,838612.95099216,650,215,300,0,0
838612.95099216,838672.95099216,650,215,300,0,0
838672.95099216,838732.95099216,650,215,300,0,0
838732.95099216,838792.95099216,650,215,300,0,0
838792.95099216,838852.95099216,650,215,300,0,0
838852.95099216,838912.95099216,650,215,300,0,0
838912.95099216,838972.95099216,650,215,300,0,0
838972.95099216,839032.95099216,650,215,300,0,0
839032.95099216,839092.95099216,650,215,300,0,0
839092.95099216,839152.95099216,650,215,300,0,0
839152.95099216,839212.95099216,650,215,300,0,0
839212.95099216,839272.95099216,650,215,300,0,0
839272.95099216,839332.95099216,650,215,300,0,0
839332.95099216,839392.95099216,650,215,300,0,0
839392.95099216,839452.95099216,650,215,300,0,0
839452.95099216,839512.95099216,650,215,300,0,0
839512.95099216,839572.95099216,650,215,300,0,0
839572.95099216,839632.95099216,650,215,300,0,0
839632.95099216,839692.95099216,650,215,300,0,0
839692.95099216,839694.102825341,650,215,300,0,0
839694.102825341,839754.102825341,0,215,296.018518518519,0,0
839754.102825341,839814.102825341,0,215,292.037037037037,0,0
839814.102825341,839874.102825341,0,215,288.055555555556,0,0
839874.102825341,839934.102825341,0,215,284.074074074074,0,0
839934.102825341,839994.102825341,0,215,280.092592592593,0,0
839994.102825341,840054.102825341,0,215,276.111111111111,0,0
840054.102825341,840114.102825341,0,215,272.12962962963,0,0
840114.102825341,840174.102825341,0,215,268.148148148148,0,0
840174.102825341,840234.102825341,0,215,264.166666666667,0,0
840234.102825341,840294.102825341,0,215,260.185185185185,0,0
840294.102825341,840354.102825341,0,215,256.203703703704,0,0
840354.102825341,840414.102825341,0,215,252.222222222222,0,0
840414.102825341,840474.102825341,0,215,248.240740740741,0,0
840474.102825341,840534.102825341,0,215,244.259259259259,0,0
840534.102825341,840594.102825341,0,215,240.277777777778,0,0
840594.102825341,840654.102825341,0,215,236.296296296296,0,0
840654.102825341,840714.102825341,0,215,232.314814814815,0,0
840714.102825341,840774.102825341,0,215,228.333333333333,0,0
840774.102825341,840834.102825341,0,215,224.351851851852,0,0
840834.102825341,840894.102825341,0,215,220.37037037037,0,0
840894.102825341,840954.102825341,0,215,216.388888888889,0,0
840954.102825341,841014.102825341,0,215,212.407407407407,0,0
841014.102825341,841074.102825341,0,215,208.425925925926,0,0
841074.102825341,841134.102825341,0,215,204.444444444444,0,0
841134.102825341,841194.102825341,0,215,200.462962962963,0,0
841194.102825341,841254.102825341,0,215,196.481481481481,0,0
841254.102825341,841314.102825341,0,215,192.5,0,0
841314.102825341,841374.102825341,0,215,188.518518518518,0,0
841374.102825341,841434.102825341,0,215,184.537037037037,0,0
841434.102825341,841494.102825341,0,215,180.555555555555,0,0
841494.102825341,841554.102825341,0,215,176.574074074074,0,0
841554.102825341,841614.102825341,0,215,172.592592592592,0,0
841614.102825341,841674.102825341,0,215,168.611111111111,0,0
841674.102825341,841734.102825341,0,215,164.629629629629,0,0
841734.102825341,841794.102825341,0,215,160.648148148148,0,0
841794.102825341,841830.791973995,0,215,158.213528715869,0,0
841830.791973995,841890.791973995,650,215,164.213528715869,0,0
841890.791973995,841950.791973995,650,215,170.213528715869,0,0
841950.791973995,842010.791973995,650,215,176.213528715869,0,0
842010.791973995,842070.791973995,650,215,182.213528715869,0,0
842070.791973995,842130.791973995,650,215,188.213528715869,0,0
842130.791973995,842190.791973995,650,215,194.213528715869,0,0
842190.791973995,842250.791973995,650,215,200.213528715869,0,0
842250.791973995,842310.791973995,650,215,206.213528715869,0,0
842310.791973995,842370.791973995,650,215,212.213528715869,0,0
842370.791973995,842430.791973995,650,215,218.213528715869,0,0
842430.791973995,842490.791973995,650,215,224.213528715869,0,0
842490.791973995,842550.791973995,650,215,230.213528715869,0,0
842550.791973995,842610.791973995,650,215,236.213528715869,0,0
842610.791973995,842670.791973995,650,215,242.213528715869,0,0
842670.791973995,842730.791973995,650,215,248.213528715869,0,0
842730.791973995,842790.791973995,650,215,254.213528715869,0,0
842790.791973995,842850.791973995,650,215,260.213528715869,0,0
842850.791973995,842910.791973995,650,215,266.213528715869,0,0
842910.791973995,842970.791973995,650,215,272.213528715869,0,0
842970.791973995,843030.791973995,650,215,278.213528715869,0,0
843030.791973995,843090.791973995,650,215,284.213528715869,0,0
843090.791973995,843150.791973995,650,215,290.213528715869,0,0
843150.791973995,843210.791973995,650,215,296.213528715869,0,0
843210.791973995,843270.791973995,650,215,300,0,0
843270.791973995,843330.791973995,650,215,300,0,0
843330.791973995,843390.791973995,650,215,300,0,0
843390.791973995,843450.791973995,650,215,300,0,0
843450.791973995,843510.791973995,650,215,300,0,0
843510.791973995,843570.791973995,650,215,300,0,0
843570.791973995,843630.791973995,650,215,300,0,0
843630.791973995,843631.943807175,650,215,300,0,0
843631.943807175,843691.943807175,650,215,300,0,0
843691.943807175,843751.943807175,650,215,300,0,0
843751.943807175,843811.943807175,650,215,300,0,0
843811.943807175,843871.943807175,650,215,300,0,0
843871.943807175,843931.943807175,650,215,300,0,0
843931.943807175,843991.943807175,650,215,300,0,0
843991.943807175,844051.943807175,650,215,300,0,0
844051.943807175,844111.943807175,650,215,300,0,0
844111.943807175,844171.943807175,650,215,300,0,0
844171.943807175,844231.943807175,650,215,300,0,0
844231.943807175,844291.943807175,650,215,300,0,0
844291.943807175,844351.943807175,650,215,300,0,0
844351.943807175,844411.943807175,650,215,300,0,0
844411.943807175,844471.943807175,650,215,300,0,0
844471.943807175,844531.943807175,650,215,300,0,0
844531.943807175,844591.943807175,650,215,300,0,0
844591.943807175,844651.943807175,650,215,300,0,0
844651.943807175,844711.943807175,650,215,300,0,0
844711.943807175,844771.943807175,650,215,300,0,0
844771.943807175,844831.943807175,650,215,300,0,0
844831.943807175,844891.943807175,650,215,300,0,0
844891.943807175,844951.943807175,650,215,300,0,0
844951.943807175,845011.943807175,650,215,300,0,0
845011.943807175,845071.943807175,650,215,300,0,0
845071.943807175,845131.943807175,650,215,300,0,0
845131.943807175,845191.943807175,650,215,300,0,0
845191.943807175,845251.943807175,650,215,300,0,0
845251.943807175,845311.943807175,650,215,300,0,0
845311.943807175,845371.943807175,650,215,300,0,0
845371.943807175,845431.943807175,650,215,300,0,0
845431.943807175,845433.095640356,650,215,300,0,0
845433.095640356,845493.095640356,0,215,296.018518518519,0,0
845493.095640356,845553.095640356,0,215,292.037037037037,0,0
845553.095640356,845613.095640356,0,215,288.055555555556,0,0
845613.095640356,845673.095640356,0,215,284.074074074074,0,0
845673.095640356,845733.095640356,0,215,280.092592592593,0,0
845733.095640356,845793.095640356,0,215,276.111111111111,0,0
845793.095640356,845853.095640356,0,215,272.12962962963,0,0
845853.095640356,845913.095640356,0,215,268.148148148148,0,0
845913.095640356,845973.095640356,0,215,264.166666666667,0,0
845973.095640356,846033.095640356,0,215,260.185185185185,0,0
846033.095640356,846093.095640356,0,215,256.203703703704,0,0
846093.095640356,846153.095640356,0,215,252.222222222222,0,0
846153.095640356,846213.095640356,0,215,248.240740740741,0,0
846213.095640356,846273.095640356,0,215,244.259259259259,0,0
846273.095640356,846333.095640356,0,215,240.277777777778,0,0
846333.095640356,846393.095640356,0,215,236.296296296296,0,0
846393.095640356,846453.095640356,0,215,232.314814814815,0,0
846453.095640356,846513.095640356,0,215,228.333333333333,0,0
846513.095640356,846573.095640356,0,215,224.351851851852,0,0
846573.095640356,846633.095640356,0,215,220.37037037037,0,0
846633.095640356,846693.095640356,0,215,216.388888888889,0,0
846693.095640356,846753.095640356,0,215,212.407407407407,0,0
846753.095640356,846813.095640356,0,215,208.425925925926,0,0
846813.095640356,846873.095640356,0,215,204.444444444444,0,0
846873.095640356,846933.095640356,0,215,200.462962962963,0,0
846933.095640356,846993.095640356,0,215,196.481481481481,0,0
846993.095640356,847053.095640356,0,215,192.5,0,0
847053.095640356,847113.095640356,0,215,188.518518518518,0,0
847113.095640356,847173.095640356,0,215,184.537037037037,0,0
847173.095640356,847233.095640356,0,215,180.555555555555,0,0
847233.095640356,847293.095640356,0,215,176.574074074074,0,0
847293.095640356,847353.095640356,0,215,172.592592592592,0,0
847353.095640356,847413.095640356,0,215,168.611111111111,0,0
847413.095640356,847473.095640356,0,215,164.629629629629,0,0
847473.095640356,847533.095640356,0,215,160.648148148148,0,0
847533.095640356,847569.78478901,0,215,158.213528715869,0,0
847569.78478901,847629.78478901,650,215,164.213528715869,0,0
847629.78478901,847689.78478901,650,215,170.213528715869,0,0
847689.78478901,847749.78478901,650,215,176.213528715869,0,0
847749.78478901,847809.78478901,650,215,182.213528715869,0,0
847809.78478901,847869.78478901,650,215,188.213528715869,0,0
847869.78478901,847929.78478901,650,215,194.213528715869,0,0
847929.78478901,847989.78478901,650,215,200.213528715869,0,0
847989.78478901,848049.78478901,650,215,206.213528715869,0,0
848049.78478901,848109.78478901,650,215,212.213528715869,0,0
848109.78478901,848169.78478901,650,215,218.213528715869,0,0
848169.78478901,848229.78478901,650,215,224.213528715869,0,0
848229.78478901,848289.78478901,650,215,230.213528715869,0,0
848289.78478901,848349.78478901,650,215,236.213528715869,0,0
848349.78478901,848409.78478901,650,215,242.213528715869,0,0
848409.78478901,848469.78478901,650,215,248.213528715869,0,0
848469.78478901,848529.78478901,650,215,254.213528715869,0,0
848529.78478901,848589.78478901,650,215,260.213528715869,0,0
848589.78478901,848649.78478901,650,215,266.213528715869,0,0
848649.78478901,848709.78478901,650,215,272.213528715869,0,0
848709.78478901,848769.78478901,650,215,278.213528715869,0,0
848769.78478901,848829.78478901,650,215,284.213528715869,0,0
848829.78478901,848889.78478901,650,215,290.213528715869,0,0
848889.78478901,848949.78478901,650,215,296.213528715869,0,0
848949.78478901,849009.78478901,650,215,300,0,0
849009.78478901,849069.78478901,650,215,300,0,0
849069.78478901,849129.78478901,650,215,300,0,0
849129.78478901,849189.78478901,650,215,300,0,0
849189.78478901,849249.78478901,650,215,300,0,0
849249.78478901,849309.78478901,650,215,300,0,0
849309.78478901,849369.78478901,650,215,300,0,0
849369.78478901,849370.93662219,650,215,300,0,0
849370.93662219,849430.93662219,650,215,300,0,0
849430.93662219,849490.93662219,650,215,300,0,0
849490.93662219,849550.93662219,650,215,300,0,0
849550.93662219,849610.93662219,650,215,300,0,0
849610.93662219,849670.93662219,650,215,300,0,0
849670.93662219,849730.93662219,650,215,300,0,0
849730.93662219,849790.93662219,650,215,300,0,0
849790.93662219,849850.93662219,650,215,300,0,0
849850.93662219,849910.93662219,650,215,300,0,0
849910.93662219,849970.93662219,650,215,300,0,0
849970.93662219,850030.93662219,650,215,300,0,0
850030.93662219,850090.93662219,650,215,300,0,0
850090.93662219,850150.93662219,650,215,300,0,0
850150.93662219,850210.93662219,650,215,300,0,0
850210.93662219,850270.93662219,650,215,300,0,0
850270.93662219,850330.93662219,650,215,300,0,0
850330.93662219,850390.93662219,650,215,300,0,0
850390.93662219,850450.93662219,650,215,300,0,0
850450.93662219,850510.93662219,650,215,300,0,0
850510.93662219,850570.93662219,650,215,300,0,0
850570.93662219,850630.93662219,650,215,300,0,0
850630.93662219,850690.93662219,650,215,300,0,0
850690.93662219,850750.93662219,650,215,300,0,0
850750.93662219,850810.93662219,650,215,300,0,0
850810.93662219,850870.93662219,650,215,300,0,0
850870.93662219,850930.93662219,650,215,300,0,0
850930.93662219,850990.93662219,650,215,300,0,0
850990.93662219,851050.93662219,650,215,300,0,0
851050.93662219,851110.93662219,650,215,300,0,0
851110.93662219,851170.93662219,650,215,300,0,0
851170.93662219,851172.088455371,650,215,300,0,0
851172.088455371,851232.088455371,0,215,296.018518518519,0,0
851232.088455371,851292.088455371,0,215,292.037037037037,0,0
851292.088455371,851352.088455371,0,215,288.055555555556,0,0
851352.088455371,851412.088455371,0,215,284.074074074074,0,0
851412.088455371,851472.088455371,0,215,280.092592592593,0,0
851472.088455371,851532.088455371,0,215,276.111111111111,0,0
851532.088455371,851592.088455371,0,215,272.12962962963,0,0
851592.088455371,851652.088455371,0,215,268.148148148148,0,0
851652.088455371,851712.088455371,0,215,264.166666666667,0,0
851712.088455371,851772.088455371,0,215,260.185185185185,0,0
851772.088455371,851832.088455371,0,215,256.203703703704,0,0
851832.088455371,851892.088455371,0,215,252.222222222222,0,0
851892.088455371,851952.088455371,0,215,248.240740740741,0,0
851952.088455371,852012.088455371,0,215,244.259259259259,0,0
852012.088455371,852072.088455371,0,215,240.277777777778,0,0
852072.088455371,852132.088455371,0,215,236.296296296296,0,0
852132.088455371,852192.088455371,0,215,232.314814814815,0,0
852192.088455371,852252.088455371,0,215,228.333333333333,0,0
852252.088455371,852312.088455371,0,215,224.351851851852,0,0
852312.088455371,852372.088455371,0,215,220.37037037037,0,0
852372.088455371,852432.088455371,0,215,216.388888888889,0,0
852432.088455371,852492.088455371,0,215,212.407407407407,0,0
852492.088455371,852552.088455371,0,215,208.425925925926,0,0
852552.088455371,852612.088455371,0,215,204.444444444444,0,0
852612.088455371,852672.088455371,0,215,200.462962962963,0,0
852672.088455371,852732.088455371,0,215,196.481481481481,0,0
852732.088455371,852792.088455371,0,215,192.5,0,0
852792.088455371,852852.088455371,0,215,188.518518518518,0,0
852852.088455371,852912.088455371,0,215,184.537037037037,0,0
852912.088455371,852972.088455371,0,215,180.555555555555,0,0
852972.088455371,853032.088455371,0,215,176.574074074074,0,0
853032.088455371,853092.088455371,0,215,172.592592592592,0,0
853092.088455371,853152.088455371,0,215,168.611111111111,0,0
853152.088455371,853212.088455371,0,215,164.629629629629,0,0
853212.088455371,853272.088455371,0,215,160.648148148148,0,0
853272.088455371,853308.777604024,0,215,158.213528715869,0,0
853308.777604024,853368.777604024,650,215,164.213528715869,0,0
853368.777604024,853428.777604024,650,215,170.213528715869,0,0
853428.777604024,853488.777604024,650,215,176.213528715869,0,0
853488.777604024,853548.777604024,650,215,182.213528715869,0,0
853548.777604024,853608.777604024,650,215,188.213528715869,0,0
853608.777604024,853668.777604024,650,215,194.213528715869,0,0
853668.777604024,853728.777604024,650,215,200.213528715869,0,0
853728.777604024,853788.777604024,650,215,206.213528715869,0,0
853788.777604024,853848.777604024,650,215,212.213528715869,0,0
853848.777604024,853908.777604024,650,215,218.213528715869,0,0
853908.777604024,853968.777604024,650,215,224.213528715869,0,0
853968.777604024,854028.777604024,650,215,230.213528715869,0,0
854028.777604024,854088.777604024,650,215,236.213528715869,0,0
854088.777604024,854148.777604024,650,215,242.213528715869,0,0
854148.777604024,854208.777604024,650,215,248.213528715869,0,0
854208.777604024,854268.777604024,650,215,254.213528715869,0,0
854268.777604024,854328.777604024,650,215,260.213528715869,0,0
854328.777604024,854388.777604024,650,215,266.213528715869,0,0
854388.777604024,854448.777604024,650,215,272.213528715869,0,0
854448.777604024,854508.777604024,650,215,278.213528715869,0,0
854508.777604024,854568.777604024,650,215,284.213528715869,0,0
854568.777604024,854628.777604024,650,215,290.213528715869,0,0
854628.777604024,854688.777604024,650,215,296.213528715869,0,0
854688.777604024,854748.777604024,650,215,300,0,0
854748.777604024,854808.777604024,650,215,300,0,0
854808.777604024,854868.777604024,650,215,300,0,0
854868.777604024,854928.777604024,650,215,300,0,0
854928.777604024,854988.777604024,650,215,300,0,0
854988.777604024,855048.777604024,650,215,300,0,0
855048.777604024,855108.777604024,650,215,300,0,0
855108.777604024,855109.929437205,650,215,300,0,0
855109.929437205,855169.929437205,650,215,300,0,0
855169.929437205,855229.929437205,650,215,300,0,0
855229.929437205,855289.929437205,650,215,300,0,0
855289.929437205,855349.929437205,650,215,300,0,0
855349.929437205,855409.929437205,650,215,300,0,0
855409.929437205,855469.929437205,650,215,300,0,0
855469.929437205,855529.929437205,650,215,300,0,0
855529.929437205,855589.929437205,650,215,300,0,0
855589.929437205,855649.929437205,650,215,300,0,0
855649.929437205,855709.929437205,650,215,300,0,0
855709.929437205,855769.929437205,650,215,300,0,0
855769.929437205,855829.929437205,650,215,300,0,0
855829.929437205,855889.929437205,650,215,300,0,0
855889.929437205,855949.929437205,650,215,300,0,0
855949.929437205,856009.929437205,650,215,300,0,0
856009.929437205,856069.929437205,650,215,300,0,0
856069.929437205,856129.929437205,650,215,300,0,0
856129.929437205,856189.929437205,650,215,300,0,0
856189.929437205,856249.929437205,650,215,300,0,0
856249.929437205,856309.929437205,650,215,300,0,0
856309.929437205,856369.929437205,650,215,300,0,0
856369.929437205,856429.929437205,650,215,300,0,0
856429.929437205,856489.929437205,650,215,300,0,0
856489.929437205,856549.929437205,650,215,300,0,0
856549.929437205,856609.929437205,650,215,300,0,0
856609.929437205,856669.929437205,650,215,300,0,0
856669.929437205,856729.929437205,650,215,300,0,0
856729.929437205,856789.929437205,650,215,300,0,0
856789.929437205,856849.929437205,650,215,300,0,0
856849.929437205,856909.929437205,650,215,300,0,0
856909.929437205,856911.081270385,650,215,300,0,0
856911.081270385,856971.081270385,0,215,296.018518518519,0,0
856971.081270385,857031.081270385,0,215,292.037037037037,0,0
857031.081270385,857091.081270385,0,215,288.055555555556,0,0
857091.081270385,857151.081270385,0,215,284.074074074074,0,0
857151.081270385,857211.081270385,0,215,280.092592592593,0,0
857211.081270385,857271.081270385,0,215,276.111111111111,0,0
857271.081270385,857331.081270385,0,215,272.12962962963,0,0
857331.081270385,857391.081270385,0,215,268.148148148148,0,0
857391.081270385,857451.081270385,0,215,264.166666666667,0,0
857451.081270385,857511.081270385,0,215,260.185185185185,0,0
857511.081270385,857571.081270385,0,215,256.203703703704,0,0
857571.081270385,857631.081270385,0,215,252.222222222222,0,0
857631.081270385,857691.081270385,0,215,248.240740740741,0,0
857691.081270385,857751.081270385,0,215,244.259259259259,0,0
857751.081270385,857811.081270385,0,215,240.277777777778,0,0
857811.081270385,857871.081270385,0,215,236.296296296296,0,0
857871.081270385,857931.081270385,0,215,232.314814814815,0,0
857931.081270385,857991.081270385,0,215,228.333333333333,0,0
857991.081270385,858051.081270385,0,215,224.351851851852,0,0
858051.081270385,858111.081270385,0,215,220.37037037037,0,0
858111.081270385,858171.081270385,0,215,216.388888888889,0,0
858171.081270385,858231.081270385,0,215,212.407407407407,0,0
858231.081270385,858291.081270385,0,215,208.425925925926,0,0
858291.081270385,858351.081270385,0,215,204.444444444444,0,0
858351.081270385,858411.081270385,0,215,200.462962962963,0,0
858411.081270385,858471.081270385,0,215,196.481481481481,0,0
858471.081270385,858531.081270385,0,215,192.5,0,0
858531.081270385,858591.081270385,0,215,188.518518518518,0,0
858591.081270385,858651.081270385,0,215,184.537037037037,0,0
858651.081270385,858711.081270385,0,215,180.555555555555,0,0
858711.081270385,858771.081270385,0,215,176.574074074074,0,0
858771.081270385,858831.081270385,0,215,172.592592592592,0,0
858831.081270385,858891.081270385,0,215,168.611111111111,0,0
858891.081270385,858951.081270385,0,215,164.629629629629,0,0
858951.081270385,859011.081270385,0,215,160.648148148148,0,0
859011.081270385,859047.770419039,0,215,158.213528715869,0,0
859047.770419039,859107.770419039,650,215,164.213528715869,0,0
859107.770419039,859167.770419039,650,215,170.213528715869,0,0
859167.770419039,859227.770419039,650,215,176.213528715869,0,0
859227.770419039,859287.770419039,650,215,182.213528715869,0,0
859287.770419039,859347.770419039,650,215,188.213528715869,0,0
859347.770419039,859407.770419039,650,215,194.213528715869,0,0
859407.770419039,859467.770419039,650,215,200.213528715869,0,0
859467.770419039,859527.770419039,650,215,206.213528715869,0,0
859527.770419039,859587.770419039,650,215,212.213528715869,0,0
859587.770419039,859647.770419039,650,215,218.213528715869,0,0
859647.770419039,859707.770419039,650,215,224.213528715869,0,0
859707.770419039,859767.770419039,650,215,230.213528715869,0,0
859767.770419039,859827.770419039,650,215,236.213528715869,0,0
859827.770419039,859887.770419039,650,215,242.213528715869,0,0
859887.770419039,859947.770419039,650,215,248.213528715869,0,0
859947.770419039,860007.770419039,650,215,254.213528715869,0,0
860007.770419039,860067.770419039,650,215,260.213528715869,0,0
860067.770419039,860127.770419039,650,215,266.213528715869,0,0
860127.770419039,860187.770419039,650,215,272.213528715869,0,0
860187.770419039,860247.770419039,650,215,278.213528715869,0,0
860247.770419039,860307.770419039,650,215,284.213528715869,0,0
860307.770419039,860367.770419039,650,215,290.213528715869,0,0
860367.770419039,860427.770419039,650,215,296.213528715869,0,0
860427.770419039,860487.770419039,650,215,300,0,0
860487.770419039,860547.770419039,650,215,300,0,0
860547.770419039,860607.770419039,650,215,300,0,0
860607.770419039,860667.770419039,650,215,300,0,0
860667.770419039,860727.770419039,650,215,300,0,0
860727.770419039,860787.770419039,650,215,300,0,0
860787.770419039,860847.770419039,650,215,300,0,0
860847.770419039,860848.92225222,650,215,300,0,0
860848.92225222,860908.92225222,650,215,300,0,0
860908.92225222,860968.92225222,650,215,300,0,0
860968.92225222,861028.92225222,650,215,300,0,0
861028.92225222,861088.92225222,650,215,300,0,0
861088.92225222,861148.92225222,650,215,300,0,0
861148.92225222,861208.92225222,650,215,300,0,0
861208.92225222,861268.92225222,650,215,300,0,0
861268.92225222,861328.92225222,650,215,300,0,0
861328.92225222,861388.92225222,650,215,300,0,0
861388.92225222,861448.92225222,650,215,300,0,0
861448.92225222,861508.92225222,650,215,300,0,0
861508.92225222,861568.92225222,650,215,300,0,0
861568.92225222,861628.92225222,650,215,300,0,0
861628.92225222,861688.92225222,650,215,300,0,0
861688.92225222,861748.92225222,650,215,300,0,0
861748.92225222,861808.92225222,650,215,300,0,0
861808.92225222,861868.92225222,650,215,300,0,0
861868.92225222,861928.92225222,650,215,300,0,0
861928.92225222,861988.92225222,650,215,300,0,0
861988.92225222,862048.92225222,650,215,300,0,0
862048.92225222,862108.92225222,650,215,300,0,0
862108.92225222,862168.92225222,650,215,300,0,0
862168.92225222,862228.92225222,650,215,300,0,0
862228.92225222,862288.92225222,650,215,300,0,0
862288.92225222,862348.92225222,650,215,300,0,0
862348.92225222,862408.92225222,650,215,300,0,0
862408.92225222,862468.92225222,650,215,300,0,0
862468.92225222,862528.92225222,650,215,300,0,0
862528.92225222,862588.92225222,650,215,300,0,0
862588.92225222,862648.92225222,650,215,300,0,0
862648.92225222,862650.0740854,650,215,300,0,0
862650.0740854,862710.0740854,0,215,296.018518518519,0,0
862710.0740854,862770.0740854,0,215,292.037037037037,0,0
862770.0740854,862830.0740854,0,215,288.055555555556,0,0
862830.0740854,862890.0740854,0,215,284.074074074074,0,0
862890.0740854,862950.0740854,0,215,280.092592592593,0,0
862950.0740854,863010.0740854,0,215,276.111111111111,0,0
863010.0740854,863070.0740854,0,215,272.12962962963,0,0
863070.0740854,863130.0740854,0,215,268.148148148148,0,0
863130.0740854,863190.0740854,0,215,264.166666666667,0,0
863190.0740854,863250.0740854,0,215,260.185185185185,0,0
863250.0740854,863310.0740854,0,215,256.203703703704,0,0
863310.0740854,863370.0740854,0,215,252.222222222222,0,0
863370.0740854,863430.0740854,0,215,248.240740740741,0,0
863430.0740854,863490.0740854,0,215,244.259259259259,0,0
863490.0740854,863550.0740854,0,215,240.277777777778,0,0
863550.0740854,863610.0740854,0,215,236.296296296296,0,0
863610.0740854,863670.0740854,0,215,232.314814814815,0,0
863670.0740854,863730.0740854,0,215,228.333333333333,0,0
863730.0740854,863790.0740854,0,215,224.351851851852,0,0
863790.0740854,863850.0740854,0,215,220.37037037037,0,0
863850.0740854,863910.0740854,0,215,216.388888888889,0,0
863910.0740854,863970.0740854,0,215,212.407407407407,0,0
863970.0740854,864030.0740854,0,215,208.425925925926,0,0
864030.0740854,864090.0740854,0,215,204.444444444444,0,0
864090.0740854,864150.0740854,0,215,200.462962962963,0,0
864150.0740854,864210.0740854,0,215,196.481481481481,0,0
864210.0740854,864270.0740854,0,215,192.5,0,0
864270.0740854,864330.0740854,0,215,188.518518518518,0,0
864330.0740854,864390.0740854,0,215,184.537037037037,0,0
864390.0740854,864450.0740854,0,215,180.555555555555,0,0
864450.0740854,864510.0740854,0,215,176.574074074074,0,0
864510.0740854,864570.0740854,0,215,172.592592592592,0,0
864570.0740854,864630.0740854,0,215,168.611111111111,0,0
864630.0740854,864690.0740854,0,215,164.629629629629,0,0
864690.0740854,864750.0740854,0,215,160.648148148148,0,0
864750.0740854,864786.763234054,0,215,158.213528715869,0,0
864786.763234054,864846.763234054,650,215,164.213528715869,0,0
864846.763234054,864906.763234054,650,215,170.213528715869,0,0
864906.763234054,864966.763234054,650,215,176.213528715869,0,0
864966.763234054,865026.763234054,650,215,182.213528715869,0,0
865026.763234054,865086.763234054,650,215,188.213528715869,0,0
865086.763234054,865146.763234054,650,215,194.213528715869,0,0
865146.763234054,865206.763234054,650,215,200.213528715869,0,0
865206.763234054,865266.763234054,650,215,206.213528715869,0,0
865266.763234054,865326.763234054,650,215,212.213528715869,0,0
865326.763234054,865386.763234054,650,215,218.213528715869,0,0
865386.763234054,865446.763234054,650,215,224.213528715869,0,0
865446.763234054,865506.763234054,650,215,230.213528715869,0,0
865506.763234054,865566.763234054,650,215,236.213528715869,0,0
865566.763234054,865626.763234054,650,215,242.213528715869,0,0
865626.763234054,865686.763234054,650,215,248.213528715869,0,0
865686.763234054,865746.763234054,650,215,254.213528715869,0,0
865746.763234054,865806.763234054,650,215,260.213528715869,0,0
865806.763234054,865866.763234054,650,215,266.213528715869,0,0
865866.763234054,865926.763234054,650,215,272.213528715869,0,0
865926.763234054,865986.763234054,650,215,278.213528715869,0,0
865986.763234054,866046.763234054,650,215,284.213528715869,0,0
866046.763234054,866106.763234054,650,215,290.213528715869,0,0
866106.763234054,866166.763234054,650,215,296.213528715869,0,0
866166.763234054,866226.763234054,650,215,300,0,0
866226.763234054,866286.763234054,650,215,300,0,0
866286.763234054,866346.763234054,650,215,300,0,0
866346.763234054,866406.763234054,650,215,300,0,0
866406.763234054,866466.763234054,650,215,300,0,0
866466.763234054,866526.763234054,650,215,300,0,0
866526.763234054,866586.763234054,650,215,300,0,0
866586.763234054,866587.915067235,650,215,300,0,0
866587.915067235,866647.915067235,650,215,300,0,0
866647.915067235,866707.915067235,650,215,300,0,0
866707.915067235,866767.915067235,650,215,300,0,0
866767.915067235,866827.915067235,650,215,300,0,0
866827.915067235,866887.915067235,650,215,300,0,0
866887.915067235,866947.915067235,650,215,300,0,0
866947.915067235,867007.915067235,650,215,300,0,0
867007.915067235,867067.915067235,650,215,300,0,0
867067.915067235,867127.915067235,650,215,300,0,0
867127.915067235,867187.915067235,650,215,300,0,0
867187.915067235,867247.915067235,650,215,300,0,0
867247.915067235,867307.915067235,650,215,300,0,0
867307.915067235,867367.915067235,650,215,300,0,0
867367.915067235,867427.915067235,650,215,300,0,0
867427.915067235,867487.915067235,650,215,300,0,0
867487.915067235,867547.915067235,650,215,300,0,0
867547.915067235,867607.915067235,650,215,300,0,0
867607.915067235,867667.915067235,650,215,300,0,0
867667.915067235,867727.915067235,650,215,300,0,0
867727.915067235,867787.915067235,650,215,300,0,0
867787.915067235,867847.915067235,650,215,300,0,0
867847.915067235,867907.915067235,650,215,300,0,0
867907.915067235,867967.915067235,650,215,300,0,0
867967.915067235,868027.915067235,650,215,300,0,0
868027.915067235,868087.915067235,650,215,300,0,0
868087.915067235,868147.915067235,650,215,300,0,0
868147.915067235,868207.915067235,650,215,300,0,0
868207.915067235,868267.915067235,650,215,300,0,0
868267.915067235,868327.915067235,650,215,300,0,0
868327.915067235,868387.915067235,650,215,300,0,0
868387.915067235,868389.066900415,650,215,300,0,0
868389.066900415,868449.066900415,0,215,296.018518518519,0,0
868449.066900415,868509.066900415,0,215,292.037037037037,0,0
868509.066900415,868569.066900415,0,215,288.055555555556,0,0
868569.066900415,868629.066900415,0,215,284.074074074074,0,0
868629.066900415,868689.066900415,0,215,280.092592592593,0,0
868689.066900415,868749.066900415,0,215,276.111111111111,0,0
868749.066900415,868809.066900415,0,215,272.12962962963,0,0
868809.066900415,868869.066900415,0,215,268.148148148148,0,0
868869.066900415,868929.066900415,0,215,264.166666666667,0,0
868929.066900415,868989.066900415,0,215,260.185185185185,0,0
868989.066900415,869049.066900415,0,215,256.203703703704,0,0
869049.066900415,869109.066900415,0,215,252.222222222222,0,0
869109.066900415,869169.066900415,0,215,248.240740740741,0,0
869169.066900415,869229.066900415,0,215,244.259259259259,0,0
869229.066900415,869289.066900415,0,215,240.277777777778,0,0
869289.066900415,869349.066900415,0,215,236.296296296296,0,0
869349.066900415,869409.066900415,0,215,232.314814814815,0,0
869409.066900415,869469.066900415,0,215,228.333333333333,0,0
869469.066900415,869529.066900415,0,215,224.351851851852,0,0
869529.066900415,869589.066900415,0,215,220.37037037037,0,0
869589.066900415,869649.066900415,0,215,216.388888888889,0,0
869649.066900415,869709.066900415,0,215,212.407407407407,0,0
869709.066900415,869769.066900415,0,215,208.425925925926,0,0
869769.066900415,869829.066900415,0,215,204.444444444444,0,0
869829.066900415,869889.066900415,0,215,200.462962962963,0,0
869889.066900415,869949.066900415,0,215,196.481481481481,0,0
869949.066900415,870009.066900415,0,215,192.5,0,0
870009.066900415,870069.066900415,0,215,188.518518518518,0,0
870069.066900415,870129.066900415,0,215,184.537037037037,0,0
870129.066900415,870189.066900415,0,215,180.555555555555,0,0
870189.066900415,870249.066900415,0,215,176.574074074074,0,0
870249.066900415,870309.066900415,0,215,172.592592592592,0,0
870309.066900415,870369.066900415,0,215,168.611111111111,0,0
870369.066900415,870429.066900415,0,215,164.629629629629,0,0
870429.066900415,870489.066900415,0,215,160.648148148148,0,0
870489.066900415,870525.756049069,0,215,158.213528715869,0,0
870525.756049069,870585.756049069,650,215,164.213528715869,0,0
870585.756049069,870645.756049069,650,215,170.213528715869,0,0
870645.756049069,870705.756049069,650,215,176.213528715869,0,0
870705.756049069,870765.756049069,650,215,182.213528715869,0,0
870765.756049069,870825.756049069,650,215,188.213528715869,0,0
870825.756049069,870885.756049069,650,215,194.213528715869,0,0
870885.756049069,870945.756049069,650,215,200.213528715869,0,0
870945.756049069,871005.756049069,650,215,206.213528715869,0,0
871005.756049069,871065.756049069,650,215,212.213528715869,0,0
871065.756049069,871125.756049069,650,215,218.213528715869,0,0
871125.756049069,871185.756049069,650,215,224.213528715869,0,0
871185.756049069,871245.756049069,650,215,230.213528715869,0,0
871245.756049069,871305.756049069,650,215,236.213528715869,0,0
871305.756049069,871365.756049069,650,215,242.213528715869,0,0
871365.756049069,871425.756049069,650,215,248.213528715869,0,0
871425.756049069,871485.756049069,650,215,254.213528715869,0,0
871485.756049069,871545.756049069,650,215,260.213528715869,0,0
871545.756049069,871605.756049069,650,215,266.213528715869,0,0
871605.756049069,871665.756049069,650,215,272.213528715869,0,0
871665.756049069,871725.756049069,650,215,278.213528715869,0,0
871725.756049069,871785.756049069,650,215,284.213528715869,0,0
871785.756049069,871845.756049069,650,215,290.213528715869,0,0
871845.756049069,871905.756049069,650,215,296.213528715869,0,0
871905.756049069,871965.756049069,650,215,300,0,0
871965.756049069,872025.756049069,650,215,300,0,0
872025.756049069,872085.756049069,650,215,300,0,0
872085.756049069,872145.756049069,650,215,300,0,0
872145.756049069,872205.756049069,650,215,300,0,0
872205.756049069,872265.756049069,650,215,300,0,0
872265.756049069,872325.756049069,650,215,300,0,0
872325.756049069,872326.907882249,650,215,300,0,0
872326.907882249,872386.907882249,650,215,300,0,0
872386.907882249,872446.907882249,650,215,300,0,0
872446.907882249,872506.907882249,650,215,300,0,0
872506.907882249,872566.907882249,650,215,300,0,0
872566.907882249,872626.907882249,650,215,300,0,0
872626.907882249,872686.907882249,650,215,300,0,0
872686.907882249,872746.907882249,650,215,300,0,0
872746.907882249,872806.907882249,650,215,300,0,0
872806.907882249,872866.907882249,650,215,300,0,0
872866.907882249,872926.907882249,650,215,300,0,0
872926.907882249,872986.907882249,650,215,300,0,0
872986.907882249,873046.907882249,650,215,300,0,0
873046.907882249,873106.907882249,650,215,300,0,0
873106.907882249,873166.907882249,650,215,300,0,0
873166.907882249,873226.907882249,650,215,300,0,0
873226.907882249,873286.907882249,650,215,300,0,0
873286.907882249,873346.907882249,650,215,300,0,0
873346.907882249,873406.907882249,650,215,300,0,0
873406.907882249,873466.907882249,650,215,300,0,0
873466.907882249,873526.907882249,650,215,300,0,0
873526.907882249,873586.907882249,650,215,300,0,0
873586.907882249,873646.907882249,650,215,300,0,0
873646.907882249,873706.907882249,650,215,300,0,0
873706.907882249,873766.907882249,650,215,300,0,0
873766.907882249,873826.907882249,650,215,300,0,0
873826.907882249,873886.907882249,650,215,300,0,0
873886.907882249,873946.907882249,650,215,300,0,0
873946.907882249,874006.907882249,650,215,300,0,0
874006.907882249,874066.907882249,650,215,300,0,0
874066.907882249,874126.907882249,650,215,300,0,0
874126.907882249,874128.05971543,650,215,300,0,0
874128.05971543,874188.05971543,0,215,296.018518518519,0,0
874188.05971543,874248.05971543,0,215,292.037037037037,0,0
874248.05971543,874308.05971543,0,215,288.055555555556,0,0
874308.05971543,874368.05971543,0,215,284.074074074074,0,0
874368.05971543,874428.05971543,0,215,280.092592592593,0,0
874428.05971543,874488.05971543,0,215,276.111111111111,0,0
874488.05971543,874548.05971543,0,215,272.12962962963,0,0
874548.05971543,874608.05971543,0,215,268.148148148148,0,0
874608.05971543,874668.05971543,0,215,264.166666666667,0,0
874668.05971543,874728.05971543,0,215,260.185185185185,0,0
874728.05971543,874788.05971543,0,215,256.203703703704,0,0
874788.05971543,874848.05971543,0,215,252.222222222222,0,0
874848.05971543,874908.05971543,0,215,248.240740740741,0,0
874908.05971543,874968.05971543,0,215,244.259259259259,0,0
874968.05971543,875028.05971543,0,215,240.277777777778,0,0
875028.05971543,875088.05971543,0,215,236.296296296296,0,0
875088.05971543,875148.05971543,0,215,232.314814814815,0,0
875148.05971543,875208.05971543,0,215,228.333333333333,0,0
875208.05971543,875268.05971543,0,215,224.351851851852,0,0
875268.05971543,875328.05971543,0,215,220.37037037037,0,0
875328.05971543,875388.05971543,0,215,216.388888888889,0,0
875388.05971543,875448.05971543,0,215,212.407407407407,0,0
875448.05971543,875508.05971543,0,215,208.425925925926,0,0
875508.05971543,875568.05971543,0,215,204.444444444444,0,0
875568.05971543,875628.05971543,0,215,200.462962962963,0,0
875628.05971543,875688.05971543,0,215,196.481481481481,0,0
875688.05971543,875748.05971543,0,215,192.5,0,0
875748.05971543,875808.05971543,0,215,188.518518518518,0,0
875808.05971543,875868.05971543,0,215,184.537037037037,0,0
875868.05971543,875928.05971543,0,215,180.555555555555,0,0
875928.05971543,875988.05971543,0,215,176.574074074074,0,0
875988.05971543,876048.05971543,0,215,172.592592592592,0,0
876048.05971543,876108.05971543,0,215,168.611111111111,0,0
876108.05971543,876168.05971543,0,215,164.629629629629,0,0
876168.05971543,876228.05971543,0,215,160.648148148148,0,0
876228.05971543,876264.748864084,0,215,158.213528715869,0,0
876264.748864084,876324.748864084,650,215,164.213528715869,0,0
876324.748864084,876384.748864084,650,215,170.213528715869,0,0
876384.748864084,876444.748864084,650,215,176.213528715869,0,0
876444.748864084,876504.748864084,650,215,182.213528715869,0,0
876504.748864084,876564.748864084,650,215,188.213528715869,0,0
876564.748864084,876624.748864084,650,215,194.213528715869,0,0
876624.748864084,876684.748864084,650,215,200.213528715869,0,0
876684.748864084,876744.748864084,650,215,206.213528715869,0,0
876744.748864084,876804.748864084,650,215,212.213528715869,0,0
876804.748864084,876864.748864084,650,215,218.213528715869,0,0
876864.748864084,876924.748864084,650,215,224.213528715869,0,0
876924.748864084,876984.748864084,650,215,230.213528715869,0,0
876984.748864084,877044.748864084,650,215,236.213528715869,0,0
877044.748864084,877104.748864084,650,215,242.213528715869,0,0
877104.748864084,877164.748864084,650,215,248.213528715869,0,0
877164.748864084,877224.748864084,650,215,254.213528715869,0,0
877224.748864084,877284.748864084,650,215,260.213528715869,0,0
877284.748864084,877344.748864084,650,215,266.213528715869,0,0
877344.748864084,877404.748864084,650,215,272.213528715869,0,0
877404.748864084,877464.748864084,650,215,278.213528715869,0,0
877464.748864084,877524.748864084,650,215,284.213528715869,0,0
877524.748864084,877584.748864084,650,215,290.213528715869,0,0
877584.748864084,877644.748864084,650,215,296.213528715869,0,0
877644.748864084,877704.748864084,650,215,300,0,0
877704.748864084,877764.748864084,650,215,300,0,0
877764.748864084,877824.748864084,650,215,300,0,0
877824.748864084,877884.748864084,650,215,300,0,0
877884.748864084,877944.748864084,650,215,300,0,0
877944.748864084,878004.748864084,650,215,300,0,0
878004.748864084,878064.748864084,650,215,300,0,0
878064.748864084,878065.900697264,650,215,300,0,0
878065.900697264,878125.900697264,650,215,300,0,0
878125.900697264,878185.900697264,650,215,300,0,0
878185.900697264,878245.900697264,650,215,300,0,0
878245.900697264,878305.900697264,650,215,300,0,0
878305.900697264,878365.900697264,650,215,300,0,0
878365.900697264,878425.900697264,650,215,300,0,0
878425.900697264,878485.900697264,650,215,300,0,0
878485.900697264,878545.900697264,650,215,300,0,0
878545.900697264,878605.900697264,650,215,300,0,0
878605.900697264,878665.900697264,650,215,300,0,0
878665.900697264,878725.900697264,650,215,300,0,0
878725.900697264,878785.900697264,650,215,300,0,0
878785.900697264,878845.900697264,650,215,300,0,0
878845.900697264,878905.900697264,650,215,300,0,0
878905.900697264,878965.900697264,650,215,300,0,0
878965.900697264,879025.900697264,650,215,300,0,0
879025.900697264,879085.900697264,650,215,300,0,0
879085.900697264,879145.900697264,650,215,300,0,0
879145.900697264,879205.900697264,650,215,300,0,0
879205.900697264,879265.900697264,650,215,300,0,0
879265.900697264,879325.900697264,650,215,300,0,0
879325.900697264,879385.900697264,650,215,300,0,0
879385.900697264,879445.900697264,650,215,300,0,0
879445.900697264,879505.900697264,650,215,300,0,0
879505.900697264,879565.900697264,650,215,300,0,0
879565.900697264,879625.900697264,650,215,300,0,0
879625.900697264,879685.900697264,650,215,300,0,0
879685.900697264,879745.900697264,650,215,300,0,0
879745.900697264,879805.900697264,650,215,300,0,0
879805.900697264,879865.900697264,650,215,300,0,0
879865.900697264,879867.052530445,650,215,300,0,0
879867.052530445,879927.052530445,0,215,296.018518518519,0,0
879927.052530445,879987.052530445,0,215,292.037037037037,0,0
879987.052530445,880047.052530445,0,215,288.055555555556,0,0
880047.052530445,880107.052530445,0,215,284.074074074074,0,0
880107.052530445,880167.052530445,0,215,280.092592592593,0,0
880167.052530445,880227.052530445,0,215,276.111111111111,0,0
880227.052530445,880287.052530445,0,215,272.12962962963,0,0
880287.052530445,880347.052530445,0,215,268.148148148148,0,0
880347.052530445,880407.052530445,0,215,264.166666666667,0,0
880407.052530445,880467.052530445,0,215,260.185185185185,0,0
880467.052530445,880527.052530445,0,215,256.203703703704,0,0
880527.052530445,880587.052530445,0,215,252.222222222222,0,0
880587.052530445,880647.052530445,0,215,248.240740740741,0,0
880647.052530445,880707.052530445,0,215,244.259259259259,0,0
880707.052530445,880767.052530445,0,215,240.277777777778,0,0
880767.052530445,880827.052530445,0,215,236.296296296296,0,0
880827.052530445,880887.052530445,0,215,232.314814814815,0,0
880887.052530445,880947.052530445,0,215,228.333333333333,0,0
880947.052530445,881007.052530445,0,215,224.351851851852,0,0
881007.052530445,881067.052530445,0,215,220.37037037037,0,0
881067.052530445,881127.052530445,0,215,216.388888888889,0,0
881127.052530445,881187.052530445,0,215,212.407407407407,0,0
881187.052530445,881247.052530445,0,215,208.425925925926,0,0
881247.052530445,881307.052530445,0,215,204.444444444444,0,0
881307.052530445,881367.052530445,0,215,200.462962962963,0,0
881367.052530445,881427.052530445,0,215,196.481481481481,0,0
881427.052530445,881487.052530445,0,215,192.5,0,0
881487.052530445,881547.052530445,0,215,188.518518518518,0,0
881547.052530445,881607.052530445,0,215,184.537037037037,0,0
881607.052530445,881667.052530445,0,215,180.555555555555,0,0
881667.052530445,881727.052530445,0,215,176.574074074074,0,0
881727.052530445,881787.052530445,0,215,172.592592592592,0,0
881787.052530445,881847.052530445,0,215,168.611111111111,0,0
881847.052530445,881907.052530445,0,215,164.629629629629,0,0
881907.052530445,881967.052530445,0,215,160.648148148148,0,0
881967.052530445,882003.741679098,0,215,158.213528715869,0,0
882003.741679098,882063.741679098,650,215,164.213528715869,0,0
882063.741679098,882121.716802465,650,215,170.011041052526,0,0
