start_s,end_s,generation_W,load_W,batteryEnd_Wh,unmet_Wh,thrustOn
0,60,650,560,241.35,0,1
60,120,650,560,242.7,0,1
120,180,650,560,244.05,0,1
180,240,650,560,245.4,0,1
240,300,650,560,246.75,0,1
300,360,650,560,248.1,0,1
360,420,650,560,249.45,0,1
420,480,650,560,250.8,0,1
480,540,650,560,252.15,0,1
540,600,650,560,253.5,0,1
600,660,650,560,254.85,0,1
660,720,650,560,256.2,0,1
720,780,650,560,257.55,0,1
780,840,650,560,258.9,0,1
840,900,650,560,260.25,0,1
900,960,650,560,261.6,0,1
960,1020,650,560,262.95,0,1
1020,1080,650,560,264.3,0,1
1080,1140,650,560,265.65,0,1
1140,1200,650,560,267,0,1
1200,1260,650,560,268.35,0,1
1260,1320,650,560,269.7,0,1
1320,1380,650,560,271.05,0,1
1380,1440,650,560,272.4,0,1
1440,1500,650,560,273.75,0,1
1500,1560,650,560,275.1,0,1
1560,1620,650,560,276.45,0,1
1620,1680,650,560,277.8,0,1
1680,1740,650,560,279.15,0,1
1740,1800,650,560,280.5,0,1
1800,1801.15183318044,650,560,280.52591624656,0,1
1801.15183318044,1861.15183318044,0,560,270.15554587619,0,1
1861.15183318044,1921.15183318044,0,560,259.78517550582,0,1
1921.15183318044,1981.15183318044,0,560,249.414805135449,0,1
1981.15183318044,2041.15183318044,0,560,239.044434765079,0,1
2041.15183318044,2101.15183318044,0,560,228.674064394709,0,1
2101.15183318044,2161.15183318044,0,560,218.303694024338,0,1
2161.15183318044,2221.15183318044,0,230,214.044434765079,0,0
2221.15183318044,2281.15183318044,0,230,209.78517550582,0,0
2281.15183318044,2341.15183318044,0,230,205.52591624656,0,0
2341.15183318044,2401.15183318044,0,230,201.266656987301,0,0
2401.15183318044,2461.15183318044,0,230,197.007397728042,0,0
2461.15183318044,2521.15183318044,0,230,192.748138468783,0,0
2521.15183318044,2581.15183318044,0,230,188.488879209523,0,0
2581.15183318044,2641.15183318044,0,230,184.229619950264,0,0
2641.15183318044,2701.15183318044,0,230,179.970360691005,0,0
2701.15183318044,2761.15183318044,0,230,175.711101431745,0,0
2761.15183318044,2821.15183318044,0,230,171.451842172486,0,0
2821.15183318044,2869.4964075074,0,230,168.019974241869,0,0
2869.4964075074,2929.4964075074,0,230,163.76071498261,0,0
2929.4964075074,2989.4964075074,0,230,159.501455723351,0,0
2989.4964075074,3049.4964075074,0,230,155.242196464091,0,0
3049.4964075074,3109.4964075074,0,230,150.982937204832,0,0
3109.4964075074,3169.4964075074,0,230,146.723677945573,0,0
3169.4964075074,3229.4964075074,0,230,142.464418686313,0,0
3229.4964075074,3289.4964075074,0,230,138.205159427054,0,0
3289.4964075074,3349.4964075074,0,230,133.945900167795,0,0
3349.4964075074,3409.4964075074,0,230,129.686640908536,0,0
3409.4964075074,3469.4964075074,0,230,125.427381649276,0,0
3469.4964075074,3529.4964075074,0,230,121.168122390017,0,0
3529.4964075074,3589.4964075074,0,230,116.908863130758,0,0
3589.4964075074,3649.4964075074,0,230,112.649603871499,0,0
3649.4964075074,3709.4964075074,0,230,108.390344612239,0,0
3709.4964075074,3769.4964075074,0,230,104.13108535298,0,0
3769.4964075074,3829.4964075074,0,230,99.8718260937208,0,0
3829.4964075074,3889.4964075074,0,230,95.6125668344615,0,0
3889.4964075074,3937.84098183435,0,230,92.1806989038444,0,0
3937.84098183435,3997.84098183435,650,230,98.1806989038444,0,0
3997.84098183435,4057.84098183435,650,230,104.180698903844,0,0
4057.84098183435,4117.84098183435,650,230,110.180698903844,0,0
4117.84098183435,4177.84098183435,650,230,116.180698903844,0,0
4177.84098183435,4237.84098183435,650,230,122.180698903844,0,0
4237.84098183435,4297.84098183435,650,230,128.180698903844,0,0
4297.84098183435,4357.84098183435,650,230,134.180698903844,0,0
4357.84098183435,4417.84098183435,650,230,140.180698903844,0,0
4417.84098183435,4477.84098183435,650,230,146.180698903844,0,0
4477.84098183435,4537.84098183435,650,230,152.180698903844,0,0
4537.84098183435,4597.84098183435,650,230,158.180698903844,0,0
4597.84098183435,4657.84098183435,650,230,164.180698903844,0,0
4657.84098183435,4717.84098183435,650,230,170.180698903844,0,0
4717.84098183435,4777.84098183435,650,230,176.180698903844,0,0
4777.84098183435,4837.84098183435,650,230,182.180698903844,0,0
4837.84098183435,4897.84098183435,650,230,188.180698903844,0,0
4897.84098183435,4957.84098183435,650,230,194.180698903844,0,0
4957.84098183435,5017.84098183435,650,230,200.180698903844,0,0
5017.84098183435,5077.84098183435,650,230,206.180698903844,0,0
5077.84098183435,5137.84098183435,650,230,212.180698903844,0,0
5137.84098183435,5197.84098183435,650,230,218.180698903844,0,0
5197.84098183435,5257.84098183435,650,230,224.180698903844,0,0
5257.84098183435,5317.84098183435,650,230,230.180698903844,0,0
5317.84098183435,5377.84098183435,650,230,236.180698903844,0,0
5377.84098183435,5437.84098183435,650,230,242.180698903844,0,0
5437.84098183435,5497.84098183435,650,230,248.180698903844,0,0
5497.84098183435,5557.84098183435,650,230,254.180698903844,0,0
5557.84098183435,5617.84098183435,650,230,260.180698903844,0,0
5617.84098183435,5677.84098183435,650,230,266.180698903844,0,0
5677.84098183435,5737.84098183435,650,230,272.180698903844,0,0
5737.84098183435,5738.9928150148,650,230,272.295882221889,0,0
5738.9928150148,5798.9928150148,650,560,273.645882221889,0,1
5798.9928150148,5858.9928150148,650,560,274.995882221889,0,1
5858.9928150148,5918.9928150148,650,560,276.345882221889,0,1
5918.9928150148,5978.9928150148,650,560,277.695882221889,0,1
5978.9928150148,6038.9928150148,650,560,279.045882221889,0,1
6038.9928150148,6098.9928150148,650,560,280.395882221889,0,1
6098.9928150148,6158.9928150148,650,560,281.745882221889,0,1
6158.9928150148,6218.9928150148,650,560,283.095882221889,0,1
6218.9928150148,6278.9928150148,650,560,284.445882221889,0,1
6278.9928150148,6338.9928150148,650,560,285.795882221889,0,1
6338.9928150148,6398.9928150148,650,560,287.145882221889,0,1
6398.9928150148,6458.9928150148,650,560,288.495882221889,0,1
6458.9928150148,6518.9928150148,650,560,289.845882221889,0,1
6518.9928150148,6578.9928150148,650,560,291.195882221889,0,1
6578.9928150148,6638.9928150148,650,560,292.545882221889,0,1
6638.9928150148,6698.9928150148,650,560,293.895882221889,0,1
6698.9928150148,6758.9928150148,650,560,295.245882221889,0,1
6758.9928150148,6818.9928150148,650,560,296.595882221889,0,1
6818.9928150148,6878.9928150148,650,560,297.945882221889,0,1
6878.9928150148,6938.9928150148,650,560,299.295882221889,0,1
6938.9928150148,6998.9928150148,650,560,300,0,1
6998.9928150148,7058.9928150148,650,560,300,0,1
7058.9928150148,7118.9928150148,650,560,300,0,1
7118.9928150148,7178.9928150148,650,560,300,0,1
7178.9928150148,7238.9928150148,650,560,300,0,1
7238.9928150148,7298.9928150148,650,560,300,0,1
7298.9928150148,7358.9928150148,650,560,300,0,1
7358.9928150148,7418.9928150148,650,560,300,0,1
7418.9928150148,7478.9928150148,650,560,300,0,1
7478.9928150148,7538.9928150148,650,560,300,0,1
7538.9928150148,7540.14464819524,650,560,300,0,1
7540.14464819524,7600.14464819524,0,560,289.62962962963,0,1
7600.14464819524,7660.14464819524,0,560,279.259259259259,0,1
7660.14464819524,7720.14464819524,0,560,268.888888888889,0,1
7720.14464819524,7780.14464819524,0,560,258.518518518518,0,1
7780.14464819524,7840.14464819524,0,560,248.148148148148,0,1
7840.14464819524,7900.14464819524,0,560,237.777777777778,0,1
7900.14464819524,7960.14464819524,0,560,227.407407407407,0,1
7960.14464819524,8020.14464819524,0,560,217.037037037037,0,1
8020.14464819524,8080.14464819524,0,560,206.666666666667,0,1
8080.14464819524,8140.14464819524,0,230,202.407407407407,0,0
8140.14464819524,8200.14464819524,0,230,198.148148148148,0,0
8200.14464819524,8260.14464819524,0,230,193.888888888889,0,0
8260.14464819524,8320.14464819524,0,230,189.62962962963,0,0
8320.14464819524,8380.14464819524,0,230,185.37037037037,0,0
8380.14464819524,8440.14464819524,0,230,181.111111111111,0,0
8440.14464819524,8500.14464819524,0,230,176.851851851852,0,0
8500.14464819524,8560.14464819524,0,230,172.592592592592,0,0
8560.14464819524,8608.4892225222,0,230,169.160724661975,0,0
8608.4892225222,8668.4892225222,0,230,164.901465402716,0,0
8668.4892225222,8728.4892225222,0,230,160.642206143457,0,0
8728.4892225222,8788.4892225222,0,230,156.382946884197,0,0
8788.4892225222,8848.4892225222,0,230,152.123687624938,0,0
8848.4892225222,8908.4892225222,0,230,147.864428365679,0,0
8908.4892225222,8968.4892225222,0,230,143.60516910642,0,0
8968.4892225222,9028.4892225222,0,230,139.34590984716,0,0
9028.4892225222,9088.4892225222,0,230,135.086650587901,0,0
9088.4892225222,9148.4892225222,0,230,130.827391328642,0,0
9148.4892225222,9208.4892225222,0,230,126.568132069383,0,0
9208.4892225222,9268.4892225222,0,230,122.308872810123,0,0
9268.4892225222,9328.4892225222,0,230,118.049613550864,0,0
9328.4892225222,9388.4892225222,0,230,113.790354291605,0,0
9388.4892225222,9448.4892225222,0,230,109.531095032346,0,0
9448.4892225222,9508.4892225222,0,230,105.271835773086,0,0
9508.4892225222,9568.4892225222,0,230,101.012576513827,0,0
9568.4892225222,9628.4892225222,0,230,96.7533172545677,0,0
9628.4892225222,9676.83379684915,0,230,93.3214493239507,0,0
9676.83379684915,9736.83379684915,650,230,99.3214493239507,0,0
9736.83379684915,9796.83379684915,650,230,105.321449323951,0,0
9796.83379684915,9856.83379684915,650,230,111.321449323951,0,0
9856.83379684915,9916.83379684915,650,230,117.321449323951,0,0
9916.83379684915,9976.83379684915,650,230,123.321449323951,0,0
9976.83379684915,10036.8337968492,650,230,129.321449323951,0,0
10036.8337968492,10096.8337968492,650,230,135.321449323951,0,0
10096.8337968492,10156.8337968492,650,230,141.321449323951,0,0
10156.8337968492,10216.8337968492,650,230,147.321449323951,0,0
10216.8337968492,10276.8337968492,650,230,153.321449323951,0,0
10276.8337968492,10336.8337968492,650,230,159.321449323951,0,0
10336.8337968492,10396.8337968492,650,230,165.321449323951,0,0
10396.8337968492,10456.8337968492,650,230,171.321449323951,0,0
10456.8337968492,10516.8337968492,650,230,177.321449323951,0,0
10516.8337968492,10576.8337968492,650,230,183.321449323951,0,0
10576.8337968492,10636.8337968492,650,230,189.321449323951,0,0
10636.8337968492,10696.8337968492,650,230,195.321449323951,0,0
10696.8337968492,10756.8337968492,650,230,201.321449323951,0,0
10756.8337968492,10816.8337968492,650,230,207.321449323951,0,0
10816.8337968492,10876.8337968492,650,230,213.321449323951,0,0
10876.8337968492,10936.8337968492,650,230,219.321449323951,0,0
10936.8337968492,10996.8337968492,650,230,225.321449323951,0,0
10996.8337968492,11056.8337968492,650,230,231.321449323951,0,0
11056.8337968492,11116.8337968492,650,230,237.321449323951,0,0
11116.8337968492,11176.8337968492,650,230,243.321449323951,0,0
11176.8337968492,11236.8337968492,650,230,249.321449323951,0,0
11236.8337968492,11296.8337968492,650,230,255.321449323951,0,0
11296.8337968492,11356.8337968492,650,230,261.321449323951,0,0
11356.8337968492,11416.8337968492,650,230,267.321449323951,0,0
11416.8337968492,11476.8337968492,650,230,273.321449323951,0,0
11476.8337968492,11477.9856300296,650,230,273.436632641995,0,0
11477.9856300296,11537.9856300296,650,560,274.786632641995,0,1
11537.9856300296,11597.9856300296,650,560,276.136632641995,0,1
11597.9856300296,11657.9856300296,650,560,277.486632641995,0,1
11657.9856300296,11717.9856300296,650,560,278.836632641995,0,1
11717.9856300296,11777.9856300296,650,560,280.186632641995,0,1
11777.9856300296,11837.9856300296,650,560,281.536632641995,0,1
11837.9856300296,11897.9856300296,650,560,282.886632641995,0,1
11897.9856300296,11957.9856300296,650,560,284.236632641995,0,1
11957.9856300296,12017.9856300296,650,560,285.586632641995,0,1
12017.9856300296,12077.9856300296,650,560,286.936632641995,0,1
12077.9856300296,12137.9856300296,650,560,288.286632641995,0,1
12137.9856300296,12197.9856300296,650,560,289.636632641996,0,1
12197.9856300296,12257.9856300296,650,560,290.986632641996,0,1
12257.9856300296,12317.9856300296,650,560,292.336632641996,0,1
12317.9856300296,12377.9856300296,650,560,293.686632641996,0,1
12377.9856300296,12437.9856300296,650,560,295.036632641996,0,1
12437.9856300296,12497.9856300296,650,560,296.386632641996,0,1
12497.9856300296,12557.9856300296,650,560,297.736632641996,0,1
12557.9856300296,12617.9856300296,650,560,299.086632641996,0,1
12617.9856300296,12677.9856300296,650,560,300,0,1
12677.9856300296,12737.9856300296,650,560,300,0,1
12737.9856300296,12797.9856300296,650,560,300,0,1
12797.9856300296,12857.9856300296,650,560,300,0,1
12857.9856300296,12917.9856300296,650,560,300,0,1
12917.9856300296,12977.9856300296,650,560,300,0,1
12977.9856300296,13037.9856300296,650,560,300,0,1
13037.9856300296,13097.9856300296,650,560,300,0,1
13097.9856300296,13157.9856300296,650,560,300,0,1
13157.9856300296,13217.9856300296,650,560,300,0,1
13217.9856300296,13277.9856300296,650,560,300,0,1
13277.9856300296,13279.13746321,650,560,300,0,1
13279.13746321,13339.13746321,0,560,289.62962962963,0,1
13339.13746321,13399.13746321,0,560,279.259259259259,0,1
13399.13746321,13459.13746321,0,560,268.888888888889,0,1
13459.13746321,13519.13746321,0,560,258.518518518518,0,1
13519.13746321,13579.13746321,0,560,248.148148148148,0,1
13579.13746321,13639.13746321,0,560,237.777777777778,0,1
13639.13746321,13699.13746321,0,560,227.407407407407,0,1
13699.13746321,13759.13746321,0,560,217.037037037037,0,1
13759.13746321,13819.13746321,0,560,206.666666666667,0,1
13819.13746321,13879.13746321,0,230,202.407407407407,0,0
13879.13746321,13939.13746321,0,230,198.148148148148,0,0
13939.13746321,13999.13746321,0,230,193.888888888889,0,0
13999.13746321,14059.13746321,0,230,189.62962962963,0,0
14059.13746321,14119.13746321,0,230,185.37037037037,0,0
14119.13746321,14179.13746321,0,230,181.111111111111,0,0
14179.13746321,14239.13746321,0,230,176.851851851852,0,0
14239.13746321,14299.13746321,0,230,172.592592592592,0,0
14299.13746321,14347.482037537,0,230,169.160724661975,0,0
14347.482037537,14407.482037537,0,230,164.901465402716,0,0
14407.482037537,14467.482037537,0,230,160.642206143457,0,0
14467.482037537,14527.482037537,0,230,156.382946884198,0,0
14527.482037537,14587.482037537,0,230,152.123687624938,0,0
14587.482037537,14647.482037537,0,230,147.864428365679,0,0
14647.482037537,14707.482037537,0,230,143.60516910642,0,0
14707.482037537,14767.482037537,0,230,139.345909847161,0,0
14767.482037537,14827.482037537,0,230,135.086650587901,0,0
14827.482037537,14887.482037537,0,230,130.827391328642,0,0
14887.482037537,14947.482037537,0,230,126.568132069383,0,0
14947.482037537,15007.482037537,0,230,122.308872810123,0,0
15007.482037537,15067.482037537,0,230,118.049613550864,0,0
15067.482037537,15127.482037537,0,230,113.790354291605,0,0
15127.482037537,15187.482037537,0,230,109.531095032346,0,0
15187.482037537,15247.482037537,0,230,105.271835773086,0,0
15247.482037537,15307.482037537,0,230,101.012576513827,0,0
15307.482037537,15367.482037537,0,230,96.7533172545679,0,0
15367.482037537,15415.8266118639,0,230,93.3214493239507,0,0
15415.8266118639,15475.8266118639,650,230,99.3214493239507,0,0
15475.8266118639,15535.8266118639,650,230,105.321449323951,0,0
15535.8266118639,15595.8266118639,650,230,111.321449323951,0,0
15595.8266118639,15655.8266118639,650,230,117.321449323951,0,0
15655.8266118639,15715.8266118639,650,230,123.321449323951,0,0
15715.8266118639,15775.8266118639,650,230,129.321449323951,0,0
15775.8266118639,15835.8266118639,650,230,135.321449323951,0,0
15835.8266118639,15895.8266118639,650,230,141.321449323951,0,0
15895.8266118639,15955.8266118639,650,230,147.321449323951,0,0
15955.8266118639,16015.8266118639,650,230,153.321449323951,0,0
16015.8266118639,16075.8266118639,650,230,159.321449323951,0,0
16075.8266118639,16135.8266118639,650,230,165.321449323951,0,0
16135.8266118639,16195.8266118639,650,230,171.321449323951,0,0
16195.8266118639,16255.8266118639,650,230,177.321449323951,0,0
16255.8266118639,16315.8266118639,650,230,183.321449323951,0,0
16315.8266118639,16375.8266118639,650,230,189.321449323951,0,0
16375.8266118639,16435.826611864,650,230,195.321449323951,0,0
16435.826611864,16495.826611864,650,230,201.321449323951,0,0
16495.826611864,16555.826611864,650,230,207.321449323951,0,0
16555.826611864,16615.826611864,650,230,213.321449323951,0,0
16615.826611864,16675.826611864,650,230,219.321449323951,0,0
16675.826611864,16735.826611864,650,230,225.321449323951,0,0
16735.826611864,16795.826611864,650,230,231.321449323951,0,0
16795.826611864,16855.826611864,650,230,237.321449323951,0,0
16855.826611864,16915.826611864,650,230,243.321449323951,0,0
16915.826611864,16975.826611864,650,230,249.321449323951,0,0
16975.826611864,17035.826611864,650,230,255.321449323951,0,0
17035.826611864,17095.826611864,650,230,261.321449323951,0,0
17095.826611864,17155.826611864,650,230,267.321449323951,0,0
17155.826611864,17215.826611864,650,230,273.321449323951,0,0
17215.826611864,17216.9784450444,650,230,273.436632641995,0,0
17216.9784450444,17276.9784450444,650,560,274.786632641995,0,1
17276.9784450444,17336.9784450444,650,560,276.136632641995,0,1
17336.9784450444,17396.9784450444,650,560,277.486632641995,0,1
17396.9784450444,17456.9784450444,650,560,278.836632641995,0,1
17456.9784450444,17516.9784450444,650,560,280.186632641995,0,1
17516.9784450444,17576.9784450444,650,560,281.536632641995,0,1
17576.9784450444,17636.9784450444,650,560,282.886632641995,0,1
17636.9784450444,17696.9784450444,650,560,284.236632641995,0,1
17696.9784450444,17756.9784450444,650,560,285.586632641995,0,1
17756.9784450444,17816.9784450444,650,560,286.936632641995,0,1
17816.9784450444,17876.9784450444,650,560,288.286632641995,0,1
17876.9784450444,17936.9784450444,650,560,289.636632641996,0,1
17936.9784450444,17996.9784450444,650,560,290.986632641996,0,1
17996.9784450444,18056.9784450444,650,560,292.336632641996,0,1
18056.9784450444,18116.9784450444,650,560,293.686632641996,0,1
18116.9784450444,18176.9784450444,650,560,295.036632641996,0,1
18176.9784450444,18236.9784450444,650,560,296.386632641996,0,1
18236.9784450444,18296.9784450444,650,560,297.736632641996,0,1
18296.9784450444,18356.9784450444,650,560,299.086632641996,0,1
18356.9784450444,18416.9784450444,650,560,300,0,1
18416.9784450444,18476.9784450444,650,560,300,0,1
18476.9784450444,18536.9784450444,650,560,300,0,1
18536.9784450444,18596.9784450444,650,560,300,0,1
18596.9784450444,18656.9784450444,650,560,300,0,1
18656.9784450444,18716.9784450444,650,560,300,0,1
18716.9784450444,18776.9784450444,650,560,300,0,1
18776.9784450444,18836.9784450444,650,560,300,0,1
18836.9784450444,18896.9784450444,650,560,300,0,1
18896.9784450444,18956.9784450444,650,560,300,0,1
18956.9784450444,19016.9784450444,650,560,300,0,1
19016.9784450444,19018.1302782248,650,560,300,0,1
19018.1302782248,19078.1302782248,0,560,289.62962962963,0,1
19078.1302782248,19138.1302782248,0,560,279.259259259259,0,1
19138.1302782248,19198.1302782248,0,560,268.888888888889,0,1
19198.1302782248,19258.1302782248,0,560,258.518518518518,0,1
19258.1302782248,19318.1302782248,0,560,248.148148148148,0,1
19318.1302782248,19378.1302782248,0,560,237.777777777778,0,1
19378.1302782248,19438.1302782248,0,560,227.407407407407,0,1
19438.1302782248,19498.1302782248,0,560,217.037037037037,0,1
19498.1302782248,19558.1302782248,0,560,206.666666666667,0,1
19558.1302782248,19618.1302782248,0,230,202.407407407407,0,0
19618.1302782248,19678.1302782248,0,230,198.148148148148,0,0
19678.1302782248,19738.1302782248,0,230,193.888888888889,0,0
19738.1302782248,19798.1302782248,0,230,189.62962962963,0,0
19798.1302782248,19858.1302782248,0,230,185.37037037037,0,0
19858.1302782248,19918.1302782248,0,230,181.111111111111,0,0
19918.1302782248,19978.1302782248,0,230,176.851851851852,0,0
19978.1302782248,20038.1302782248,0,230,172.592592592592,0,0
20038.1302782248,20086.4748525518,0,230,169.160724661975,0,0
20086.4748525518,20146.4748525518,0,230,164.901465402716,0,0
20146.4748525518,20206.4748525518,0,230,160.642206143457,0,0
20206.4748525518,20266.4748525518,0,230,156.382946884197,0,0
20266.4748525518,20326.4748525518,0,230,152.123687624938,0,0
20326.4748525518,20386.4748525518,0,230,147.864428365679,0,0
20386.4748525518,20446.4748525518,0,230,143.60516910642,0,0
20446.4748525518,20506.4748525518,0,230,139.34590984716,0,0
20506.4748525518,20566.4748525518,0,230,135.086650587901,0,0
20566.4748525518,20626.4748525518,0,230,130.827391328642,0,0
20626.4748525518,20686.4748525518,0,230,126.568132069383,0,0
20686.4748525518,20746.4748525518,0,230,122.308872810123,0,0
20746.4748525518,20806.4748525518,0,230,118.049613550864,0,0
20806.4748525518,20866.4748525518,0,230,113.790354291605,0,0
20866.4748525518,20926.4748525518,0,230,109.531095032346,0,0
20926.4748525518,20986.4748525518,0,230,105.271835773086,0,0
20986.4748525518,21046.4748525518,0,230,101.012576513827,0,0
21046.4748525518,21106.4748525518,0,230,96.7533172545677,0,0
21106.4748525518,21154.8194268787,0,230,93.3214493239506,0,0
21154.8194268787,21214.8194268787,650,230,99.3214493239506,0,0
21214.8194268787,21274.8194268787,650,230,105.321449323951,0,0
21274.8194268787,21334.8194268787,650,230,111.321449323951,0,0
21334.8194268787,21394.8194268787,650,230,117.321449323951,0,0
21394.8194268787,21454.8194268787,650,230,123.321449323951,0,0
21454.8194268787,21514.8194268787,650,230,129.321449323951,0,0
21514.8194268787,21574.8194268787,650,230,135.321449323951,0,0
21574.8194268787,21634.8194268787,650,230,141.321449323951,0,0
21634.8194268787,21694.8194268787,650,230,147.321449323951,0,0
21694.8194268787,21754.8194268787,650,230,153.321449323951,0,0
21754.8194268787,21814.8194268787,650,230,159.321449323951,0,0
21814.8194268787,21874.8194268787,650,230,165.321449323951,0,0
21874.8194268787,21934.8194268787,650,230,171.321449323951,0,0
21934.8194268787,21994.8194268787,650,230,177.321449323951,0,0
21994.8194268787,22054.8194268787,650,230,183.321449323951,0,0
22054.8194268787,22114.8194268787,650,230,189.321449323951,0,0
22114.8194268787,22174.8194268787,650,230,195.321449323951,0,0
22174.8194268787,22234.8194268787,650,230,201.321449323951,0,0
22234.8194268787,22294.8194268787,650,230,207.321449323951,0,0
22294.8194268787,22354.8194268787,650,230,213.321449323951,0,0
22354.8194268787,22414.8194268787,650,230,219.321449323951,0,0
22414.8194268787,22474.8194268787,650,230,225.321449323951,0,0
22474.8194268787,22534.8194268787,650,230,231.321449323951,0,0
22534.8194268787,22594.8194268787,650,230,237.321449323951,0,0
22594.8194268787,22654.8194268787,650,230,243.321449323951,0,0
22654.8194268787,22714.8194268787,650,230,249.321449323951,0,0
22714.8194268787,22774.8194268787,650,230,255.321449323951,0,0
22774.8194268787,22834.8194268787,650,230,261.321449323951,0,0
22834.8194268787,22894.8194268787,650,230,267.321449323951,0,0
22894.8194268787,22954.8194268787,650,230,273.321449323951,0,0
22954.8194268787,22955.9712600592,650,230,273.436632641995,0,0
22955.9712600592,23015.9712600592,650,560,274.786632641995,0,1
23015.9712600592,23075.9712600592,650,560,276.136632641995,0,1
23075.9712600592,23135.9712600592,650,560,277.486632641995,0,1
23135.9712600592,23195.9712600592,650,560,278.836632641995,0,1
23195.9712600592,23255.9712600592,650,560,280.186632641995,0,1
23255.9712600592,23315.9712600592,650,560,281.536632641995,0,1
23315.9712600592,23375.9712600592,650,560,282.886632641995,0,1
23375.9712600592,23435.9712600592,650,560,284.236632641995,0,1
23435.9712600592,23495.9712600592,650,560,285.586632641995,0,1
23495.9712600592,23555.9712600592,650,560,286.936632641995,0,1
23555.9712600592,23615.9712600592,650,560,288.286632641995,0,1
23615.9712600592,23675.9712600592,650,560,289.636632641995,0,1
23675.9712600592,23735.9712600592,650,560,290.986632641995,0,1
23735.9712600592,23795.9712600592,650,560,292.336632641995,0,1
23795.9712600592,23855.9712600592,650,560,293.686632641995,0,1
23855.9712600592,23915.9712600592,650,560,295.036632641995,0,1
23915.9712600592,23975.9712600592,650,560,296.386632641995,0,1
23975.9712600592,24035.9712600592,650,560,297.736632641995,0,1
24035.9712600592,24095.9712600592,650,560,299.086632641995,0,1
24095.9712600592,24155.9712600592,650,560,300,0,1
24155.9712600592,24215.9712600592,650,560,300,0,1
24215.9712600592,24275.9712600592,650,560,300,0,1
24275.9712600592,24335.9712600592,650,560,300,0,1
24335.9712600592,24395.9712600592,650,560,300,0,1
24395.9712600592,24455.9712600592,650,560,300,0,1
24455.9712600592,24515.9712600592,650,560,300,0,1
24515.9712600592,24575.9712600592,650,560,300,0,1
24575.9712600592,24635.9712600592,650,560,300,0,1
24635.9712600592,24695.9712600592,650,560,300,0,1
24695.9712600592,24755.9712600592,650,560,300,0,1
24755.9712600592,24757.1230932396,650,560,300,0,1
24757.1230932396,24817.1230932396,0,560,289.62962962963,0,1
24817.1230932396,24877.1230932396,0,560,279.259259259259,0,1
24877.1230932396,24937.1230932396,0,560,268.888888888889,0,1
24937.1230932396,24997.1230932396,0,560,258.518518518518,0,1
24997.1230932396,25057.1230932396,0,560,248.148148148148,0,1
25057.1230932396,25117.1230932396,0,560,237.777777777778,0,1
25117.1230932396,25177.1230932396,0,560,227.407407407407,0,1
25177.1230932396,25237.1230932396,0,560,217.037037037037,0,1
25237.1230932396,25297.1230932396,0,560,206.666666666667,0,1
25297.1230932396,25357.1230932396,0,230,202.407407407407,0,0
25357.1230932396,25417.1230932396,0,230,198.148148148148,0,0
25417.1230932396,25477.1230932396,0,230,193.888888888889,0,0
25477.1230932396,25537.1230932396,0,230,189.62962962963,0,0
25537.1230932396,25597.1230932396,0,230,185.37037037037,0,0
25597.1230932396,25657.1230932396,0,230,181.111111111111,0,0
25657.1230932396,25717.1230932396,0,230,176.851851851852,0,0
25717.1230932396,25777.1230932396,0,230,172.592592592592,0,0
25777.1230932396,25825.4676675666,0,230,169.160724661975,0,0
25825.4676675666,25885.4676675666,0,230,164.901465402716,0,0
25885.4676675666,25945.4676675666,0,230,160.642206143457,0,0
25945.4676675666,26005.4676675666,0,230,156.382946884197,0,0
26005.4676675666,26065.4676675666,0,230,152.123687624938,0,0
26065.4676675666,26125.4676675666,0,230,147.864428365679,0,0
26125.4676675666,26185.4676675666,0,230,143.60516910642,0,0
26185.4676675666,26245.4676675666,0,230,139.34590984716,0,0
26245.4676675666,26305.4676675666,0,230,135.086650587901,0,0
26305.4676675666,26365.4676675666,0,230,130.827391328642,0,0
26365.4676675666,26425.4676675666,0,230,126.568132069383,0,0
26425.4676675666,26485.4676675666,0,230,122.308872810123,0,0
26485.4676675666,26545.4676675666,0,230,118.049613550864,0,0
26545.4676675666,26605.4676675666,0,230,113.790354291605,0,0
26605.4676675666,26665.4676675666,0,230,109.531095032346,0,0
26665.4676675666,26725.4676675666,0,230,105.271835773086,0,0
26725.4676675666,26785.4676675666,0,230,101.012576513827,0,0
26785.4676675666,26845.4676675666,0,230,96.7533172545677,0,0
26845.4676675666,26893.8122418935,0,230,93.3214493239506,0,0
26893.8122418935,26953.8122418935,650,230,99.3214493239506,0,0
26953.8122418935,27013.8122418935,650,230,105.321449323951,0,0
27013.8122418935,27073.8122418935,650,230,111.321449323951,0,0
27073.8122418935,27133.8122418935,650,230,117.321449323951,0,0
27133.8122418935,27193.8122418935,650,230,123.321449323951,0,0
27193.8122418935,27253.8122418935,650,230,129.321449323951,0,0
27253.8122418935,27313.8122418935,650,230,135.321449323951,0,0
27313.8122418935,27373.8122418935,650,230,141.321449323951,0,0
27373.8122418935,27433.8122418935,650,230,147.321449323951,0,0
27433.8122418935,27493.8122418935,650,230,153.321449323951,0,0
27493.8122418935,27553.8122418935,650,230,159.321449323951,0,0
27553.8122418935,27613.8122418935,650,230,165.321449323951,0,0
27613.8122418935,27673.8122418935,650,230,171.321449323951,0,0
27673.8122418935,27733.8122418935,650,230,177.321449323951,0,0
27733.8122418935,27793.8122418935,650,230,183.321449323951,0,0
27793.8122418935,27853.8122418935,650,230,189.321449323951,0,0
27853.8122418935,27913.8122418935,650,230,195.321449323951,0,0
27913.8122418935,27973.8122418935,650,230,201.321449323951,0,0
27973.8122418935,28033.8122418935,650,230,207.321449323951,0,0
28033.8122418935,28093.8122418935,650,230,213.321449323951,0,0
28093.8122418935,28153.8122418935,650,230,219.321449323951,0,0
28153.8122418935,28213.8122418935,650,230,225.321449323951,0,0
28213.8122418935,28273.8122418935,650,230,231.321449323951,0,0
28273.8122418935,28333.8122418935,650,230,237.321449323951,0,0
28333.8122418935,28393.8122418935,650,230,243.321449323951,0,0
28393.8122418935,28453.8122418935,650,230,249.321449323951,0,0
28453.8122418935,28513.8122418935,650,230,255.321449323951,0,0
28513.8122418935,28573.8122418935,650,230,261.321449323951,0,0
28573.8122418935,28633.8122418935,650,230,267.321449323951,0,0
28633.8122418935,28693.8122418935,650,230,273.321449323951,0,0
28693.8122418935,28694.964075074,650,230,273.436632641995,0,0
28694.964075074,28754.964075074,650,560,274.786632641995,0,1
28754.964075074,28814.964075074,650,560,276.136632641995,0,1
28814.964075074,28874.964075074,650,560,277.486632641995,0,1
28874.964075074,28934.964075074,650,560,278.836632641995,0,1
28934.964075074,28994.964075074,650,560,280.186632641995,0,1
28994.964075074,29054.964075074,650,560,281.536632641995,0,1
29054.964075074,29114.964075074,650,560,282.886632641995,0,1
29114.964075074,29174.964075074,650,560,284.236632641995,0,1
29174.964075074,29234.964075074,650,560,285.586632641995,0,1
29234.964075074,29294.964075074,650,560,286.936632641995,0,1
29294.964075074,29354.964075074,650,560,288.286632641995,0,1
29354.964075074,29414.964075074,650,560,289.636632641995,0,1
29414.964075074,29474.964075074,650,560,290.986632641995,0,1
29474.964075074,29534.964075074,650,560,292.336632641995,0,1
29534.964075074,29594.964075074,650,560,293.686632641995,0,1
29594.964075074,29654.964075074,650,560,295.036632641995,0,1
29654.964075074,29714.964075074,650,560,296.386632641995,0,1
29714.964075074,29774.964075074,650,560,297.736632641995,0,1
29774.964075074,29834.964075074,650,560,299.086632641995,0,1
29834.964075074,29894.964075074,650,560,300,0,1
29894.964075074,29954.964075074,650,560,300,0,1
29954.964075074,30014.964075074,650,560,300,0,1
30014.964075074,30074.964075074,650,560,300,0,1
30074.964075074,30134.964075074,650,560,300,0,1
30134.964075074,30194.964075074,650,560,300,0,1
30194.964075074,30254.964075074,650,560,300,0,1
30254.964075074,30314.964075074,650,560,300,0,1
30314.964075074,30374.964075074,650,560,300,0,1
30374.964075074,30434.964075074,650,560,300,0,1
30434.964075074,30494.964075074,650,560,300,0,1
30494.964075074,30496.1159082544,650,560,300,0,1
30496.1159082544,30556.1159082544,0,560,289.62962962963,0,1
30556.1159082544,30616.1159082544,0,560,279.259259259259,0,1
30616.1159082544,30676.1159082544,0,560,268.888888888889,0,1
30676.1159082544,30736.1159082544,0,560,258.518518518518,0,1
30736.1159082544,30796.1159082544,0,560,248.148148148148,0,1
30796.1159082544,30856.1159082544,0,560,237.777777777778,0,1
30856.1159082544,30916.1159082544,0,560,227.407407407407,0,1
30916.1159082544,30976.1159082544,0,560,217.037037037037,0,1
30976.1159082544,31036.1159082544,0,560,206.666666666667,0,1
31036.1159082544,31096.1159082544,0,230,202.407407407407,0,0
31096.1159082544,31156.1159082544,0,230,198.148148148148,0,0
31156.1159082544,31216.1159082544,0,230,193.888888888889,0,0
31216.1159082544,31276.1159082544,0,230,189.62962962963,0,0
31276.1159082544,31336.1159082544,0,230,185.37037037037,0,0
31336.1159082544,31396.1159082544,0,230,181.111111111111,0,0
31396.1159082544,31456.1159082544,0,230,176.851851851852,0,0
31456.1159082544,31516.1159082544,0,230,172.592592592592,0,0
31516.1159082544,31564.4604825814,0,230,169.160724661975,0,0
31564.4604825814,31624.4604825814,0,230,164.901465402716,0,0
31624.4604825814,31684.4604825814,0,230,160.642206143457,0,0
31684.4604825814,31744.4604825814,0,230,156.382946884197,0,0
31744.4604825814,31804.4604825814,0,230,152.123687624938,0,0
31804.4604825814,31864.4604825814,0,230,147.864428365679,0,0
31864.4604825814,31924.4604825814,0,230,143.60516910642,0,0
31924.4604825814,31984.4604825814,0,230,139.34590984716,0,0
31984.4604825814,32044.4604825814,0,230,135.086650587901,0,0
32044.4604825814,32104.4604825814,0,230,130.827391328642,0,0
32104.4604825814,32164.4604825814,0,230,126.568132069383,0,0
32164.4604825814,32224.4604825814,0,230,122.308872810123,0,0
32224.4604825814,32284.4604825814,0,230,118.049613550864,0,0
32284.4604825814,32344.4604825814,0,230,113.790354291605,0,0
32344.4604825814,32404.4604825814,0,230,109.531095032346,0,0
32404.4604825814,32464.4604825814,0,230,105.271835773086,0,0
32464.4604825814,32524.4604825814,0,230,101.012576513827,0,0
32524.4604825814,32584.4604825814,0,230,96.7533172545677,0,0
32584.4604825814,32632.8050569083,0,230,93.3214493239506,0,0
32632.8050569083,32692.8050569083,650,230,99.3214493239506,0,0
32692.8050569083,32752.8050569083,650,230,105.321449323951,0,0
32752.8050569083,32812.8050569083,650,230,111.321449323951,0,0
32812.8050569083,32872.8050569083,650,230,117.321449323951,0,0
32872.8050569083,32932.8050569083,650,230,123.321449323951,0,0
32932.8050569083,32992.8050569083,650,230,129.321449323951,0,0
32992.8050569083,33052.8050569083,650,230,135.321449323951,0,0
33052.8050569083,33112.8050569083,650,230,141.321449323951,0,0
33112.8050569083,33172.8050569083,650,230,147.321449323951,0,0
33172.8050569083,33232.8050569083,650,230,153.321449323951,0,0
33232.8050569083,33292.8050569083,650,230,159.321449323951,0,0
33292.8050569083,33352.8050569083,650,230,165.321449323951,0,0
33352.8050569083,33412.8050569083,650,230,171.321449323951,0,0
33412.8050569083,33472.8050569083,650,230,177.321449323951,0,0
33472.8050569083,33532.8050569083,650,230,183.321449323951,0,0
33532.8050569083,33592.8050569083,650,230,189.321449323951,0,0
33592.8050569083,33652.8050569083,650,230,195.321449323951,0,0
33652.8050569083,33712.8050569083,650,230,201.321449323951,0,0
33712.8050569083,33772.8050569083,650,230,207.321449323951,0,0
33772.8050569083,33832.8050569083,650,230,213.321449323951,0,0
33832.8050569083,33892.8050569083,650,230,219.321449323951,0,0
33892.8050569083,33952.8050569083,650,230,225.321449323951,0,0
33952.8050569083,34012.8050569083,650,230,231.321449323951,0,0
34012.8050569083,34072.8050569083,650,230,237.321449323951,0,0
34072.8050569083,34132.8050569083,650,230,243.321449323951,0,0
34132.8050569083,34192.8050569083,650,230,249.321449323951,0,0
34192.8050569083,34252.8050569083,650,230,255.321449323951,0,0
34252.8050569083,34312.8050569083,650,230,261.321449323951,0,0
34312.8050569083,34372.8050569083,650,230,267.321449323951,0,0
34372.8050569083,34432.8050569083,650,230,273.321449323951,0,0
34432.8050569083,34433.9568900888,650,230,273.436632641995,0,0
34433.9568900888,34493.9568900888,650,560,274.786632641995,0,1
34493.9568900888,34553.9568900888,650,560,276.136632641995,0,1
34553.9568900888,34613.9568900888,650,560,277.486632641995,0,1
34613.9568900888,34673.9568900888,650,560,278.836632641995,0,1
34673.9568900888,34733.9568900888,650,560,280.186632641995,0,1
34733.9568900888,34793.9568900888,650,560,281.536632641995,0,1
34793.9568900888,34853.9568900888,650,560,282.886632641995,0,1
34853.9568900888,34913.9568900888,650,560,284.236632641995,0,1
34913.9568900888,34973.9568900888,650,560,285.586632641995,0,1
34973.9568900888,35033.9568900888,650,560,286.936632641996,0,1
35033.9568900888,35093.9568900888,650,560,288.286632641996,0,1
35093.9568900888,35153.9568900888,650,560,289.636632641996,0,1
35153.9568900888,35213.9568900888,650,560,290.986632641996,0,1
35213.9568900888,35273.9568900888,650,560,292.336632641996,0,1
35273.9568900888,35333.9568900888,650,560,293.686632641996,0,1
35333.9568900888,35393.9568900888,650,560,295.036632641996,0,1
35393.9568900888,35453.9568900888,650,560,296.386632641996,0,1
35453.9568900888,35513.9568900888,650,560,297.736632641996,0,1
35513.9568900888,35573.9568900888,650,560,299.086632641996,0,1
35573.9568900888,35633.9568900888,650,560,300,0,1
35633.9568900888,35693.9568900888,650,560,300,0,1
35693.9568900888,35753.9568900888,650,560,300,0,1
35753.9568900888,35813.9568900888,650,560,300,0,1
35813.9568900888,35873.9568900888,650,560,300,0,1
35873.9568900888,35933.9568900888,650,560,300,0,1
35933.9568900888,35993.9568900888,650,560,300,0,1
35993.9568900888,36053.9568900888,650,560,300,0,1
36053.9568900888,36113.9568900888,650,560,300,0,1
36113.9568900888,36173.9568900888,650,560,300,0,1
36173.9568900888,36233.9568900888,650,560,300,0,1
36233.9568900888,36235.1087232692,650,560,300,0,1
36235.1087232692,36295.1087232692,0,560,289.62962962963,0,1
36295.1087232692,36355.1087232692,0,560,279.259259259259,0,1
36355.1087232692,36415.1087232692,0,560,268.888888888889,0,1
36415.1087232692,36475.1087232692,0,560,258.518518518518,0,1
36475.1087232692,36535.1087232692,0,560,248.148148148148,0,1
36535.1087232692,36595.1087232692,0,560,237.777777777778,0,1
36595.1087232692,36655.1087232692,0,560,227.407407407407,0,1
36655.1087232692,36715.1087232692,0,560,217.037037037037,0,1
36715.1087232692,36775.1087232692,0,560,206.666666666667,0,1
36775.1087232692,36835.1087232692,0,230,202.407407407407,0,0
36835.1087232692,36895.1087232692,0,230,198.148148148148,0,0
36895.1087232692,36955.1087232692,0,230,193.888888888889,0,0
36955.1087232692,37015.1087232692,0,230,189.62962962963,0,0
37015.1087232692,37075.1087232692,0,230,185.37037037037,0,0
37075.1087232692,37135.1087232692,0,230,181.111111111111,0,0
37135.1087232692,37195.1087232692,0,230,176.851851851852,0,0
37195.1087232692,37255.1087232692,0,230,172.592592592592,0,0
37255.1087232692,37303.4532975962,0,230,169.160724661975,0,0
37303.4532975962,37363.4532975962,0,230,164.901465402716,0,0
37363.4532975962,37423.4532975962,0,230,160.642206143457,0,0
37423.4532975962,37483.4532975962,0,230,156.382946884197,0,0
37483.4532975962,37543.4532975962,0,230,152.123687624938,0,0
37543.4532975962,37603.4532975962,0,230,147.864428365679,0,0
37603.4532975962,37663.4532975962,0,230,143.60516910642,0,0
37663.4532975962,37723.4532975962,0,230,139.34590984716,0,0
37723.4532975962,37783.4532975962,0,230,135.086650587901,0,0
37783.4532975962,37843.4532975962,0,230,130.827391328642,0,0
37843.4532975962,37903.4532975962,0,230,126.568132069383,0,0
37903.4532975962,37963.4532975962,0,230,122.308872810123,0,0
37963.4532975962,38023.4532975962,0,230,118.049613550864,0,0
38023.4532975962,38083.4532975962,0,230,113.790354291605,0,0
38083.4532975962,38143.4532975962,0,230,109.531095032346,0,0
38143.4532975962,38203.4532975962,0,230,105.271835773086,0,0
38203.4532975962,38263.4532975962,0,230,101.012576513827,0,0
38263.4532975962,38323.4532975962,0,230,96.7533172545677,0,0
38323.4532975962,38371.7978719231,0,230,93.3214493239511,0,0
38371.7978719231,38431.7978719231,650,230,99.3214493239511,0,0
38431.7978719231,38491.7978719231,650,230,105.321449323951,0,0
38491.7978719231,38551.7978719231,650,230,111.321449323951,0,0
38551.7978719231,38611.7978719231,650,230,117.321449323951,0,0
38611.7978719231,38671.7978719231,650,230,123.321449323951,0,0
38671.7978719231,38731.7978719231,650,230,129.321449323951,0,0
38731.7978719231,38791.7978719231,650,230,135.321449323951,0,0
38791.7978719231,38851.7978719231,650,230,141.321449323951,0,0
38851.7978719231,38911.7978719231,650,230,147.321449323951,0,0
38911.7978719231,38971.7978719231,650,230,153.321449323951,0,0
38971.7978719231,39031.7978719231,650,230,159.321449323951,0,0
39031.7978719231,39091.7978719231,650,230,165.321449323951,0,0
39091.7978719231,39151.7978719231,650,230,171.321449323951,0,0
39151.7978719231,39211.7978719231,650,230,177.321449323951,0,0
39211.7978719231,39271.7978719231,650,230,183.321449323951,0,0
39271.7978719231,39331.7978719231,650,230,189.321449323951,0,0
39331.7978719231,39391.7978719231,650,230,195.321449323951,0,0
39391.7978719231,39451.7978719231,650,230,201.321449323951,0,0
39451.7978719231,39511.7978719231,650,230,207.321449323951,0,0
39511.7978719231,39571.7978719231,650,230,213.321449323951,0,0
39571.7978719231,39631.7978719231,650,230,219.321449323951,0,0
39631.7978719231,39691.7978719231,650,230,225.321449323951,0,0
39691.7978719231,39751.7978719231,650,230,231.321449323951,0,0
39751.7978719231,39811.7978719231,650,230,237.321449323951,0,0
39811.7978719231,39871.7978719231,650,230,243.321449323951,0,0
39871.7978719231,39931.7978719231,650,230,249.321449323951,0,0
39931.7978719231,39991.7978719231,650,230,255.321449323951,0,0
39991.7978719231,40051.7978719231,650,230,261.321449323951,0,0
40051.7978719231,40111.7978719231,650,230,267.321449323951,0,0
40111.7978719231,40171.7978719231,650,230,273.321449323951,0,0
40171.7978719231,40172.9497051036,650,230,273.436632641996,0,0
40172.9497051036,40232.9497051036,650,560,274.786632641996,0,1
40232.9497051036,40292.9497051036,650,560,276.136632641996,0,1
40292.9497051036,40352.9497051036,650,560,277.486632641996,0,1
40352.9497051036,40412.9497051036,650,560,278.836632641996,0,1
40412.9497051036,40472.9497051036,650,560,280.186632641996,0,1
40472.9497051036,40532.9497051036,650,560,281.536632641996,0,1
40532.9497051036,40592.9497051036,650,560,282.886632641996,0,1
40592.9497051036,40652.9497051036,650,560,284.236632641996,0,1
40652.9497051036,40712.9497051036,650,560,285.586632641996,0,1
40712.9497051036,40772.9497051036,650,560,286.936632641996,0,1
40772.9497051036,40832.9497051036,650,560,288.286632641996,0,1
40832.9497051036,40892.9497051036,650,560,289.636632641996,0,1
40892.9497051036,40952.9497051036,650,560,290.986632641996,0,1
40952.9497051036,41012.9497051036,650,560,292.336632641996,0,1
41012.9497051036,41072.9497051036,650,560,293.686632641996,0,1
41072.9497051036,41132.9497051036,650,560,295.036632641996,0,1
41132.9497051036,41192.9497051036,650,560,296.386632641996,0,1
41192.9497051036,41252.9497051036,650,560,297.736632641996,0,1
41252.9497051036,41312.9497051036,650,560,299.086632641996,0,1
41312.9497051036,41372.9497051036,650,560,300,0,1
41372.9497051036,41432.9497051036,650,560,300,0,1
41432.9497051036,41492.9497051036,650,560,300,0,1
41492.9497051036,41552.9497051036,650,560,300,0,1
41552.9497051036,41612.9497051036,650,560,300,0,1
41612.9497051036,41672.9497051036,650,560,300,0,1
41672.9497051036,41732.9497051036,650,560,300,0,1
41732.9497051036,41792.9497051036,650,560,300,0,1
41792.9497051036,41852.9497051036,650,560,300,0,1
41852.9497051036,41912.9497051036,650,560,300,0,1
41912.9497051036,41972.9497051036,650,560,300,0,1
41972.9497051036,41974.101538284,650,560,300,0,1
41974.101538284,42034.101538284,0,560,289.62962962963,0,1
42034.101538284,42094.101538284,0,560,279.259259259259,0,1
42094.101538284,42154.101538284,0,560,268.888888888889,0,1
42154.101538284,42214.101538284,0,560,258.518518518518,0,1
42214.101538284,42274.101538284,0,560,248.148148148148,0,1
42274.101538284,42334.101538284,0,560,237.777777777778,0,1
42334.101538284,42394.101538284,0,560,227.407407407407,0,1
42394.101538284,42454.101538284,0,560,217.037037037037,0,1
42454.101538284,42514.101538284,0,560,206.666666666667,0,1
42514.101538284,42574.101538284,0,230,202.407407407407,0,0
42574.101538284,42634.101538284,0,230,198.148148148148,0,0
42634.101538284,42694.101538284,0,230,193.888888888889,0,0
42694.101538284,42754.101538284,0,230,189.62962962963,0,0
42754.101538284,42814.101538284,0,230,185.37037037037,0,0
42814.101538284,42874.101538284,0,230,181.111111111111,0,0
42874.101538284,42934.101538284,0,230,176.851851851852,0,0
42934.101538284,42994.101538284,0,230,172.592592592592,0,0
42994.101538284,43042.446112611,0,230,169.160724661975,0,0
43042.446112611,43102.446112611,0,230,164.901465402716,0,0
43102.446112611,43162.446112611,0,230,160.642206143457,0,0
43162.446112611,43222.446112611,0,230,156.382946884197,0,0
43222.446112611,43282.446112611,0,230,152.123687624938,0,0
43282.446112611,43342.446112611,0,230,147.864428365679,0,0
43342.446112611,43402.446112611,0,230,143.60516910642,0,0
43402.446112611,43462.446112611,0,230,139.34590984716,0,0
43462.446112611,43522.446112611,0,230,135.086650587901,0,0
43522.446112611,43582.446112611,0,230,130.827391328642,0,0
43582.446112611,43642.446112611,0,230,126.568132069383,0,0
43642.446112611,43702.446112611,0,230,122.308872810123,0,0
43702.446112611,43762.446112611,0,230,118.049613550864,0,0
43762.446112611,43822.446112611,0,230,113.790354291605,0,0
43822.446112611,43882.446112611,0,230,109.531095032346,0,0
43882.446112611,43942.446112611,0,230,105.271835773086,0,0
43942.446112611,44002.446112611,0,230,101.012576513827,0,0
44002.446112611,44062.446112611,0,230,96.7533172545677,0,0
44062.446112611,44110.7906869379,0,230,93.3214493239511,0,0
44110.7906869379,44170.7906869379,650,230,99.3214493239511,0,0
44170.7906869379,44230.7906869379,650,230,105.321449323951,0,0
44230.7906869379,44290.7906869379,650,230,111.321449323951,0,0
44290.7906869379,44350.7906869379,650,230,117.321449323951,0,0
44350.7906869379,44410.7906869379,650,230,123.321449323951,0,0
44410.7906869379,44470.7906869379,650,230,129.321449323951,0,0
44470.7906869379,44530.7906869379,650,230,135.321449323951,0,0
44530.7906869379,44590.7906869379,650,230,141.321449323951,0,0
44590.7906869379,44650.7906869379,650,230,147.321449323951,0,0
44650.7906869379,44710.7906869379,650,230,153.321449323951,0,0
44710.7906869379,44770.7906869379,650,230,159.321449323951,0,0
44770.7906869379,44830.7906869379,650,230,165.321449323951,0,0
44830.7906869379,44890.7906869379,650,230,171.321449323951,0,0
44890.7906869379,44950.7906869379,650,230,177.321449323951,0,0
44950.7906869379,45010.7906869379,650,230,183.321449323951,0,0
45010.7906869379,45070.7906869379,650,230,189.321449323951,0,0
45070.7906869379,45130.7906869379,650,230,195.321449323951,0,0
45130.7906869379,45190.7906869379,650,230,201.321449323951,0,0
45190.7906869379,45250.7906869379,650,230,207.321449323951,0,0
45250.7906869379,45310.7906869379,650,230,213.321449323951,0,0
45310.7906869379,45370.7906869379,650,230,219.321449323951,0,0
45370.7906869379,45430.7906869379,650,230,225.321449323951,0,0
45430.7906869379,45490.7906869379,650,230,231.321449323951,0,0
45490.7906869379,45550.7906869379,650,230,237.321449323951,0,0
45550.7906869379,45610.7906869379,650,230,243.321449323951,0,0
45610.7906869379,45670.7906869379,650,230,249.321449323951,0,0
45670.7906869379,45730.7906869379,650,230,255.321449323951,0,0
45730.7906869379,45790.7906869379,650,230,261.321449323951,0,0
45790.7906869379,45850.7906869379,650,230,267.321449323951,0,0
45850.7906869379,45910.7906869379,650,230,273.321449323951,0,0
45910.7906869379,45911.9425201184,650,230,273.436632641996,0,0
45911.9425201184,45971.9425201184,650,560,274.786632641996,0,1
45971.9425201184,46031.9425201184,650,560,276.136632641996,0,1
46031.9425201184,46091.9425201184,650,560,277.486632641996,0,1
46091.9425201184,46151.9425201184,650,560,278.836632641996,0,1
46151.9425201184,46211.9425201184,650,560,280.186632641996,0,1
46211.9425201184,46271.9425201184,650,560,281.536632641996,0,1
46271.9425201184,46331.9425201184,650,560,282.886632641996,0,1
46331.9425201184,46391.9425201184,650,560,284.236632641996,0,1
46391.9425201184,46451.9425201184,650,560,285.586632641996,0,1
46451.9425201184,46511.9425201184,650,560,286.936632641996,0,1
46511.9425201184,46571.9425201184,650,560,288.286632641996,0,1
46571.9425201184,46631.9425201184,650,560,289.636632641996,0,1
46631.9425201184,46691.9425201184,650,560,290.986632641996,0,1
46691.9425201184,46751.9425201184,650,560,292.336632641996,0,1
46751.9425201184,46811.9425201184,650,560,293.686632641996,0,1
46811.9425201184,46871.9425201184,650,560,295.036632641996,0,1
46871.9425201184,46931.9425201184,650,560,296.386632641996,0,1
46931.9425201184,46991.9425201184,650,560,297.736632641996,0,1
46991.9425201184,47051.9425201184,650,560,299.086632641996,0,1
47051.9425201184,47111.9425201184,650,560,300,0,1
47111.9425201184,47171.9425201184,650,560,300,0,1
47171.9425201184,47231.9425201184,650,560,300,0,1
47231.9425201184,47291.9425201184,650,560,300,0,1
47291.9425201184,47351.9425201184,650,560,300,0,1
47351.9425201184,47411.9425201184,650,560,300,0,1
47411.9425201184,47471.9425201184,650,560,300,0,1
47471.9425201184,47531.9425201184,650,560,300,0,1
47531.9425201184,47591.9425201184,650,560,300,0,1
47591.9425201184,47651.9425201184,650,560,300,0,1
47651.9425201184,47711.9425201184,650,560,300,0,1
47711.9425201184,47713.0943532988,650,560,300,0,1
47713.0943532988,47773.0943532988,0,560,289.62962962963,0,1
47773.0943532988,47833.0943532988,0,560,279.259259259259,0,1
47833.0943532988,47893.0943532988,0,560,268.888888888889,0,1
47893.0943532988,47953.0943532988,0,560,258.518518518518,0,1
47953.0943532988,48013.0943532988,0,560,248.148148148148,0,1
48013.0943532988,48073.0943532988,0,560,237.777777777778,0,1
48073.0943532988,48133.0943532988,0,560,227.407407407407,0,1
48133.0943532988,48193.0943532988,0,560,217.037037037037,0,1
48193.0943532988,48253.0943532988,0,560,206.666666666667,0,1
48253.0943532988,48313.0943532988,0,230,202.407407407407,0,0
48313.0943532988,48373.0943532988,0,230,198.148148148148,0,0
48373.0943532988,48433.0943532988,0,230,193.888888888889,0,0
48433.0943532988,48493.0943532988,0,230,189.62962962963,0,0
48493.0943532988,48553.0943532988,0,230,185.37037037037,0,0
48553.0943532988,48613.0943532988,0,230,181.111111111111,0,0
48613.0943532988,48673.0943532988,0,230,176.851851851852,0,0
48673.0943532988,48733.0943532988,0,230,172.592592592592,0,0
48733.0943532988,48781.4389276258,0,230,169.160724661975,0,0
48781.4389276258,48841.4389276258,0,230,164.901465402716,0,0
48841.4389276258,48901.4389276258,0,230,160.642206143457,0,0
48901.4389276258,48961.4389276258,0,230,156.382946884197,0,0
48961.4389276258,49021.4389276258,0,230,152.123687624938,0,0
49021.4389276258,49081.4389276258,0,230,147.864428365679,0,0
49081.4389276258,49141.4389276258,0,230,143.60516910642,0,0
49141.4389276258,49201.4389276258,0,230,139.34590984716,0,0
49201.4389276258,49261.4389276258,0,230,135.086650587901,0,0
49261.4389276258,49321.4389276258,0,230,130.827391328642,0,0
49321.4389276258,49381.4389276258,0,230,126.568132069383,0,0
49381.4389276258,49441.4389276258,0,230,122.308872810123,0,0
49441.4389276258,49501.4389276258,0,230,118.049613550864,0,0
49501.4389276258,49561.4389276258,0,230,113.790354291605,0,0
49561.4389276258,49621.4389276258,0,230,109.531095032346,0,0
49621.4389276258,49681.4389276258,0,230,105.271835773086,0,0
49681.4389276258,49741.4389276258,0,230,101.012576513827,0,0
49741.4389276258,49801.4389276258,0,230,96.7533172545677,0,0
49801.4389276258,49849.7835019527,0,230,93.3214493239511,0,0
49849.7835019527,49909.7835019527,650,230,99.3214493239511,0,0
49909.7835019527,49969.7835019527,650,230,105.321449323951,0,0
49969.7835019527,50029.7835019527,650,230,111.321449323951,0,0
50029.7835019527,50089.7835019527,650,230,117.321449323951,0,0
50089.7835019527,50149.7835019527,650,230,123.321449323951,0,0
50149.7835019527,50209.7835019527,650,230,129.321449323951,0,0
50209.7835019527,50269.7835019527,650,230,135.321449323951,0,0
50269.7835019527,50329.7835019527,650,230,141.321449323951,0,0
50329.7835019527,50389.7835019527,650,230,147.321449323951,0,0
50389.7835019527,50449.7835019527,650,230,153.321449323951,0,0
50449.7835019527,50509.7835019527,650,230,159.321449323951,0,0
50509.7835019527,50569.7835019527,650,230,165.321449323951,0,0
50569.7835019527,50629.7835019527,650,230,171.321449323951,0,0
50629.7835019527,50689.7835019527,650,230,177.321449323951,0,0
50689.7835019527,50749.7835019527,650,230,183.321449323951,0,0
50749.7835019527,50809.7835019527,650,230,189.321449323951,0,0
50809.7835019527,50869.7835019527,650,230,195.321449323951,0,0
50869.7835019527,50929.7835019527,650,230,201.321449323951,0,0
50929.7835019527,50989.7835019527,650,230,207.321449323951,0,0
50989.7835019527,51049.7835019527,650,230,213.321449323951,0,0
51049.7835019527,51109.7835019527,650,230,219.321449323951,0,0
51109.7835019527,51169.7835019527,650,230,225.321449323951,0,0
51169.7835019527,51229.7835019527,650,230,231.321449323951,0,0
51229.7835019527,51289.7835019527,650,230,237.321449323951,0,0
51289.7835019527,51349.7835019527,650,230,243.321449323951,0,0
51349.7835019527,51409.7835019527,650,230,249.321449323951,0,0
51409.7835019527,51469.7835019527,650,230,255.321449323951,0,0
51469.7835019527,51529.7835019527,650,230,261.321449323951,0,0
51529.7835019527,51589.7835019527,650,230,267.321449323951,0,0
51589.7835019527,51649.7835019527,650,230,273.321449323951,0,0
51649.7835019527,51650.9353351332,650,230,273.436632641996,0,0
51650.9353351332,51710.9353351332,650,560,274.786632641996,0,1
51710.9353351332,51770.9353351332,650,560,276.136632641996,0,1
51770.9353351332,51830.9353351332,650,560,277.486632641996,0,1
51830.9353351332,51890.9353351332,650,560,278.836632641996,0,1
51890.9353351332,51950.9353351332,650,560,280.186632641996,0,1
51950.9353351332,52010.9353351332,650,560,281.536632641996,0,1
52010.9353351332,52070.9353351332,650,560,282.886632641996,0,1
52070.9353351332,52130.9353351332,650,560,284.236632641996,0,1
52130.9353351332,52190.9353351332,650,560,285.586632641996,0,1
52190.9353351332,52250.9353351332,650,560,286.936632641996,0,1
52250.9353351332,52310.9353351332,650,560,288.286632641996,0,1
52310.9353351332,52370.9353351332,650,560,289.636632641996,0,1
52370.9353351332,52430.9353351332,650,560,290.986632641996,0,1
52430.9353351332,52490.9353351332,650,560,292.336632641996,0,1
52490.9353351332,52550.9353351332,650,560,293.686632641996,0,1
52550.9353351332,52610.9353351332,650,560,295.036632641996,0,1
52610.9353351332,52670.9353351332,650,560,296.386632641996,0,1
52670.9353351332,52730.9353351332,650,560,297.736632641996,0,1
52730.9353351332,52790.9353351332,650,560,299.086632641996,0,1
52790.9353351332,52850.9353351332,650,560,300,0,1
52850.9353351332,52910.9353351332,650,560,300,0,1
52910.9353351332,52970.9353351332,650,560,300,0,1
52970.9353351332,53030.9353351332,650,560,300,0,1
53030.9353351332,53090.9353351332,650,560,300,0,1
53090.9353351332,53150.9353351332,650,560,300,0,1
53150.9353351332,53210.9353351332,650,560,300,0,1
53210.9353351332,53270.9353351332,650,560,300,0,1
53270.9353351332,53330.9353351332,650,560,300,0,1
53330.9353351332,53390.9353351332,650,560,300,0,1
53390.9353351332,53450.9353351332,650,560,300,0,1
53450.9353351332,53452.0871683136,650,560,300,0,1
53452.0871683136,53512.0871683136,0,560,289.62962962963,0,1
53512.0871683136,53572.0871683136,0,560,279.259259259259,0,1
53572.0871683136,53632.0871683136,0,560,268.888888888889,0,1
53632.0871683136,53692.0871683136,0,560,258.518518518518,0,1
53692.0871683136,53752.0871683136,0,560,248.148148148148,0,1
53752.0871683136,53812.0871683136,0,560,237.777777777778,0,1
53812.0871683136,53872.0871683136,0,560,227.407407407407,0,1
53872.0871683136,53932.0871683136,0,560,217.037037037037,0,1
53932.0871683136,53992.0871683136,0,560,206.666666666667,0,1
53992.0871683136,54052.0871683136,0,230,202.407407407407,0,0
54052.0871683136,54112.0871683136,0,230,198.148148148148,0,0
54112.0871683136,54172.0871683136,0,230,193.888888888889,0,0
54172.0871683136,54232.0871683136,0,230,189.62962962963,0,0
54232.0871683136,54292.0871683136,0,230,185.37037037037,0,0
54292.0871683136,54352.0871683136,0,230,181.111111111111,0,0
54352.0871683136,54412.0871683136,0,230,176.851851851852,0,0
54412.0871683136,54472.0871683136,0,230,172.592592592592,0,0
54472.0871683136,54520.4317426406,0,230,169.160724661975,0,0
54520.4317426406,54580.4317426406,0,230,164.901465402716,0,0
54580.4317426406,54640.4317426406,0,230,160.642206143457,0,0
54640.4317426406,54700.4317426406,0,230,156.382946884197,0,0
54700.4317426406,54760.4317426406,0,230,152.123687624938,0,0
54760.4317426406,54820.4317426406,0,230,147.864428365679,0,0
54820.4317426406,54880.4317426406,0,230,143.60516910642,0,0
54880.4317426406,54940.4317426406,0,230,139.34590984716,0,0
54940.4317426406,55000.4317426406,0,230,135.086650587901,0,0
55000.4317426406,55060.4317426406,0,230,130.827391328642,0,0
55060.4317426406,55120.4317426406,0,230,126.568132069383,0,0
55120.4317426406,55180.4317426406,0,230,122.308872810123,0,0
55180.4317426406,55240.4317426406,0,230,118.049613550864,0,0
55240.4317426406,55300.4317426406,0,230,113.790354291605,0,0
55300.4317426406,55360.4317426406,0,230,109.531095032346,0,0
55360.4317426406,55420.4317426406,0,230,105.271835773086,0,0
55420.4317426406,55480.4317426406,0,230,101.012576513827,0,0
55480.4317426406,55540.4317426406,0,230,96.7533172545677,0,0
55540.4317426406,55588.7763169675,0,230,93.3214493239511,0,0
55588.7763169675,55648.7763169675,650,230,99.3214493239511,0,0
55648.7763169675,55708.7763169675,650,230,105.321449323951,0,0
55708.7763169675,55768.7763169675,650,230,111.321449323951,0,0
55768.7763169675,55828.7763169675,650,230,117.321449323951,0,0
55828.7763169675,55888.7763169675,650,230,123.321449323951,0,0
55888.7763169675,55948.7763169675,650,230,129.321449323951,0,0
55948.7763169675,56008.7763169675,650,230,135.321449323951,0,0
56008.7763169675,56068.7763169675,650,230,141.321449323951,0,0
56068.7763169675,56128.7763169675,650,230,147.321449323951,0,0
56128.7763169675,56188.7763169675,650,230,153.321449323951,0,0
56188.7763169675,56248.7763169675,650,230,159.321449323951,0,0
56248.7763169675,56308.7763169675,650,230,165.321449323951,0,0
56308.7763169675,56368.7763169675,650,230,171.321449323951,0,0
56368.7763169675,56428.7763169675,650,230,177.321449323951,0,0
56428.7763169675,56488.7763169675,650,230,183.321449323951,0,0
56488.7763169675,56548.7763169675,650,230,189.321449323951,0,0
56548.7763169675,56608.7763169675,650,230,195.321449323951,0,0
56608.7763169675,56668.7763169675,650,230,201.321449323951,0,0
56668.7763169675,56728.7763169675,650,230,207.321449323951,0,0
56728.7763169675,56788.7763169675,650,230,213.321449323951,0,0
56788.7763169675,56848.7763169675,650,230,219.321449323951,0,0
56848.7763169675,56908.7763169675,650,230,225.321449323951,0,0
56908.7763169675,56968.7763169675,650,230,231.321449323951,0,0
56968.7763169675,57028.7763169675,650,230,237.321449323951,0,0
57028.7763169675,57088.7763169675,650,230,243.321449323951,0,0
57088.7763169675,57148.7763169675,650,230,249.321449323951,0,0
57148.7763169675,57208.7763169675,650,230,255.321449323951,0,0
57208.7763169675,57268.7763169675,650,230,261.321449323951,0,0
57268.7763169675,57328.7763169675,650,230,267.321449323951,0,0
57328.7763169675,57388.7763169675,650,230,273.321449323951,0,0
57388.7763169675,57389.928150148,650,230,273.436632641996,0,0
57389.928150148,57449.928150148,650,560,274.786632641996,0,1
57449.928150148,57509.928150148,650,560,276.136632641996,0,1
57509.928150148,57569.928150148,650,560,277.486632641996,0,1
57569.928150148,57629.928150148,650,560,278.836632641996,0,1
57629.928150148,57689.928150148,650,560,280.186632641996,0,1
57689.928150148,57749.928150148,650,560,281.536632641996,0,1
57749.928150148,57809.928150148,650,560,282.886632641996,0,1
57809.928150148,57869.928150148,650,560,284.236632641996,0,1
57869.928150148,57929.928150148,650,560,285.586632641996,0,1
57929.928150148,57989.928150148,650,560,286.936632641996,0,1
57989.928150148,58049.928150148,650,560,288.286632641996,0,1
58049.928150148,58109.928150148,650,560,289.636632641996,0,1
58109.928150148,58169.928150148,650,560,290.986632641996,0,1
58169.928150148,58229.928150148,650,560,292.336632641996,0,1
58229.928150148,58289.928150148,650,560,293.686632641996,0,1
58289.928150148,58349.928150148,650,560,295.036632641996,0,1
58349.928150148,58409.928150148,650,560,296.386632641996,0,1
58409.928150148,58469.928150148,650,560,297.736632641996,0,1
58469.928150148,58529.928150148,650,560,299.086632641996,0,1
58529.928150148,58589.928150148,650,560,300,0,1
58589.928150148,58649.928150148,650,560,300,0,1
58649.928150148,58709.928150148,650,560,300,0,1
58709.928150148,58769.928150148,650,560,300,0,1
58769.928150148,58829.928150148,650,560,300,0,1
58829.928150148,58889.928150148,650,560,300,0,1
58889.928150148,58949.928150148,650,560,300,0,1
58949.928150148,59009.928150148,650,560,300,0,1
59009.928150148,59069.928150148,650,560,300,0,1
59069.928150148,59129.928150148,650,560,300,0,1
59129.928150148,59189.928150148,650,560,300,0,1
59189.928150148,59191.0799833284,650,560,300,0,1
59191.0799833284,59251.0799833284,0,560,289.62962962963,0,1
59251.0799833284,59311.0799833284,0,560,279.259259259259,0,1
59311.0799833284,59371.0799833284,0,560,268.888888888889,0,1
59371.0799833284,59431.0799833284,0,560,258.518518518518,0,1
59431.0799833284,59491.0799833284,0,560,248.148148148148,0,1
59491.0799833284,59551.0799833284,0,560,237.777777777778,0,1
59551.0799833284,59611.0799833284,0,560,227.407407407407,0,1
59611.0799833284,59671.0799833284,0,560,217.037037037037,0,1
59671.0799833284,59731.0799833284,0,560,206.666666666667,0,1
59731.0799833284,59791.0799833284,0,230,202.407407407407,0,0
59791.0799833284,59851.0799833284,0,230,198.148148148148,0,0
59851.0799833284,59911.0799833284,0,230,193.888888888889,0,0
59911.0799833284,59971.0799833284,0,230,189.62962962963,0,0
59971.0799833284,60031.0799833284,0,230,185.37037037037,0,0
60031.0799833284,60091.0799833284,0,230,181.111111111111,0,0
60091.0799833284,60151.0799833284,0,230,176.851851851852,0,0
60151.0799833284,60211.0799833284,0,230,172.592592592592,0,0
60211.0799833284,60259.4245576554,0,230,169.160724661975,0,0
60259.4245576554,60319.4245576554,0,230,164.901465402716,0,0
60319.4245576554,60379.4245576554,0,230,160.642206143457,0,0
60379.4245576554,60439.4245576554,0,230,156.382946884197,0,0
60439.4245576554,60499.4245576554,0,230,152.123687624938,0,0
60499.4245576554,60559.4245576554,0,230,147.864428365679,0,0
60559.4245576554,60619.4245576554,0,230,143.60516910642,0,0
60619.4245576554,60679.4245576554,0,230,139.34590984716,0,0
60679.4245576554,60739.4245576554,0,230,135.086650587901,0,0
60739.4245576554,60799.4245576554,0,230,130.827391328642,0,0
60799.4245576554,60859.4245576554,0,230,126.568132069383,0,0
60859.4245576554,60919.4245576554,0,230,122.308872810123,0,0
60919.4245576554,60979.4245576554,0,230,118.049613550864,0,0
60979.4245576554,61039.4245576554,0,230,113.790354291605,0,0
61039.4245576554,61099.4245576554,0,230,109.531095032346,0,0
61099.4245576554,61159.4245576554,0,230,105.271835773086,0,0
61159.4245576554,61219.4245576554,0,230,101.012576513827,0,0
61219.4245576554,61279.4245576554,0,230,96.7533172545677,0,0
61279.4245576554,61327.7691319823,0,230,93.3214493239511,0,0
61327.7691319823,61387.7691319823,650,230,99.3214493239511,0,0
61387.7691319823,61447.7691319823,650,230,105.321449323951,0,0
61447.7691319823,61507.7691319823,650,230,111.321449323951,0,0
61507.7691319823,61567.7691319823,650,230,117.321449323951,0,0
61567.7691319823,61627.7691319823,650,230,123.321449323951,0,0
61627.7691319823,61687.7691319823,650,230,129.321449323951,0,0
61687.7691319823,61747.7691319823,650,230,135.321449323951,0,0
61747.7691319823,61807.7691319823,650,230,141.321449323951,0,0
61807.7691319823,61867.7691319823,650,230,147.321449323951,0,0
61867.7691319823,61927.7691319823,650,230,153.321449323951,0,0
61927.7691319823,61987.7691319823,650,230,159.321449323951,0,0
61987.7691319823,62047.7691319823,650,230,165.321449323951,0,0
62047.7691319823,62107.7691319823,650,230,171.321449323951,0,0
62107.7691319823,62167.7691319823,650,230,177.321449323951,0,0
62167.7691319823,62227.7691319823,650,230,183.321449323951,0,0
62227.7691319823,62287.7691319823,650,230,189.321449323951,0,0
62287.7691319823,62347.7691319823,650,230,195.321449323951,0,0
62347.7691319823,62407.7691319823,650,230,201.321449323951,0,0
62407.7691319823,62467.7691319823,650,230,207.321449323951,0,0
62467.7691319823,62527.7691319823,650,230,213.321449323951,0,0
62527.7691319823,62587.7691319823,650,230,219.321449323951,0,0
62587.7691319823,62647.7691319823,650,230,225.321449323951,0,0
62647.7691319823,62707.7691319823,650,230,231.321449323951,0,0
62707.7691319823,62767.7691319823,650,230,237.321449323951,0,0
62767.7691319823,62827.7691319823,650,230,243.321449323951,0,0
62827.7691319823,62887.7691319823,650,230,249.321449323951,0,0
62887.7691319823,62947.7691319823,650,230,255.321449323951,0,0
62947.7691319823,63007.7691319823,650,230,261.321449323951,0,0
63007.7691319823,63067.7691319823,650,230,267.321449323951,0,0
63067.7691319823,63127.7691319823,650,230,273.321449323951,0,0
63127.7691319823,63128.9209651628,650,230,273.436632641996,0,0
63128.9209651628,63188.9209651628,650,560,274.786632641996,0,1
63188.9209651628,63248.9209651628,650,560,276.136632641996,0,1
63248.9209651628,63308.9209651628,650,560,277.486632641996,0,1
63308.9209651628,63368.9209651628,650,560,278.836632641996,0,1
63368.9209651628,63428.9209651628,650,560,280.186632641996,0,1
63428.9209651628,63488.9209651628,650,560,281.536632641996,0,1
63488.9209651628,63548.9209651628,650,560,282.886632641996,0,1
63548.9209651628,63608.9209651628,650,560,284.236632641996,0,1
63608.9209651628,63668.9209651628,650,560,285.586632641996,0,1
63668.9209651628,63728.9209651628,650,560,286.936632641996,0,1
63728.9209651628,63788.9209651628,650,560,288.286632641996,0,1
63788.9209651628,63848.9209651628,650,560,289.636632641996,0,1
63848.9209651628,63908.9209651628,650,560,290.986632641996,0,1
63908.9209651628,63968.9209651628,650,560,292.336632641996,0,1
63968.9209651628,64028.9209651628,650,560,293.686632641996,0,1
64028.9209651628,64088.9209651628,650,560,295.036632641996,0,1
64088.9209651628,64148.9209651628,650,560,296.386632641996,0,1
64148.9209651628,64208.9209651628,650,560,297.736632641996,0,1
64208.9209651628,64268.9209651628,650,560,299.086632641996,0,1
64268.9209651628,64328.9209651628,650,560,300,0,1
64328.9209651628,64388.9209651628,650,560,300,0,1
64388.9209651628,64448.9209651628,650,560,300,0,1
64448.9209651628,64508.9209651628,650,560,300,0,1
64508.9209651628,64568.9209651628,650,560,300,0,1
64568.9209651628,64628.9209651628,650,560,300,0,1
64628.9209651628,64688.9209651628,650,560,300,0,1
64688.9209651628,64748.9209651628,650,560,300,0,1
64748.9209651628,64808.9209651628,650,560,300,0,1
64808.9209651628,64868.9209651628,650,560,300,0,1
64868.9209651628,64928.9209651628,650,560,300,0,1
64928.9209651628,64930.0727983432,650,560,300,0,1
64930.0727983432,64990.0727983432,0,560,289.62962962963,0,1
64990.0727983432,65050.0727983432,0,560,279.259259259259,0,1
65050.0727983432,65110.0727983432,0,560,268.888888888889,0,1
65110.0727983432,65170.0727983432,0,560,258.518518518518,0,1
65170.0727983432,65230.0727983432,0,560,248.148148148148,0,1
65230.0727983432,65290.0727983432,0,560,237.777777777778,0,1
65290.0727983432,65350.0727983432,0,560,227.407407407407,0,1
65350.0727983432,65410.0727983432,0,560,217.037037037037,0,1
65410.0727983432,65470.0727983432,0,560,206.666666666667,0,1
65470.0727983432,65530.0727983432,0,230,202.407407407407,0,0
65530.0727983432,65590.0727983432,0,230,198.148148148148,0,0
65590.0727983432,65650.0727983432,0,230,193.888888888888,0,0
65650.0727983432,65710.0727983432,0,230,189.629629629629,0,0
65710.0727983432,65770.0727983432,0,230,185.37037037037,0,0
65770.0727983432,65830.0727983432,0,230,181.11111111111,0,0
65830.0727983432,65890.0727983432,0,230,176.851851851851,0,0
65890.0727983432,65950.0727983432,0,230,172.592592592592,0,0
65950.0727983432,65998.4173726702,0,230,169.160724661976,0,0
65998.4173726702,66058.4173726702,0,230,164.901465402717,0,0
66058.4173726702,66118.4173726702,0,230,160.642206143457,0,0
66118.4173726702,66178.4173726702,0,230,156.382946884198,0,0
66178.4173726702,66238.4173726702,0,230,152.123687624939,0,0
66238.4173726702,66298.4173726702,0,230,147.864428365679,0,0
66298.4173726702,66358.4173726702,0,230,143.60516910642,0,0
66358.4173726702,66418.4173726702,0,230,139.345909847161,0,0
66418.4173726702,66478.4173726702,0,230,135.086650587902,0,0
66478.4173726702,66538.4173726702,0,230,130.827391328642,0,0
66538.4173726702,66598.4173726702,0,230,126.568132069383,0,0
66598.4173726702,66658.4173726702,0,230,122.308872810124,0,0
66658.4173726702,66718.4173726702,0,230,118.049613550865,0,0
66718.4173726702,66778.4173726702,0,230,113.790354291605,0,0
66778.4173726702,66838.4173726702,0,230,109.531095032346,0,0
66838.4173726702,66898.4173726702,0,230,105.271835773087,0,0
66898.4173726702,66958.4173726702,0,230,101.012576513828,0,0
66958.4173726702,67018.4173726702,0,230,96.7533172545683,0,0
67018.4173726702,67066.7619469971,0,230,93.3214493239511,0,0
67066.7619469971,67126.7619469971,650,230,99.3214493239511,0,0
67126.7619469971,67186.7619469971,650,230,105.321449323951,0,0
67186.7619469971,67246.7619469971,650,230,111.321449323951,0,0
67246.7619469971,67306.7619469971,650,230,117.321449323951,0,0
67306.7619469971,67366.7619469971,650,230,123.321449323951,0,0
67366.7619469971,67426.7619469971,650,230,129.321449323951,0,0
67426.7619469971,67486.7619469971,650,230,135.321449323951,0,0
67486.7619469971,67546.7619469971,650,230,141.321449323951,0,0
67546.7619469971,67606.7619469971,650,230,147.321449323951,0,0
67606.7619469971,67666.7619469971,650,230,153.321449323951,0,0
67666.7619469971,67726.7619469971,650,230,159.321449323951,0,0
67726.7619469971,67786.7619469971,650,230,165.321449323951,0,0
67786.7619469971,67846.7619469971,650,230,171.321449323951,0,0
67846.7619469971,67906.7619469971,650,230,177.321449323951,0,0
67906.7619469971,67966.7619469971,650,230,183.321449323951,0,0
67966.7619469971,68026.7619469971,650,230,189.321449323951,0,0
68026.7619469971,68086.7619469971,650,230,195.321449323951,0,0
68086.7619469971,68146.7619469971,650,230,201.321449323951,0,0
68146.7619469971,68206.7619469971,650,230,207.321449323951,0,0
68206.7619469971,68266.7619469971,650,230,213.321449323951,0,0
68266.7619469971,68326.7619469971,650,230,219.321449323951,0,0
68326.7619469971,68386.7619469971,650,230,225.321449323951,0,0
68386.7619469971,68446.7619469971,650,230,231.321449323951,0,0
68446.7619469971,68506.7619469971,650,230,237.321449323951,0,0
68506.7619469971,68566.7619469971,650,230,243.321449323951,0,0
68566.7619469971,68626.7619469971,650,230,249.321449323951,0,0
68626.7619469971,68686.7619469971,650,230,255.321449323951,0,0
68686.7619469971,68746.7619469971,650,230,261.321449323951,0,0
68746.7619469971,68806.7619469971,650,230,267.321449323951,0,0
68806.7619469971,68866.7619469971,650,230,273.321449323951,0,0
68866.7619469971,68867.9137801776,650,230,273.436632641997,0,0
68867.9137801776,68927.9137801776,650,560,274.786632641997,0,1
68927.9137801776,68987.9137801776,650,560,276.136632641997,0,1
68987.9137801776,69047.9137801776,650,560,277.486632641997,0,1
69047.9137801776,69107.9137801776,650,560,278.836632641997,0,1
69107.9137801776,69167.9137801776,650,560,280.186632641997,0,1
69167.9137801776,69227.9137801776,650,560,281.536632641997,0,1
69227.9137801776,69287.9137801776,650,560,282.886632641997,0,1
69287.9137801776,69347.9137801776,650,560,284.236632641997,0,1
69347.9137801776,69407.9137801776,650,560,285.586632641997,0,1
69407.9137801776,69467.9137801776,650,560,286.936632641997,0,1
69467.9137801776,69527.9137801776,650,560,288.286632641997,0,1
69527.9137801776,69587.9137801776,650,560,289.636632641997,0,1
69587.9137801776,69647.9137801776,650,560,290.986632641997,0,1
69647.9137801776,69707.9137801776,650,560,292.336632641997,0,1
69707.9137801776,69767.9137801776,650,560,293.686632641997,0,1
69767.9137801776,69827.9137801776,650,560,295.036632641997,0,1
69827.9137801776,69887.9137801776,650,560,296.386632641997,0,1
69887.9137801776,69947.9137801776,650,560,297.736632641997,0,1
69947.9137801776,70007.9137801776,650,560,299.086632641997,0,1
70007.9137801776,70067.9137801776,650,560,300,0,1
70067.9137801776,70127.9137801776,650,560,300,0,1
70127.9137801776,70187.9137801776,650,560,300,0,1
70187.9137801776,70247.9137801776,650,560,300,0,1
70247.9137801776,70307.9137801776,650,560,300,0,1
70307.9137801776,70367.9137801776,650,560,300,0,1
70367.9137801776,70427.9137801776,650,560,300,0,1
70427.9137801776,70487.9137801776,650,560,300,0,1
70487.9137801776,70547.9137801776,650,560,300,0,1
70547.9137801776,70607.9137801776,650,560,300,0,1
70607.9137801776,70667.9137801776,650,560,300,0,1
70667.9137801776,70669.065613358,650,560,300,0,1
70669.065613358,70729.065613358,0,560,289.62962962963,0,1
70729.065613358,70789.065613358,0,560,279.259259259259,0,1
70789.065613358,70849.065613358,0,560,268.888888888889,0,1
70849.065613358,70909.065613358,0,560,258.518518518518,0,1
70909.065613358,70969.065613358,0,560,248.148148148148,0,1
70969.065613358,71029.065613358,0,560,237.777777777778,0,1
71029.065613358,71089.065613358,0,560,227.407407407407,0,1
71089.065613358,71149.065613358,0,560,217.037037037037,0,1
71149.065613358,71209.065613358,0,560,206.666666666667,0,1
71209.065613358,71269.065613358,0,230,202.407407407407,0,0
71269.065613358,71329.065613358,0,230,198.148148148148,0,0
71329.065613358,71389.065613358,0,230,193.888888888889,0,0
71389.065613358,71449.065613358,0,230,189.62962962963,0,0
71449.065613358,71509.065613358,0,230,185.37037037037,0,0
71509.065613358,71569.065613358,0,230,181.111111111111,0,0
71569.065613358,71629.065613358,0,230,176.851851851852,0,0
71629.065613358,71689.065613358,0,230,172.592592592592,0,0
71689.065613358,71737.410187685,0,230,169.160724661975,0,0
71737.410187685,71797.410187685,0,230,164.901465402716,0,0
71797.410187685,71857.410187685,0,230,160.642206143457,0,0
71857.410187685,71917.410187685,0,230,156.382946884197,0,0
71917.410187685,71977.410187685,0,230,152.123687624938,0,0
71977.410187685,72037.410187685,0,230,147.864428365679,0,0
72037.410187685,72097.410187685,0,230,143.60516910642,0,0
72097.410187685,72157.410187685,0,230,139.34590984716,0,0
72157.410187685,72217.410187685,0,230,135.086650587901,0,0
72217.410187685,72277.410187685,0,230,130.827391328642,0,0
72277.410187685,72337.410187685,0,230,126.568132069383,0,0
72337.410187685,72397.410187685,0,230,122.308872810123,0,0
72397.410187685,72457.410187685,0,230,118.049613550864,0,0
72457.410187685,72517.410187685,0,230,113.790354291605,0,0
72517.410187685,72577.410187685,0,230,109.531095032346,0,0
72577.410187685,72637.410187685,0,230,105.271835773086,0,0
72637.410187685,72697.410187685,0,230,101.012576513827,0,0
72697.410187685,72757.410187685,0,230,96.7533172545677,0,0
72757.410187685,72805.7547620119,0,230,93.3214493239506,0,0
72805.7547620119,72865.7547620119,650,230,99.3214493239506,0,0
72865.7547620119,72925.7547620119,650,230,105.321449323951,0,0
72925.7547620119,72985.7547620119,650,230,111.321449323951,0,0
72985.7547620119,73045.7547620119,650,230,117.321449323951,0,0
73045.7547620119,73105.7547620119,650,230,123.321449323951,0,0
73105.7547620119,73165.7547620119,650,230,129.321449323951,0,0
73165.7547620119,73225.7547620119,650,230,135.321449323951,0,0
73225.7547620119,73285.7547620119,650,230,141.321449323951,0,0
73285.7547620119,73345.7547620119,650,230,147.321449323951,0,0
73345.7547620119,73405.7547620119,650,230,153.321449323951,0,0
73405.7547620119,73465.7547620119,650,230,159.321449323951,0,0
73465.7547620119,73525.7547620119,650,230,165.321449323951,0,0
73525.7547620119,73585.7547620119,650,230,171.321449323951,0,0
73585.7547620119,73645.7547620119,650,230,177.321449323951,0,0
73645.7547620119,73705.7547620119,650,230,183.321449323951,0,0
73705.7547620119,73765.7547620119,650,230,189.321449323951,0,0
73765.7547620119,73825.7547620119,650,230,195.321449323951,0,0
73825.7547620119,73885.7547620119,650,230,201.321449323951,0,0
73885.7547620119,73945.7547620119,650,230,207.321449323951,0,0
73945.7547620119,74005.7547620119,650,230,213.321449323951,0,0
74005.7547620119,74065.7547620119,650,230,219.321449323951,0,0
74065.7547620119,74125.7547620119,650,230,225.321449323951,0,0
74125.7547620119,74185.7547620119,650,230,231.321449323951,0,0
74185.7547620119,74245.7547620119,650,230,237.321449323951,0,0
74245.7547620119,74305.7547620119,650,230,243.321449323951,0,0
74305.7547620119,74365.7547620119,650,230,249.321449323951,0,0
74365.7547620119,74425.7547620119,650,230,255.321449323951,0,0
74425.7547620119,74485.7547620119,650,230,261.321449323951,0,0
74485.7547620119,74545.7547620119,650,230,267.321449323951,0,0
74545.7547620119,74605.7547620119,650,230,273.321449323951,0,0
74605.7547620119,74606.9065951924,650,230,273.436632641995,0,0
74606.9065951924,74666.9065951924,650,560,274.786632641995,0,1
74666.9065951924,74726.9065951924,650,560,276.136632641995,0,1
74726.9065951924,74786.9065951924,650,560,277.486632641995,0,1
74786.9065951924,74846.9065951924,650,560,278.836632641995,0,1
74846.9065951924,74906.9065951924,650,560,280.186632641995,0,1
74906.9065951924,74966.9065951924,650,560,281.536632641995,0,1
74966.9065951924,75026.9065951924,650,560,282.886632641995,0,1
75026.9065951924,75086.9065951924,650,560,284.236632641995,0,1
75086.9065951924,75146.9065951924,650,560,285.586632641995,0,1
75146.9065951924,75206.9065951924,650,560,286.936632641995,0,1
75206.9065951924,75266.9065951924,650,560,288.286632641995,0,1
75266.9065951924,75326.9065951924,650,560,289.636632641995,0,1
75326.9065951924,75386.9065951924,650,560,290.986632641995,0,1
75386.9065951924,75446.9065951924,650,560,292.336632641995,0,1
75446.9065951924,75506.9065951924,650,560,293.686632641995,0,1
75506.9065951924,75566.9065951924,650,560,295.036632641995,0,1
75566.9065951924,75626.9065951924,650,560,296.386632641995,0,1
75626.9065951924,75686.9065951924,650,560,297.736632641995,0,1
75686.9065951924,75746.9065951924,650,560,299.086632641995,0,1
75746.9065951924,75806.9065951924,650,560,300,0,1
75806.9065951924,75866.9065951924,650,560,300,0,1
75866.9065951924,75926.9065951924,650,560,300,0,1
75926.9065951924,75986.9065951924,650,560,300,0,1
75986.9065951924,76046.9065951924,650,560,300,0,1
76046.9065951924,76106.9065951924,650,560,300,0,1
76106.9065951924,76166.9065951924,650,560,300,0,1
76166.9065951924,76226.9065951924,650,560,300,0,1
76226.9065951924,76286.9065951924,650,560,300,0,1
76286.9065951924,76346.9065951924,650,560,300,0,1
76346.9065951924,76406.9065951924,650,560,300,0,1
76406.9065951924,76408.0584283728,650,560,300,0,1
76408.0584283728,76468.0584283728,0,560,289.62962962963,0,1
76468.0584283728,76528.0584283728,0,560,279.259259259259,0,1
76528.0584283728,76588.0584283728,0,560,268.888888888889,0,1
76588.0584283728,76648.0584283728,0,560,258.518518518518,0,1
76648.0584283728,76708.0584283728,0,560,248.148148148148,0,1
76708.0584283728,76768.0584283728,0,560,237.777777777778,0,1
76768.0584283728,76828.0584283728,0,560,227.407407407407,0,1
76828.0584283728,76888.0584283728,0,560,217.037037037037,0,1
76888.0584283728,76948.0584283728,0,560,206.666666666667,0,1
76948.0584283728,77008.0584283728,0,230,202.407407407407,0,0
77008.0584283728,77068.0584283728,0,230,198.148148148148,0,0
77068.0584283728,77128.0584283728,0,230,193.888888888889,0,0
77128.0584283728,77188.0584283728,0,230,189.62962962963,0,0
77188.0584283728,77248.0584283728,0,230,185.37037037037,0,0
77248.0584283728,77308.0584283728,0,230,181.111111111111,0,0
77308.0584283728,77368.0584283728,0,230,176.851851851852,0,0
77368.0584283728,77428.0584283728,0,230,172.592592592592,0,0
77428.0584283728,77476.4030026998,0,230,169.160724661975,0,0
77476.4030026998,77536.4030026998,0,230,164.901465402716,0,0
77536.4030026998,77596.4030026998,0,230,160.642206143457,0,0
77596.4030026998,77656.4030026998,0,230,156.382946884197,0,0
77656.4030026998,77716.4030026998,0,230,152.123687624938,0,0
77716.4030026998,77776.4030026998,0,230,147.864428365679,0,0
77776.4030026998,77836.4030026998,0,230,143.60516910642,0,0
77836.4030026998,77896.4030026998,0,230,139.34590984716,0,0
77896.4030026998,77956.4030026998,0,230,135.086650587901,0,0
77956.4030026998,78016.4030026998,0,230,130.827391328642,0,0
78016.4030026998,78076.4030026998,0,230,126.568132069383,0,0
78076.4030026998,78136.4030026998,0,230,122.308872810123,0,0
78136.4030026998,78196.4030026998,0,230,118.049613550864,0,0
78196.4030026998,78256.4030026998,0,230,113.790354291605,0,0
78256.4030026998,78316.4030026998,0,230,109.531095032346,0,0
78316.4030026998,78376.4030026998,0,230,105.271835773086,0,0
78376.4030026998,78436.4030026998,0,230,101.012576513827,0,0
78436.4030026998,78496.4030026998,0,230,96.7533172545677,0,0
78496.4030026998,78544.7475770267,0,230,93.3214493239506,0,0
78544.7475770267,78604.7475770267,650,230,99.3214493239506,0,0
78604.7475770267,78664.7475770267,650,230,105.321449323951,0,0
78664.7475770267,78724.7475770267,650,230,111.321449323951,0,0
78724.7475770267,78784.7475770267,650,230,117.321449323951,0,0
78784.7475770267,78844.7475770267,650,230,123.321449323951,0,0
78844.7475770267,78904.7475770267,650,230,129.321449323951,0,0
78904.7475770267,78964.7475770267,650,230,135.321449323951,0,0
78964.7475770267,79024.7475770267,650,230,141.321449323951,0,0
79024.7475770267,79084.7475770267,650,230,147.321449323951,0,0
79084.7475770267,79144.7475770267,650,230,153.321449323951,0,0
79144.7475770267,79204.7475770267,650,230,159.321449323951,0,0
79204.7475770267,79264.7475770267,650,230,165.321449323951,0,0
79264.7475770267,79324.7475770267,650,230,171.321449323951,0,0
79324.7475770267,79384.7475770267,650,230,177.321449323951,0,0
79384.7475770267,79444.7475770267,650,230,183.321449323951,0,0
79444.7475770267,79504.7475770267,650,230,189.321449323951,0,0
79504.7475770267,79564.7475770267,650,230,195.321449323951,0,0
79564.7475770267,79624.7475770267,650,230,201.321449323951,0,0
79624.7475770267,79684.7475770267,650,230,207.321449323951,0,0
79684.7475770267,79744.7475770267,650,230,213.321449323951,0,0
79744.7475770267,79804.7475770267,650,230,219.321449323951,0,0
79804.7475770267,79864.7475770267,650,230,225.321449323951,0,0
79864.7475770267,79924.7475770267,650,230,231.321449323951,0,0
79924.7475770267,79984.7475770267,650,230,237.321449323951,0,0
79984.7475770267,80044.7475770267,650,230,243.321449323951,0,0
80044.7475770267,80104.7475770267,650,230,249.321449323951,0,0
80104.7475770267,80164.7475770267,650,230,255.321449323951,0,0
80164.7475770267,80224.7475770267,650,230,261.321449323951,0,0
80224.7475770267,80284.7475770267,650,230,267.321449323951,0,0
80284.7475770267,80344.7475770267,650,230,273.321449323951,0,0
80344.7475770267,80345.8994102072,650,230,273.436632641996,0,0
80345.8994102072,80405.8994102072,650,560,274.786632641996,0,1
80405.8994102072,80465.8994102072,650,560,276.136632641996,0,1
80465.8994102072,80525.8994102072,650,560,277.486632641996,0,1
80525.8994102072,80585.8994102072,650,560,278.836632641996,0,1
80585.8994102072,80645.8994102072,650,560,280.186632641996,0,1
80645.8994102072,80705.8994102072,650,560,281.536632641996,0,1
80705.8994102072,80765.8994102072,650,560,282.886632641996,0,1
80765.8994102072,80825.8994102072,650,560,284.236632641996,0,1
80825.8994102072,80885.8994102072,650,560,285.586632641996,0,1
80885.8994102072,80945.8994102072,650,560,286.936632641996,0,1
80945.8994102072,81005.8994102072,650,560,288.286632641996,0,1
81005.8994102072,81065.8994102072,650,560,289.636632641996,0,1
81065.8994102072,81125.8994102072,650,560,290.986632641996,0,1
81125.8994102072,81185.8994102072,650,560,292.336632641996,0,1
81185.8994102072,81245.8994102072,650,560,293.686632641996,0,1
81245.8994102072,81305.8994102072,650,560,295.036632641996,0,1
81305.8994102072,81365.8994102072,650,560,296.386632641996,0,1
81365.8994102072,81425.8994102072,650,560,297.736632641996,0,1
81425.8994102072,81485.8994102072,650,560,299.086632641996,0,1
81485.8994102072,81545.8994102072,650,560,300,0,1
81545.8994102072,81605.8994102072,650,560,300,0,1
81605.8994102072,81665.8994102072,650,560,300,0,1
81665.8994102072,81725.8994102072,650,560,300,0,1
81725.8994102072,81785.8994102072,650,560,300,0,1
81785.8994102072,81845.8994102072,650,560,300,0,1
81845.8994102072,81905.8994102072,650,560,300,0,1
81905.8994102072,81965.8994102072,650,560,300,0,1
81965.8994102072,82025.8994102072,650,560,300,0,1
82025.8994102072,82085.8994102072,650,560,300,0,1
82085.8994102072,82145.8994102072,650,560,300,0,1
82145.8994102072,82147.0512433876,650,560,300,0,1
82147.0512433876,82207.0512433876,0,560,289.62962962963,0,1
82207.0512433876,82267.0512433876,0,560,279.259259259259,0,1
82267.0512433876,82327.0512433876,0,560,268.888888888889,0,1
82327.0512433876,82387.0512433876,0,560,258.518518518518,0,1
82387.0512433876,82447.0512433876,0,560,248.148148148148,0,1
82447.0512433876,82507.0512433876,0,560,237.777777777778,0,1
82507.0512433876,82567.0512433876,0,560,227.407407407407,0,1
82567.0512433876,82627.0512433876,0,560,217.037037037037,0,1
82627.0512433876,82687.0512433876,0,560,206.666666666667,0,1
82687.0512433876,82747.0512433876,0,230,202.407407407407,0,0
82747.0512433876,82807.0512433876,0,230,198.148148148148,0,0
82807.0512433876,82867.0512433876,0,230,193.888888888889,0,0
82867.0512433876,82927.0512433876,0,230,189.62962962963,0,0
82927.0512433876,82987.0512433876,0,230,185.37037037037,0,0
82987.0512433876,83047.0512433876,0,230,181.111111111111,0,0
83047.0512433876,83107.0512433876,0,230,176.851851851852,0,0
83107.0512433876,83167.0512433876,0,230,172.592592592592,0,0
83167.0512433876,83215.3958177146,0,230,169.160724661975,0,0
83215.3958177146,83275.3958177146,0,230,164.901465402716,0,0
83275.3958177146,83335.3958177146,0,230,160.642206143457,0,0
83335.3958177146,83395.3958177146,0,230,156.382946884197,0,0
83395.3958177146,83455.3958177146,0,230,152.123687624938,0,0
83455.3958177146,83515.3958177146,0,230,147.864428365679,0,0
83515.3958177146,83575.3958177146,0,230,143.60516910642,0,0
83575.3958177146,83635.3958177146,0,230,139.34590984716,0,0
83635.3958177146,83695.3958177146,0,230,135.086650587901,0,0
83695.3958177146,83755.3958177146,0,230,130.827391328642,0,0
83755.3958177146,83815.3958177146,0,230,126.568132069383,0,0
83815.3958177146,83875.3958177146,0,230,122.308872810123,0,0
83875.3958177146,83935.3958177146,0,230,118.049613550864,0,0
83935.3958177146,83995.3958177146,0,230,113.790354291605,0,0
83995.3958177146,84055.3958177146,0,230,109.531095032346,0,0
84055.3958177146,84115.3958177146,0,230,105.271835773086,0,0
84115.3958177146,84175.3958177146,0,230,101.012576513827,0,0
84175.3958177146,84235.3958177146,0,230,96.7533172545677,0,0
84235.3958177146,84283.7403920415,0,230,93.3214493239506,0,0
84283.7403920415,84343.7403920415,650,230,99.3214493239506,0,0
84343.7403920415,84403.7403920415,650,230,105.321449323951,0,0
84403.7403920415,84463.7403920415,650,230,111.321449323951,0,0
84463.7403920415,84523.7403920415,650,230,117.321449323951,0,0
84523.7403920415,84583.7403920415,650,230,123.321449323951,0,0
84583.7403920415,84643.7403920415,650,230,129.321449323951,0,0
84643.7403920415,84703.7403920415,650,230,135.321449323951,0,0
84703.7403920415,84763.7403920415,650,230,141.321449323951,0,0
84763.7403920415,84823.7403920415,650,230,147.321449323951,0,0
84823.7403920415,84883.7403920415,650,230,153.321449323951,0,0
84883.7403920415,84943.7403920415,650,230,159.321449323951,0,0
84943.7403920415,85003.7403920415,650,230,165.321449323951,0,0
85003.7403920415,85063.7403920415,650,230,171.321449323951,0,0
85063.7403920415,85123.7403920415,650,230,177.321449323951,0,0
85123.7403920415,85183.7403920415,650,230,183.321449323951,0,0
85183.7403920415,85243.7403920415,650,230,189.321449323951,0,0
85243.7403920415,85303.7403920415,650,230,195.321449323951,0,0
85303.7403920415,85363.7403920415,650,230,201.321449323951,0,0
85363.7403920415,85423.7403920415,650,230,207.321449323951,0,0
85423.7403920415,85483.7403920415,650,230,213.321449323951,0,0
85483.7403920415,85543.7403920415,650,230,219.321449323951,0,0
85543.7403920415,85603.7403920415,650,230,225.321449323951,0,0
85603.7403920415,85663.7403920415,650,230,231.321449323951,0,0
85663.7403920415,85723.7403920415,650,230,237.321449323951,0,0
85723.7403920415,85783.7403920415,650,230,243.321449323951,0,0
85783.7403920415,85843.7403920415,650,230,249.321449323951,0,0
85843.7403920415,85903.7403920415,650,230,255.321449323951,0,0
85903.7403920415,85963.7403920415,650,230,261.321449323951,0,0
85963.7403920415,86023.7403920415,650,230,267.321449323951,0,0
86023.7403920415,86083.7403920415,650,230,273.321449323951,0,0
86083.7403920415,86084.892225222,650,230,273.436632641995,0,0
86084.892225222,86084.8922257959,650,230,273.436632699384,0,0
86084.8922257959,86144.8922257959,650,560,274.786632699384,0,1
86144.8922257959,86204.8922257959,650,560,276.136632699384,0,1
86204.8922257959,86264.8922257959,650,560,277.486632699384,0,1
86264.8922257959,86324.8922257959,650,560,278.836632699384,0,1
86324.8922257959,86384.8922257959,650,560,280.186632699385,0,1
86384.8922257959,86444.8922257959,650,560,281.536632699385,0,1
86444.8922257959,86504.8922257959,650,560,282.886632699385,0,1
86504.8922257959,86564.8922257959,650,560,284.236632699385,0,1
86564.8922257959,86624.8922257959,650,560,285.586632699385,0,1
86624.8922257959,86684.8922257959,650,560,286.936632699385,0,1
86684.8922257959,86744.8922257959,650,560,288.286632699385,0,1
86744.8922257959,86804.8922257959,650,560,289.636632699385,0,1
86804.8922257959,86864.8922257959,650,560,290.986632699385,0,1
86864.8922257959,86924.8922257959,650,560,292.336632699385,0,1
86924.8922257959,86984.8922257959,650,560,293.686632699385,0,1
86984.8922257959,87044.8922257959,650,560,295.036632699385,0,1
87044.8922257959,87104.8922257959,650,560,296.386632699385,0,1
87104.8922257959,87164.8922257959,650,560,297.736632699385,0,1
87164.8922257959,87224.8922257959,650,560,299.086632699385,0,1
87224.8922257959,87284.8922257959,650,560,300,0,1
87284.8922257959,87344.8922257959,650,560,300,0,1
87344.8922257959,87404.8922257959,650,560,300,0,1
87404.8922257959,87464.8922257959,650,560,300,0,1
87464.8922257959,87524.8922257959,650,560,300,0,1
87524.8922257959,87584.8922257959,650,560,300,0,1
87584.8922257959,87644.8922257959,650,560,300,0,1
87644.8922257959,87704.8922257959,650,560,300,0,1
87704.8922257959,87764.8922257959,650,560,300,0,1
87764.8922257959,87824.8922257959,650,560,300,0,1
87824.8922257959,87884.8922257959,650,560,300,0,1
87884.8922257959,87886.0440584024,650,560,300,0,1
87886.0440584024,87946.0440584024,0,560,289.62962962963,0,1
87946.0440584024,88006.0440584024,0,560,279.259259259259,0,1
88006.0440584024,88066.0440584024,0,560,268.888888888889,0,1
88066.0440584024,88126.0440584024,0,560,258.518518518518,0,1
88126.0440584024,88186.0440584024,0,560,248.148148148148,0,1
88186.0440584024,88246.0440584024,0,560,237.777777777778,0,1
88246.0440584024,88306.0440584024,0,560,227.407407407407,0,1
88306.0440584024,88366.0440584024,0,560,217.037037037037,0,1
88366.0440584024,88426.0440584024,0,560,206.666666666667,0,1
88426.0440584024,88486.0440584024,0,230,202.407407407407,0,0
88486.0440584024,88546.0440584024,0,230,198.148148148148,0,0
88546.0440584024,88606.0440584024,0,230,193.888888888889,0,0
88606.0440584024,88666.0440584024,0,230,189.62962962963,0,0
88666.0440584024,88726.0440584024,0,230,185.37037037037,0,0
88726.0440584024,88786.0440584024,0,230,181.111111111111,0,0
88786.0440584024,88846.0440584024,0,230,176.851851851852,0,0
88846.0440584024,88906.0440584024,0,230,172.592592592592,0,0
88906.0440584024,88954.3886327294,0,230,169.160724661975,0,0
88954.3886327294,89014.3886327294,0,230,164.901465402716,0,0
89014.3886327294,89074.3886327294,0,230,160.642206143457,0,0
89074.3886327294,89134.3886327294,0,230,156.382946884197,0,0
89134.3886327294,89194.3886327294,0,230,152.123687624938,0,0
89194.3886327294,89254.3886327294,0,230,147.864428365679,0,0
89254.3886327294,89314.3886327294,0,230,143.60516910642,0,0
89314.3886327294,89374.3886327294,0,230,139.34590984716,0,0
89374.3886327294,89434.3886327294,0,230,135.086650587901,0,0
89434.3886327294,89494.3886327294,0,230,130.827391328642,0,0
89494.3886327294,89554.3886327294,0,230,126.568132069383,0,0
89554.3886327294,89614.3886327294,0,230,122.308872810123,0,0
89614.3886327294,89674.3886327294,0,230,118.049613550864,0,0
89674.3886327294,89734.3886327294,0,230,113.790354291605,0,0
89734.3886327294,89794.3886327294,0,230,109.531095032346,0,0
89794.3886327294,89854.3886327294,0,230,105.271835773086,0,0
89854.3886327294,89914.3886327294,0,230,101.012576513827,0,0
89914.3886327294,89974.3886327294,0,230,96.7533172545677,0,0
89974.3886327294,90022.7332070563,0,230,93.3214493239506,0,0
90022.7332070563,90082.7332070563,650,230,99.3214493239506,0,0
90082.7332070563,90142.7332070563,650,230,105.321449323951,0,0
90142.7332070563,90202.7332070563,650,230,111.321449323951,0,0
90202.7332070563,90262.7332070563,650,230,117.321449323951,0,0
90262.7332070563,90322.7332070563,650,230,123.321449323951,0,0
90322.7332070563,90382.7332070563,650,230,129.321449323951,0,0
90382.7332070563,90442.7332070563,650,230,135.321449323951,0,0
90442.7332070563,90502.7332070563,650,230,141.321449323951,0,0
90502.7332070563,90562.7332070563,650,230,147.321449323951,0,0
90562.7332070563,90622.7332070563,650,230,153.321449323951,0,0
90622.7332070563,90682.7332070563,650,230,159.321449323951,0,0
90682.7332070563,90742.7332070563,650,230,165.321449323951,0,0
90742.7332070563,90802.7332070563,650,230,171.321449323951,0,0
90802.7332070563,90862.7332070563,650,230,177.321449323951,0,0
90862.7332070563,90922.7332070563,650,230,183.321449323951,0,0
90922.7332070563,90982.7332070563,650,230,189.321449323951,0,0
90982.7332070563,91042.7332070563,650,230,195.321449323951,0,0
91042.7332070563,91102.7332070563,650,230,201.321449323951,0,0
91102.7332070563,91162.7332070563,650,230,207.321449323951,0,0
91162.7332070563,91222.7332070563,650,230,213.321449323951,0,0
91222.7332070563,91282.7332070563,650,230,219.321449323951,0,0
91282.7332070563,91342.7332070563,650,230,225.321449323951,0,0
91342.7332070563,91402.7332070563,650,230,231.321449323951,0,0
91402.7332070563,91462.7332070563,650,230,237.321449323951,0,0
91462.7332070563,91522.7332070563,650,230,243.321449323951,0,0
91522.7332070563,91582.7332070563,650,230,249.321449323951,0,0
91582.7332070563,91642.7332070563,650,230,255.321449323951,0,0
91642.7332070563,91702.7332070563,650,230,261.321449323951,0,0
91702.7332070563,91762.7332070563,650,230,267.321449323951,0,0
91762.7332070563,91822.7332070563,650,230,273.321449323951,0,0
91822.7332070563,91823.8850402368,650,230,273.436632641996,0,0
91823.8850402368,91883.8850402368,650,560,274.786632641996,0,1
91883.8850402368,91943.8850402368,650,560,276.136632641996,0,1
91943.8850402368,92003.8850402368,650,560,277.486632641996,0,1
92003.8850402368,92063.8850402368,650,560,278.836632641996,0,1
92063.8850402368,92123.8850402368,650,560,280.186632641996,0,1
92123.8850402368,92183.8850402368,650,560,281.536632641996,0,1
92183.8850402368,92243.8850402368,650,560,282.886632641996,0,1
92243.8850402368,92303.8850402368,650,560,284.236632641996,0,1
92303.8850402368,92363.8850402368,650,560,285.586632641996,0,1
92363.8850402368,92423.8850402368,650,560,286.936632641996,0,1
92423.8850402368,92483.8850402368,650,560,288.286632641996,0,1
92483.8850402368,92543.8850402368,650,560,289.636632641996,0,1
92543.8850402368,92603.8850402368,650,560,290.986632641996,0,1
92603.8850402368,92663.8850402368,650,560,292.336632641996,0,1
92663.8850402368,92723.8850402368,650,560,293.686632641996,0,1
92723.8850402368,92783.8850402368,650,560,295.036632641996,0,1
92783.8850402368,92843.8850402368,650,560,296.386632641996,0,1
92843.8850402368,92903.8850402368,650,560,297.736632641996,0,1
92903.8850402368,92963.8850402368,650,560,299.086632641996,0,1
92963.8850402368,93023.8850402368,650,560,300,0,1
93023.8850402368,93083.8850402368,650,560,300,0,1
93083.8850402368,93143.8850402368,650,560,300,0,1
93143.8850402368,93203.8850402368,650,560,300,0,1
93203.8850402368,93263.8850402368,650,560,300,0,1
93263.8850402368,93323.8850402368,650,560,300,0,1
93323.8850402368,93383.8850402368,650,560,300,0,1
93383.8850402368,93443.8850402368,650,560,300,0,1
93443.8850402368,93503.8850402368,650,560,300,0,1
93503.8850402368,93563.8850402368,650,560,300,0,1
93563.8850402368,93623.8850402368,650,560,300,0,1
93623.8850402368,93625.0368734172,650,560,300,0,1
93625.0368734172,93685.0368734172,0,560,289.62962962963,0,1
93685.0368734172,93745.0368734172,0,560,279.259259259259,0,1
93745.0368734172,93805.0368734172,0,560,268.888888888889,0,1
93805.0368734172,93865.0368734172,0,560,258.518518518518,0,1
93865.0368734172,93925.0368734172,0,560,248.148148148148,0,1
93925.0368734172,93985.0368734172,0,560,237.777777777778,0,1
93985.0368734172,94045.0368734172,0,560,227.407407407407,0,1
94045.0368734172,94105.0368734172,0,560,217.037037037037,0,1
94105.0368734172,94165.0368734172,0,560,206.666666666667,0,1
94165.0368734172,94225.0368734172,0,230,202.407407407407,0,0
94225.0368734172,94285.0368734172,0,230,198.148148148148,0,0
94285.0368734172,94345.0368734172,0,230,193.888888888889,0,0
94345.0368734172,94405.0368734172,0,230,189.62962962963,0,0
94405.0368734172,94465.0368734172,0,230,185.37037037037,0,0
94465.0368734172,94525.0368734172,0,230,181.111111111111,0,0
94525.0368734172,94585.0368734172,0,230,176.851851851852,0,0
94585.0368734172,94645.0368734172,0,230,172.592592592592,0,0
94645.0368734172,94693.3814477442,0,230,169.160724661975,0,0
94693.3814477442,94753.3814477442,0,230,164.901465402716,0,0
94753.3814477442,94813.3814477442,0,230,160.642206143457,0,0
94813.3814477442,94873.3814477442,0,230,156.382946884197,0,0
94873.3814477442,94933.3814477442,0,230,152.123687624938,0,0
94933.3814477442,94993.3814477442,0,230,147.864428365679,0,0
94993.3814477442,95053.3814477442,0,230,143.60516910642,0,0
95053.3814477442,95113.3814477442,0,230,139.34590984716,0,0
95113.3814477442,95173.3814477442,0,230,135.086650587901,0,0
95173.3814477442,95233.3814477442,0,230,130.827391328642,0,0
95233.3814477442,95293.3814477442,0,230,126.568132069383,0,0
95293.3814477442,95353.3814477442,0,230,122.308872810123,0,0
95353.3814477442,95413.3814477442,0,230,118.049613550864,0,0
95413.3814477442,95473.3814477442,0,230,113.790354291605,0,0
95473.3814477442,95533.3814477442,0,230,109.531095032346,0,0
95533.3814477442,95593.3814477442,0,230,105.271835773086,0,0
95593.3814477442,95653.3814477442,0,230,101.012576513827,0,0
95653.3814477442,95713.3814477442,0,230,96.7533172545677,0,0
95713.3814477442,95761.7260220711,0,230,93.3214493239506,0,0
95761.7260220711,95821.7260220711,650,230,99.3214493239506,0,0
95821.7260220711,95881.7260220711,650,230,105.321449323951,0,0
95881.7260220711,95941.7260220711,650,230,111.321449323951,0,0
95941.7260220711,96001.7260220711,650,230,117.321449323951,0,0
96001.7260220711,96061.7260220711,650,230,123.321449323951,0,0
96061.7260220711,96121.7260220711,650,230,129.321449323951,0,0
96121.7260220711,96181.7260220711,650,230,135.321449323951,0,0
96181.7260220711,96241.7260220711,650,230,141.321449323951,0,0
96241.7260220711,96301.7260220711,650,230,147.321449323951,0,0
96301.7260220711,96361.7260220711,650,230,153.321449323951,0,0
96361.7260220711,96421.7260220711,650,230,159.321449323951,0,0
96421.7260220711,96481.7260220711,650,230,165.321449323951,0,0
96481.7260220711,96541.7260220711,650,230,171.321449323951,0,0
96541.7260220711,96601.7260220711,650,230,177.321449323951,0,0
96601.7260220711,96661.7260220711,650,230,183.321449323951,0,0
96661.7260220711,96721.7260220711,650,230,189.321449323951,0,0
96721.7260220711,96781.7260220711,650,230,195.321449323951,0,0
96781.7260220711,96841.7260220711,650,230,201.321449323951,0,0
96841.7260220711,96901.7260220711,650,230,207.321449323951,0,0
96901.7260220711,96961.7260220711,650,230,213.321449323951,0,0
96961.7260220711,97021.7260220711,650,230,219.321449323951,0,0
97021.7260220711,97081.7260220711,650,230,225.321449323951,0,0
97081.7260220711,97141.7260220711,650,230,231.321449323951,0,0
97141.7260220711,97201.7260220711,650,230,237.321449323951,0,0
97201.7260220711,97261.7260220711,650,230,243.321449323951,0,0
97261.7260220711,97321.7260220711,650,230,249.321449323951,0,0
97321.7260220711,97381.7260220711,650,230,255.321449323951,0,0
97381.7260220711,97441.7260220711,650,230,261.321449323951,0,0
97441.7260220711,97501.7260220711,650,230,267.321449323951,0,0
97501.7260220711,97561.7260220711,650,230,273.321449323951,0,0
97561.7260220711,97562.8778552516,650,230,273.436632641996,0,0
97562.8778552516,97622.8778552516,650,560,274.786632641996,0,1
97622.8778552516,97682.8778552516,650,560,276.136632641996,0,1
97682.8778552516,97742.8778552516,650,560,277.486632641996,0,1
97742.8778552516,97802.8778552516,650,560,278.836632641996,0,1
97802.8778552516,97862.8778552516,650,560,280.186632641996,0,1
97862.8778552516,97922.8778552516,650,560,281.536632641996,0,1
97922.8778552516,97982.8778552516,650,560,282.886632641996,0,1
97982.8778552516,98042.8778552516,650,560,284.236632641996,0,1
98042.8778552516,98102.8778552516,650,560,285.586632641996,0,1
98102.8778552516,98162.8778552516,650,560,286.936632641996,0,1
98162.8778552516,98222.8778552516,650,560,288.286632641996,0,1
98222.8778552516,98282.8778552516,650,560,289.636632641996,0,1
98282.8778552516,98342.8778552516,650,560,290.986632641996,0,1
98342.8778552516,98402.8778552516,650,560,292.336632641996,0,1
98402.8778552516,98462.8778552516,650,560,293.686632641996,0,1
98462.8778552516,98522.8778552516,650,560,295.036632641996,0,1
98522.8778552516,98582.8778552516,650,560,296.386632641996,0,1
98582.8778552516,98642.8778552516,650,560,297.736632641996,0,1
98642.8778552516,98702.8778552516,650,560,299.086632641996,0,1
98702.8778552516,98762.8778552516,650,560,300,0,1
98762.8778552516,98822.8778552516,650,560,300,0,1
98822.8778552516,98882.8778552516,650,560,300,0,1
98882.8778552516,98942.8778552516,650,560,300,0,1
98942.8778552516,99002.8778552516,650,560,300,0,1
99002.8778552516,99062.8778552516,650,560,300,0,1
99062.8778552516,99122.8778552516,650,560,300,0,1
99122.8778552516,99182.8778552516,650,560,300,0,1
99182.8778552516,99242.8778552516,650,560,300,0,1
99242.8778552516,99302.8778552516,650,560,300,0,1
99302.8778552516,99362.8778552516,650,560,300,0,1
99362.8778552516,99364.029688432,650,560,300,0,1
99364.029688432,99424.029688432,0,560,289.62962962963,0,1
99424.029688432,99484.029688432,0,560,279.259259259259,0,1
99484.029688432,99544.029688432,0,560,268.888888888889,0,1
99544.029688432,99604.029688432,0,560,258.518518518518,0,1
99604.029688432,99664.029688432,0,560,248.148148148148,0,1
99664.029688432,99724.029688432,0,560,237.777777777778,0,1
99724.029688432,99784.029688432,0,560,227.407407407407,0,1
99784.029688432,99844.029688432,0,560,217.037037037037,0,1
99844.029688432,99904.029688432,0,560,206.666666666667,0,1
99904.029688432,99964.029688432,0,230,202.407407407407,0,0
99964.029688432,100024.029688432,0,230,198.148148148148,0,0
100024.029688432,100084.029688432,0,230,193.888888888889,0,0
100084.029688432,100144.029688432,0,230,189.62962962963,0,0
100144.029688432,100204.029688432,0,230,185.37037037037,0,0
100204.029688432,100264.029688432,0,230,181.111111111111,0,0
100264.029688432,100324.029688432,0,230,176.851851851852,0,0
100324.029688432,100384.029688432,0,230,172.592592592592,0,0
100384.029688432,100432.374262759,0,230,169.160724661975,0,0
100432.374262759,100492.374262759,0,230,164.901465402716,0,0
100492.374262759,100552.374262759,0,230,160.642206143457,0,0
100552.374262759,100612.374262759,0,230,156.382946884197,0,0
100612.374262759,100672.374262759,0,230,152.123687624938,0,0
100672.374262759,100732.374262759,0,230,147.864428365679,0,0
100732.374262759,100792.374262759,0,230,143.60516910642,0,0
100792.374262759,100852.374262759,0,230,139.34590984716,0,0
100852.374262759,100912.374262759,0,230,135.086650587901,0,0
100912.374262759,100972.374262759,0,230,130.827391328642,0,0
100972.374262759,101032.374262759,0,230,126.568132069383,0,0
101032.374262759,101092.374262759,0,230,122.308872810123,0,0
101092.374262759,101152.374262759,0,230,118.049613550864,0,0
101152.374262759,101212.374262759,0,230,113.790354291605,0,0
101212.374262759,101272.374262759,0,230,109.531095032346,0,0
101272.374262759,101332.374262759,0,230,105.271835773086,0,0
101332.374262759,101392.374262759,0,230,101.012576513827,0,0
101392.374262759,101452.374262759,0,230,96.7533172545677,0,0
101452.374262759,101500.718837086,0,230,93.3214493239506,0,0
101500.718837086,101560.718837086,650,230,99.3214493239506,0,0
101560.718837086,101620.718837086,650,230,105.321449323951,0,0
101620.718837086,101680.718837086,650,230,111.321449323951,0,0
101680.718837086,101740.718837086,650,230,117.321449323951,0,0
101740.718837086,101800.718837086,650,230,123.321449323951,0,0
101800.718837086,101860.718837086,650,230,129.321449323951,0,0
101860.718837086,101920.718837086,650,230,135.321449323951,0,0
101920.718837086,101980.718837086,650,230,141.321449323951,0,0
101980.718837086,102040.718837086,650,230,147.321449323951,0,0
102040.718837086,102100.718837086,650,230,153.321449323951,0,0
102100.718837086,102160.718837086,650,230,159.321449323951,0,0
102160.718837086,102220.718837086,650,230,165.321449323951,0,0
102220.718837086,102280.718837086,650,230,171.321449323951,0,0
102280.718837086,102340.718837086,650,230,177.321449323951,0,0
102340.718837086,102400.718837086,650,230,183.321449323951,0,0
102400.718837086,102460.718837086,650,230,189.321449323951,0,0
102460.718837086,102520.718837086,650,230,195.321449323951,0,0
102520.718837086,102580.718837086,650,230,201.321449323951,0,0
102580.718837086,102640.718837086,650,230,207.321449323951,0,0
102640.718837086,102700.718837086,650,230,213.321449323951,0,0
102700.718837086,102760.718837086,650,230,219.321449323951,0,0
102760.718837086,102820.718837086,650,230,225.321449323951,0,0
102820.718837086,102880.718837086,650,230,231.321449323951,0,0
102880.718837086,102940.718837086,650,230,237.321449323951,0,0
102940.718837086,103000.718837086,650,230,243.321449323951,0,0
103000.718837086,103060.718837086,650,230,249.321449323951,0,0
103060.718837086,103120.718837086,650,230,255.321449323951,0,0
103120.718837086,103180.718837086,650,230,261.321449323951,0,0
103180.718837086,103240.718837086,650,230,267.321449323951,0,0
103240.718837086,103300.718837086,650,230,273.321449323951,0,0
103300.718837086,103301.870670266,650,230,273.436632641995,0,0
103301.870670266,103361.870670266,650,560,274.786632641995,0,1
103361.870670266,103421.870670266,650,560,276.136632641995,0,1
103421.870670266,103481.870670266,650,560,277.486632641995,0,1
103481.870670266,103541.870670266,650,560,278.836632641995,0,1
103541.870670266,103601.870670266,650,560,280.186632641995,0,1
103601.870670266,103661.870670266,650,560,281.536632641995,0,1
103661.870670266,103721.870670266,650,560,282.886632641995,0,1
103721.870670266,103781.870670266,650,560,284.236632641995,0,1
103781.870670266,103841.870670266,650,560,285.586632641995,0,1
103841.870670266,103901.870670266,650,560,286.936632641995,0,1
103901.870670266,103961.870670266,650,560,288.286632641995,0,1
103961.870670266,104021.870670266,650,560,289.636632641995,0,1
104021.870670266,104081.870670266,650,560,290.986632641995,0,1
104081.870670266,104141.870670266,650,560,292.336632641995,0,1
104141.870670266,104201.870670266,650,560,293.686632641995,0,1
104201.870670266,104261.870670266,650,560,295.036632641995,0,1
104261.870670266,104321.870670266,650,560,296.386632641995,0,1
104321.870670266,104381.870670266,650,560,297.736632641995,0,1
104381.870670266,104441.870670266,650,560,299.086632641995,0,1
104441.870670266,104501.870670266,650,560,300,0,1
104501.870670266,104561.870670266,650,560,300,0,1
104561.870670266,104621.870670266,650,560,300,0,1
104621.870670266,104681.870670266,650,560,300,0,1
104681.870670266,104741.870670266,650,560,300,0,1
104741.870670266,104801.870670266,650,560,300,0,1
104801.870670266,104861.870670266,650,560,300,0,1
104861.870670266,104921.870670266,650,560,300,0,1
104921.870670266,104981.870670266,650,560,300,0,1
104981.870670266,105041.870670266,650,560,300,0,1
105041.870670266,105101.870670266,650,560,300,0,1
105101.870670266,105103.022503447,650,560,300,0,1
105103.022503447,105163.022503447,0,560,289.62962962963,0,1
105163.022503447,105223.022503447,0,560,279.259259259259,0,1
105223.022503447,105283.022503447,0,560,268.888888888889,0,1
105283.022503447,105343.022503447,0,560,258.518518518518,0,1
105343.022503447,105403.022503447,0,560,248.148148148148,0,1
105403.022503447,105463.022503447,0,560,237.777777777778,0,1
105463.022503447,105523.022503447,0,560,227.407407407407,0,1
105523.022503447,105583.022503447,0,560,217.037037037037,0,1
105583.022503447,105643.022503447,0,560,206.666666666667,0,1
105643.022503447,105703.022503447,0,230,202.407407407407,0,0
105703.022503447,105763.022503447,0,230,198.148148148148,0,0
105763.022503447,105823.022503447,0,230,193.888888888889,0,0
105823.022503447,105883.022503447,0,230,189.62962962963,0,0
105883.022503447,105943.022503447,0,230,185.37037037037,0,0
105943.022503447,106003.022503447,0,230,181.111111111111,0,0
106003.022503447,106063.022503447,0,230,176.851851851852,0,0
106063.022503447,106123.022503447,0,230,172.592592592592,0,0
106123.022503447,106171.367077774,0,230,169.160724661975,0,0
106171.367077774,106231.367077774,0,230,164.901465402716,0,0
106231.367077774,106291.367077774,0,230,160.642206143457,0,0
106291.367077774,106351.367077774,0,230,156.382946884197,0,0
106351.367077774,106411.367077774,0,230,152.123687624938,0,0
106411.367077774,106471.367077774,0,230,147.864428365679,0,0
106471.367077774,106531.367077774,0,230,143.60516910642,0,0
106531.367077774,106591.367077774,0,230,139.34590984716,0,0
106591.367077774,106651.367077774,0,230,135.086650587901,0,0
106651.367077774,106711.367077774,0,230,130.827391328642,0,0
106711.367077774,106771.367077774,0,230,126.568132069383,0,0
106771.367077774,106831.367077774,0,230,122.308872810123,0,0
106831.367077774,106891.367077774,0,230,118.049613550864,0,0
106891.367077774,106951.367077774,0,230,113.790354291605,0,0
106951.367077774,107011.367077774,0,230,109.531095032346,0,0
107011.367077774,107071.367077774,0,230,105.271835773086,0,0
107071.367077774,107131.367077774,0,230,101.012576513827,0,0
107131.367077774,107191.367077774,0,230,96.7533172545677,0,0
107191.367077774,107239.711652101,0,230,93.3214493239506,0,0
107239.711652101,107299.711652101,650,230,99.3214493239506,0,0
107299.711652101,107359.711652101,650,230,105.321449323951,0,0
107359.711652101,107419.711652101,650,230,111.321449323951,0,0
107419.711652101,107479.711652101,650,230,117.321449323951,0,0
107479.711652101,107539.711652101,650,230,123.321449323951,0,0
107539.711652101,107599.711652101,650,230,129.321449323951,0,0
107599.711652101,107659.711652101,650,230,135.321449323951,0,0
107659.711652101,107719.711652101,650,230,141.321449323951,0,0
107719.711652101,107779.711652101,650,230,147.321449323951,0,0
107779.711652101,107839.711652101,650,230,153.321449323951,0,0
107839.711652101,107899.711652101,650,230,159.321449323951,0,0
107899.711652101,107959.711652101,650,230,165.321449323951,0,0
107959.711652101,108019.711652101,650,230,171.321449323951,0,0
108019.711652101,108079.711652101,650,230,177.321449323951,0,0
108079.711652101,108139.711652101,650,230,183.321449323951,0,0
108139.711652101,108199.711652101,650,230,189.321449323951,0,0
108199.711652101,108259.711652101,650,230,195.321449323951,0,0
108259.711652101,108319.711652101,650,230,201.321449323951,0,0
108319.711652101,108379.711652101,650,230,207.321449323951,0,0
108379.711652101,108439.711652101,650,230,213.321449323951,0,0
108439.711652101,108499.711652101,650,230,219.321449323951,0,0
108499.711652101,108559.711652101,650,230,225.321449323951,0,0
108559.711652101,108619.711652101,650,230,231.321449323951,0,0
108619.711652101,108679.711652101,650,230,237.321449323951,0,0
108679.711652101,108739.711652101,650,230,243.321449323951,0,0
108739.711652101,108799.711652101,650,230,249.321449323951,0,0
108799.711652101,108859.711652101,650,230,255.321449323951,0,0
108859.711652101,108919.711652101,650,230,261.321449323951,0,0
108919.711652101,108979.711652101,650,230,267.321449323951,0,0
108979.711652101,109039.711652101,650,230,273.321449323951,0,0
109039.711652101,109040.863485281,650,230,273.436632641996,0,0
109040.863485281,109100.863485281,650,560,274.786632641996,0,1
109100.863485281,109160.863485281,650,560,276.136632641996,0,1
109160.863485281,109220.863485281,650,560,277.486632641996,0,1
109220.863485281,109280.863485281,650,560,278.836632641996,0,1
109280.863485281,109340.863485281,650,560,280.186632641996,0,1
109340.863485281,109400.863485281,650,560,281.536632641996,0,1
109400.863485281,109460.863485281,650,560,282.886632641996,0,1
109460.863485281,109520.863485281,650,560,284.236632641996,0,1
109520.863485281,109580.863485281,650,560,285.586632641996,0,1
109580.863485281,109640.863485281,650,560,286.936632641996,0,1
109640.863485281,109700.863485281,650,560,288.286632641996,0,1
109700.863485281,109760.863485281,650,560,289.636632641996,0,1
109760.863485281,109820.863485281,650,560,290.986632641996,0,1
109820.863485281,109880.863485281,650,560,292.336632641996,0,1
109880.863485281,109940.863485281,650,560,293.686632641996,0,1
109940.863485281,110000.863485281,650,560,295.036632641996,0,1
110000.863485281,110060.863485281,650,560,296.386632641996,0,1
110060.863485281,110120.863485281,650,560,297.736632641996,0,1
110120.863485281,110180.863485281,650,560,299.086632641996,0,1
110180.863485281,110240.863485281,650,560,300,0,1
110240.863485281,110300.863485281,650,560,300,0,1
110300.863485281,110360.863485281,650,560,300,0,1
110360.863485281,110420.863485281,650,560,300,0,1
110420.863485281,110480.863485281,650,560,300,0,1
110480.863485281,110540.863485281,650,560,300,0,1
110540.863485281,110600.863485281,650,560,300,0,1
110600.863485281,110660.863485281,650,560,300,0,1
110660.863485281,110720.863485281,650,560,300,0,1
110720.863485281,110780.863485281,650,560,300,0,1
110780.863485281,110840.863485281,650,560,300,0,1
110840.863485281,110842.015318462,650,560,300,0,1
110842.015318462,110902.015318462,0,560,289.62962962963,0,1
110902.015318462,110962.015318462,0,560,279.259259259259,0,1
110962.015318462,111022.015318462,0,560,268.888888888889,0,1
111022.015318462,111082.015318462,0,560,258.518518518518,0,1
111082.015318462,111142.015318462,0,560,248.148148148148,0,1
111142.015318462,111202.015318462,0,560,237.777777777778,0,1
111202.015318462,111262.015318462,0,560,227.407407407407,0,1
111262.015318462,111322.015318462,0,560,217.037037037037,0,1
111322.015318462,111382.015318462,0,560,206.666666666667,0,1
111382.015318462,111442.015318462,0,230,202.407407407407,0,0
111442.015318462,111502.015318462,0,230,198.148148148148,0,0
111502.015318462,111562.015318462,0,230,193.888888888889,0,0
111562.015318462,111622.015318462,0,230,189.62962962963,0,0
111622.015318462,111682.015318462,0,230,185.37037037037,0,0
111682.015318462,111742.015318462,0,230,181.111111111111,0,0
111742.015318462,111802.015318462,0,230,176.851851851852,0,0
111802.015318462,111862.015318462,0,230,172.592592592592,0,0
111862.015318462,111910.359892789,0,230,169.160724661975,0,0
111910.359892789,111970.359892789,0,230,164.901465402716,0,0
111970.359892789,112030.359892789,0,230,160.642206143457,0,0
112030.359892789,112090.359892789,0,230,156.382946884197,0,0
112090.359892789,112150.359892789,0,230,152.123687624938,0,0
112150.359892789,112210.359892789,0,230,147.864428365679,0,0
112210.359892789,112270.359892789,0,230,143.60516910642,0,0
112270.359892789,112330.359892789,0,230,139.34590984716,0,0
112330.359892789,112390.359892789,0,230,135.086650587901,0,0
112390.359892789,112450.359892789,0,230,130.827391328642,0,0
112450.359892789,112510.359892789,0,230,126.568132069383,0,0
112510.359892789,112570.359892789,0,230,122.308872810123,0,0
112570.359892789,112630.359892789,0,230,118.049613550864,0,0
112630.359892789,112690.359892789,0,230,113.790354291605,0,0
112690.359892789,112750.359892789,0,230,109.531095032346,0,0
112750.359892789,112810.359892789,0,230,105.271835773086,0,0
112810.359892789,112870.359892789,0,230,101.012576513827,0,0
112870.359892789,112930.359892789,0,230,96.7533172545677,0,0
112930.359892789,112978.704467116,0,230,93.3214493239506,0,0
112978.704467116,113038.704467116,650,230,99.3214493239506,0,0
113038.704467116,113098.704467116,650,230,105.321449323951,0,0
113098.704467116,113158.704467116,650,230,111.321449323951,0,0
113158.704467116,113218.704467116,650,230,117.321449323951,0,0
113218.704467116,113278.704467116,650,230,123.321449323951,0,0
113278.704467116,113338.704467116,650,230,129.321449323951,0,0
113338.704467116,113398.704467116,650,230,135.321449323951,0,0
113398.704467116,113458.704467116,650,230,141.321449323951,0,0
113458.704467116,113518.704467116,650,230,147.321449323951,0,0
113518.704467116,113578.704467116,650,230,153.321449323951,0,0
113578.704467116,113638.704467116,650,230,159.321449323951,0,0
113638.704467116,113698.704467116,650,230,165.321449323951,0,0
113698.704467116,113758.704467116,650,230,171.321449323951,0,0
113758.704467116,113818.704467116,650,230,177.321449323951,0,0
113818.704467116,113878.704467116,650,230,183.321449323951,0,0
113878.704467116,113938.704467116,650,230,189.321449323951,0,0
113938.704467116,113998.704467116,650,230,195.321449323951,0,0
113998.704467116,114058.704467116,650,230,201.321449323951,0,0
114058.704467116,114118.704467116,650,230,207.321449323951,0,0
114118.704467116,114178.704467116,650,230,213.321449323951,0,0
114178.704467116,114238.704467116,650,230,219.321449323951,0,0
114238.704467116,114298.704467116,650,230,225.321449323951,0,0
114298.704467116,114358.704467116,650,230,231.321449323951,0,0
114358.704467116,114418.704467116,650,230,237.321449323951,0,0
114418.704467116,114478.704467116,650,230,243.321449323951,0,0
114478.704467116,114538.704467116,650,230,249.321449323951,0,0
114538.704467116,114598.704467116,650,230,255.321449323951,0,0
114598.704467116,114658.704467116,650,230,261.321449323951,0,0
114658.704467116,114718.704467116,650,230,267.321449323951,0,0
114718.704467116,114778.704467116,650,230,273.321449323951,0,0
114778.704467116,114779.856300296,650,230,273.436632641995,0,0
114779.856300296,114839.856300296,650,560,274.786632641995,0,1
114839.856300296,114899.856300296,650,560,276.136632641995,0,1
114899.856300296,114959.856300296,650,560,277.486632641995,0,1
114959.856300296,115019.856300296,650,560,278.836632641995,0,1
115019.856300296,115079.856300296,650,560,280.186632641995,0,1
115079.856300296,115139.856300296,650,560,281.536632641995,0,1
115139.856300296,115199.856300296,650,560,282.886632641995,0,1
115199.856300296,115259.856300296,650,560,284.236632641995,0,1
115259.856300296,115319.856300296,650,560,285.586632641995,0,1
115319.856300296,115379.856300296,650,560,286.936632641995,0,1
115379.856300296,115439.856300296,650,560,288.286632641995,0,1
115439.856300296,115499.856300296,650,560,289.636632641995,0,1
115499.856300296,115559.856300296,650,560,290.986632641995,0,1
115559.856300296,115619.856300296,650,560,292.336632641995,0,1
115619.856300296,115679.856300296,650,560,293.686632641995,0,1
115679.856300296,115739.856300296,650,560,295.036632641995,0,1
115739.856300296,115799.856300296,650,560,296.386632641995,0,1
115799.856300296,115859.856300296,650,560,297.736632641995,0,1
115859.856300296,115919.856300296,650,560,299.086632641995,0,1
115919.856300296,115979.856300296,650,560,300,0,1
115979.856300296,116039.856300296,650,560,300,0,1
116039.856300296,116099.856300296,650,560,300,0,1
116099.856300296,116159.856300296,650,560,300,0,1
116159.856300296,116219.856300296,650,560,300,0,1
116219.856300296,116279.856300296,650,560,300,0,1
116279.856300296,116339.856300296,650,560,300,0,1
116339.856300296,116399.856300296,650,560,300,0,1
116399.856300296,116459.856300296,650,560,300,0,1
116459.856300296,116519.856300296,650,560,300,0,1
116519.856300296,116579.856300296,650,560,300,0,1
116579.856300296,116581.008133476,650,560,300,0,1
116581.008133476,116641.008133476,0,560,289.62962962963,0,1
116641.008133476,116701.008133476,0,560,279.259259259259,0,1
116701.008133476,116761.008133476,0,560,268.888888888889,0,1
116761.008133476,116821.008133476,0,560,258.518518518518,0,1
116821.008133476,116881.008133476,0,560,248.148148148148,0,1
116881.008133476,116941.008133476,0,560,237.777777777778,0,1
116941.008133476,117001.008133476,0,560,227.407407407407,0,1
117001.008133476,117061.008133476,0,560,217.037037037037,0,1
117061.008133476,117121.008133476,0,560,206.666666666667,0,1
117121.008133476,117181.008133476,0,230,202.407407407407,0,0
117181.008133476,117241.008133476,0,230,198.148148148148,0,0
117241.008133476,117301.008133476,0,230,193.888888888889,0,0
117301.008133476,117361.008133476,0,230,189.62962962963,0,0
117361.008133476,117421.008133476,0,230,185.37037037037,0,0
117421.008133476,117481.008133476,0,230,181.111111111111,0,0
117481.008133476,117541.008133476,0,230,176.851851851852,0,0
117541.008133476,117601.008133476,0,230,172.592592592592,0,0
117601.008133476,117649.352707803,0,230,169.160724661975,0,0
117649.352707803,117709.352707803,0,230,164.901465402716,0,0
117709.352707803,117769.352707803,0,230,160.642206143457,0,0
117769.352707803,117829.352707803,0,230,156.382946884197,0,0
117829.352707803,117889.352707803,0,230,152.123687624938,0,0
117889.352707803,117949.352707803,0,230,147.864428365679,0,0
117949.352707803,118009.352707803,0,230,143.60516910642,0,0
118009.352707803,118069.352707803,0,230,139.34590984716,0,0
118069.352707803,118129.352707803,0,230,135.086650587901,0,0
118129.352707803,118189.352707803,0,230,130.827391328642,0,0
118189.352707803,118249.352707803,0,230,126.568132069383,0,0
118249.352707803,118309.352707803,0,230,122.308872810123,0,0
118309.352707803,118369.352707803,0,230,118.049613550864,0,0
118369.352707803,118429.352707803,0,230,113.790354291605,0,0
118429.352707803,118489.352707803,0,230,109.531095032346,0,0
118489.352707803,118549.352707803,0,230,105.271835773086,0,0
118549.352707803,118609.352707803,0,230,101.012576513827,0,0
118609.352707803,118669.352707803,0,230,96.7533172545677,0,0
118669.352707803,118717.69728213,0,230,93.3214493239506,0,0
118717.69728213,118777.69728213,650,230,99.3214493239506,0,0
118777.69728213,118837.69728213,650,230,105.321449323951,0,0
118837.69728213,118897.69728213,650,230,111.321449323951,0,0
118897.69728213,118957.69728213,650,230,117.321449323951,0,0
118957.69728213,119017.69728213,650,230,123.321449323951,0,0
119017.69728213,119077.69728213,650,230,129.321449323951,0,0
119077.69728213,119137.69728213,650,230,135.321449323951,0,0
119137.69728213,119197.69728213,650,230,141.321449323951,0,0
119197.69728213,119257.69728213,650,230,147.321449323951,0,0
119257.69728213,119317.69728213,650,230,153.321449323951,0,0
119317.69728213,119377.69728213,650,230,159.321449323951,0,0
119377.69728213,119437.69728213,650,230,165.321449323951,0,0
119437.69728213,119497.69728213,650,230,171.321449323951,0,0
119497.69728213,119557.69728213,650,230,177.321449323951,0,0
119557.69728213,119617.69728213,650,230,183.321449323951,0,0
119617.69728213,119677.69728213,650,230,189.321449323951,0,0
119677.69728213,119737.69728213,650,230,195.321449323951,0,0
119737.69728213,119797.69728213,650,230,201.321449323951,0,0
119797.69728213,119857.69728213,650,230,207.321449323951,0,0
119857.69728213,119917.69728213,650,230,213.321449323951,0,0
119917.69728213,119977.69728213,650,230,219.321449323951,0,0
119977.69728213,120037.69728213,650,230,225.321449323951,0,0
120037.69728213,120097.69728213,650,230,231.321449323951,0,0
120097.69728213,120157.69728213,650,230,237.321449323951,0,0
120157.69728213,120217.69728213,650,230,243.321449323951,0,0
120217.69728213,120277.69728213,650,230,249.321449323951,0,0
120277.69728213,120337.69728213,650,230,255.321449323951,0,0
120337.69728213,120397.69728213,650,230,261.321449323951,0,0
120397.69728213,120457.69728213,650,230,267.321449323951,0,0
120457.69728213,120517.69728213,650,230,273.321449323951,0,0
120517.69728213,120518.849115311,650,230,273.436632641996,0,0
120518.849115311,120578.849115311,650,560,274.786632641996,0,1
120578.849115311,120638.849115311,650,560,276.136632641996,0,1
120638.849115311,120698.849115311,650,560,277.486632641996,0,1
120698.849115311,120758.849115311,650,560,278.836632641996,0,1
120758.849115311,120818.849115311,650,560,280.186632641996,0,1
120818.849115311,120878.849115311,650,560,281.536632641996,0,1
120878.849115311,120938.849115311,650,560,282.886632641996,0,1
120938.849115311,120998.849115311,650,560,284.236632641996,0,1
120998.849115311,121058.849115311,650,560,285.586632641996,0,1
121058.849115311,121118.849115311,650,560,286.936632641996,0,1
121118.849115311,121178.849115311,650,560,288.286632641996,0,1
121178.849115311,121238.849115311,650,560,289.636632641996,0,1
121238.849115311,121298.849115311,650,560,290.986632641996,0,1
121298.849115311,121358.849115311,650,560,292.336632641996,0,1
121358.849115311,121418.849115311,650,560,293.686632641996,0,1
121418.849115311,121478.849115311,650,560,295.036632641996,0,1
121478.849115311,121538.849115311,650,560,296.386632641996,0,1
121538.849115311,121598.849115311,650,560,297.736632641996,0,1
121598.849115311,121658.849115311,650,560,299.086632641996,0,1
121658.849115311,121718.849115311,650,560,300,0,1
121718.849115311,121778.849115311,650,560,300,0,1
121778.849115311,121838.849115311,650,560,300,0,1
121838.849115311,121898.849115311,650,560,300,0,1
121898.849115311,121958.849115311,650,560,300,0,1
121958.849115311,122018.849115311,650,560,300,0,1
122018.849115311,122078.849115311,650,560,300,0,1
122078.849115311,122138.849115311,650,560,300,0,1
122138.849115311,122198.849115311,650,560,300,0,1
122198.849115311,122258.849115311,650,560,300,0,1
122258.849115311,122318.849115311,650,560,300,0,1
122318.849115311,122320.000948491,650,560,300,0,1
122320.000948491,122380.000948491,0,560,289.62962962963,0,1
122380.000948491,122440.000948491,0,560,279.259259259259,0,1
122440.000948491,122500.000948491,0,560,268.888888888889,0,1
122500.000948491,122560.000948491,0,560,258.518518518518,0,1
122560.000948491,122620.000948491,0,560,248.148148148148,0,1
122620.000948491,122680.000948491,0,560,237.777777777778,0,1
122680.000948491,122740.000948491,0,560,227.407407407407,0,1
122740.000948491,122800.000948491,0,560,217.037037037037,0,1
122800.000948491,122860.000948491,0,560,206.666666666667,0,1
122860.000948491,122920.000948491,0,230,202.407407407407,0,0
122920.000948491,122980.000948491,0,230,198.148148148148,0,0
122980.000948491,123040.000948491,0,230,193.888888888889,0,0
123040.000948491,123100.000948491,0,230,189.62962962963,0,0
123100.000948491,123160.000948491,0,230,185.37037037037,0,0
123160.000948491,123220.000948491,0,230,181.111111111111,0,0
123220.000948491,123280.000948491,0,230,176.851851851852,0,0
123280.000948491,123340.000948491,0,230,172.592592592592,0,0
123340.000948491,123388.345522818,0,230,169.160724661975,0,0
123388.345522818,123448.345522818,0,230,164.901465402716,0,0
123448.345522818,123508.345522818,0,230,160.642206143457,0,0
123508.345522818,123568.345522818,0,230,156.382946884197,0,0
123568.345522818,123628.345522818,0,230,152.123687624938,0,0
123628.345522818,123688.345522818,0,230,147.864428365679,0,0
123688.345522818,123748.345522818,0,230,143.60516910642,0,0
123748.345522818,123808.345522818,0,230,139.34590984716,0,0
123808.345522818,123868.345522818,0,230,135.086650587901,0,0
123868.345522818,123928.345522818,0,230,130.827391328642,0,0
123928.345522818,123988.345522818,0,230,126.568132069383,0,0
123988.345522818,124048.345522818,0,230,122.308872810123,0,0
124048.345522818,124108.345522818,0,230,118.049613550864,0,0
124108.345522818,124168.345522818,0,230,113.790354291605,0,0
124168.345522818,124228.345522818,0,230,109.531095032346,0,0
124228.345522818,124288.345522818,0,230,105.271835773086,0,0
124288.345522818,124348.345522818,0,230,101.012576513827,0,0
124348.345522818,124408.345522818,0,230,96.7533172545677,0,0
124408.345522818,124456.690097145,0,230,93.3214493239506,0,0
124456.690097145,124516.690097145,650,230,99.3214493239506,0,0
124516.690097145,124576.690097145,650,230,105.321449323951,0,0
124576.690097145,124636.690097145,650,230,111.321449323951,0,0
124636.690097145,124696.690097145,650,230,117.321449323951,0,0
124696.690097145,124756.690097145,650,230,123.321449323951,0,0
124756.690097145,124816.690097145,650,230,129.321449323951,0,0
124816.690097145,124876.690097145,650,230,135.321449323951,0,0
124876.690097145,124936.690097145,650,230,141.321449323951,0,0
124936.690097145,124996.690097145,650,230,147.321449323951,0,0
124996.690097145,125056.690097145,650,230,153.321449323951,0,0
125056.690097145,125116.690097145,650,230,159.321449323951,0,0
125116.690097145,125176.690097145,650,230,165.321449323951,0,0
125176.690097145,125236.690097145,650,230,171.321449323951,0,0
125236.690097145,125296.690097145,650,230,177.321449323951,0,0
125296.690097145,125356.690097145,650,230,183.321449323951,0,0
125356.690097145,125416.690097145,650,230,189.321449323951,0,0
125416.690097145,125476.690097145,650,230,195.321449323951,0,0
125476.690097145,125536.690097145,650,230,201.321449323951,0,0
125536.690097145,125596.690097145,650,230,207.321449323951,0,0
125596.690097145,125656.690097145,650,230,213.321449323951,0,0
125656.690097145,125716.690097145,650,230,219.321449323951,0,0
125716.690097145,125776.690097145,650,230,225.321449323951,0,0
125776.690097145,125836.690097145,650,230,231.321449323951,0,0
125836.690097145,125896.690097145,650,230,237.321449323951,0,0
125896.690097145,125956.690097145,650,230,243.321449323951,0,0
125956.690097145,126016.690097145,650,230,249.321449323951,0,0
126016.690097145,126076.690097145,650,230,255.321449323951,0,0
126076.690097145,126136.690097145,650,230,261.321449323951,0,0
126136.690097145,126196.690097145,650,230,267.321449323951,0,0
126196.690097145,126256.690097145,650,230,273.321449323951,0,0
126256.690097145,126257.841930326,650,230,273.436632641995,0,0
126257.841930326,126317.841930326,650,560,274.786632641995,0,1
126317.841930326,126377.841930326,650,560,276.136632641995,0,1
126377.841930326,126437.841930326,650,560,277.486632641995,0,1
126437.841930326,126497.841930326,650,560,278.836632641995,0,1
126497.841930326,126557.841930326,650,560,280.186632641995,0,1
126557.841930326,126617.841930326,650,560,281.536632641995,0,1
126617.841930326,126677.841930326,650,560,282.886632641995,0,1
126677.841930326,126737.841930326,650,560,284.236632641995,0,1
126737.841930326,126797.841930326,650,560,285.586632641995,0,1
126797.841930326,126857.841930326,650,560,286.936632641995,0,1
126857.841930326,126917.841930326,650,560,288.286632641995,0,1
126917.841930326,126977.841930326,650,560,289.636632641995,0,1
126977.841930326,127037.841930326,650,560,290.986632641995,0,1
127037.841930326,127097.841930326,650,560,292.336632641995,0,1
127097.841930326,127157.841930326,650,560,293.686632641995,0,1
127157.841930326,127217.841930326,650,560,295.036632641995,0,1
127217.841930326,127277.841930326,650,560,296.386632641995,0,1
127277.841930326,127337.841930326,650,560,297.736632641995,0,1
127337.841930326,127397.841930326,650,560,299.086632641995,0,1
127397.841930326,127457.841930326,650,560,300,0,1
127457.841930326,127517.841930326,650,560,300,0,1
127517.841930326,127577.841930326,650,560,300,0,1
127577.841930326,127637.841930326,650,560,300,0,1
127637.841930326,127697.841930326,650,560,300,0,1
127697.841930326,127757.841930326,650,560,300,0,1
127757.841930326,127817.841930326,650,560,300,0,1
127817.841930326,127877.841930326,650,560,300,0,1
127877.841930326,127937.841930326,650,560,300,0,1
127937.841930326,127997.841930326,650,560,300,0,1
127997.841930326,128057.841930326,650,560,300,0,1
128057.841930326,128058.993763506,650,560,300,0,1
128058.993763506,128118.993763506,0,560,289.62962962963,0,1
128118.993763506,128178.993763506,0,560,279.259259259259,0,1
128178.993763506,128238.993763506,0,560,268.888888888889,0,1
128238.993763506,128298.993763506,0,560,258.518518518518,0,1
128298.993763506,128358.993763506,0,560,248.148148148148,0,1
128358.993763506,128418.993763506,0,560,237.777777777778,0,1
128418.993763506,128478.993763506,0,560,227.407407407407,0,1
128478.993763506,128538.993763506,0,560,217.037037037037,0,1
128538.993763506,128598.993763506,0,560,206.666666666667,0,1
128598.993763506,128658.993763506,0,230,202.407407407407,0,0
128658.993763506,128718.993763506,0,230,198.148148148148,0,0
128718.993763506,128778.993763506,0,230,193.888888888889,0,0
128778.993763506,128838.993763506,0,230,189.62962962963,0,0
128838.993763506,128898.993763506,0,230,185.37037037037,0,0
128898.993763506,128958.993763506,0,230,181.111111111111,0,0
128958.993763506,129018.993763506,0,230,176.851851851852,0,0
129018.993763506,129078.993763506,0,230,172.592592592592,0,0
129078.993763506,129127.338337833,0,230,169.160724661975,0,0
129127.338337833,129187.338337833,0,230,164.901465402716,0,0
129187.338337833,129247.338337833,0,230,160.642206143457,0,0
129247.338337833,129307.338337833,0,230,156.382946884197,0,0
129307.338337833,129367.338337833,0,230,152.123687624938,0,0
129367.338337833,129427.338337833,0,230,147.864428365679,0,0
129427.338337833,129487.338337833,0,230,143.60516910642,0,0
129487.338337833,129547.338337833,0,230,139.34590984716,0,0
129547.338337833,129607.338337833,0,230,135.086650587901,0,0
129607.338337833,129667.338337833,0,230,130.827391328642,0,0
129667.338337833,129727.338337833,0,230,126.568132069383,0,0
129727.338337833,129787.338337833,0,230,122.308872810123,0,0
129787.338337833,129847.338337833,0,230,118.049613550864,0,0
129847.338337833,129907.338337833,0,230,113.790354291605,0,0
129907.338337833,129967.338337833,0,230,109.531095032346,0,0
129967.338337833,130027.338337833,0,230,105.271835773086,0,0
130027.338337833,130087.338337833,0,230,101.012576513827,0,0
130087.338337833,130147.338337833,0,230,96.7533172545677,0,0
130147.338337833,130195.68291216,0,230,93.3214493239506,0,0
130195.68291216,130255.68291216,650,230,99.3214493239506,0,0
130255.68291216,130315.68291216,650,230,105.321449323951,0,0
130315.68291216,130375.68291216,650,230,111.321449323951,0,0
130375.68291216,130435.68291216,650,230,117.321449323951,0,0
130435.68291216,130495.68291216,650,230,123.321449323951,0,0
130495.68291216,130555.68291216,650,230,129.321449323951,0,0
130555.68291216,130615.68291216,650,230,135.321449323951,0,0
130615.68291216,130675.68291216,650,230,141.321449323951,0,0
130675.68291216,130735.68291216,650,230,147.321449323951,0,0
130735.68291216,130795.68291216,650,230,153.321449323951,0,0
130795.68291216,130855.68291216,650,230,159.321449323951,0,0
130855.68291216,130915.68291216,650,230,165.321449323951,0,0
130915.68291216,130975.68291216,650,230,171.321449323951,0,0
130975.68291216,131035.68291216,650,230,177.321449323951,0,0
131035.68291216,131095.68291216,650,230,183.321449323949,0,0
131095.68291216,131155.68291216,650,230,189.321449323949,0,0
131155.68291216,131215.68291216,650,230,195.321449323949,0,0
131215.68291216,131275.68291216,650,230,201.321449323949,0,0
131275.68291216,131335.68291216,650,230,207.321449323949,0,0
131335.68291216,131395.68291216,650,230,213.321449323949,0,0
131395.68291216,131455.68291216,650,230,219.321449323949,0,0
131455.68291216,131515.68291216,650,230,225.321449323949,0,0
131515.68291216,131575.68291216,650,230,231.321449323949,0,0
131575.68291216,131635.68291216,650,230,237.321449323949,0,0
131635.68291216,131695.68291216,650,230,243.321449323949,0,0
131695.68291216,131755.68291216,650,230,249.321449323949,0,0
131755.68291216,131815.68291216,650,230,255.321449323949,0,0
131815.68291216,131875.68291216,650,230,261.321449323949,0,0
131875.68291216,131935.68291216,650,230,267.321449323949,0,0
131935.68291216,131995.68291216,650,230,273.321449323949,0,0
131995.68291216,131996.83474534,650,230,273.436632641995,0,0
131996.83474534,131996.834745914,650,230,273.436632699384,0,0
131996.834745914,132056.834745914,650,560,274.786632699384,0,1
132056.834745914,132116.834745914,650,560,276.136632699384,0,1
132116.834745914,132176.834745914,650,560,277.486632699384,0,1
132176.834745914,132236.834745914,650,560,278.836632699384,0,1
132236.834745914,132296.834745914,650,560,280.186632699385,0,1
132296.834745914,132356.834745914,650,560,281.536632699385,0,1
132356.834745914,132416.834745914,650,560,282.886632699385,0,1
132416.834745914,132476.834745914,650,560,284.236632699385,0,1
132476.834745914,132536.834745914,650,560,285.586632699385,0,1
132536.834745914,132596.834745914,650,560,286.936632699385,0,1
132596.834745914,132656.834745914,650,560,288.286632699385,0,1
132656.834745914,132716.834745914,650,560,289.636632699385,0,1
132716.834745914,132776.834745914,650,560,290.986632699385,0,1
132776.834745914,132836.834745914,650,560,292.336632699385,0,1
132836.834745914,132896.834745914,650,560,293.686632699385,0,1
132896.834745914,132956.834745914,650,560,295.036632699385,0,1
132956.834745914,133016.834745914,650,560,296.386632699385,0,1
133016.834745914,133076.834745914,650,560,297.736632699385,0,1
133076.834745914,133136.834745914,650,560,299.086632699385,0,1
133136.834745914,133196.834745914,650,560,300,0,1
133196.834745914,133256.834745914,650,560,300,0,1
133256.834745914,133316.834745914,650,560,300,0,1
133316.834745914,133376.834745914,650,560,300,0,1
133376.834745914,133436.834745914,650,560,300,0,1
133436.834745914,133496.834745914,650,560,300,0,1
133496.834745914,133556.834745914,650,560,300,0,1
133556.834745914,133616.834745914,650,560,300,0,1
133616.834745914,133676.834745914,650,560,300,0,1
133676.834745914,133736.834745914,650,560,300,0,1
133736.834745914,133796.834745914,650,560,300,0,1
133796.834745914,133797.986578521,650,560,300,0,1
133797.986578521,133857.986578521,0,560,289.62962962963,0,1
133857.986578521,133917.986578521,0,560,279.259259259259,0,1
133917.986578521,133977.986578521,0,560,268.888888888889,0,1
133977.986578521,134037.986578521,0,560,258.518518518518,0,1
134037.986578521,134097.986578521,0,560,248.148148148148,0,1
134097.986578521,134157.986578521,0,560,237.777777777778,0,1
134157.986578521,134217.986578521,0,560,227.407407407407,0,1
134217.986578521,134277.986578521,0,560,217.037037037037,0,1
134277.986578521,134337.986578521,0,560,206.666666666667,0,1
134337.986578521,134397.986578521,0,230,202.407407407407,0,0
134397.986578521,134457.986578521,0,230,198.148148148148,0,0
134457.986578521,134517.986578521,0,230,193.888888888889,0,0
134517.986578521,134577.986578521,0,230,189.62962962963,0,0
134577.986578521,134637.986578521,0,230,185.37037037037,0,0
134637.986578521,134697.986578521,0,230,181.111111111111,0,0
134697.986578521,134757.986578521,0,230,176.851851851852,0,0
134757.986578521,134817.986578521,0,230,172.592592592592,0,0
134817.986578521,134866.331152848,0,230,169.160724661976,0,0
134866.331152848,134926.331152848,0,230,164.901465402717,0,0
134926.331152848,134986.331152848,0,230,160.642206143458,0,0
134986.331152848,135046.331152848,0,230,156.382946884199,0,0
135046.331152848,135106.331152848,0,230,152.123687624939,0,0
135106.331152848,135166.331152848,0,230,147.86442836568,0,0
135166.331152848,135226.331152848,0,230,143.605169106421,0,0
135226.331152848,135286.331152848,0,230,139.345909847161,0,0
135286.331152848,135346.331152848,0,230,135.086650587902,0,0
135346.331152848,135406.331152848,0,230,130.827391328643,0,0
135406.331152848,135466.331152848,0,230,126.568132069384,0,0
135466.331152848,135526.331152848,0,230,122.308872810124,0,0
135526.331152848,135586.331152848,0,230,118.049613550865,0,0
135586.331152848,135646.331152848,0,230,113.790354291606,0,0
135646.331152848,135706.331152848,0,230,109.531095032347,0,0
135706.331152848,135766.331152848,0,230,105.271835773087,0,0
135766.331152848,135826.331152848,0,230,101.012576513828,0,0
135826.331152848,135886.331152848,0,230,96.7533172545688,0,0
135886.331152848,135934.675727175,0,230,93.3214493239506,0,0
135934.675727175,135994.675727175,650,230,99.3214493239506,0,0
135994.675727175,136054.675727175,650,230,105.321449323951,0,0
136054.675727175,136114.675727175,650,230,111.321449323951,0,0
136114.675727175,136174.675727175,650,230,117.321449323951,0,0
136174.675727175,136234.675727175,650,230,123.321449323951,0,0
136234.675727175,136294.675727175,650,230,129.321449323951,0,0
136294.675727175,136354.675727175,650,230,135.321449323951,0,0
136354.675727175,136414.675727175,650,230,141.321449323951,0,0
136414.675727175,136474.675727175,650,230,147.321449323951,0,0
136474.675727175,136534.675727175,650,230,153.321449323951,0,0
136534.675727175,136594.675727175,650,230,159.321449323951,0,0
136594.675727175,136654.675727175,650,230,165.321449323951,0,0
136654.675727175,136714.675727175,650,230,171.321449323951,0,0
136714.675727175,136774.675727175,650,230,177.321449323951,0,0
136774.675727175,136834.675727175,650,230,183.321449323951,0,0
136834.675727175,136894.675727175,650,230,189.321449323951,0,0
136894.675727175,136954.675727175,650,230,195.321449323951,0,0
136954.675727175,137014.675727175,650,230,201.321449323951,0,0
137014.675727175,137074.675727175,650,230,207.321449323951,0,0
137074.675727175,137134.675727175,650,230,213.321449323951,0,0
137134.675727175,137194.675727175,650,230,219.321449323951,0,0
137194.675727175,137254.675727175,650,230,225.321449323951,0,0
137254.675727175,137314.675727175,650,230,231.321449323951,0,0
137314.675727175,137374.675727175,650,230,237.321449323951,0,0
137374.675727175,137434.675727175,650,230,243.321449323951,0,0
137434.675727175,137494.675727175,650,230,249.321449323951,0,0
137494.675727175,137554.675727175,650,230,255.321449323951,0,0
137554.675727175,137614.675727175,650,230,261.321449323951,0,0
137614.675727175,137674.675727175,650,230,267.321449323951,0,0
137674.675727175,137734.675727175,650,230,273.321449323951,0,0
137734.675727175,137735.827560355,650,230,273.436632641993,0,0
137735.827560355,137735.828134254,650,230,273.436690031921,0,0
137735.828134254,137795.828134254,650,560,274.786690031921,0,1
137795.828134254,137855.828134254,650,560,276.136690031921,0,1
137855.828134254,137915.828134254,650,560,277.486690031921,0,1
137915.828134254,137975.828134254,650,560,278.836690031921,0,1
137975.828134254,138035.828134254,650,560,280.186690031921,0,1
138035.828134254,138095.828134254,650,560,281.536690031921,0,1
138095.828134254,138155.828134254,650,560,282.886690031921,0,1
138155.828134254,138215.828134254,650,560,284.236690031921,0,1
138215.828134254,138275.828134254,650,560,285.586690031921,0,1
138275.828134254,138335.828134254,650,560,286.936690031921,0,1
138335.828134254,138395.828134254,650,560,288.286690031921,0,1
138395.828134254,138455.828134254,650,560,289.636690031921,0,1
138455.828134254,138515.828134254,650,560,290.986690031921,0,1
138515.828134254,138575.828134254,650,560,292.336690031921,0,1
138575.828134254,138635.828134254,650,560,293.686690031921,0,1
138635.828134254,138695.828134254,650,560,295.036690031921,0,1
138695.828134254,138755.828134254,650,560,296.386690031921,0,1
138755.828134254,138815.828134254,650,560,297.736690031921,0,1
138815.828134254,138875.828134254,650,560,299.086690031921,0,1
138875.828134254,138935.828134254,650,560,300,0,1
138935.828134254,138995.828134254,650,560,300,0,1
138995.828134254,139055.828134254,650,560,300,0,1
139055.828134254,139115.828134254,650,560,300,0,1
139115.828134254,139175.828134254,650,560,300,0,1
139175.828134254,139235.828134254,650,560,300,0,1
139235.828134254,139295.828134254,650,560,300,0,1
139295.828134254,139355.828134254,650,560,300,0,1
139355.828134254,139415.828134254,650,560,300,0,1
139415.828134254,139475.828134254,650,560,300,0,1
139475.828134254,139535.828134254,650,560,300,0,1
139535.828134254,139536.979393536,650,560,300,0,1
139536.979393536,139596.979393536,0,560,289.62962962963,0,1
139596.979393536,139656.979393536,0,560,279.259259259259,0,1
139656.979393536,139716.979393536,0,560,268.888888888889,0,1
139716.979393536,139776.979393536,0,560,258.518518518518,0,1
139776.979393536,139836.979393536,0,560,248.148148148148,0,1
139836.979393536,139896.979393536,0,560,237.777777777778,0,1
139896.979393536,139956.979393536,0,560,227.407407407407,0,1
139956.979393536,140016.979393536,0,560,217.037037037037,0,1
140016.979393536,140076.979393536,0,560,206.666666666667,0,1
140076.979393536,140136.979393536,0,230,202.407407407407,0,0
140136.979393536,140196.979393536,0,230,198.148148148148,0,0
140196.979393536,140256.979393536,0,230,193.888888888889,0,0
140256.979393536,140316.979393536,0,230,189.62962962963,0,0
140316.979393536,140376.979393536,0,230,185.37037037037,0,0
140376.979393536,140436.979393536,0,230,181.111111111111,0,0
140436.979393536,140496.979393536,0,230,176.851851851852,0,0
140496.979393536,140556.979393536,0,230,172.592592592592,0,0
140556.979393536,140605.323967863,0,230,169.160724661976,0,0
140605.323967863,140665.323967863,0,230,164.901465402717,0,0
140665.323967863,140725.323967863,0,230,160.642206143458,0,0
140725.323967863,140785.323967863,0,230,156.382946884199,0,0
140785.323967863,140845.323967863,0,230,152.123687624939,0,0
140845.323967863,140905.323967863,0,230,147.86442836568,0,0
140905.323967863,140965.323967863,0,230,143.605169106421,0,0
140965.323967863,141025.323967863,0,230,139.345909847161,0,0
141025.323967863,141085.323967863,0,230,135.086650587902,0,0
141085.323967863,141145.323967863,0,230,130.827391328643,0,0
141145.323967863,141205.323967863,0,230,126.568132069384,0,0
141205.323967863,141265.323967863,0,230,122.308872810124,0,0
141265.323967863,141325.323967863,0,230,118.049613550865,0,0
141325.323967863,141385.323967863,0,230,113.790354291606,0,0
141385.323967863,141445.323967863,0,230,109.531095032347,0,0
141445.323967863,141505.323967863,0,230,105.271835773087,0,0
141505.323967863,141565.323967863,0,230,101.012576513828,0,0
141565.323967863,141625.323967863,0,230,96.7533172545688,0,0
141625.323967863,141673.66854219,0,230,93.3214493239506,0,0
141673.66854219,141733.66854219,650,230,99.3214493239506,0,0
141733.66854219,141793.66854219,650,230,105.321449323951,0,0
141793.66854219,141853.66854219,650,230,111.321449323951,0,0
141853.66854219,141913.66854219,650,230,117.321449323951,0,0
141913.66854219,141973.66854219,650,230,123.321449323951,0,0
141973.66854219,142033.66854219,650,230,129.321449323951,0,0
142033.66854219,142093.66854219,650,230,135.321449323951,0,0
142093.66854219,142153.66854219,650,230,141.321449323951,0,0
142153.66854219,142213.66854219,650,230,147.321449323951,0,0
142213.66854219,142273.66854219,650,230,153.321449323951,0,0
142273.66854219,142333.66854219,650,230,159.321449323951,0,0
142333.66854219,142393.66854219,650,230,165.321449323951,0,0
142393.66854219,142453.66854219,650,230,171.321449323951,0,0
142453.66854219,142513.66854219,650,230,177.321449323951,0,0
142513.66854219,142573.66854219,650,230,183.321449323951,0,0
142573.66854219,142633.66854219,650,230,189.321449323951,0,0
142633.66854219,142693.66854219,650,230,195.321449323951,0,0
142693.66854219,142753.66854219,650,230,201.321449323951,0,0
142753.66854219,142813.66854219,650,230,207.321449323951,0,0
142813.66854219,142873.66854219,650,230,213.321449323951,0,0
142873.66854219,142933.66854219,650,230,219.321449323951,0,0
142933.66854219,142993.66854219,650,230,225.321449323951,0,0
142993.66854219,143053.66854219,650,230,231.321449323951,0,0
143053.66854219,143113.66854219,650,230,237.321449323951,0,0
143113.66854219,143173.66854219,650,230,243.321449323951,0,0
143173.66854219,143233.66854219,650,230,249.321449323951,0,0
143233.66854219,143293.66854219,650,230,255.321449323951,0,0
143293.66854219,143353.66854219,650,230,261.321449323951,0,0
143353.66854219,143413.66854219,650,230,267.321449323951,0,0
143413.66854219,143473.66854219,650,230,273.321449323951,0,0
143473.66854219,143474.82037537,650,230,273.436632641993,0,0
143474.82037537,143534.82037537,650,560,274.786632641993,0,1
143534.82037537,143594.82037537,650,560,276.136632641993,0,1
143594.82037537,143654.82037537,650,560,277.486632641993,0,1
143654.82037537,143714.82037537,650,560,278.836632641993,0,1
143714.82037537,143774.82037537,650,560,280.186632641993,0,1
143774.82037537,143834.82037537,650,560,281.536632641993,0,1
143834.82037537,143894.82037537,650,560,282.886632641993,0,1
143894.82037537,143954.82037537,650,560,284.236632641993,0,1
143954.82037537,144014.82037537,650,560,285.586632641993,0,1
144014.82037537,144074.82037537,650,560,286.936632641993,0,1
144074.82037537,144134.82037537,650,560,288.286632641993,0,1
144134.82037537,144194.82037537,650,560,289.636632641993,0,1
144194.82037537,144254.82037537,650,560,290.986632641993,0,1
144254.82037537,144314.82037537,650,560,292.336632641993,0,1
144314.82037537,144374.82037537,650,560,293.686632641993,0,1
144374.82037537,144434.82037537,650,560,295.036632641993,0,1
144434.82037537,144494.82037537,650,560,296.386632641994,0,1
144494.82037537,144554.82037537,650,560,297.736632641994,0,1
144554.82037537,144614.82037537,650,560,299.086632641994,0,1
144614.82037537,144674.82037537,650,560,300,0,1
144674.82037537,144734.82037537,650,560,300,0,1
144734.82037537,144794.82037537,650,560,300,0,1
144794.82037537,144854.82037537,650,560,300,0,1
144854.82037537,144914.82037537,650,560,300,0,1
144914.82037537,144974.82037537,650,560,300,0,1
144974.82037537,145034.82037537,650,560,300,0,1
145034.82037537,145094.82037537,650,560,300,0,1
145094.82037537,145154.82037537,650,560,300,0,1
145154.82037537,145214.82037537,650,560,300,0,1
145214.82037537,145274.82037537,650,560,300,0,1
145274.82037537,145275.97220855,650,560,300,0,1
145275.97220855,145335.97220855,0,560,289.62962962963,0,1
145335.97220855,145395.97220855,0,560,279.259259259259,0,1
145395.97220855,145455.97220855,0,560,268.888888888889,0,1
145455.97220855,145515.97220855,0,560,258.518518518518,0,1
145515.97220855,145575.97220855,0,560,248.148148148148,0,1
145575.97220855,145635.97220855,0,560,237.777777777778,0,1
145635.97220855,145695.97220855,0,560,227.407407407407,0,1
145695.97220855,145755.97220855,0,560,217.037037037037,0,1
145755.97220855,145815.97220855,0,560,206.666666666667,0,1
145815.97220855,145875.97220855,0,230,202.407407407407,0,0
145875.97220855,145935.97220855,0,230,198.148148148148,0,0
145935.97220855,145995.97220855,0,230,193.888888888889,0,0
145995.97220855,146055.97220855,0,230,189.62962962963,0,0
146055.97220855,146115.97220855,0,230,185.37037037037,0,0
146115.97220855,146175.97220855,0,230,181.111111111111,0,0
146175.97220855,146235.97220855,0,230,176.851851851852,0,0
146235.97220855,146295.97220855,0,230,172.592592592592,0,0
146295.97220855,146344.316782877,0,230,169.160724661976,0,0
146344.316782877,146404.316782877,0,230,164.901465402717,0,0
146404.316782877,146464.316782877,0,230,160.642206143458,0,0
146464.316782877,146524.316782877,0,230,156.382946884199,0,0
146524.316782877,146584.316782877,0,230,152.123687624939,0,0
146584.316782877,146644.316782877,0,230,147.86442836568,0,0
146644.316782877,146704.316782877,0,230,143.605169106421,0,0
146704.316782877,146764.316782877,0,230,139.345909847161,0,0
146764.316782877,146824.316782877,0,230,135.086650587902,0,0
146824.316782877,146884.316782877,0,230,130.827391328643,0,0
146884.316782877,146944.316782877,0,230,126.568132069384,0,0
146944.316782877,147004.316782877,0,230,122.308872810124,0,0
147004.316782877,147064.316782877,0,230,118.049613550865,0,0
147064.316782877,147124.316782877,0,230,113.790354291606,0,0
147124.316782877,147184.316782877,0,230,109.531095032347,0,0
147184.316782877,147244.316782877,0,230,105.271835773087,0,0
147244.316782877,147304.316782877,0,230,101.012576513828,0,0
147304.316782877,147364.316782877,0,230,96.7533172545688,0,0
147364.316782877,147412.661357204,0,230,93.3214493239506,0,0
147412.661357204,147472.661357204,650,230,99.3214493239506,0,0
147472.661357204,147532.661357204,650,230,105.321449323951,0,0
147532.661357204,147592.661357204,650,230,111.321449323951,0,0
147592.661357204,147652.661357204,650,230,117.321449323951,0,0
147652.661357204,147712.661357204,650,230,123.321449323951,0,0
147712.661357204,147772.661357204,650,230,129.321449323951,0,0
147772.661357204,147832.661357204,650,230,135.321449323951,0,0
147832.661357204,147892.661357204,650,230,141.321449323951,0,0
147892.661357204,147952.661357204,650,230,147.321449323951,0,0
147952.661357204,148012.661357204,650,230,153.321449323951,0,0
148012.661357204,148072.661357204,650,230,159.321449323951,0,0
148072.661357204,148132.661357204,650,230,165.321449323951,0,0
148132.661357204,148192.661357204,650,230,171.321449323951,0,0
148192.661357204,148252.661357204,650,230,177.321449323951,0,0
148252.661357204,148312.661357204,650,230,183.321449323951,0,0
148312.661357204,148372.661357204,650,230,189.321449323951,0,0
148372.661357204,148432.661357204,650,230,195.321449323951,0,0
148432.661357204,148492.661357204,650,230,201.321449323951,0,0
148492.661357204,148552.661357204,650,230,207.321449323951,0,0
148552.661357204,148612.661357204,650,230,213.321449323951,0,0
148612.661357204,148672.661357204,650,230,219.321449323951,0,0
148672.661357204,148732.661357204,650,230,225.321449323951,0,0
148732.661357204,148792.661357204,650,230,231.321449323951,0,0
148792.661357204,148852.661357204,650,230,237.321449323951,0,0
148852.661357204,148912.661357204,650,230,243.321449323951,0,0
148912.661357204,148972.661357204,650,230,249.321449323951,0,0
148972.661357204,149032.661357204,650,230,255.321449323951,0,0
149032.661357204,149092.661357204,650,230,261.321449323951,0,0
149092.661357204,149152.661357204,650,230,267.321449323951,0,0
149152.661357204,149212.661357204,650,230,273.321449323951,0,0
149212.661357204,149213.813190385,650,230,273.436632641993,0,0
149213.813190385,149273.813190385,650,560,274.786632641993,0,1
149273.813190385,149333.813190385,650,560,276.136632641993,0,1
149333.813190385,149393.813190385,650,560,277.486632641993,0,1
149393.813190385,149453.813190385,650,560,278.836632641993,0,1
149453.813190385,149513.813190385,650,560,280.186632641993,0,1
149513.813190385,149573.813190385,650,560,281.536632641993,0,1
149573.813190385,149633.813190385,650,560,282.886632641993,0,1
149633.813190385,149693.813190385,650,560,284.236632641993,0,1
149693.813190385,149753.813190385,650,560,285.586632641993,0,1
149753.813190385,149813.813190385,650,560,286.936632641993,0,1
149813.813190385,149873.813190385,650,560,288.286632641993,0,1
149873.813190385,149933.813190385,650,560,289.636632641993,0,1
149933.813190385,149993.813190385,650,560,290.986632641993,0,1
149993.813190385,150053.813190385,650,560,292.336632641993,0,1
150053.813190385,150113.813190385,650,560,293.686632641993,0,1
150113.813190385,150173.813190385,650,560,295.036632641993,0,1
150173.813190385,150233.813190385,650,560,296.386632641994,0,1
150233.813190385,150293.813190385,650,560,297.736632641994,0,1
150293.813190385,150353.813190385,650,560,299.086632641994,0,1
150353.813190385,150413.813190385,650,560,300,0,1
150413.813190385,150473.813190385,650,560,300,0,1
150473.813190385,150533.813190385,650,560,300,0,1
150533.813190385,150593.813190385,650,560,300,0,1
150593.813190385,150653.813190385,650,560,300,0,1
150653.813190385,150713.813190385,650,560,300,0,1
150713.813190385,150773.813190385,650,560,300,0,1
150773.813190385,150833.813190385,650,560,300,0,1
150833.813190385,150893.813190385,650,560,300,0,1
150893.813190385,150953.813190385,650,560,300,0,1
150953.813190385,151013.813190385,650,560,300,0,1
151013.813190385,151014.965023565,650,560,300,0,1
151014.965023565,151074.965023565,0,560,289.62962962963,0,1
151074.965023565,151134.965023565,0,560,279.259259259259,0,1
151134.965023565,151194.965023565,0,560,268.888888888889,0,1
151194.965023565,151254.965023565,0,560,258.518518518518,0,1
151254.965023565,151314.965023565,0,560,248.148148148148,0,1
151314.965023565,151374.965023565,0,560,237.777777777778,0,1
151374.965023565,151434.965023565,0,560,227.407407407407,0,1
151434.965023565,151494.965023565,0,560,217.037037037037,0,1
151494.965023565,151554.965023565,0,560,206.666666666667,0,1
151554.965023565,151614.965023565,0,230,202.407407407407,0,0
151614.965023565,151674.965023565,0,230,198.148148148148,0,0
151674.965023565,151734.965023565,0,230,193.888888888889,0,0
151734.965023565,151794.965023565,0,230,189.62962962963,0,0
151794.965023565,151854.965023565,0,230,185.37037037037,0,0
151854.965023565,151914.965023565,0,230,181.111111111111,0,0
151914.965023565,151974.965023565,0,230,176.851851851852,0,0
151974.965023565,152034.965023565,0,230,172.592592592592,0,0
152034.965023565,152083.309597892,0,230,169.160724661976,0,0
152083.309597892,152143.309597892,0,230,164.901465402717,0,0
152143.309597892,152203.309597892,0,230,160.642206143458,0,0
152203.309597892,152263.309597892,0,230,156.382946884199,0,0
152263.309597892,152323.309597892,0,230,152.123687624939,0,0
152323.309597892,152383.309597892,0,230,147.86442836568,0,0
152383.309597892,152443.309597892,0,230,143.605169106421,0,0
152443.309597892,152503.309597892,0,230,139.345909847161,0,0
152503.309597892,152563.309597892,0,230,135.086650587902,0,0
152563.309597892,152623.309597892,0,230,130.827391328643,0,0
152623.309597892,152683.309597892,0,230,126.568132069384,0,0
152683.309597892,152743.309597892,0,230,122.308872810124,0,0
152743.309597892,152803.309597892,0,230,118.049613550865,0,0
152803.309597892,152863.309597892,0,230,113.790354291606,0,0
152863.309597892,152923.309597892,0,230,109.531095032347,0,0
152923.309597892,152983.309597892,0,230,105.271835773087,0,0
152983.309597892,153043.309597892,0,230,101.012576513828,0,0
153043.309597892,153103.309597892,0,230,96.7533172545688,0,0
153103.309597892,153151.654172219,0,230,93.3214493239506,0,0
153151.654172219,153211.654172219,650,230,99.3214493239506,0,0
153211.654172219,153271.654172219,650,230,105.321449323951,0,0
153271.654172219,153331.654172219,650,230,111.321449323951,0,0
153331.654172219,153391.654172219,650,230,117.321449323951,0,0
153391.654172219,153451.654172219,650,230,123.321449323951,0,0
153451.654172219,153511.654172219,650,230,129.321449323951,0,0
153511.654172219,153571.654172219,650,230,135.321449323951,0,0
153571.654172219,153631.654172219,650,230,141.321449323951,0,0
153631.654172219,153691.654172219,650,230,147.321449323951,0,0
153691.654172219,153751.654172219,650,230,153.321449323951,0,0
153751.654172219,153811.654172219,650,230,159.321449323951,0,0
153811.654172219,153871.654172219,650,230,165.321449323951,0,0
153871.654172219,153931.654172219,650,230,171.321449323951,0,0
153931.654172219,153991.654172219,650,230,177.321449323951,0,0
153991.654172219,154051.654172219,650,230,183.321449323951,0,0
154051.654172219,154111.654172219,650,230,189.321449323951,0,0
154111.654172219,154171.654172219,650,230,195.321449323951,0,0
154171.654172219,154231.654172219,650,230,201.321449323951,0,0
154231.654172219,154291.654172219,650,230,207.321449323951,0,0
154291.654172219,154351.654172219,650,230,213.321449323951,0,0
154351.654172219,154411.654172219,650,230,219.321449323951,0,0
154411.654172219,154471.654172219,650,230,225.321449323951,0,0
154471.654172219,154531.654172219,650,230,231.321449323951,0,0
154531.654172219,154591.654172219,650,230,237.321449323951,0,0
154591.654172219,154651.654172219,650,230,243.321449323951,0,0
154651.654172219,154711.654172219,650,230,249.321449323951,0,0
154711.654172219,154771.654172219,650,230,255.321449323951,0,0
154771.654172219,154831.654172219,650,230,261.321449323951,0,0
154831.654172219,154891.654172219,650,230,267.321449323951,0,0
154891.654172219,154951.654172219,650,230,273.321449323951,0,0
154951.654172219,154952.8060054,650,230,273.436632641993,0,0
154952.8060054,154952.806579299,650,230,273.436690031921,0,0
154952.806579299,155012.806579299,650,560,274.786690031921,0,1
155012.806579299,155072.806579299,650,560,276.136690031921,0,1
155072.806579299,155132.806579299,650,560,277.486690031921,0,1
155132.806579299,155192.806579299,650,560,278.836690031921,0,1
155192.806579299,155252.806579299,650,560,280.186690031921,0,1
155252.806579299,155312.806579299,650,560,281.536690031921,0,1
155312.806579299,155372.806579299,650,560,282.886690031921,0,1
155372.806579299,155432.806579299,650,560,284.236690031921,0,1
155432.806579299,155492.806579299,650,560,285.586690031921,0,1
155492.806579299,155552.806579299,650,560,286.936690031921,0,1
155552.806579299,155612.806579299,650,560,288.286690031921,0,1
155612.806579299,155672.806579299,650,560,289.636690031921,0,1
155672.806579299,155732.806579299,650,560,290.986690031921,0,1
155732.806579299,155792.806579299,650,560,292.336690031921,0,1
155792.806579299,155852.806579299,650,560,293.686690031921,0,1
155852.806579299,155912.806579299,650,560,295.036690031921,0,1
155912.806579299,155972.806579299,650,560,296.386690031921,0,1
155972.806579299,156032.806579299,650,560,297.736690031921,0,1
156032.806579299,156092.806579299,650,560,299.086690031921,0,1
156092.806579299,156152.806579299,650,560,300,0,1
156152.806579299,156212.806579299,650,560,300,0,1
156212.806579299,156272.806579299,650,560,300,0,1
156272.806579299,156332.806579299,650,560,300,0,1
156332.806579299,156392.806579299,650,560,300,0,1
156392.806579299,156452.806579299,650,560,300,0,1
156452.806579299,156512.806579299,650,560,300,0,1
156512.806579299,156572.806579299,650,560,300,0,1
156572.806579299,156632.806579299,650,560,300,0,1
156632.806579299,156692.806579299,650,560,300,0,1
156692.806579299,156752.806579299,650,560,300,0,1
156752.806579299,156753.95783858,650,560,300,0,1
156753.95783858,156813.95783858,0,560,289.62962962963,0,1
156813.95783858,156873.95783858,0,560,279.259259259259,0,1
156873.95783858,156933.95783858,0,560,268.888888888889,0,1
156933.95783858,156993.95783858,0,560,258.518518518518,0,1
156993.95783858,157053.95783858,0,560,248.148148148148,0,1
157053.95783858,157113.95783858,0,560,237.777777777778,0,1
157113.95783858,157173.95783858,0,560,227.407407407407,0,1
157173.95783858,157233.95783858,0,560,217.037037037037,0,1
157233.95783858,157293.95783858,0,560,206.666666666667,0,1
157293.95783858,157353.95783858,0,230,202.407407407407,0,0
157353.95783858,157413.95783858,0,230,198.148148148148,0,0
157413.95783858,157473.95783858,0,230,193.888888888889,0,0
157473.95783858,157533.95783858,0,230,189.62962962963,0,0
157533.95783858,157593.95783858,0,230,185.37037037037,0,0
157593.95783858,157653.95783858,0,230,181.111111111111,0,0
157653.95783858,157713.95783858,0,230,176.851851851852,0,0
157713.95783858,157773.95783858,0,230,172.592592592592,0,0
157773.95783858,157822.302412907,0,230,169.160724661976,0,0
157822.302412907,157882.302412907,0,230,164.901465402717,0,0
157882.302412907,157942.302412907,0,230,160.642206143458,0,0
157942.302412907,158002.302412907,0,230,156.382946884199,0,0
158002.302412907,158062.302412907,0,230,152.123687624939,0,0
158062.302412907,158122.302412907,0,230,147.86442836568,0,0
158122.302412907,158182.302412907,0,230,143.605169106421,0,0
158182.302412907,158242.302412907,0,230,139.345909847161,0,0
158242.302412907,158302.302412907,0,230,135.086650587902,0,0
158302.302412907,158362.302412907,0,230,130.827391328643,0,0
158362.302412907,158422.302412907,0,230,126.568132069384,0,0
158422.302412907,158482.302412907,0,230,122.308872810124,0,0
158482.302412907,158542.302412907,0,230,118.049613550865,0,0
158542.302412907,158602.302412907,0,230,113.790354291606,0,0
158602.302412907,158662.302412907,0,230,109.531095032347,0,0
158662.302412907,158722.302412907,0,230,105.271835773087,0,0
158722.302412907,158782.302412907,0,230,101.012576513828,0,0
158782.302412907,158842.302412907,0,230,96.7533172545688,0,0
158842.302412907,158890.646987234,0,230,93.3214493239506,0,0
158890.646987234,158950.646987234,650,230,99.3214493239506,0,0
158950.646987234,159010.646987234,650,230,105.321449323951,0,0
159010.646987234,159070.646987234,650,230,111.321449323951,0,0
159070.646987234,159130.646987234,650,230,117.321449323951,0,0
159130.646987234,159190.646987234,650,230,123.321449323951,0,0
159190.646987234,159250.646987234,650,230,129.321449323951,0,0
159250.646987234,159310.646987234,650,230,135.321449323951,0,0
159310.646987234,159370.646987234,650,230,141.321449323951,0,0
159370.646987234,159430.646987234,650,230,147.321449323951,0,0
159430.646987234,159490.646987234,650,230,153.321449323951,0,0
159490.646987234,159550.646987234,650,230,159.321449323951,0,0
159550.646987234,159610.646987234,650,230,165.321449323951,0,0
159610.646987234,159670.646987234,650,230,171.321449323951,0,0
159670.646987234,159730.646987234,650,230,177.321449323951,0,0
159730.646987234,159790.646987234,650,230,183.321449323951,0,0
159790.646987234,159850.646987234,650,230,189.321449323951,0,0
159850.646987234,159910.646987234,650,230,195.321449323951,0,0
159910.646987234,159970.646987234,650,230,201.321449323951,0,0
159970.646987234,160030.646987234,650,230,207.321449323951,0,0
160030.646987234,160090.646987234,650,230,213.321449323951,0,0
160090.646987234,160150.646987234,650,230,219.321449323951,0,0
160150.646987234,160210.646987234,650,230,225.321449323951,0,0
160210.646987234,160270.646987234,650,230,231.321449323951,0,0
160270.646987234,160330.646987234,650,230,237.321449323951,0,0
160330.646987234,160390.646987234,650,230,243.321449323951,0,0
160390.646987234,160450.646987234,650,230,249.321449323951,0,0
160450.646987234,160510.646987234,650,230,255.321449323951,0,0
160510.646987234,160570.646987234,650,230,261.321449323951,0,0
160570.646987234,160630.646987234,650,230,267.321449323951,0,0
160630.646987234,160690.646987234,650,230,273.321449323951,0,0
160690.646987234,160691.798820414,650,230,273.436632641993,0,0
160691.798820414,160751.798820414,650,560,274.786632641993,0,1
160751.798820414,160811.798820414,650,560,276.136632641993,0,1
160811.798820414,160871.798820414,650,560,277.486632641993,0,1
160871.798820414,160931.798820414,650,560,278.836632641993,0,1
160931.798820414,160991.798820414,650,560,280.186632641993,0,1
160991.798820414,161051.798820414,650,560,281.536632641993,0,1
161051.798820414,161111.798820414,650,560,282.886632641993,0,1
161111.798820414,161171.798820414,650,560,284.236632641993,0,1
161171.798820414,161231.798820414,650,560,285.586632641993,0,1
161231.798820414,161291.798820414,650,560,286.936632641993,0,1
161291.798820414,161351.798820414,650,560,288.286632641993,0,1
161351.798820414,161411.798820414,650,560,289.636632641993,0,1
161411.798820414,161471.798820414,650,560,290.986632641993,0,1
161471.798820414,161531.798820414,650,560,292.336632641993,0,1
161531.798820414,161591.798820414,650,560,293.686632641993,0,1
161591.798820414,161651.798820414,650,560,295.036632641993,0,1
161651.798820414,161711.798820414,650,560,296.386632641994,0,1
161711.798820414,161771.798820414,650,560,297.736632641994,0,1
161771.798820414,161831.798820414,650,560,299.086632641994,0,1
161831.798820414,161891.798820414,650,560,300,0,1
161891.798820414,161951.798820414,650,560,300,0,1
161951.798820414,162011.798820414,650,560,300,0,1
162011.798820414,162071.798820414,650,560,300,0,1
162071.798820414,162131.798820414,650,560,300,0,1
162131.798820414,162191.798820414,650,560,300,0,1
162191.798820414,162251.798820414,650,560,300,0,1
162251.798820414,162311.798820414,650,560,300,0,1
162311.798820414,162371.798820414,650,560,300,0,1
162371.798820414,162431.798820414,650,560,300,0,1
162431.798820414,162491.798820414,650,560,300,0,1
162491.798820414,162492.950653595,650,560,300,0,1
162492.950653595,162552.950653595,0,560,289.62962962963,0,1
162552.950653595,162612.950653595,0,560,279.259259259259,0,1
162612.950653595,162672.950653595,0,560,268.888888888889,0,1
162672.950653595,162732.950653595,0,560,258.518518518518,0,1
162732.950653595,162792.950653595,0,560,248.148148148148,0,1
162792.950653595,162852.950653595,0,560,237.777777777778,0,1
162852.950653595,162912.950653595,0,560,227.407407407407,0,1
162912.950653595,162972.950653595,0,560,217.037037037037,0,1
162972.950653595,163032.950653595,0,560,206.666666666667,0,1
163032.950653595,163092.950653595,0,230,202.407407407407,0,0
163092.950653595,163152.950653595,0,230,198.148148148148,0,0
163152.950653595,163212.950653595,0,230,193.888888888889,0,0
163212.950653595,163272.950653595,0,230,189.62962962963,0,0
163272.950653595,163332.950653595,0,230,185.37037037037,0,0
163332.950653595,163392.950653595,0,230,181.111111111111,0,0
163392.950653595,163452.950653595,0,230,176.851851851852,0,0
163452.950653595,163512.950653595,0,230,172.592592592592,0,0
163512.950653595,163561.295227922,0,230,169.160724661976,0,0
163561.295227922,163621.295227922,0,230,164.901465402717,0,0
163621.295227922,163681.295227922,0,230,160.642206143458,0,0
163681.295227922,163741.295227922,0,230,156.382946884199,0,0
163741.295227922,163801.295227922,0,230,152.123687624939,0,0
163801.295227922,163861.295227922,0,230,147.86442836568,0,0
163861.295227922,163921.295227922,0,230,143.605169106421,0,0
163921.295227922,163981.295227922,0,230,139.345909847161,0,0
163981.295227922,164041.295227922,0,230,135.086650587902,0,0
164041.295227922,164101.295227922,0,230,130.827391328643,0,0
164101.295227922,164161.295227922,0,230,126.568132069384,0,0
164161.295227922,164221.295227922,0,230,122.308872810124,0,0
164221.295227922,164281.295227922,0,230,118.049613550865,0,0
164281.295227922,164341.295227922,0,230,113.790354291606,0,0
164341.295227922,164401.295227922,0,230,109.531095032347,0,0
164401.295227922,164461.295227922,0,230,105.271835773087,0,0
164461.295227922,164521.295227922,0,230,101.012576513828,0,0
164521.295227922,164581.295227922,0,230,96.7533172545688,0,0
164581.295227922,164629.639802249,0,230,93.3214493239506,0,0
164629.639802249,164689.639802249,650,230,99.3214493239506,0,0
164689.639802249,164749.639802249,650,230,105.321449323951,0,0
164749.639802249,164809.639802249,650,230,111.321449323951,0,0
164809.639802249,164869.639802249,650,230,117.321449323951,0,0
164869.639802249,164929.639802249,650,230,123.321449323951,0,0
164929.639802249,164989.639802249,650,230,129.321449323951,0,0
164989.639802249,165049.639802249,650,230,135.321449323951,0,0
165049.639802249,165109.639802249,650,230,141.321449323951,0,0
165109.639802249,165169.639802249,650,230,147.321449323951,0,0
165169.639802249,165229.639802249,650,230,153.321449323951,0,0
165229.639802249,165289.639802249,650,230,159.321449323951,0,0
165289.639802249,165349.639802249,650,230,165.321449323951,0,0
165349.639802249,165409.639802249,650,230,171.321449323951,0,0
165409.639802249,165469.639802249,650,230,177.321449323951,0,0
165469.639802249,165529.639802249,650,230,183.321449323951,0,0
165529.639802249,165589.639802249,650,230,189.321449323951,0,0
165589.639802249,165649.639802249,650,230,195.321449323951,0,0
165649.639802249,165709.639802249,650,230,201.321449323951,0,0
165709.639802249,165769.639802249,650,230,207.321449323951,0,0
165769.639802249,165829.639802249,650,230,213.321449323951,0,0
165829.639802249,165889.639802249,650,230,219.321449323951,0,0
165889.639802249,165949.639802249,650,230,225.321449323951,0,0
165949.639802249,166009.639802249,650,230,231.321449323951,0,0
166009.639802249,166069.639802249,650,230,237.321449323951,0,0
166069.639802249,166129.639802249,650,230,243.321449323951,0,0
166129.639802249,166189.639802249,650,230,249.321449323951,0,0
166189.639802249,166249.639802249,650,230,255.321449323951,0,0
166249.639802249,166309.639802249,650,230,261.321449323951,0,0
166309.639802249,166369.639802249,650,230,267.321449323951,0,0
166369.639802249,166429.639802249,650,230,273.321449323951,0,0
166429.639802249,166430.791635429,650,230,273.436632641993,0,0
166430.791635429,166490.791635429,650,560,274.786632641993,0,1
166490.791635429,166550.791635429,650,560,276.136632641993,0,1
166550.791635429,166610.791635429,650,560,277.486632641993,0,1
166610.791635429,166670.791635429,650,560,278.836632641993,0,1
166670.791635429,166730.791635429,650,560,280.186632641993,0,1
166730.791635429,166790.791635429,650,560,281.536632641993,0,1
166790.791635429,166850.791635429,650,560,282.886632641993,0,1
166850.791635429,166910.791635429,650,560,284.236632641993,0,1
166910.791635429,166970.791635429,650,560,285.586632641993,0,1
166970.791635429,167030.791635429,650,560,286.936632641993,0,1
167030.791635429,167090.791635429,650,560,288.286632641993,0,1
167090.791635429,167150.791635429,650,560,289.636632641993,0,1
167150.791635429,167210.791635429,650,560,290.986632641993,0,1
167210.791635429,167270.791635429,650,560,292.336632641993,0,1
167270.791635429,167330.791635429,650,560,293.686632641993,0,1
167330.791635429,167390.791635429,650,560,295.036632641993,0,1
167390.791635429,167450.791635429,650,560,296.386632641994,0,1
167450.791635429,167510.791635429,650,560,297.736632641994,0,1
167510.791635429,167570.791635429,650,560,299.086632641994,0,1
167570.791635429,167630.791635429,650,560,300,0,1
167630.791635429,167690.791635429,650,560,300,0,1
167690.791635429,167750.791635429,650,560,300,0,1
167750.791635429,167810.791635429,650,560,300,0,1
167810.791635429,167870.791635429,650,560,300,0,1
167870.791635429,167930.791635429,650,560,300,0,1
167930.791635429,167990.791635429,650,560,300,0,1
167990.791635429,168050.791635429,650,560,300,0,1
168050.791635429,168110.791635429,650,560,300,0,1
168110.791635429,168170.791635429,650,560,300,0,1
168170.791635429,168230.791635429,650,560,300,0,1
168230.791635429,168231.94346861,650,560,300,0,1
168231.94346861,168291.94346861,0,560,289.62962962963,0,1
168291.94346861,168351.94346861,0,560,279.259259259259,0,1
168351.94346861,168411.94346861,0,560,268.888888888889,0,1
168411.94346861,168471.94346861,0,560,258.518518518518,0,1
168471.94346861,168531.94346861,0,560,248.148148148148,0,1
168531.94346861,168591.94346861,0,560,237.777777777778,0,1
168591.94346861,168651.94346861,0,560,227.407407407407,0,1
168651.94346861,168711.94346861,0,560,217.037037037037,0,1
168711.94346861,168771.94346861,0,560,206.666666666667,0,1
168771.94346861,168831.94346861,0,230,202.407407407407,0,0
168831.94346861,168891.94346861,0,230,198.148148148148,0,0
168891.94346861,168951.94346861,0,230,193.888888888889,0,0
168951.94346861,169011.94346861,0,230,189.62962962963,0,0
169011.94346861,169071.94346861,0,230,185.37037037037,0,0
169071.94346861,169131.94346861,0,230,181.111111111111,0,0
169131.94346861,169191.94346861,0,230,176.851851851852,0,0
169191.94346861,169251.94346861,0,230,172.592592592592,0,0
169251.94346861,169300.288042937,0,230,169.160724661976,0,0
169300.288042937,169360.288042937,0,230,164.901465402717,0,0
169360.288042937,169420.288042937,0,230,160.642206143458,0,0
169420.288042937,169480.288042937,0,230,156.382946884199,0,0
169480.288042937,169540.288042937,0,230,152.123687624939,0,0
169540.288042937,169600.288042937,0,230,147.86442836568,0,0
169600.288042937,169660.288042937,0,230,143.605169106421,0,0
169660.288042937,169720.288042937,0,230,139.345909847161,0,0
169720.288042937,169780.288042937,0,230,135.086650587902,0,0
169780.288042937,169840.288042937,0,230,130.827391328643,0,0
169840.288042937,169900.288042937,0,230,126.568132069384,0,0
169900.288042937,169960.288042937,0,230,122.308872810124,0,0
169960.288042937,170020.288042937,0,230,118.049613550865,0,0
170020.288042937,170080.288042937,0,230,113.790354291606,0,0
170080.288042937,170140.288042937,0,230,109.531095032347,0,0
170140.288042937,170200.288042937,0,230,105.271835773087,0,0
170200.288042937,170260.288042937,0,230,101.012576513828,0,0
170260.288042937,170320.288042937,0,230,96.7533172545688,0,0
170320.288042937,170368.632617264,0,230,93.3214493239506,0,0
170368.632617264,170428.632617264,650,230,99.3214493239506,0,0
170428.632617264,170488.632617264,650,230,105.321449323951,0,0
170488.632617264,170548.632617264,650,230,111.321449323951,0,0
170548.632617264,170608.632617264,650,230,117.321449323951,0,0
170608.632617264,170668.632617264,650,230,123.321449323951,0,0
170668.632617264,170728.632617264,650,230,129.321449323951,0,0
170728.632617264,170788.632617264,650,230,135.321449323951,0,0
170788.632617264,170848.632617264,650,230,141.321449323951,0,0
170848.632617264,170908.632617264,650,230,147.321449323951,0,0
170908.632617264,170968.632617264,650,230,153.321449323951,0,0
170968.632617264,171028.632617264,650,230,159.321449323951,0,0
171028.632617264,171088.632617264,650,230,165.321449323951,0,0
171088.632617264,171148.632617264,650,230,171.321449323951,0,0
171148.632617264,171208.632617264,650,230,177.321449323951,0,0
171208.632617264,171268.632617264,650,230,183.321449323951,0,0
171268.632617264,171328.632617264,650,230,189.321449323951,0,0
171328.632617264,171388.632617264,650,230,195.321449323951,0,0
171388.632617264,171448.632617264,650,230,201.321449323951,0,0
171448.632617264,171508.632617264,650,230,207.321449323951,0,0
171508.632617264,171568.632617264,650,230,213.321449323951,0,0
171568.632617264,171628.632617264,650,230,219.321449323951,0,0
171628.632617264,171688.632617264,650,230,225.321449323951,0,0
171688.632617264,171748.632617264,650,230,231.321449323951,0,0
171748.632617264,171808.632617264,650,230,237.321449323951,0,0
171808.632617264,171868.632617264,650,230,243.321449323951,0,0
171868.632617264,171928.632617264,650,230,249.321449323951,0,0
171928.632617264,171988.632617264,650,230,255.321449323951,0,0
171988.632617264,172048.632617264,650,230,261.321449323951,0,0
172048.632617264,172108.632617264,650,230,267.321449323951,0,0
172108.632617264,172168.632617264,650,230,273.321449323951,0,0
172168.632617264,172169.784450444,650,230,273.436632641993,0,0
172169.784450444,172169.784451018,650,230,273.436632699383,0,0
172169.784451018,172229.784451018,650,560,274.786632699383,0,1
172229.784451018,172289.784451018,650,560,276.136632699383,0,1
172289.784451018,172349.784451018,650,560,277.486632699383,0,1
172349.784451018,172409.784451018,650,560,278.836632699383,0,1
172409.784451018,172469.784451018,650,560,280.186632699383,0,1
172469.784451018,172529.784451018,650,560,281.536632699383,0,1
172529.784451018,172589.784451018,650,560,282.886632699383,0,1
172589.784451018,172649.784451018,650,560,284.236632699383,0,1
172649.784451018,172709.784451018,650,560,285.586632699383,0,1
172709.784451018,172769.784451018,650,560,286.936632699383,0,1
172769.784451018,172829.784451018,650,560,288.286632699383,0,1
172829.784451018,172889.784451018,650,560,289.636632699383,0,1
172889.784451018,172949.784451018,650,560,290.986632699383,0,1
172949.784451018,173009.784451018,650,560,292.336632699383,0,1
173009.784451018,173069.784451018,650,560,293.686632699383,0,1
173069.784451018,173129.784451018,650,560,295.036632699383,0,1
173129.784451018,173189.784451018,650,560,296.386632699383,0,1
173189.784451018,173249.784451018,650,560,297.736632699383,0,1
173249.784451018,173309.784451018,650,560,299.086632699383,0,1
173309.784451018,173369.784451018,650,560,300,0,1
173369.784451018,173429.784451018,650,560,300,0,1
173429.784451018,173489.784451018,650,560,300,0,1
173489.784451018,173549.784451018,650,560,300,0,1
173549.784451018,173609.784451018,650,560,300,0,1
173609.784451018,173669.784451018,650,560,300,0,1
173669.784451018,173729.784451018,650,560,300,0,1
173729.784451018,173789.784451018,650,560,300,0,1
173789.784451018,173849.784451018,650,560,300,0,1
173849.784451018,173909.784451018,650,560,300,0,1
173909.784451018,173969.784451018,650,560,300,0,1
173969.784451018,173970.936283624,650,560,300,0,1
173970.936283624,174030.936283624,0,560,289.62962962963,0,1
174030.936283624,174090.936283624,0,560,279.259259259259,0,1
174090.936283624,174150.936283624,0,560,268.888888888889,0,1
174150.936283624,174210.936283624,0,560,258.518518518518,0,1
174210.936283624,174270.936283624,0,560,248.148148148148,0,1
174270.936283624,174330.936283624,0,560,237.777777777778,0,1
174330.936283624,174390.936283624,0,560,227.407407407407,0,1
174390.936283624,174450.936283624,0,560,217.037037037037,0,1
174450.936283624,174510.936283624,0,560,206.666666666667,0,1
174510.936283624,174570.936283624,0,230,202.407407407407,0,0
174570.936283624,174630.936283624,0,230,198.148148148148,0,0
174630.936283624,174690.936283624,0,230,193.888888888889,0,0
174690.936283624,174750.936283624,0,230,189.62962962963,0,0
174750.936283624,174810.936283624,0,230,185.37037037037,0,0
174810.936283624,174870.936283624,0,230,181.111111111111,0,0
174870.936283624,174930.936283624,0,230,176.851851851852,0,0
174930.936283624,174990.936283624,0,230,172.592592592592,0,0
174990.936283624,175039.280857951,0,230,169.160724661976,0,0
175039.280857951,175099.280857951,0,230,164.901465402717,0,0
175099.280857951,175159.280857951,0,230,160.642206143458,0,0
175159.280857951,175219.280857951,0,230,156.382946884199,0,0
175219.280857951,175279.280857951,0,230,152.123687624939,0,0
175279.280857951,175339.280857951,0,230,147.86442836568,0,0
175339.280857951,175399.280857951,0,230,143.605169106421,0,0
175399.280857951,175459.280857951,0,230,139.345909847161,0,0
175459.280857951,175519.280857951,0,230,135.086650587902,0,0
175519.280857951,175579.280857951,0,230,130.827391328643,0,0
175579.280857951,175639.280857951,0,230,126.568132069384,0,0
175639.280857951,175699.280857951,0,230,122.308872810124,0,0
175699.280857951,175759.280857951,0,230,118.049613550865,0,0
175759.280857951,175819.280857951,0,230,113.790354291606,0,0
175819.280857951,175879.280857951,0,230,109.531095032347,0,0
175879.280857951,175939.280857951,0,230,105.271835773087,0,0
175939.280857951,175999.280857951,0,230,101.012576513828,0,0
175999.280857951,176059.280857951,0,230,96.7533172545688,0,0
176059.280857951,176107.625432278,0,230,93.3214493239506,0,0
176107.625432278,176167.625432278,650,230,99.3214493239506,0,0
176167.625432278,176227.625432278,650,230,105.321449323951,0,0
176227.625432278,176287.625432278,650,230,111.321449323951,0,0
176287.625432278,176347.625432278,650,230,117.321449323951,0,0
176347.625432278,176407.625432278,650,230,123.321449323951,0,0
176407.625432278,176467.625432278,650,230,129.321449323951,0,0
176467.625432278,176527.625432278,650,230,135.321449323951,0,0
176527.625432278,176587.625432278,650,230,141.321449323951,0,0
176587.625432278,176647.625432278,650,230,147.321449323951,0,0
176647.625432278,176707.625432278,650,230,153.321449323951,0,0
176707.625432278,176767.625432278,650,230,159.321449323951,0,0
176767.625432278,176827.625432278,650,230,165.321449323951,0,0
176827.625432278,176887.625432278,650,230,171.321449323951,0,0
176887.625432278,176947.625432278,650,230,177.321449323951,0,0
176947.625432278,177007.625432278,650,230,183.321449323951,0,0
177007.625432278,177067.625432278,650,230,189.321449323951,0,0
177067.625432278,177127.625432278,650,230,195.321449323951,0,0
177127.625432278,177187.625432278,650,230,201.321449323951,0,0
177187.625432278,177247.625432278,650,230,207.321449323951,0,0
177247.625432278,177307.625432278,650,230,213.321449323951,0,0
177307.625432278,177367.625432278,650,230,219.321449323951,0,0
177367.625432278,177427.625432278,650,230,225.321449323951,0,0
177427.625432278,177487.625432278,650,230,231.321449323951,0,0
177487.625432278,177547.625432278,650,230,237.321449323951,0,0
177547.625432278,177607.625432278,650,230,243.321449323951,0,0
177607.625432278,177667.625432278,650,230,249.321449323951,0,0
177667.625432278,177727.625432278,650,230,255.321449323951,0,0
177727.625432278,177787.625432278,650,230,261.321449323951,0,0
177787.625432278,177847.625432278,650,230,267.321449323951,0,0
177847.625432278,177907.625432278,650,230,273.321449323951,0,0
177907.625432278,177908.777265459,650,230,273.436632641993,0,0
177908.777265459,177908.777839358,650,230,273.436690031921,0,0
177908.777839358,177968.777839358,650,560,274.786690031921,0,1
177968.777839358,178028.777839358,650,560,276.136690031921,0,1
178028.777839358,178088.777839358,650,560,277.486690031921,0,1
178088.777839358,178148.777839358,650,560,278.836690031921,0,1
178148.777839358,178208.777839358,650,560,280.186690031921,0,1
178208.777839358,178268.777839358,650,560,281.536690031921,0,1
178268.777839358,178328.777839358,650,560,282.886690031921,0,1
178328.777839358,178388.777839358,650,560,284.236690031921,0,1
178388.777839358,178448.777839358,650,560,285.586690031921,0,1
178448.777839358,178508.777839358,650,560,286.936690031921,0,1
178508.777839358,178568.777839358,650,560,288.286690031921,0,1
178568.777839358,178628.777839358,650,560,289.636690031921,0,1
178628.777839358,178688.777839358,650,560,290.986690031921,0,1
178688.777839358,178748.777839358,650,560,292.336690031921,0,1
178748.777839358,178808.777839358,650,560,293.686690031921,0,1
178808.777839358,178868.777839358,650,560,295.036690031921,0,1
178868.777839358,178928.777839358,650,560,296.386690031921,0,1
178928.777839358,178988.777839358,650,560,297.736690031921,0,1
178988.777839358,179048.777839358,650,560,299.086690031921,0,1
179048.777839358,179108.777839358,650,560,300,0,1
179108.777839358,179168.777839358,650,560,300,0,1
179168.777839358,179228.777839358,650,560,300,0,1
179228.777839358,179288.777839358,650,560,300,0,1
179288.777839358,179348.777839358,650,560,300,0,1
179348.777839358,179408.777839358,650,560,300,0,1
179408.777839358,179468.777839358,650,560,300,0,1
179468.777839358,179528.777839358,650,560,300,0,1
179528.777839358,179588.777839358,650,560,300,0,1
179588.777839358,179648.777839358,650,560,300,0,1
179648.777839358,179708.777839358,650,560,300,0,1
179708.777839358,179709.929098639,650,560,300,0,1
179709.929098639,179769.929098639,0,560,289.62962962963,0,1
179769.929098639,179829.929098639,0,560,279.259259259259,0,1
179829.929098639,179889.929098639,0,560,268.888888888889,0,1
179889.929098639,179949.929098639,0,560,258.518518518518,0,1
179949.929098639,180009.929098639,0,560,248.148148148148,0,1
180009.929098639,180069.929098639,0,560,237.777777777778,0,1
180069.929098639,180129.929098639,0,560,227.407407407407,0,1
180129.929098639,180189.929098639,0,560,217.037037037037,0,1
180189.929098639,180249.929098639,0,560,206.666666666667,0,1
180249.929098639,180309.929098639,0,230,202.407407407407,0,0
180309.929098639,180369.929098639,0,230,198.148148148148,0,0
180369.929098639,180429.929098639,0,230,193.888888888889,0,0
180429.929098639,180489.929098639,0,230,189.62962962963,0,0
180489.929098639,180549.929098639,0,230,185.37037037037,0,0
180549.929098639,180609.929098639,0,230,181.111111111111,0,0
180609.929098639,180669.929098639,0,230,176.851851851852,0,0
180669.929098639,180729.929098639,0,230,172.592592592592,0,0
180729.929098639,180778.273672966,0,230,169.160724661976,0,0
180778.273672966,180838.273672966,0,230,164.901465402717,0,0
180838.273672966,180898.273672966,0,230,160.642206143458,0,0
180898.273672966,180958.273672966,0,230,156.382946884199,0,0
180958.273672966,181018.273672966,0,230,152.123687624939,0,0
181018.273672966,181078.273672966,0,230,147.86442836568,0,0
181078.273672966,181138.273672966,0,230,143.605169106421,0,0
181138.273672966,181198.273672966,0,230,139.345909847161,0,0
181198.273672966,181258.273672966,0,230,135.086650587902,0,0
181258.273672966,181318.273672966,0,230,130.827391328643,0,0
181318.273672966,181378.273672966,0,230,126.568132069384,0,0
181378.273672966,181438.273672966,0,230,122.308872810124,0,0
181438.273672966,181498.273672966,0,230,118.049613550865,0,0
181498.273672966,181558.273672966,0,230,113.790354291606,0,0
181558.273672966,181618.273672966,0,230,109.531095032347,0,0
181618.273672966,181678.273672966,0,230,105.271835773087,0,0
181678.273672966,181738.273672966,0,230,101.012576513828,0,0
181738.273672966,181798.273672966,0,230,96.7533172545688,0,0
181798.273672966,181846.618247293,0,230,93.3214493239506,0,0
181846.618247293,181906.618247293,650,230,99.3214493239506,0,0
181906.618247293,181966.618247293,650,230,105.321449323951,0,0
181966.618247293,182026.618247293,650,230,111.321449323951,0,0
182026.618247293,182086.618247293,650,230,117.321449323951,0,0
182086.618247293,182146.618247293,650,230,123.321449323951,0,0
182146.618247293,182206.618247293,650,230,129.321449323951,0,0
182206.618247293,182266.618247293,650,230,135.321449323951,0,0
182266.618247293,182326.618247293,650,230,141.321449323951,0,0
182326.618247293,182386.618247293,650,230,147.321449323951,0,0
182386.618247293,182446.618247293,650,230,153.321449323951,0,0
182446.618247293,182506.618247293,650,230,159.321449323951,0,0
182506.618247293,182566.618247293,650,230,165.321449323951,0,0
182566.618247293,182626.618247293,650,230,171.321449323951,0,0
182626.618247293,182686.618247293,650,230,177.321449323951,0,0
182686.618247293,182746.618247293,650,230,183.321449323951,0,0
182746.618247293,182806.618247293,650,230,189.321449323951,0,0
182806.618247293,182866.618247293,650,230,195.321449323951,0,0
182866.618247293,182926.618247293,650,230,201.321449323951,0,0
182926.618247293,182986.618247293,650,230,207.321449323951,0,0
182986.618247293,183046.618247293,650,230,213.321449323951,0,0
183046.618247293,183106.618247293,650,230,219.321449323951,0,0
183106.618247293,183166.618247293,650,230,225.321449323951,0,0
183166.618247293,183226.618247293,650,230,231.321449323951,0,0
183226.618247293,183286.618247293,650,230,237.321449323951,0,0
183286.618247293,183346.618247293,650,230,243.321449323951,0,0
183346.618247293,183406.618247293,650,230,249.321449323951,0,0
183406.618247293,183466.618247293,650,230,255.321449323951,0,0
183466.618247293,183526.618247293,650,230,261.321449323951,0,0
183526.618247293,183586.618247293,650,230,267.321449323951,0,0
183586.618247293,183646.618247293,650,230,273.321449323951,0,0
183646.618247293,183647.770080474,650,230,273.436632641993,0,0
183647.770080474,183707.770080474,650,560,274.786632641993,0,1
183707.770080474,183767.770080474,650,560,276.136632641993,0,1
183767.770080474,183827.770080474,650,560,277.486632641993,0,1
183827.770080474,183887.770080474,650,560,278.836632641993,0,1
183887.770080474,183947.770080474,650,560,280.186632641993,0,1
183947.770080474,184007.770080474,650,560,281.536632641993,0,1
184007.770080474,184067.770080474,650,560,282.886632641993,0,1
184067.770080474,184127.770080474,650,560,284.236632641993,0,1
184127.770080474,184187.770080474,650,560,285.586632641993,0,1
184187.770080474,184247.770080474,650,560,286.936632641993,0,1
184247.770080474,184307.770080474,650,560,288.286632641993,0,1
184307.770080474,184367.770080474,650,560,289.636632641993,0,1
184367.770080474,184427.770080474,650,560,290.986632641993,0,1
184427.770080474,184487.770080474,650,560,292.336632641993,0,1
184487.770080474,184547.770080474,650,560,293.686632641993,0,1
184547.770080474,184607.770080474,650,560,295.036632641993,0,1
184607.770080474,184667.770080474,650,560,296.386632641994,0,1
184667.770080474,184727.770080474,650,560,297.736632641994,0,1
184727.770080474,184787.770080474,650,560,299.086632641994,0,1
184787.770080474,184847.770080474,650,560,300,0,1
184847.770080474,184907.770080474,650,560,300,0,1
184907.770080474,184967.770080474,650,560,300,0,1
184967.770080474,185027.770080474,650,560,300,0,1
185027.770080474,185087.770080474,650,560,300,0,1
185087.770080474,185147.770080474,650,560,300,0,1
185147.770080474,185207.770080474,650,560,300,0,1
185207.770080474,185267.770080474,650,560,300,0,1
185267.770080474,185327.770080474,650,560,300,0,1
185327.770080474,185387.770080474,650,560,300,0,1
185387.770080474,185447.770080474,650,560,300,0,1
185447.770080474,185448.921913654,650,560,300,0,1
185448.921913654,185508.921913654,0,560,289.62962962963,0,1
185508.921913654,185568.921913654,0,560,279.259259259259,0,1
185568.921913654,185628.921913654,0,560,268.888888888889,0,1
185628.921913654,185688.921913654,0,560,258.518518518518,0,1
185688.921913654,185748.921913654,0,560,248.148148148148,0,1
185748.921913654,185808.921913654,0,560,237.777777777778,0,1
185808.921913654,185868.921913654,0,560,227.407407407407,0,1
185868.921913654,185928.921913654,0,560,217.037037037037,0,1
185928.921913654,185988.921913654,0,560,206.666666666667,0,1
185988.921913654,186048.921913654,0,230,202.407407407407,0,0
186048.921913654,186108.921913654,0,230,198.148148148148,0,0
186108.921913654,186168.921913654,0,230,193.888888888889,0,0
186168.921913654,186228.921913654,0,230,189.62962962963,0,0
186228.921913654,186288.921913654,0,230,185.37037037037,0,0
186288.921913654,186348.921913654,0,230,181.111111111111,0,0
186348.921913654,186408.921913654,0,230,176.851851851852,0,0
186408.921913654,186468.921913654,0,230,172.592592592592,0,0
186468.921913654,186517.266487981,0,230,169.160724661976,0,0
186517.266487981,186577.266487981,0,230,164.901465402717,0,0
186577.266487981,186637.266487981,0,230,160.642206143458,0,0
186637.266487981,186697.266487981,0,230,156.382946884199,0,0
186697.266487981,186757.266487981,0,230,152.123687624939,0,0
186757.266487981,186817.266487981,0,230,147.86442836568,0,0
186817.266487981,186877.266487981,0,230,143.605169106421,0,0
186877.266487981,186937.266487981,0,230,139.345909847161,0,0
186937.266487981,186997.266487981,0,230,135.086650587902,0,0
186997.266487981,187057.266487981,0,230,130.827391328643,0,0
187057.266487981,187117.266487981,0,230,126.568132069384,0,0
187117.266487981,187177.266487981,0,230,122.308872810124,0,0
187177.266487981,187237.266487981,0,230,118.049613550865,0,0
187237.266487981,187297.266487981,0,230,113.790354291606,0,0
187297.266487981,187357.266487981,0,230,109.531095032347,0,0
187357.266487981,187417.266487981,0,230,105.271835773087,0,0
187417.266487981,187477.266487981,0,230,101.012576513828,0,0
187477.266487981,187537.266487981,0,230,96.7533172545688,0,0
187537.266487981,187585.611062308,0,230,93.3214493239506,0,0
187585.611062308,187645.611062308,650,230,99.3214493239506,0,0
187645.611062308,187705.611062308,650,230,105.321449323951,0,0
187705.611062308,187765.611062308,650,230,111.321449323951,0,0
187765.611062308,187825.611062308,650,230,117.321449323951,0,0
187825.611062308,187885.611062308,650,230,123.321449323951,0,0
187885.611062308,187945.611062308,650,230,129.321449323951,0,0
187945.611062308,188005.611062308,650,230,135.321449323951,0,0
188005.611062308,188065.611062308,650,230,141.321449323951,0,0
188065.611062308,188125.611062308,650,230,147.321449323951,0,0
188125.611062308,188185.611062308,650,230,153.321449323951,0,0
188185.611062308,188245.611062308,650,230,159.321449323951,0,0
188245.611062308,188305.611062308,650,230,165.321449323951,0,0
188305.611062308,188365.611062308,650,230,171.321449323951,0,0
188365.611062308,188425.611062308,650,230,177.321449323951,0,0
188425.611062308,188485.611062308,650,230,183.321449323951,0,0
188485.611062308,188545.611062308,650,230,189.321449323951,0,0
188545.611062308,188605.611062308,650,230,195.321449323951,0,0
188605.611062308,188665.611062308,650,230,201.321449323951,0,0
188665.611062308,188725.611062308,650,230,207.321449323951,0,0
188725.611062308,188785.611062308,650,230,213.321449323951,0,0
188785.611062308,188845.611062308,650,230,219.321449323951,0,0
188845.611062308,188905.611062308,650,230,225.321449323951,0,0
188905.611062308,188965.611062308,650,230,231.321449323951,0,0
188965.611062308,189025.611062308,650,230,237.321449323951,0,0
189025.611062308,189085.611062308,650,230,243.321449323951,0,0
189085.611062308,189145.611062308,650,230,249.321449323951,0,0
189145.611062308,189205.611062308,650,230,255.321449323951,0,0
189205.611062308,189265.611062308,650,230,261.321449323951,0,0
189265.611062308,189325.611062308,650,230,267.321449323951,0,0
189325.611062308,189385.611062308,650,230,273.321449323951,0,0
189385.611062308,189386.762895488,650,230,273.436632641993,0,0
189386.762895488,189446.762895488,650,560,274.786632641993,0,1
189446.762895488,189506.762895488,650,560,276.136632641993,0,1
189506.762895488,189566.762895488,650,560,277.486632641993,0,1
189566.762895488,189626.762895488,650,560,278.836632641993,0,1
189626.762895488,189686.762895488,650,560,280.186632641993,0,1
189686.762895488,189746.762895488,650,560,281.536632641993,0,1
189746.762895488,189806.762895488,650,560,282.886632641993,0,1
189806.762895488,189866.762895488,650,560,284.236632641993,0,1
189866.762895488,189926.762895488,650,560,285.586632641993,0,1
189926.762895488,189986.762895488,650,560,286.936632641993,0,1
189986.762895488,190046.762895488,650,560,288.286632641993,0,1
190046.762895488,190106.762895488,650,560,289.636632641993,0,1
190106.762895488,190166.762895488,650,560,290.986632641993,0,1
190166.762895488,190226.762895488,650,560,292.336632641993,0,1
190226.762895488,190286.762895488,650,560,293.686632641993,0,1
190286.762895488,190346.762895488,650,560,295.036632641993,0,1
190346.762895488,190406.762895488,650,560,296.386632641994,0,1
190406.762895488,190466.762895488,650,560,297.736632641994,0,1
190466.762895488,190526.762895488,650,560,299.086632641994,0,1
190526.762895488,190586.762895488,650,560,300,0,1
190586.762895488,190646.762895488,650,560,300,0,1
190646.762895488,190706.762895488,650,560,300,0,1
190706.762895488,190766.762895488,650,560,300,0,1
190766.762895488,190826.762895488,650,560,300,0,1
190826.762895488,190886.762895488,650,560,300,0,1
190886.762895488,190946.762895488,650,560,300,0,1
190946.762895488,191006.762895488,650,560,300,0,1
191006.762895488,191066.762895488,650,560,300,0,1
191066.762895488,191126.762895488,650,560,300,0,1
191126.762895488,191186.762895488,650,560,300,0,1
191186.762895488,191187.914728669,650,560,300,0,1
191187.914728669,191247.914728669,0,560,289.62962962963,0,1
191247.914728669,191307.914728669,0,560,279.259259259259,0,1
191307.914728669,191367.914728669,0,560,268.888888888889,0,1
191367.914728669,191427.914728669,0,560,258.518518518518,0,1
191427.914728669,191487.914728669,0,560,248.148148148148,0,1
191487.914728669,191547.914728669,0,560,237.777777777778,0,1
191547.914728669,191607.914728669,0,560,227.407407407407,0,1
191607.914728669,191667.914728669,0,560,217.037037037037,0,1
191667.914728669,191727.914728669,0,560,206.666666666667,0,1
191727.914728669,191787.914728669,0,230,202.407407407407,0,0
191787.914728669,191847.914728669,0,230,198.148148148148,0,0
191847.914728669,191907.914728669,0,230,193.888888888889,0,0
191907.914728669,191967.914728669,0,230,189.62962962963,0,0
191967.914728669,192027.914728669,0,230,185.37037037037,0,0
192027.914728669,192087.914728669,0,230,181.111111111111,0,0
192087.914728669,192147.914728669,0,230,176.851851851852,0,0
192147.914728669,192207.914728669,0,230,172.592592592592,0,0
192207.914728669,192256.259302996,0,230,169.160724661976,0,0
192256.259302996,192316.259302996,0,230,164.901465402717,0,0
192316.259302996,192376.259302996,0,230,160.642206143458,0,0
192376.259302996,192436.259302996,0,230,156.382946884199,0,0
192436.259302996,192496.259302996,0,230,152.123687624939,0,0
192496.259302996,192556.259302996,0,230,147.86442836568,0,0
192556.259302996,192616.259302996,0,230,143.605169106421,0,0
192616.259302996,192676.259302996,0,230,139.345909847161,0,0
192676.259302996,192736.259302996,0,230,135.086650587902,0,0
192736.259302996,192796.259302996,0,230,130.827391328643,0,0
192796.259302996,192856.259302996,0,230,126.568132069384,0,0
192856.259302996,192916.259302996,0,230,122.308872810124,0,0
192916.259302996,192976.259302996,0,230,118.049613550865,0,0
192976.259302996,193036.259302996,0,230,113.790354291606,0,0
193036.259302996,193096.259302996,0,230,109.531095032347,0,0
193096.259302996,193156.259302996,0,230,105.271835773087,0,0
193156.259302996,193216.259302996,0,230,101.012576513828,0,0
193216.259302996,193276.259302996,0,230,96.7533172545688,0,0
193276.259302996,193324.603877323,0,230,93.3214493239506,0,0
193324.603877323,193384.603877323,650,230,99.3214493239506,0,0
193384.603877323,193444.603877323,650,230,105.321449323951,0,0
193444.603877323,193504.603877323,650,230,111.321449323951,0,0
193504.603877323,193564.603877323,650,230,117.321449323951,0,0
193564.603877323,193624.603877323,650,230,123.321449323951,0,0
193624.603877323,193684.603877323,650,230,129.321449323951,0,0
193684.603877323,193744.603877323,650,230,135.321449323951,0,0
193744.603877323,193804.603877323,650,230,141.321449323951,0,0
193804.603877323,193864.603877323,650,230,147.321449323951,0,0
193864.603877323,193924.603877323,650,230,153.321449323951,0,0
193924.603877323,193984.603877323,650,230,159.321449323951,0,0
193984.603877323,194044.603877323,650,230,165.321449323951,0,0
194044.603877323,194104.603877323,650,230,171.321449323951,0,0
194104.603877323,194164.603877323,650,230,177.321449323951,0,0
194164.603877323,194224.603877323,650,230,183.321449323951,0,0
194224.603877323,194284.603877323,650,230,189.321449323951,0,0
194284.603877323,194344.603877323,650,230,195.321449323951,0,0
194344.603877323,194404.603877323,650,230,201.321449323951,0,0
194404.603877323,194464.603877323,650,230,207.321449323951,0,0
194464.603877323,194524.603877323,650,230,213.321449323951,0,0
194524.603877323,194584.603877323,650,230,219.321449323951,0,0
194584.603877323,194644.603877323,650,230,225.321449323951,0,0
194644.603877323,194704.603877323,650,230,231.321449323951,0,0
194704.603877323,194764.603877323,650,230,237.321449323951,0,0
194764.603877323,194824.603877323,650,230,243.321449323951,0,0
194824.603877323,194884.603877323,650,230,249.321449323951,0,0
194884.603877323,194944.603877323,650,230,255.321449323951,0,0
194944.603877323,195004.603877323,650,230,261.321449323951,0,0
195004.603877323,195064.603877323,650,230,267.321449323951,0,0
195064.603877323,195124.603877323,650,230,273.321449323951,0,0
195124.603877323,195125.755710503,650,230,273.436632641993,0,0
195125.755710503,195185.755710503,650,560,274.786632641993,0,1
195185.755710503,195245.755710503,650,560,276.136632641993,0,1
195245.755710503,195305.755710503,650,560,277.486632641993,0,1
195305.755710503,195365.755710503,650,560,278.836632641993,0,1
195365.755710503,195425.755710503,650,560,280.186632641993,0,1
195425.755710503,195485.755710503,650,560,281.536632641993,0,1
195485.755710503,195545.755710503,650,560,282.886632641993,0,1
195545.755710503,195605.755710503,650,560,284.236632641993,0,1
195605.755710503,195665.755710503,650,560,285.586632641993,0,1
195665.755710503,195725.755710503,650,560,286.936632641993,0,1
195725.755710503,195785.755710503,650,560,288.286632641993,0,1
195785.755710503,195845.755710503,650,560,289.636632641993,0,1
195845.755710503,195905.755710503,650,560,290.986632641993,0,1
195905.755710503,195965.755710503,650,560,292.336632641993,0,1
195965.755710503,196025.755710503,650,560,293.686632641993,0,1
196025.755710503,196085.755710503,650,560,295.036632641993,0,1
196085.755710503,196145.755710503,650,560,296.386632641994,0,1
196145.755710503,196205.755710503,650,560,297.736632641994,0,1
196205.755710503,196265.755710503,650,560,299.086632641994,0,1
196265.755710503,196325.755710503,650,560,300,0,1
196325.755710503,196385.755710503,650,560,300,0,1
196385.755710503,196445.755710503,650,560,300,0,1
196445.755710503,196505.755710503,650,560,300,0,1
196505.755710503,196565.755710503,650,560,300,0,1
196565.755710503,196625.755710503,650,560,300,0,1
196625.755710503,196685.755710503,650,560,300,0,1
196685.755710503,196745.755710503,650,560,300,0,1
196745.755710503,196805.755710503,650,560,300,0,1
196805.755710503,196865.755710503,650,560,300,0,1
196865.755710503,196925.755710503,650,560,300,0,1
196925.755710503,196926.907543684,650,560,300,0,1
196926.907543684,196986.907543684,0,560,289.62962962963,0,1
196986.907543684,197046.907543684,0,560,279.259259259259,0,1
197046.907543684,197106.907543684,0,560,268.888888888889,0,1
197106.907543684,197166.907543684,0,560,258.518518518518,0,1
197166.907543684,197226.907543684,0,560,248.148148148148,0,1
197226.907543684,197286.907543684,0,560,237.777777777778,0,1
197286.907543684,197346.907543684,0,560,227.407407407407,0,1
197346.907543684,197406.907543684,0,560,217.037037037037,0,1
197406.907543684,197466.907543684,0,560,206.666666666667,0,1
197466.907543684,197526.907543684,0,230,202.407407407407,0,0
197526.907543684,197586.907543684,0,230,198.148148148148,0,0
197586.907543684,197646.907543684,0,230,193.888888888889,0,0
197646.907543684,197706.907543684,0,230,189.62962962963,0,0
197706.907543684,197766.907543684,0,230,185.37037037037,0,0
197766.907543684,197826.907543684,0,230,181.111111111111,0,0
197826.907543684,197886.907543684,0,230,176.851851851852,0,0
197886.907543684,197946.907543684,0,230,172.592592592592,0,0
197946.907543684,197995.252118011,0,230,169.160724661976,0,0
197995.252118011,198055.252118011,0,230,164.901465402717,0,0
198055.252118011,198115.252118011,0,230,160.642206143458,0,0
198115.252118011,198175.252118011,0,230,156.382946884199,0,0
198175.252118011,198235.252118011,0,230,152.123687624939,0,0
198235.252118011,198295.252118011,0,230,147.86442836568,0,0
198295.252118011,198355.252118011,0,230,143.605169106421,0,0
198355.252118011,198415.252118011,0,230,139.345909847161,0,0
198415.252118011,198475.252118011,0,230,135.086650587902,0,0
198475.252118011,198535.252118011,0,230,130.827391328643,0,0
198535.252118011,198595.252118011,0,230,126.568132069384,0,0
198595.252118011,198655.252118011,0,230,122.308872810124,0,0
198655.252118011,198715.252118011,0,230,118.049613550865,0,0
198715.252118011,198775.252118011,0,230,113.790354291606,0,0
198775.252118011,198835.252118011,0,230,109.531095032347,0,0
198835.252118011,198895.252118011,0,230,105.271835773087,0,0
198895.252118011,198955.252118011,0,230,101.012576513828,0,0
198955.252118011,199015.252118011,0,230,96.7533172545688,0,0
199015.252118011,199063.596692338,0,230,93.3214493239506,0,0
199063.596692338,199123.596692338,650,230,99.3214493239506,0,0
199123.596692338,199183.596692338,650,230,105.321449323951,0,0
199183.596692338,199243.596692338,650,230,111.321449323951,0,0
199243.596692338,199303.596692338,650,230,117.321449323951,0,0
199303.596692338,199363.596692338,650,230,123.321449323951,0,0
199363.596692338,199423.596692338,650,230,129.321449323951,0,0
199423.596692338,199483.596692338,650,230,135.321449323951,0,0
199483.596692338,199543.596692338,650,230,141.321449323951,0,0
199543.596692338,199603.596692338,650,230,147.321449323951,0,0
199603.596692338,199663.596692338,650,230,153.321449323951,0,0
199663.596692338,199723.596692338,650,230,159.321449323951,0,0
199723.596692338,199783.596692338,650,230,165.321449323951,0,0
199783.596692338,199843.596692338,650,230,171.321449323951,0,0
199843.596692338,199903.596692338,650,230,177.321449323951,0,0
199903.596692338,199963.596692338,650,230,183.321449323951,0,0
199963.596692338,200023.596692338,650,230,189.321449323951,0,0
200023.596692338,200083.596692338,650,230,195.321449323951,0,0
200083.596692338,200143.596692338,650,230,201.321449323951,0,0
200143.596692338,200203.596692338,650,230,207.321449323951,0,0
200203.596692338,200263.596692338,650,230,213.321449323951,0,0
200263.596692338,200323.596692338,650,230,219.321449323951,0,0
200323.596692338,200383.596692338,650,230,225.321449323951,0,0
200383.596692338,200443.596692338,650,230,231.321449323951,0,0
200443.596692338,200503.596692338,650,230,237.321449323951,0,0
200503.596692338,200563.596692338,650,230,243.321449323951,0,0
200563.596692338,200623.596692338,650,230,249.321449323951,0,0
200623.596692338,200683.596692338,650,230,255.321449323951,0,0
200683.596692338,200743.596692338,650,230,261.321449323951,0,0
200743.596692338,200803.596692338,650,230,267.321449323951,0,0
200803.596692338,200863.596692338,650,230,273.321449323951,0,0
200863.596692338,200864.748525518,650,230,273.436632641993,0,0
200864.748525518,200924.748525518,650,560,274.786632641993,0,1
200924.748525518,200984.748525518,650,560,276.136632641993,0,1
200984.748525518,201044.748525518,650,560,277.486632641993,0,1
201044.748525518,201104.748525518,650,560,278.836632641993,0,1
201104.748525518,201164.748525518,650,560,280.186632641993,0,1
201164.748525518,201224.748525518,650,560,281.536632641993,0,1
201224.748525518,201284.748525518,650,560,282.886632641993,0,1
201284.748525518,201344.748525518,650,560,284.236632641993,0,1
201344.748525518,201404.748525518,650,560,285.586632641993,0,1
201404.748525518,201464.748525518,650,560,286.936632641993,0,1
201464.748525518,201524.748525518,650,560,288.286632641993,0,1
201524.748525518,201584.748525518,650,560,289.636632641993,0,1
201584.748525518,201644.748525518,650,560,290.986632641993,0,1
201644.748525518,201704.748525518,650,560,292.336632641993,0,1
201704.748525518,201764.748525518,650,560,293.686632641993,0,1
201764.748525518,201824.748525518,650,560,295.036632641993,0,1
201824.748525518,201884.748525518,650,560,296.386632641994,0,1
201884.748525518,201944.748525518,650,560,297.736632641994,0,1
201944.748525518,202004.748525518,650,560,299.086632641994,0,1
202004.748525518,202064.748525518,650,560,300,0,1
202064.748525518,202124.748525518,650,560,300,0,1
202124.748525518,202184.748525518,650,560,300,0,1
202184.748525518,202244.748525518,650,560,300,0,1
202244.748525518,202304.748525518,650,560,300,0,1
202304.748525518,202364.748525518,650,560,300,0,1
202364.748525518,202424.748525518,650,560,300,0,1
202424.748525518,202484.748525518,650,560,300,0,1
202484.748525518,202544.748525518,650,560,300,0,1
202544.748525518,202604.748525518,650,560,300,0,1
202604.748525518,202664.748525518,650,560,300,0,1
202664.748525518,202665.900358698,650,560,300,0,1
202665.900358698,202725.900358698,0,560,289.62962962963,0,1
202725.900358698,202785.900358698,0,560,279.259259259259,0,1
202785.900358698,202845.900358698,0,560,268.888888888889,0,1
202845.900358698,202905.900358698,0,560,258.518518518518,0,1
202905.900358698,202965.900358698,0,560,248.148148148148,0,1
202965.900358698,203025.900358698,0,560,237.777777777778,0,1
203025.900358698,203085.900358698,0,560,227.407407407407,0,1
203085.900358698,203145.900358698,0,560,217.037037037037,0,1
203145.900358698,203205.900358698,0,560,206.666666666667,0,1
203205.900358698,203265.900358698,0,230,202.407407407407,0,0
203265.900358698,203325.900358698,0,230,198.148148148148,0,0
203325.900358698,203385.900358698,0,230,193.888888888889,0,0
203385.900358698,203445.900358698,0,230,189.62962962963,0,0
203445.900358698,203505.900358698,0,230,185.37037037037,0,0
203505.900358698,203565.900358698,0,230,181.111111111111,0,0
203565.900358698,203625.900358698,0,230,176.851851851852,0,0
203625.900358698,203685.900358698,0,230,172.592592592592,0,0
203685.900358698,203734.244933025,0,230,169.160724661976,0,0
203734.244933025,203794.244933025,0,230,164.901465402717,0,0
203794.244933025,203854.244933025,0,230,160.642206143458,0,0
203854.244933025,203914.244933025,0,230,156.382946884199,0,0
203914.244933025,203974.244933025,0,230,152.123687624939,0,0
203974.244933025,204034.244933025,0,230,147.86442836568,0,0
204034.244933025,204094.244933025,0,230,143.605169106421,0,0
204094.244933025,204154.244933025,0,230,139.345909847161,0,0
204154.244933025,204214.244933025,0,230,135.086650587902,0,0
204214.244933025,204274.244933025,0,230,130.827391328643,0,0
204274.244933025,204334.244933025,0,230,126.568132069384,0,0
204334.244933025,204394.244933025,0,230,122.308872810124,0,0
204394.244933025,204454.244933025,0,230,118.049613550865,0,0
204454.244933025,204514.244933025,0,230,113.790354291606,0,0
204514.244933025,204574.244933025,0,230,109.531095032347,0,0
204574.244933025,204634.244933025,0,230,105.271835773087,0,0
204634.244933025,204694.244933025,0,230,101.012576513828,0,0
204694.244933025,204754.244933025,0,230,96.7533172545688,0,0
204754.244933025,204802.589507352,0,230,93.3214493239506,0,0
204802.589507352,204862.589507352,650,230,99.3214493239506,0,0
204862.589507352,204922.589507352,650,230,105.321449323951,0,0
204922.589507352,204982.589507352,650,230,111.321449323951,0,0
204982.589507352,205042.589507352,650,230,117.321449323951,0,0
205042.589507352,205102.589507352,650,230,123.321449323951,0,0
205102.589507352,205162.589507352,650,230,129.321449323951,0,0
205162.589507352,205222.589507352,650,230,135.321449323951,0,0
205222.589507352,205282.589507352,650,230,141.321449323951,0,0
205282.589507352,205342.589507352,650,230,147.321449323951,0,0
205342.589507352,205402.589507352,650,230,153.321449323951,0,0
205402.589507352,205462.589507352,650,230,159.321449323951,0,0
205462.589507352,205522.589507352,650,230,165.321449323951,0,0
205522.589507352,205582.589507352,650,230,171.321449323951,0,0
205582.589507352,205642.589507352,650,230,177.321449323951,0,0
205642.589507352,205702.589507352,650,230,183.321449323951,0,0
205702.589507352,205762.589507352,650,230,189.321449323951,0,0
205762.589507352,205822.589507352,650,230,195.321449323951,0,0
205822.589507352,205882.589507352,650,230,201.321449323951,0,0
205882.589507352,205942.589507352,650,230,207.321449323951,0,0
205942.589507352,206002.589507352,650,230,213.321449323951,0,0
206002.589507352,206062.589507352,650,230,219.321449323951,0,0
206062.589507352,206122.589507352,650,230,225.321449323951,0,0
206122.589507352,206182.589507352,650,230,231.321449323951,0,0
206182.589507352,206242.589507352,650,230,237.321449323951,0,0
206242.589507352,206302.589507352,650,230,243.321449323951,0,0
206302.589507352,206362.589507352,650,230,249.321449323951,0,0
206362.589507352,206422.589507352,650,230,255.321449323951,0,0
206422.589507352,206482.589507352,650,230,261.321449323951,0,0
206482.589507352,206542.589507352,650,230,267.321449323951,0,0
206542.589507352,206602.589507352,650,230,273.321449323951,0,0
206602.589507352,206603.741340533,650,230,273.436632641993,0,0
206603.741340533,206663.741340533,650,560,274.786632641993,0,1
206663.741340533,206723.741340533,650,560,276.136632641993,0,1
206723.741340533,206783.741340533,650,560,277.486632641993,0,1
206783.741340533,206843.741340533,650,560,278.836632641993,0,1
206843.741340533,206903.741340533,650,560,280.186632641993,0,1
206903.741340533,206963.741340533,650,560,281.536632641993,0,1
206963.741340533,207023.741340533,650,560,282.886632641993,0,1
207023.741340533,207083.741340533,650,560,284.236632641993,0,1
207083.741340533,207143.741340533,650,560,285.586632641993,0,1
207143.741340533,207203.741340533,650,560,286.936632641993,0,1
207203.741340533,207263.741340533,650,560,288.286632641993,0,1
207263.741340533,207323.741340533,650,560,289.636632641993,0,1
207323.741340533,207383.741340533,650,560,290.986632641993,0,1
207383.741340533,207443.741340533,650,560,292.336632641993,0,1
207443.741340533,207503.741340533,650,560,293.686632641993,0,1
207503.741340533,207563.741340533,650,560,295.036632641993,0,1
207563.741340533,207623.741340533,650,560,296.386632641994,0,1
207623.741340533,207683.741340533,650,560,297.736632641994,0,1
207683.741340533,207743.741340533,650,560,299.086632641994,0,1
207743.741340533,207803.741340533,650,560,300,0,1
207803.741340533,207863.741340533,650,560,300,0,1
207863.741340533,207923.741340533,650,560,300,0,1
207923.741340533,207983.741340533,650,560,300,0,1
207983.741340533,208043.741340533,650,560,300,0,1
208043.741340533,208103.741340533,650,560,300,0,1
208103.741340533,208163.741340533,650,560,300,0,1
208163.741340533,208223.741340533,650,560,300,0,1
208223.741340533,208283.741340533,650,560,300,0,1
208283.741340533,208343.741340533,650,560,300,0,1
208343.741340533,208403.741340533,650,560,300,0,1
208403.741340533,208404.893173713,650,560,300,0,1
208404.893173713,208464.893173713,0,560,289.62962962963,0,1
208464.893173713,208524.893173713,0,560,279.259259259259,0,1
208524.893173713,208584.893173713,0,560,268.888888888889,0,1
208584.893173713,208644.893173713,0,560,258.518518518518,0,1
208644.893173713,208704.893173713,0,560,248.148148148148,0,1
208704.893173713,208764.893173713,0,560,237.777777777778,0,1
208764.893173713,208824.893173713,0,560,227.407407407407,0,1
208824.893173713,208884.893173713,0,560,217.037037037037,0,1
208884.893173713,208944.893173713,0,560,206.666666666667,0,1
208944.893173713,209004.893173713,0,230,202.407407407407,0,0
209004.893173713,209064.893173713,0,230,198.148148148148,0,0
209064.893173713,209124.893173713,0,230,193.888888888889,0,0
209124.893173713,209184.893173713,0,230,189.62962962963,0,0
209184.893173713,209244.893173713,0,230,185.37037037037,0,0
209244.893173713,209304.893173713,0,230,181.111111111111,0,0
209304.893173713,209364.893173713,0,230,176.851851851852,0,0
209364.893173713,209424.893173713,0,230,172.592592592592,0,0
209424.893173713,209473.23774804,0,230,169.160724661976,0,0
209473.23774804,209533.23774804,0,230,164.901465402717,0,0
209533.23774804,209593.23774804,0,230,160.642206143458,0,0
209593.23774804,209653.23774804,0,230,156.382946884199,0,0
209653.23774804,209713.23774804,0,230,152.123687624939,0,0
209713.23774804,209773.23774804,0,230,147.86442836568,0,0
209773.23774804,209833.23774804,0,230,143.605169106421,0,0
209833.23774804,209893.23774804,0,230,139.345909847161,0,0
209893.23774804,209953.23774804,0,230,135.086650587902,0,0
209953.23774804,210013.23774804,0,230,130.827391328643,0,0
210013.23774804,210073.23774804,0,230,126.568132069384,0,0
210073.23774804,210133.23774804,0,230,122.308872810124,0,0
210133.23774804,210193.23774804,0,230,118.049613550865,0,0
210193.23774804,210253.23774804,0,230,113.790354291606,0,0
210253.23774804,210313.23774804,0,230,109.531095032347,0,0
210313.23774804,210373.23774804,0,230,105.271835773087,0,0
210373.23774804,210433.23774804,0,230,101.012576513828,0,0
210433.23774804,210493.23774804,0,230,96.7533172545688,0,0
210493.23774804,210541.582322367,0,230,93.3214493239506,0,0
210541.582322367,210601.582322367,650,230,99.3214493239506,0,0
210601.582322367,210661.582322367,650,230,105.321449323951,0,0
210661.582322367,210721.582322367,650,230,111.321449323951,0,0
210721.582322367,210781.582322367,650,230,117.321449323951,0,0
210781.582322367,210841.582322367,650,230,123.321449323951,0,0
210841.582322367,210901.582322367,650,230,129.321449323951,0,0
210901.582322367,210961.582322367,650,230,135.321449323951,0,0
210961.582322367,211021.582322367,650,230,141.321449323951,0,0
211021.582322367,211081.582322367,650,230,147.321449323951,0,0
211081.582322367,211141.582322367,650,230,153.321449323951,0,0
211141.582322367,211201.582322367,650,230,159.321449323951,0,0
211201.582322367,211261.582322367,650,230,165.321449323951,0,0
211261.582322367,211321.582322367,650,230,171.321449323951,0,0
211321.582322367,211381.582322367,650,230,177.321449323951,0,0
211381.582322367,211441.582322367,650,230,183.321449323951,0,0
211441.582322367,211501.582322367,650,230,189.321449323951,0,0
211501.582322367,211561.582322367,650,230,195.321449323951,0,0
211561.582322367,211621.582322367,650,230,201.321449323951,0,0
211621.582322367,211681.582322367,650,230,207.321449323951,0,0
211681.582322367,211741.582322367,650,230,213.321449323951,0,0
211741.582322367,211801.582322367,650,230,219.321449323951,0,0
211801.582322367,211861.582322367,650,230,225.321449323951,0,0
211861.582322367,211921.582322367,650,230,231.321449323951,0,0
211921.582322367,211981.582322367,650,230,237.321449323951,0,0
211981.582322367,212041.582322367,650,230,243.321449323951,0,0
212041.582322367,212101.582322367,650,230,249.321449323951,0,0
212101.582322367,212161.582322367,650,230,255.321449323951,0,0
212161.582322367,212221.582322367,650,230,261.321449323951,0,0
212221.582322367,212281.582322367,650,230,267.321449323951,0,0
212281.582322367,212341.582322367,650,230,273.321449323951,0,0
212341.582322367,212342.734155548,650,230,273.436632641993,0,0
212342.734155548,212402.734155548,650,560,274.786632641993,0,1
212402.734155548,212462.734155548,650,560,276.136632641993,0,1
212462.734155548,212522.734155548,650,560,277.486632641993,0,1
212522.734155548,212582.734155548,650,560,278.836632641993,0,1
212582.734155548,212642.734155548,650,560,280.186632641993,0,1
212642.734155548,212702.734155548,650,560,281.536632641993,0,1
212702.734155548,212762.734155548,650,560,282.886632641993,0,1
212762.734155548,212822.734155548,650,560,284.236632641993,0,1
212822.734155548,212882.734155548,650,560,285.586632641993,0,1
212882.734155548,212942.734155548,650,560,286.936632641993,0,1
212942.734155548,213002.734155548,650,560,288.286632641993,0,1
213002.734155548,213062.734155548,650,560,289.636632641993,0,1
213062.734155548,213122.734155548,650,560,290.986632641993,0,1
213122.734155548,213182.734155548,650,560,292.336632641993,0,1
213182.734155548,213242.734155548,650,560,293.686632641993,0,1
213242.734155548,213302.734155548,650,560,295.036632641993,0,1
213302.734155548,213362.734155548,650,560,296.386632641994,0,1
213362.734155548,213422.734155548,650,560,297.736632641994,0,1
213422.734155548,213482.734155548,650,560,299.086632641994,0,1
213482.734155548,213542.734155548,650,560,300,0,1
213542.734155548,213602.734155548,650,560,300,0,1
213602.734155548,213662.734155548,650,560,300,0,1
213662.734155548,213722.734155548,650,560,300,0,1
213722.734155548,213782.734155548,650,560,300,0,1
213782.734155548,213842.734155548,650,560,300,0,1
213842.734155548,213902.734155548,650,560,300,0,1
213902.734155548,213962.734155548,650,560,300,0,1
213962.734155548,214022.734155548,650,560,300,0,1
214022.734155548,214082.734155548,650,560,300,0,1
214082.734155548,214142.734155548,650,560,300,0,1
214142.734155548,214143.885988728,650,560,300,0,1
214143.885988728,214203.885988728,0,560,289.62962962963,0,1
214203.885988728,214263.885988728,0,560,279.259259259259,0,1
214263.885988728,214323.885988728,0,560,268.888888888889,0,1
214323.885988728,214383.885988728,0,560,258.518518518518,0,1
214383.885988728,214443.885988728,0,560,248.148148148148,0,1
214443.885988728,214503.885988728,0,560,237.777777777778,0,1
214503.885988728,214563.885988728,0,560,227.407407407407,0,1
214563.885988728,214623.885988728,0,560,217.037037037037,0,1
214623.885988728,214683.885988728,0,560,206.666666666667,0,1
214683.885988728,214743.885988728,0,230,202.407407407407,0,0
214743.885988728,214803.885988728,0,230,198.148148148148,0,0
214803.885988728,214863.885988728,0,230,193.888888888889,0,0
214863.885988728,214923.885988728,0,230,189.62962962963,0,0
214923.885988728,214983.885988728,0,230,185.37037037037,0,0
214983.885988728,215043.885988728,0,230,181.111111111111,0,0
215043.885988728,215103.885988728,0,230,176.851851851852,0,0
215103.885988728,215163.885988728,0,230,172.592592592592,0,0
215163.885988728,215212.230563055,0,230,169.160724661976,0,0
215212.230563055,215272.230563055,0,230,164.901465402717,0,0
215272.230563055,215332.230563055,0,230,160.642206143458,0,0
215332.230563055,215392.230563055,0,230,156.382946884199,0,0
215392.230563055,215452.230563055,0,230,152.123687624939,0,0
215452.230563055,215512.230563055,0,230,147.86442836568,0,0
215512.230563055,215572.230563055,0,230,143.605169106421,0,0
215572.230563055,215632.230563055,0,230,139.345909847161,0,0
215632.230563055,215692.230563055,0,230,135.086650587902,0,0
215692.230563055,215752.230563055,0,230,130.827391328643,0,0
215752.230563055,215812.230563055,0,230,126.568132069384,0,0
215812.230563055,215872.230563055,0,230,122.308872810124,0,0
215872.230563055,215932.230563055,0,230,118.049613550865,0,0
215932.230563055,215992.230563055,0,230,113.790354291606,0,0
215992.230563055,216052.230563055,0,230,109.531095032347,0,0
216052.230563055,216112.230563055,0,230,105.271835773087,0,0
216112.230563055,216172.230563055,0,230,101.012576513828,0,0
216172.230563055,216232.230563055,0,230,96.7533172545688,0,0
216232.230563055,216280.575137382,0,230,93.3214493239506,0,0
216280.575137382,216340.575137382,650,230,99.3214493239506,0,0
216340.575137382,216400.575137382,650,230,105.321449323951,0,0
216400.575137382,216460.575137382,650,230,111.321449323951,0,0
216460.575137382,216520.575137382,650,230,117.321449323951,0,0
216520.575137382,216580.575137382,650,230,123.321449323951,0,0
216580.575137382,216640.575137382,650,230,129.321449323951,0,0
216640.575137382,216700.575137382,650,230,135.321449323951,0,0
216700.575137382,216760.575137382,650,230,141.321449323951,0,0
216760.575137382,216820.575137382,650,230,147.321449323951,0,0
216820.575137382,216880.575137382,650,230,153.321449323951,0,0
216880.575137382,216940.575137382,650,230,159.321449323951,0,0
216940.575137382,217000.575137382,650,230,165.321449323951,0,0
217000.575137382,217060.575137382,650,230,171.321449323951,0,0
217060.575137382,217120.575137382,650,230,177.321449323951,0,0
217120.575137382,217180.575137382,650,230,183.321449323951,0,0
217180.575137382,217240.575137382,650,230,189.321449323951,0,0
217240.575137382,217300.575137382,650,230,195.321449323951,0,0
217300.575137382,217360.575137382,650,230,201.321449323951,0,0
217360.575137382,217420.575137382,650,230,207.321449323951,0,0
217420.575137382,217480.575137382,650,230,213.321449323951,0,0
217480.575137382,217540.575137382,650,230,219.321449323951,0,0
217540.575137382,217600.575137382,650,230,225.321449323951,0,0
217600.575137382,217660.575137382,650,230,231.321449323951,0,0
217660.575137382,217720.575137382,650,230,237.321449323951,0,0
217720.575137382,217780.575137382,650,230,243.321449323951,0,0
217780.575137382,217840.575137382,650,230,249.321449323951,0,0
217840.575137382,217900.575137382,650,230,255.321449323951,0,0
217900.575137382,217960.575137382,650,230,261.321449323951,0,0
217960.575137382,218020.575137382,650,230,267.321449323951,0,0
218020.575137382,218080.575137382,650,230,273.321449323951,0,0
218080.575137382,218081.726970562,650,230,273.436632641993,0,0
218081.726970562,218141.726970562,650,560,274.786632641993,0,1
218141.726970562,218201.726970562,650,560,276.136632641993,0,1
218201.726970562,218261.726970562,650,560,277.486632641993,0,1
218261.726970562,218321.726970562,650,560,278.836632641993,0,1
218321.726970562,218381.726970562,650,560,280.186632641993,0,1
218381.726970562,218441.726970562,650,560,281.536632641993,0,1
218441.726970562,218501.726970562,650,560,282.886632641993,0,1
218501.726970562,218561.726970562,650,560,284.236632641993,0,1
218561.726970562,218621.726970562,650,560,285.586632641993,0,1
218621.726970562,218681.726970562,650,560,286.936632641993,0,1
218681.726970562,218741.726970562,650,560,288.286632641993,0,1
218741.726970562,218801.726970562,650,560,289.636632641993,0,1
218801.726970562,218861.726970562,650,560,290.986632641993,0,1
218861.726970562,218921.726970562,650,560,292.336632641993,0,1
218921.726970562,218981.726970562,650,560,293.686632641993,0,1
218981.726970562,219041.726970562,650,560,295.036632641993,0,1
219041.726970562,219101.726970562,650,560,296.386632641994,0,1
219101.726970562,219161.726970562,650,560,297.736632641994,0,1
219161.726970562,219221.726970562,650,560,299.086632641994,0,1
219221.726970562,219281.726970562,650,560,300,0,1
219281.726970562,219341.726970562,650,560,300,0,1
219341.726970562,219401.726970562,650,560,300,0,1
219401.726970562,219461.726970562,650,560,300,0,1
219461.726970562,219521.726970562,650,560,300,0,1
219521.726970562,219581.726970562,650,560,300,0,1
219581.726970562,219641.726970562,650,560,300,0,1
219641.726970562,219701.726970562,650,560,300,0,1
219701.726970562,219761.726970562,650,560,300,0,1
219761.726970562,219821.726970562,650,560,300,0,1
219821.726970562,219881.726970562,650,560,300,0,1
219881.726970562,219882.878803743,650,560,300,0,1
219882.878803743,219942.878803743,0,560,289.62962962963,0,1
219942.878803743,220002.878803743,0,560,279.259259259259,0,1
220002.878803743,220062.878803743,0,560,268.888888888889,0,1
220062.878803743,220122.878803743,0,560,258.518518518518,0,1
220122.878803743,220182.878803743,0,560,248.148148148148,0,1
220182.878803743,220242.878803743,0,560,237.777777777778,0,1
220242.878803743,220302.878803743,0,560,227.407407407407,0,1
220302.878803743,220362.878803743,0,560,217.037037037037,0,1
220362.878803743,220422.878803743,0,560,206.666666666667,0,1
220422.878803743,220482.878803743,0,230,202.407407407407,0,0
220482.878803743,220542.878803743,0,230,198.148148148148,0,0
220542.878803743,220602.878803743,0,230,193.888888888889,0,0
220602.878803743,220662.878803743,0,230,189.62962962963,0,0
220662.878803743,220722.878803743,0,230,185.37037037037,0,0
220722.878803743,220782.878803743,0,230,181.111111111111,0,0
220782.878803743,220842.878803743,0,230,176.851851851852,0,0
220842.878803743,220902.878803743,0,230,172.592592592592,0,0
220902.878803743,220951.22337807,0,230,169.160724661976,0,0
220951.22337807,221011.22337807,0,230,164.901465402717,0,0
221011.22337807,221071.22337807,0,230,160.642206143458,0,0
221071.22337807,221131.22337807,0,230,156.382946884199,0,0
221131.22337807,221191.22337807,0,230,152.123687624939,0,0
221191.22337807,221251.22337807,0,230,147.86442836568,0,0
221251.22337807,221311.22337807,0,230,143.605169106421,0,0
221311.22337807,221371.22337807,0,230,139.345909847161,0,0
221371.22337807,221431.22337807,0,230,135.086650587902,0,0
221431.22337807,221491.22337807,0,230,130.827391328643,0,0
221491.22337807,221551.22337807,0,230,126.568132069384,0,0
221551.22337807,221611.22337807,0,230,122.308872810124,0,0
221611.22337807,221671.22337807,0,230,118.049613550865,0,0
221671.22337807,221731.22337807,0,230,113.790354291606,0,0
221731.22337807,221791.22337807,0,230,109.531095032347,0,0
221791.22337807,221851.22337807,0,230,105.271835773087,0,0
221851.22337807,221911.22337807,0,230,101.012576513828,0,0
221911.22337807,221971.22337807,0,230,96.7533172545688,0,0
221971.22337807,222019.567952397,0,230,93.3214493239506,0,0
222019.567952397,222079.567952397,650,230,99.3214493239506,0,0
222079.567952397,222139.567952397,650,230,105.321449323951,0,0
222139.567952397,222199.567952397,650,230,111.321449323951,0,0
222199.567952397,222259.567952397,650,230,117.321449323951,0,0
222259.567952397,222319.567952397,650,230,123.321449323951,0,0
222319.567952397,222379.567952397,650,230,129.321449323951,0,0
222379.567952397,222439.567952397,650,230,135.321449323951,0,0
222439.567952397,222499.567952397,650,230,141.321449323951,0,0
222499.567952397,222559.567952397,650,230,147.321449323951,0,0
222559.567952397,222619.567952397,650,230,153.321449323951,0,0
222619.567952397,222679.567952397,650,230,159.321449323951,0,0
222679.567952397,222739.567952397,650,230,165.321449323951,0,0
222739.567952397,222799.567952397,650,230,171.321449323951,0,0
222799.567952397,222859.567952397,650,230,177.321449323951,0,0
222859.567952397,222919.567952397,650,230,183.321449323951,0,0
222919.567952397,222979.567952397,650,230,189.321449323951,0,0
222979.567952397,223039.567952397,650,230,195.321449323951,0,0
223039.567952397,223099.567952397,650,230,201.321449323951,0,0
223099.567952397,223159.567952397,650,230,207.321449323951,0,0
223159.567952397,223219.567952397,650,230,213.321449323951,0,0
223219.567952397,223279.567952397,650,230,219.321449323951,0,0
223279.567952397,223339.567952397,650,230,225.321449323951,0,0
223339.567952397,223399.567952397,650,230,231.321449323951,0,0
223399.567952397,223459.567952397,650,230,237.321449323951,0,0
223459.567952397,223519.567952397,650,230,243.321449323951,0,0
223519.567952397,223579.567952397,650,230,249.321449323951,0,0
223579.567952397,223639.567952397,650,230,255.321449323951,0,0
223639.567952397,223699.567952397,650,230,261.321449323951,0,0
223699.567952397,223759.567952397,650,230,267.321449323951,0,0
223759.567952397,223819.567952397,650,230,273.321449323951,0,0
223819.567952397,223820.719785577,650,230,273.436632641993,0,0
223820.719785577,223880.719785577,650,560,274.786632641993,0,1
223880.719785577,223940.719785577,650,560,276.136632641993,0,1
223940.719785577,224000.719785577,650,560,277.486632641993,0,1
224000.719785577,224060.719785577,650,560,278.836632641993,0,1
224060.719785577,224120.719785577,650,560,280.186632641993,0,1
224120.719785577,224180.719785577,650,560,281.536632641993,0,1
224180.719785577,224240.719785577,650,560,282.886632641993,0,1
224240.719785577,224300.719785577,650,560,284.236632641993,0,1
224300.719785577,224360.719785577,650,560,285.586632641993,0,1
224360.719785577,224420.719785577,650,560,286.936632641993,0,1
224420.719785577,224480.719785577,650,560,288.286632641993,0,1
224480.719785577,224540.719785577,650,560,289.636632641993,0,1
224540.719785577,224600.719785577,650,560,290.986632641993,0,1
224600.719785577,224660.719785577,650,560,292.336632641993,0,1
224660.719785577,224720.719785577,650,560,293.686632641993,0,1
224720.719785577,224780.719785577,650,560,295.036632641993,0,1
224780.719785577,224840.719785577,650,560,296.386632641994,0,1
224840.719785577,224900.719785577,650,560,297.736632641994,0,1
224900.719785577,224960.719785577,650,560,299.086632641994,0,1
224960.719785577,225020.719785577,650,560,300,0,1
225020.719785577,225080.719785577,650,560,300,0,1
225080.719785577,225140.719785577,650,560,300,0,1
225140.719785577,225200.719785577,650,560,300,0,1
225200.719785577,225260.719785577,650,560,300,0,1
225260.719785577,225320.719785577,650,560,300,0,1
225320.719785577,225380.719785577,650,560,300,0,1
225380.719785577,225440.719785577,650,560,300,0,1
225440.719785577,225500.719785577,650,560,300,0,1
225500.719785577,225560.719785577,650,560,300,0,1
225560.719785577,225620.719785577,650,560,300,0,1
225620.719785577,225621.871618758,650,560,300,0,1
225621.871618758,225681.871618758,0,560,289.62962962963,0,1
225681.871618758,225741.871618758,0,560,279.259259259259,0,1
225741.871618758,225801.871618758,0,560,268.888888888889,0,1
225801.871618758,225861.871618758,0,560,258.518518518518,0,1
225861.871618758,225921.871618758,0,560,248.148148148148,0,1
225921.871618758,225981.871618758,0,560,237.777777777778,0,1
225981.871618758,226041.871618758,0,560,227.407407407407,0,1
226041.871618758,226101.871618758,0,560,217.037037037037,0,1
226101.871618758,226161.871618758,0,560,206.666666666667,0,1
226161.871618758,226221.871618758,0,230,202.407407407407,0,0
226221.871618758,226281.871618758,0,230,198.148148148148,0,0
226281.871618758,226341.871618758,0,230,193.888888888889,0,0
226341.871618758,226401.871618758,0,230,189.62962962963,0,0
226401.871618758,226461.871618758,0,230,185.37037037037,0,0
226461.871618758,226521.871618758,0,230,181.111111111111,0,0
226521.871618758,226581.871618758,0,230,176.851851851852,0,0
226581.871618758,226641.871618758,0,230,172.592592592592,0,0
226641.871618758,226690.216193085,0,230,169.160724661976,0,0
226690.216193085,226750.216193085,0,230,164.901465402717,0,0
226750.216193085,226810.216193085,0,230,160.642206143458,0,0
226810.216193085,226870.216193085,0,230,156.382946884199,0,0
226870.216193085,226930.216193085,0,230,152.123687624939,0,0
226930.216193085,226990.216193085,0,230,147.86442836568,0,0
226990.216193085,227050.216193085,0,230,143.605169106421,0,0
227050.216193085,227110.216193085,0,230,139.345909847161,0,0
227110.216193085,227170.216193085,0,230,135.086650587902,0,0
227170.216193085,227230.216193085,0,230,130.827391328643,0,0
227230.216193085,227290.216193085,0,230,126.568132069384,0,0
227290.216193085,227350.216193085,0,230,122.308872810124,0,0
227350.216193085,227410.216193085,0,230,118.049613550865,0,0
227410.216193085,227470.216193085,0,230,113.790354291606,0,0
227470.216193085,227530.216193085,0,230,109.531095032347,0,0
227530.216193085,227590.216193085,0,230,105.271835773087,0,0
227590.216193085,227650.216193085,0,230,101.012576513828,0,0
227650.216193085,227710.216193085,0,230,96.7533172545688,0,0
227710.216193085,227758.560767411,0,230,93.3214493239506,0,0
227758.560767411,227818.560767411,650,230,99.3214493239506,0,0
227818.560767411,227878.560767411,650,230,105.321449323951,0,0
227878.560767411,227938.560767411,650,230,111.321449323951,0,0
227938.560767411,227998.560767411,650,230,117.321449323951,0,0
227998.560767411,228058.560767411,650,230,123.321449323951,0,0
228058.560767411,228118.560767411,650,230,129.321449323951,0,0
228118.560767411,228178.560767411,650,230,135.321449323951,0,0
228178.560767411,228238.560767411,650,230,141.321449323951,0,0
228238.560767411,228298.560767411,650,230,147.321449323951,0,0
228298.560767411,228358.560767411,650,230,153.321449323951,0,0
228358.560767411,228418.560767411,650,230,159.321449323951,0,0
228418.560767411,228478.560767411,650,230,165.321449323951,0,0
228478.560767411,228538.560767411,650,230,171.321449323951,0,0
228538.560767411,228598.560767411,650,230,177.321449323951,0,0
228598.560767411,228658.560767411,650,230,183.321449323951,0,0
228658.560767411,228718.560767411,650,230,189.321449323951,0,0
228718.560767411,228778.560767411,650,230,195.321449323951,0,0
228778.560767411,228838.560767411,650,230,201.321449323951,0,0
228838.560767411,228898.560767411,650,230,207.321449323951,0,0
228898.560767411,228958.560767411,650,230,213.321449323951,0,0
228958.560767411,229018.560767411,650,230,219.321449323951,0,0
229018.560767411,229078.560767411,650,230,225.321449323951,0,0
229078.560767411,229138.560767411,650,230,231.321449323951,0,0
229138.560767411,229198.560767411,650,230,237.321449323951,0,0
229198.560767411,229258.560767411,650,230,243.321449323951,0,0
229258.560767411,229318.560767411,650,230,249.321449323951,0,0
229318.560767411,229378.560767411,650,230,255.321449323951,0,0
229378.560767411,229438.560767411,650,230,261.321449323951,0,0
229438.560767411,229498.560767411,650,230,267.321449323951,0,0
229498.560767411,229558.560767411,650,230,273.321449323951,0,0
229558.560767411,229559.712600592,650,230,273.436632641993,0,0
229559.712600592,229619.712600592,650,560,274.786632641993,0,1
229619.712600592,229679.712600592,650,560,276.136632641993,0,1
229679.712600592,229739.712600592,650,560,277.486632641993,0,1
229739.712600592,229799.712600592,650,560,278.836632641993,0,1
229799.712600592,229859.712600592,650,560,280.186632641993,0,1
229859.712600592,229919.712600592,650,560,281.536632641993,0,1
229919.712600592,229979.712600592,650,560,282.886632641993,0,1
229979.712600592,230039.712600592,650,560,284.236632641993,0,1
230039.712600592,230099.712600592,650,560,285.586632641993,0,1
230099.712600592,230159.712600592,650,560,286.936632641993,0,1
230159.712600592,230219.712600592,650,560,288.286632641993,0,1
230219.712600592,230279.712600592,650,560,289.636632641993,0,1
230279.712600592,230339.712600592,650,560,290.986632641993,0,1
230339.712600592,230399.712600592,650,560,292.336632641993,0,1
230399.712600592,230459.712600592,650,560,293.686632641993,0,1
230459.712600592,230519.712600592,650,560,295.036632641993,0,1
230519.712600592,230579.712600592,650,560,296.386632641994,0,1
230579.712600592,230639.712600592,650,560,297.736632641994,0,1
230639.712600592,230699.712600592,650,560,299.086632641994,0,1
230699.712600592,230759.712600592,650,560,300,0,1
230759.712600592,230819.712600592,650,560,300,0,1
230819.712600592,230879.712600592,650,560,300,0,1
230879.712600592,230939.712600592,650,560,300,0,1
230939.712600592,230999.712600592,650,560,300,0,1
230999.712600592,231059.712600592,650,560,300,0,1
231059.712600592,231119.712600592,650,560,300,0,1
231119.712600592,231179.712600592,650,560,300,0,1
231179.712600592,231239.712600592,650,560,300,0,1
231239.712600592,231299.712600592,650,560,300,0,1
231299.712600592,231359.712600592,650,560,300,0,1
231359.712600592,231360.864433772,650,560,300,0,1
231360.864433772,231420.864433772,0,560,289.62962962963,0,1
231420.864433772,231480.864433772,0,560,279.259259259259,0,1
231480.864433772,231540.864433772,0,560,268.888888888889,0,1
231540.864433772,231600.864433772,0,560,258.518518518518,0,1
231600.864433772,231660.864433772,0,560,248.148148148148,0,1
231660.864433772,231720.864433772,0,560,237.777777777778,0,1
231720.864433772,231780.864433772,0,560,227.407407407407,0,1
231780.864433772,231840.864433772,0,560,217.037037037037,0,1
231840.864433772,231900.864433772,0,560,206.666666666667,0,1
231900.864433772,231960.864433772,0,230,202.407407407407,0,0
231960.864433772,232020.864433772,0,230,198.148148148148,0,0
232020.864433772,232080.864433772,0,230,193.888888888889,0,0
232080.864433772,232140.864433772,0,230,189.62962962963,0,0
232140.864433772,232200.864433772,0,230,185.37037037037,0,0
232200.864433772,232260.864433772,0,230,181.111111111111,0,0
232260.864433772,232320.864433772,0,230,176.851851851852,0,0
232320.864433772,232380.864433772,0,230,172.592592592592,0,0
232380.864433772,232429.209008099,0,230,169.160724661976,0,0
232429.209008099,232489.209008099,0,230,164.901465402717,0,0
232489.209008099,232549.209008099,0,230,160.642206143458,0,0
232549.209008099,232609.209008099,0,230,156.382946884199,0,0
232609.209008099,232669.209008099,0,230,152.123687624939,0,0
232669.209008099,232729.209008099,0,230,147.86442836568,0,0
232729.209008099,232789.209008099,0,230,143.605169106421,0,0
232789.209008099,232849.209008099,0,230,139.345909847161,0,0
232849.209008099,232909.209008099,0,230,135.086650587902,0,0
232909.209008099,232969.209008099,0,230,130.827391328643,0,0
232969.209008099,233029.209008099,0,230,126.568132069384,0,0
233029.209008099,233089.209008099,0,230,122.308872810124,0,0
233089.209008099,233149.209008099,0,230,118.049613550865,0,0
233149.209008099,233209.209008099,0,230,113.790354291606,0,0
233209.209008099,233269.209008099,0,230,109.531095032347,0,0
233269.209008099,233329.209008099,0,230,105.271835773087,0,0
233329.209008099,233389.209008099,0,230,101.012576513828,0,0
233389.209008099,233449.209008099,0,230,96.7533172545688,0,0
233449.209008099,233497.553582426,0,230,93.3214493239506,0,0
233497.553582426,233557.553582426,650,230,99.3214493239506,0,0
233557.553582426,233617.553582426,650,230,105.321449323951,0,0
233617.553582426,233677.553582426,650,230,111.321449323951,0,0
233677.553582426,233737.553582426,650,230,117.321449323951,0,0
233737.553582426,233797.553582426,650,230,123.321449323951,0,0
233797.553582426,233857.553582426,650,230,129.321449323951,0,0
233857.553582426,233917.553582426,650,230,135.321449323951,0,0
233917.553582426,233977.553582426,650,230,141.321449323951,0,0
233977.553582426,234037.553582426,650,230,147.321449323951,0,0
234037.553582426,234097.553582426,650,230,153.321449323951,0,0
234097.553582426,234157.553582426,650,230,159.321449323951,0,0
234157.553582426,234217.553582426,650,230,165.321449323951,0,0
234217.553582426,234277.553582426,650,230,171.321449323951,0,0
234277.553582426,234337.553582426,650,230,177.321449323951,0,0
234337.553582426,234397.553582426,650,230,183.321449323951,0,0
234397.553582426,234457.553582426,650,230,189.321449323951,0,0
234457.553582426,234517.553582426,650,230,195.321449323951,0,0
234517.553582426,234577.553582426,650,230,201.321449323951,0,0
234577.553582426,234637.553582426,650,230,207.321449323951,0,0
234637.553582426,234697.553582426,650,230,213.321449323951,0,0
234697.553582426,234757.553582426,650,230,219.321449323951,0,0
234757.553582426,234817.553582426,650,230,225.321449323951,0,0
234817.553582426,234877.553582426,650,230,231.321449323951,0,0
234877.553582426,234937.553582426,650,230,237.321449323951,0,0
234937.553582426,234997.553582426,650,230,243.321449323951,0,0
234997.553582426,235057.553582426,650,230,249.321449323951,0,0
235057.553582426,235117.553582426,650,230,255.321449323951,0,0
235117.553582426,235177.553582426,650,230,261.321449323951,0,0
235177.553582426,235237.553582426,650,230,267.321449323951,0,0
235237.553582426,235297.553582426,650,230,273.321449323951,0,0
235297.553582426,235298.705415607,650,230,273.436632641993,0,0
235298.705415607,235358.705415607,650,560,274.786632641993,0,1
235358.705415607,235418.705415607,650,560,276.136632641993,0,1
235418.705415607,235478.705415607,650,560,277.486632641993,0,1
235478.705415607,235538.705415607,650,560,278.836632641993,0,1
235538.705415607,235598.705415607,650,560,280.186632641993,0,1
235598.705415607,235658.705415607,650,560,281.536632641993,0,1
235658.705415607,235718.705415607,650,560,282.886632641993,0,1
235718.705415607,235778.705415607,650,560,284.236632641993,0,1
235778.705415607,235838.705415607,650,560,285.586632641993,0,1
235838.705415607,235898.705415607,650,560,286.936632641993,0,1
235898.705415607,235958.705415607,650,560,288.286632641993,0,1
235958.705415607,236018.705415607,650,560,289.636632641993,0,1
236018.705415607,236078.705415607,650,560,290.986632641993,0,1
236078.705415607,236138.705415607,650,560,292.336632641993,0,1
236138.705415607,236198.705415607,650,560,293.686632641993,0,1
236198.705415607,236258.705415607,650,560,295.036632641993,0,1
236258.705415607,236318.705415607,650,560,296.386632641994,0,1
236318.705415607,236378.705415607,650,560,297.736632641994,0,1
236378.705415607,236438.705415607,650,560,299.086632641994,0,1
236438.705415607,236498.705415607,650,560,300,0,1
236498.705415607,236558.705415607,650,560,300,0,1
236558.705415607,236618.705415607,650,560,300,0,1
236618.705415607,236678.705415607,650,560,300,0,1
236678.705415607,236738.705415607,650,560,300,0,1
236738.705415607,236798.705415607,650,560,300,0,1
236798.705415607,236858.705415607,650,560,300,0,1
236858.705415607,236918.705415607,650,560,300,0,1
236918.705415607,236978.705415607,650,560,300,0,1
236978.705415607,237038.705415607,650,560,300,0,1
237038.705415607,237098.705415607,650,560,300,0,1
237098.705415607,237099.857248787,650,560,300,0,1
237099.857248787,237159.857248787,0,560,289.62962962963,0,1
237159.857248787,237219.857248787,0,560,279.259259259259,0,1
237219.857248787,237279.857248787,0,560,268.888888888889,0,1
237279.857248787,237339.857248787,0,560,258.518518518518,0,1
237339.857248787,237399.857248787,0,560,248.148148148148,0,1
237399.857248787,237459.857248787,0,560,237.777777777778,0,1
237459.857248787,237519.857248787,0,560,227.407407407407,0,1
237519.857248787,237579.857248787,0,560,217.037037037037,0,1
237579.857248787,237639.857248787,0,560,206.666666666667,0,1
237639.857248787,237699.857248787,0,230,202.407407407407,0,0
237699.857248787,237759.857248787,0,230,198.148148148148,0,0
237759.857248787,237819.857248787,0,230,193.888888888889,0,0
237819.857248787,237879.857248787,0,230,189.62962962963,0,0
237879.857248787,237939.857248787,0,230,185.37037037037,0,0
237939.857248787,237999.857248787,0,230,181.111111111111,0,0
237999.857248787,238059.857248787,0,230,176.851851851852,0,0
238059.857248787,238119.857248787,0,230,172.592592592592,0,0
238119.857248787,238168.201823114,0,230,169.160724661976,0,0
238168.201823114,238228.201823114,0,230,164.901465402717,0,0
238228.201823114,238288.201823114,0,230,160.642206143458,0,0
238288.201823114,238348.201823114,0,230,156.382946884199,0,0
238348.201823114,238408.201823114,0,230,152.123687624939,0,0
238408.201823114,238468.201823114,0,230,147.86442836568,0,0
238468.201823114,238528.201823114,0,230,143.605169106421,0,0
238528.201823114,238588.201823114,0,230,139.345909847161,0,0
238588.201823114,238648.201823114,0,230,135.086650587902,0,0
238648.201823114,238708.201823114,0,230,130.827391328643,0,0
238708.201823114,238768.201823114,0,230,126.568132069384,0,0
238768.201823114,238828.201823114,0,230,122.308872810124,0,0
238828.201823114,238888.201823114,0,230,118.049613550865,0,0
238888.201823114,238948.201823114,0,230,113.790354291606,0,0
238948.201823114,239008.201823114,0,230,109.531095032347,0,0
239008.201823114,239068.201823114,0,230,105.271835773087,0,0
239068.201823114,239128.201823114,0,230,101.012576513828,0,0
239128.201823114,239188.201823114,0,230,96.7533172545688,0,0
239188.201823114,239236.546397441,0,230,93.3214493239506,0,0
239236.546397441,239296.546397441,650,230,99.3214493239506,0,0
239296.546397441,239356.546397441,650,230,105.321449323951,0,0
239356.546397441,239416.546397441,650,230,111.321449323951,0,0
239416.546397441,239476.546397441,650,230,117.321449323951,0,0
239476.546397441,239536.546397441,650,230,123.321449323951,0,0
239536.546397441,239596.546397441,650,230,129.321449323951,0,0
239596.546397441,239656.546397441,650,230,135.321449323951,0,0
239656.546397441,239716.546397441,650,230,141.321449323951,0,0
239716.546397441,239776.546397441,650,230,147.321449323951,0,0
239776.546397441,239836.546397441,650,230,153.321449323951,0,0
239836.546397441,239896.546397441,650,230,159.321449323951,0,0
239896.546397441,239956.546397441,650,230,165.321449323951,0,0
239956.546397441,240016.546397441,650,230,171.321449323951,0,0
240016.546397441,240076.546397441,650,230,177.321449323951,0,0
240076.546397441,240136.546397441,650,230,183.321449323951,0,0
240136.546397441,240196.546397441,650,230,189.321449323951,0,0
240196.546397441,240256.546397441,650,230,195.321449323951,0,0
240256.546397441,240316.546397441,650,230,201.321449323951,0,0
240316.546397441,240376.546397441,650,230,207.321449323951,0,0
240376.546397441,240436.546397441,650,230,213.321449323951,0,0
240436.546397441,240496.546397441,650,230,219.321449323951,0,0
240496.546397441,240556.546397441,650,230,225.321449323951,0,0
240556.546397441,240616.546397441,650,230,231.321449323951,0,0
240616.546397441,240676.546397441,650,230,237.321449323951,0,0
240676.546397441,240736.546397441,650,230,243.321449323951,0,0
240736.546397441,240796.546397441,650,230,249.321449323951,0,0
240796.546397441,240856.546397441,650,230,255.321449323951,0,0
240856.546397441,240916.546397441,650,230,261.321449323951,0,0
240916.546397441,240976.546397441,650,230,267.321449323951,0,0
240976.546397441,241036.546397441,650,230,273.321449323951,0,0
241036.546397441,241037.698230622,650,230,273.436632641993,0,0
241037.698230622,241097.698230622,650,560,274.786632641993,0,1
241097.698230622,241157.698230622,650,560,276.136632641993,0,1
241157.698230622,241217.698230622,650,560,277.486632641993,0,1
241217.698230622,241277.698230622,650,560,278.836632641993,0,1
241277.698230622,241337.698230622,650,560,280.186632641993,0,1
241337.698230622,241397.698230622,650,560,281.536632641993,0,1
241397.698230622,241457.698230622,650,560,282.886632641993,0,1
241457.698230622,241517.698230622,650,560,284.236632641993,0,1
241517.698230622,241577.698230622,650,560,285.586632641993,0,1
241577.698230622,241637.698230622,650,560,286.936632641993,0,1
241637.698230622,241697.698230622,650,560,288.286632641993,0,1
241697.698230622,241757.698230622,650,560,289.636632641993,0,1
241757.698230622,241817.698230622,650,560,290.986632641993,0,1
241817.698230622,241877.698230622,650,560,292.336632641993,0,1
241877.698230622,241937.698230622,650,560,293.686632641993,0,1
241937.698230622,241997.698230622,650,560,295.036632641993,0,1
241997.698230622,242057.698230622,650,560,296.386632641994,0,1
242057.698230622,242117.698230622,650,560,297.736632641994,0,1
242117.698230622,242177.698230622,650,560,299.086632641994,0,1
242177.698230622,242237.698230622,650,560,300,0,1
242237.698230622,242297.698230622,650,560,300,0,1
242297.698230622,242357.698230622,650,560,300,0,1
242357.698230622,242417.698230622,650,560,300,0,1
242417.698230622,242477.698230622,650,560,300,0,1
242477.698230622,242537.698230622,650,560,300,0,1
242537.698230622,242597.698230622,650,560,300,0,1
242597.698230622,242657.698230622,650,560,300,0,1
242657.698230622,242717.698230622,650,560,300,0,1
242717.698230622,242777.698230622,650,560,300,0,1
242777.698230622,242837.698230622,650,560,300,0,1
242837.698230622,242838.850063802,650,560,300,0,1
242838.850063802,242898.850063802,0,560,289.62962962963,0,1
242898.850063802,242958.850063802,0,560,279.259259259259,0,1
242958.850063802,243018.850063802,0,560,268.888888888889,0,1
243018.850063802,243078.850063802,0,560,258.518518518518,0,1
243078.850063802,243138.850063802,0,560,248.148148148148,0,1
243138.850063802,243198.850063802,0,560,237.777777777778,0,1
243198.850063802,243258.850063802,0,560,227.407407407407,0,1
243258.850063802,243318.850063802,0,560,217.037037037037,0,1
243318.850063802,243378.850063802,0,560,206.666666666667,0,1
243378.850063802,243438.850063802,0,230,202.407407407407,0,0
243438.850063802,243498.850063802,0,230,198.148148148148,0,0
243498.850063802,243558.850063802,0,230,193.888888888889,0,0
243558.850063802,243618.850063802,0,230,189.62962962963,0,0
243618.850063802,243678.850063802,0,230,185.37037037037,0,0
243678.850063802,243738.850063802,0,230,181.111111111111,0,0
243738.850063802,243798.850063802,0,230,176.851851851852,0,0
243798.850063802,243858.850063802,0,230,172.592592592592,0,0
243858.850063802,243907.194638129,0,230,169.160724661976,0,0
243907.194638129,243967.194638129,0,230,164.901465402717,0,0
243967.194638129,244027.194638129,0,230,160.642206143458,0,0
244027.194638129,244087.194638129,0,230,156.382946884199,0,0
244087.194638129,244147.194638129,0,230,152.123687624939,0,0
244147.194638129,244207.194638129,0,230,147.86442836568,0,0
244207.194638129,244267.194638129,0,230,143.605169106421,0,0
244267.194638129,244327.194638129,0,230,139.345909847161,0,0
244327.194638129,244387.194638129,0,230,135.086650587902,0,0
244387.194638129,244447.194638129,0,230,130.827391328643,0,0
244447.194638129,244507.194638129,0,230,126.568132069384,0,0
244507.194638129,244567.194638129,0,230,122.308872810124,0,0
244567.194638129,244627.194638129,0,230,118.049613550865,0,0
244627.194638129,244687.194638129,0,230,113.790354291606,0,0
244687.194638129,244747.194638129,0,230,109.531095032347,0,0
244747.194638129,244807.194638129,0,230,105.271835773087,0,0
244807.194638129,244867.194638129,0,230,101.012576513828,0,0
244867.194638129,244927.194638129,0,230,96.7533172545688,0,0
244927.194638129,244975.539212456,0,230,93.3214493239506,0,0
244975.539212456,245035.539212456,650,230,99.3214493239506,0,0
245035.539212456,245095.539212456,650,230,105.321449323951,0,0
245095.539212456,245155.539212456,650,230,111.321449323951,0,0
245155.539212456,245215.539212456,650,230,117.321449323951,0,0
245215.539212456,245275.539212456,650,230,123.321449323951,0,0
245275.539212456,245335.539212456,650,230,129.321449323951,0,0
245335.539212456,245395.539212456,650,230,135.321449323951,0,0
245395.539212456,245455.539212456,650,230,141.321449323951,0,0
245455.539212456,245515.539212456,650,230,147.321449323951,0,0
245515.539212456,245575.539212456,650,230,153.321449323951,0,0
245575.539212456,245635.539212456,650,230,159.321449323951,0,0
245635.539212456,245695.539212456,650,230,165.321449323951,0,0
245695.539212456,245755.539212456,650,230,171.321449323951,0,0
245755.539212456,245815.539212456,650,230,177.321449323951,0,0
245815.539212456,245875.539212456,650,230,183.321449323951,0,0
245875.539212456,245935.539212456,650,230,189.321449323951,0,0
245935.539212456,245995.539212456,650,230,195.321449323951,0,0
245995.539212456,246055.539212456,650,230,201.321449323951,0,0
246055.539212456,246115.539212456,650,230,207.321449323951,0,0
246115.539212456,246175.539212456,650,230,213.321449323951,0,0
246175.539212456,246235.539212456,650,230,219.321449323951,0,0
246235.539212456,246295.539212456,650,230,225.321449323951,0,0
246295.539212456,246355.539212456,650,230,231.321449323951,0,0
246355.539212456,246415.539212456,650,230,237.321449323951,0,0
246415.539212456,246475.539212456,650,230,243.321449323951,0,0
246475.539212456,246535.539212456,650,230,249.321449323951,0,0
246535.539212456,246595.539212456,650,230,255.321449323951,0,0
246595.539212456,246655.539212456,650,230,261.321449323951,0,0
246655.539212456,246715.539212456,650,230,267.321449323951,0,0
246715.539212456,246775.539212456,650,230,273.321449323951,0,0
246775.539212456,246776.691045636,650,230,273.436632641993,0,0
246776.691045636,246836.691045636,650,560,274.786632641993,0,1
246836.691045636,246896.691045636,650,560,276.136632641993,0,1
246896.691045636,246956.691045636,650,560,277.486632641993,0,1
246956.691045636,247016.691045636,650,560,278.836632641993,0,1
247016.691045636,247076.691045636,650,560,280.186632641993,0,1
247076.691045636,247136.691045636,650,560,281.536632641993,0,1
247136.691045636,247196.691045636,650,560,282.886632641993,0,1
247196.691045636,247256.691045636,650,560,284.236632641993,0,1
247256.691045636,247316.691045636,650,560,285.586632641993,0,1
247316.691045636,247376.691045636,650,560,286.936632641993,0,1
247376.691045636,247436.691045636,650,560,288.286632641993,0,1
247436.691045636,247496.691045636,650,560,289.636632641993,0,1
247496.691045636,247556.691045636,650,560,290.986632641993,0,1
247556.691045636,247616.691045636,650,560,292.336632641993,0,1
247616.691045636,247676.691045636,650,560,293.686632641993,0,1
247676.691045636,247736.691045636,650,560,295.036632641993,0,1
247736.691045636,247796.691045636,650,560,296.386632641994,0,1
247796.691045636,247856.691045636,650,560,297.736632641994,0,1
247856.691045636,247916.691045636,650,560,299.086632641994,0,1
247916.691045636,247976.691045636,650,560,300,0,1
247976.691045636,248036.691045636,650,560,300,0,1
248036.691045636,248096.691045636,650,560,300,0,1
248096.691045636,248156.691045636,650,560,300,0,1
248156.691045636,248216.691045636,650,560,300,0,1
248216.691045636,248276.691045636,650,560,300,0,1
248276.691045636,248336.691045636,650,560,300,0,1
248336.691045636,248396.691045636,650,560,300,0,1
248396.691045636,248456.691045636,650,560,300,0,1
248456.691045636,248516.691045636,650,560,300,0,1
248516.691045636,248576.691045636,650,560,300,0,1
248576.691045636,248577.842878817,650,560,300,0,1
248577.842878817,248637.842878817,0,560,289.62962962963,0,1
248637.842878817,248697.842878817,0,560,279.259259259259,0,1
248697.842878817,248757.842878817,0,560,268.888888888889,0,1
248757.842878817,248817.842878817,0,560,258.518518518518,0,1
248817.842878817,248877.842878817,0,560,248.148148148148,0,1
248877.842878817,248937.842878817,0,560,237.777777777778,0,1
248937.842878817,248997.842878817,0,560,227.407407407407,0,1
248997.842878817,249057.842878817,0,560,217.037037037037,0,1
249057.842878817,249117.842878817,0,560,206.666666666667,0,1
249117.842878817,249177.842878817,0,230,202.407407407407,0,0
249177.842878817,249237.842878817,0,230,198.148148148148,0,0
249237.842878817,249297.842878817,0,230,193.888888888889,0,0
249297.842878817,249357.842878817,0,230,189.62962962963,0,0
249357.842878817,249417.842878817,0,230,185.37037037037,0,0
249417.842878817,249477.842878817,0,230,181.111111111111,0,0
249477.842878817,249537.842878817,0,230,176.851851851852,0,0
249537.842878817,249597.842878817,0,230,172.592592592592,0,0
249597.842878817,249646.187453144,0,230,169.160724661976,0,0
249646.187453144,249706.187453144,0,230,164.901465402717,0,0
249706.187453144,249766.187453144,0,230,160.642206143458,0,0
249766.187453144,249826.187453144,0,230,156.382946884199,0,0
249826.187453144,249886.187453144,0,230,152.123687624939,0,0
249886.187453144,249946.187453144,0,230,147.86442836568,0,0
249946.187453144,250006.187453144,0,230,143.605169106421,0,0
250006.187453144,250066.187453144,0,230,139.345909847161,0,0
250066.187453144,250126.187453144,0,230,135.086650587902,0,0
250126.187453144,250186.187453144,0,230,130.827391328643,0,0
250186.187453144,250246.187453144,0,230,126.568132069384,0,0
250246.187453144,250306.187453144,0,230,122.308872810124,0,0
250306.187453144,250366.187453144,0,230,118.049613550865,0,0
250366.187453144,250426.187453144,0,230,113.790354291606,0,0
250426.187453144,250486.187453144,0,230,109.531095032347,0,0
250486.187453144,250546.187453144,0,230,105.271835773087,0,0
250546.187453144,250606.187453144,0,230,101.012576513828,0,0
250606.187453144,250666.187453144,0,230,96.7533172545688,0,0
250666.187453144,250714.532027471,0,230,93.3214493239506,0,0
250714.532027471,250774.532027471,650,230,99.3214493239506,0,0
250774.532027471,250834.532027471,650,230,105.321449323951,0,0
250834.532027471,250894.532027471,650,230,111.321449323951,0,0
250894.532027471,250954.532027471,650,230,117.321449323951,0,0
250954.532027471,251014.532027471,650,230,123.321449323951,0,0
251014.532027471,251074.532027471,650,230,129.321449323951,0,0
251074.532027471,251134.532027471,650,230,135.321449323951,0,0
251134.532027471,251194.532027471,650,230,141.321449323951,0,0
251194.532027471,251254.532027471,650,230,147.321449323951,0,0
251254.532027471,251314.532027471,650,230,153.321449323951,0,0
251314.532027471,251374.532027471,650,230,159.321449323951,0,0
251374.532027471,251434.532027471,650,230,165.321449323951,0,0
251434.532027471,251494.532027471,650,230,171.321449323951,0,0
251494.532027471,251554.532027471,650,230,177.321449323951,0,0
251554.532027471,251614.532027471,650,230,183.321449323951,0,0
251614.532027471,251674.532027471,650,230,189.321449323951,0,0
251674.532027471,251734.532027471,650,230,195.321449323951,0,0
251734.532027471,251794.532027471,650,230,201.321449323951,0,0
251794.532027471,251854.532027471,650,230,207.321449323951,0,0
251854.532027471,251914.532027471,650,230,213.321449323951,0,0
251914.532027471,251974.532027471,650,230,219.321449323951,0,0
251974.532027471,252034.532027471,650,230,225.321449323951,0,0
252034.532027471,252094.532027471,650,230,231.321449323951,0,0
252094.532027471,252154.532027471,650,230,237.321449323951,0,0
252154.532027471,252214.532027471,650,230,243.321449323951,0,0
252214.532027471,252274.532027471,650,230,249.321449323951,0,0
252274.532027471,252334.532027471,650,230,255.321449323951,0,0
252334.532027471,252394.532027471,650,230,261.321449323951,0,0
252394.532027471,252454.532027471,650,230,267.321449323951,0,0
252454.532027471,252514.532027471,650,230,273.321449323951,0,0
252514.532027471,252515.683860651,650,230,273.436632641993,0,0
252515.683860651,252575.683860651,650,560,274.786632641993,0,1
252575.683860651,252635.683860651,650,560,276.136632641993,0,1
252635.683860651,252695.683860651,650,560,277.486632641993,0,1
252695.683860651,252755.683860651,650,560,278.836632641993,0,1
252755.683860651,252815.683860651,650,560,280.186632641993,0,1
252815.683860651,252875.683860651,650,560,281.536632641993,0,1
252875.683860651,252935.683860651,650,560,282.886632641993,0,1
252935.683860651,252995.683860651,650,560,284.236632641993,0,1
252995.683860651,253055.683860651,650,560,285.586632641993,0,1
253055.683860651,253115.683860651,650,560,286.936632641993,0,1
253115.683860651,253175.683860651,650,560,288.286632641993,0,1
253175.683860651,253235.683860651,650,560,289.636632641993,0,1
253235.683860651,253295.683860651,650,560,290.986632641993,0,1
253295.683860651,253355.683860651,650,560,292.336632641993,0,1
253355.683860651,253415.683860651,650,560,293.686632641993,0,1
253415.683860651,253475.683860651,650,560,295.036632641993,0,1
253475.683860651,253535.683860651,650,560,296.386632641994,0,1
253535.683860651,253595.683860651,650,560,297.736632641994,0,1
253595.683860651,253655.683860651,650,560,299.086632641994,0,1
253655.683860651,253715.683860651,650,560,300,0,1
253715.683860651,253775.683860651,650,560,300,0,1
253775.683860651,253835.683860651,650,560,300,0,1
253835.683860651,253895.683860651,650,560,300,0,1
253895.683860651,253955.683860651,650,560,300,0,1
253955.683860651,254015.683860651,650,560,300,0,1
254015.683860651,254075.683860651,650,560,300,0,1
254075.683860651,254135.683860651,650,560,300,0,1
254135.683860651,254195.683860651,650,560,300,0,1
254195.683860651,254255.683860651,650,560,300,0,1
254255.683860651,254315.683860651,650,560,300,0,1
254315.683860651,254316.835693832,650,560,300,0,1
254316.835693832,254376.835693832,0,560,289.62962962963,0,1
254376.835693832,254436.835693832,0,560,279.259259259259,0,1
254436.835693832,254496.835693832,0,560,268.888888888889,0,1
254496.835693832,254556.835693832,0,560,258.518518518518,0,1
254556.835693832,254616.835693832,0,560,248.148148148148,0,1
254616.835693832,254676.835693832,0,560,237.777777777778,0,1
254676.835693832,254736.835693832,0,560,227.407407407407,0,1
254736.835693832,254796.835693832,0,560,217.037037037037,0,1
254796.835693832,254856.835693832,0,560,206.666666666667,0,1
254856.835693832,254916.835693832,0,230,202.407407407407,0,0
254916.835693832,254976.835693832,0,230,198.148148148148,0,0
254976.835693832,255036.835693832,0,230,193.888888888889,0,0
255036.835693832,255096.835693832,0,230,189.62962962963,0,0
255096.835693832,255156.835693832,0,230,185.37037037037,0,0
255156.835693832,255216.835693832,0,230,181.111111111111,0,0
255216.835693832,255276.835693832,0,230,176.851851851852,0,0
255276.835693832,255336.835693832,0,230,172.592592592592,0,0
255336.835693832,255385.180268158,0,230,169.160724661976,0,0
255385.180268158,255445.180268158,0,230,164.901465402717,0,0
255445.180268158,255505.180268158,0,230,160.642206143458,0,0
255505.180268158,255565.180268158,0,230,156.382946884199,0,0
255565.180268158,255625.180268158,0,230,152.123687624939,0,0
255625.180268158,255685.180268158,0,230,147.86442836568,0,0
255685.180268158,255745.180268158,0,230,143.605169106421,0,0
255745.180268158,255805.180268158,0,230,139.345909847161,0,0
255805.180268158,255865.180268158,0,230,135.086650587902,0,0
255865.180268158,255925.180268158,0,230,130.827391328643,0,0
255925.180268158,255985.180268158,0,230,126.568132069384,0,0
255985.180268158,256045.180268158,0,230,122.308872810124,0,0
256045.180268158,256105.180268158,0,230,118.049613550865,0,0
256105.180268158,256165.180268158,0,230,113.790354291606,0,0
256165.180268158,256225.180268158,0,230,109.531095032347,0,0
256225.180268158,256285.180268158,0,230,105.271835773087,0,0
256285.180268158,256345.180268158,0,230,101.012576513828,0,0
256345.180268158,256405.180268158,0,230,96.7533172545688,0,0
256405.180268158,256453.524842485,0,230,93.3214493239506,0,0
256453.524842485,256513.524842485,650,230,99.3214493239506,0,0
256513.524842485,256573.524842485,650,230,105.321449323951,0,0
256573.524842485,256633.524842485,650,230,111.321449323951,0,0
256633.524842485,256693.524842485,650,230,117.321449323951,0,0
256693.524842485,256753.524842485,650,230,123.321449323951,0,0
256753.524842485,256813.524842485,650,230,129.321449323951,0,0
256813.524842485,256873.524842485,650,230,135.321449323951,0,0
256873.524842485,256933.524842485,650,230,141.321449323951,0,0
256933.524842485,256993.524842485,650,230,147.321449323951,0,0
256993.524842485,257053.524842485,650,230,153.321449323951,0,0
257053.524842485,257113.524842485,650,230,159.321449323951,0,0
257113.524842485,257173.524842485,650,230,165.321449323951,0,0
257173.524842485,257233.524842485,650,230,171.321449323951,0,0
257233.524842485,257293.524842485,650,230,177.321449323951,0,0
257293.524842485,257353.524842485,650,230,183.321449323951,0,0
257353.524842485,257413.524842485,650,230,189.321449323951,0,0
257413.524842485,257473.524842485,650,230,195.321449323951,0,0
257473.524842485,257533.524842485,650,230,201.321449323951,0,0
257533.524842485,257593.524842485,650,230,207.321449323951,0,0
257593.524842485,257653.524842485,650,230,213.321449323951,0,0
257653.524842485,257713.524842485,650,230,219.321449323951,0,0
257713.524842485,257773.524842485,650,230,225.321449323951,0,0
257773.524842485,257833.524842485,650,230,231.321449323951,0,0
257833.524842485,257893.524842485,650,230,237.321449323951,0,0
257893.524842485,257953.524842485,650,230,243.321449323951,0,0
257953.524842485,258013.524842485,650,230,249.321449323951,0,0
258013.524842485,258073.524842485,650,230,255.321449323951,0,0
258073.524842485,258133.524842485,650,230,261.321449323951,0,0
258133.524842485,258193.524842485,650,230,267.321449323951,0,0
258193.524842485,258253.524842485,650,230,273.321449323951,0,0
258253.524842485,258254.676675666,650,230,273.436632641993,0,0
258254.676675666,258314.676675666,650,560,274.786632641993,0,1
258314.676675666,258374.676675666,650,560,276.136632641993,0,1
258374.676675666,258434.676675666,650,560,277.486632641993,0,1
258434.676675666,258494.676675666,650,560,278.836632641993,0,1
258494.676675666,258554.676675666,650,560,280.186632641993,0,1
258554.676675666,258614.676675666,650,560,281.536632641993,0,1
258614.676675666,258674.676675666,650,560,282.886632641993,0,1
258674.676675666,258734.676675666,650,560,284.236632641993,0,1
258734.676675666,258794.676675666,650,560,285.586632641993,0,1
258794.676675666,258854.676675666,650,560,286.936632641993,0,1
258854.676675666,258914.676675666,650,560,288.286632641993,0,1
258914.676675666,258974.676675666,650,560,289.636632641993,0,1
258974.676675666,259034.676675666,650,560,290.986632641993,0,1
259034.676675666,259094.676675666,650,560,292.336632641993,0,1
259094.676675666,259154.676675666,650,560,293.686632641993,0,1
259154.676675666,259214.676675666,650,560,295.036632641993,0,1
259214.676675666,259274.676675666,650,560,296.386632641994,0,1
259274.676675666,259334.676675666,650,560,297.736632641994,0,1
259334.676675666,259394.676675666,650,560,299.086632641994,0,1
259394.676675666,259454.676675666,650,560,300,0,1
259454.676675666,259514.676675666,650,560,300,0,1
259514.676675666,259574.676675666,650,560,300,0,1
259574.676675666,259634.676675666,650,560,300,0,1
259634.676675666,259694.676675666,650,560,300,0,1
259694.676675666,259754.676675666,650,560,300,0,1
259754.676675666,259814.676675666,650,560,300,0,1
259814.676675666,259874.676675666,650,560,300,0,1
259874.676675666,259934.676675666,650,560,300,0,1
259934.676675666,259994.676675666,650,560,300,0,1
259994.676675666,260054.676675666,650,560,300,0,1
260054.676675666,260055.828508846,650,560,300,0,1
260055.828508846,260115.828508846,0,560,289.62962962963,0,1
260115.828508846,260175.828508846,0,560,279.259259259259,0,1
260175.828508846,260235.828508846,0,560,268.888888888889,0,1
260235.828508846,260295.828508846,0,560,258.518518518518,0,1
260295.828508846,260355.828508846,0,560,248.148148148148,0,1
260355.828508846,260415.828508846,0,560,237.777777777778,0,1
260415.828508846,260475.828508846,0,560,227.407407407407,0,1
260475.828508846,260535.828508846,0,560,217.037037037037,0,1
260535.828508846,260595.828508846,0,560,206.666666666667,0,1
260595.828508846,260655.828508846,0,230,202.407407407407,0,0
260655.828508846,260715.828508846,0,230,198.148148148148,0,0
260715.828508846,260775.828508846,0,230,193.888888888889,0,0
260775.828508846,260835.828508846,0,230,189.62962962963,0,0
260835.828508846,260895.828508846,0,230,185.37037037037,0,0
260895.828508846,260955.828508846,0,230,181.111111111111,0,0
260955.828508846,261015.828508846,0,230,176.851851851852,0,0
261015.828508846,261075.828508846,0,230,172.592592592592,0,0
261075.828508846,261124.173083173,0,230,169.160724661976,0,0
261124.173083173,261184.173083173,0,230,164.901465402717,0,0
261184.173083173,261244.173083173,0,230,160.642206143458,0,0
261244.173083173,261304.173083173,0,230,156.382946884199,0,0
261304.173083173,261364.173083173,0,230,152.123687624939,0,0
261364.173083173,261424.173083173,0,230,147.86442836568,0,0
261424.173083173,261484.173083173,0,230,143.605169106421,0,0
261484.173083173,261544.173083173,0,230,139.345909847161,0,0
261544.173083173,261604.173083173,0,230,135.086650587902,0,0
261604.173083173,261664.173083173,0,230,130.827391328643,0,0
261664.173083173,261724.173083173,0,230,126.568132069384,0,0
261724.173083173,261784.173083173,0,230,122.308872810124,0,0
261784.173083173,261844.173083173,0,230,118.049613550865,0,0
261844.173083173,261904.173083173,0,230,113.790354291606,0,0
261904.173083173,261964.173083173,0,230,109.531095032347,0,0
261964.173083173,262024.173083173,0,230,105.271835773087,0,0
262024.173083173,262084.173083173,0,230,101.012576513828,0,0
262084.173083173,262144.173083173,0,230,96.7533172545667,0,0
262144.173083173,262192.5176575,0,230,93.3214493239506,0,0
262192.5176575,262252.5176575,650,230,99.3214493239506,0,0
262252.5176575,262312.5176575,650,230,105.321449323951,0,0
262312.5176575,262372.5176575,650,230,111.321449323951,0,0
262372.5176575,262432.5176575,650,230,117.321449323951,0,0
262432.5176575,262492.5176575,650,230,123.321449323951,0,0
262492.5176575,262552.5176575,650,230,129.321449323951,0,0
262552.5176575,262612.5176575,650,230,135.321449323951,0,0
262612.5176575,262672.5176575,650,230,141.321449323951,0,0
262672.5176575,262732.5176575,650,230,147.321449323951,0,0
262732.5176575,262792.5176575,650,230,153.321449323951,0,0
262792.5176575,262852.5176575,650,230,159.321449323951,0,0
262852.5176575,262912.5176575,650,230,165.321449323951,0,0
262912.5176575,262972.5176575,650,230,171.321449323951,0,0
262972.5176575,263032.5176575,650,230,177.321449323951,0,0
263032.5176575,263092.5176575,650,230,183.321449323951,0,0
263092.5176575,263152.5176575,650,230,189.321449323951,0,0
263152.5176575,263212.5176575,650,230,195.321449323951,0,0
263212.5176575,263272.5176575,650,230,201.321449323951,0,0
263272.5176575,263332.5176575,650,230,207.321449323951,0,0
263332.5176575,263392.5176575,650,230,213.321449323951,0,0
263392.5176575,263452.5176575,650,230,219.321449323951,0,0
263452.5176575,263512.5176575,650,230,225.321449323951,0,0
263512.5176575,263572.5176575,650,230,231.321449323951,0,0
263572.5176575,263632.5176575,650,230,237.321449323951,0,0
263632.5176575,263692.5176575,650,230,243.321449323951,0,0
263692.5176575,263752.5176575,650,230,249.321449323951,0,0
263752.5176575,263812.5176575,650,230,255.321449323951,0,0
263812.5176575,263872.5176575,650,230,261.321449323951,0,0
263872.5176575,263932.5176575,650,230,267.321449323951,0,0
263932.5176575,263992.5176575,650,230,273.321449323951,0,0
263992.5176575,263993.669490681,650,230,273.43663264199,0,0
263993.669490681,263993.669491255,650,230,273.436632699383,0,0
263993.669491255,264053.669491255,650,560,274.786632699383,0,1
264053.669491255,264113.669491255,650,560,276.136632699383,0,1
264113.669491255,264173.669491255,650,560,277.486632699383,0,1
264173.669491255,264233.669491255,650,560,278.836632699383,0,1
264233.669491255,264293.669491255,650,560,280.186632699383,0,1
264293.669491255,264353.669491255,650,560,281.536632699383,0,1
264353.669491255,264413.669491255,650,560,282.886632699383,0,1
264413.669491255,264473.669491255,650,560,284.236632699383,0,1
264473.669491255,264533.669491255,650,560,285.586632699383,0,1
264533.669491255,264593.669491255,650,560,286.936632699383,0,1
264593.669491255,264653.669491255,650,560,288.286632699383,0,1
264653.669491255,264713.669491255,650,560,289.636632699383,0,1
264713.669491255,264773.669491255,650,560,290.986632699383,0,1
264773.669491255,264833.669491255,650,560,292.336632699383,0,1
264833.669491255,264893.669491255,650,560,293.686632699383,0,1
264893.669491255,264953.669491255,650,560,295.036632699383,0,1
264953.669491255,265013.669491255,650,560,296.386632699383,0,1
265013.669491255,265073.669491255,650,560,297.736632699383,0,1
265073.669491255,265133.669491255,650,560,299.086632699383,0,1
265133.669491255,265193.669491255,650,560,300,0,1
265193.669491255,265253.669491255,650,560,300,0,1
265253.669491255,265313.669491255,650,560,300,0,1
265313.669491255,265373.669491255,650,560,300,0,1
265373.669491255,265433.669491255,650,560,300,0,1
265433.669491255,265493.669491255,650,560,300,0,1
265493.669491255,265553.669491255,650,560,300,0,1
265553.669491255,265613.669491255,650,560,300,0,1
265613.669491255,265673.669491255,650,560,300,0,1
265673.669491255,265733.669491255,650,560,300,0,1
265733.669491255,265793.669491255,650,560,300,0,1
265793.669491255,265794.821323861,650,560,300,0,1
265794.821323861,265854.821323861,0,560,289.62962962963,0,1
265854.821323861,265914.821323861,0,560,279.259259259259,0,1
265914.821323861,265974.821323861,0,560,268.888888888889,0,1
265974.821323861,266034.821323861,0,560,258.518518518518,0,1
266034.821323861,266094.821323861,0,560,248.148148148148,0,1
266094.821323861,266154.821323861,0,560,237.777777777778,0,1
266154.821323861,266214.821323861,0,560,227.407407407407,0,1
266214.821323861,266274.821323861,0,560,217.037037037037,0,1
266274.821323861,266334.821323861,0,560,206.666666666667,0,1
266334.821323861,266394.821323861,0,230,202.407407407407,0,0
266394.821323861,266454.821323861,0,230,198.148148148148,0,0
266454.821323861,266514.821323861,0,230,193.888888888889,0,0
266514.821323861,266574.821323861,0,230,189.62962962963,0,0
266574.821323861,266634.821323861,0,230,185.37037037037,0,0
266634.821323861,266694.821323861,0,230,181.111111111111,0,0
266694.821323861,266754.821323861,0,230,176.851851851852,0,0
266754.821323861,266814.821323861,0,230,172.592592592592,0,0
266814.821323861,266863.165898188,0,230,169.160724661976,0,0
266863.165898188,266923.165898188,0,230,164.901465402717,0,0
266923.165898188,266983.165898188,0,230,160.642206143458,0,0
266983.165898188,267043.165898188,0,230,156.382946884199,0,0
267043.165898188,267103.165898188,0,230,152.123687624939,0,0
267103.165898188,267163.165898188,0,230,147.86442836568,0,0
267163.165898188,267223.165898188,0,230,143.605169106421,0,0
267223.165898188,267283.165898188,0,230,139.345909847161,0,0
267283.165898188,267343.165898188,0,230,135.086650587902,0,0
267343.165898188,267403.165898188,0,230,130.827391328643,0,0
267403.165898188,267463.165898188,0,230,126.568132069384,0,0
267463.165898188,267523.165898188,0,230,122.308872810124,0,0
267523.165898188,267583.165898188,0,230,118.049613550865,0,0
267583.165898188,267643.165898188,0,230,113.790354291606,0,0
267643.165898188,267703.165898188,0,230,109.531095032347,0,0
267703.165898188,267763.165898188,0,230,105.271835773087,0,0
267763.165898188,267823.165898188,0,230,101.012576513828,0,0
267823.165898188,267883.165898188,0,230,96.7533172545688,0,0
267883.165898188,267931.510472515,0,230,93.3214493239526,0,0
267931.510472515,267991.510472515,650,230,99.3214493239526,0,0
267991.510472515,268051.510472515,650,230,105.321449323953,0,0
268051.510472515,268111.510472515,650,230,111.321449323953,0,0
268111.510472515,268171.510472515,650,230,117.321449323953,0,0
268171.510472515,268231.510472515,650,230,123.321449323953,0,0
268231.510472515,268291.510472515,650,230,129.321449323953,0,0
268291.510472515,268351.510472515,650,230,135.321449323953,0,0
268351.510472515,268411.510472515,650,230,141.321449323953,0,0
268411.510472515,268471.510472515,650,230,147.321449323953,0,0
268471.510472515,268531.510472515,650,230,153.321449323953,0,0
268531.510472515,268591.510472515,650,230,159.321449323953,0,0
268591.510472515,268651.510472515,650,230,165.321449323953,0,0
268651.510472515,268711.510472515,650,230,171.321449323953,0,0
268711.510472515,268771.510472515,650,230,177.321449323953,0,0
268771.510472515,268831.510472515,650,230,183.321449323953,0,0
268831.510472515,268891.510472515,650,230,189.321449323953,0,0
268891.510472515,268951.510472515,650,230,195.321449323953,0,0
268951.510472515,269011.510472515,650,230,201.321449323953,0,0
269011.510472515,269071.510472515,650,230,207.321449323953,0,0
269071.510472515,269131.510472515,650,230,213.321449323953,0,0
269131.510472515,269191.510472515,650,230,219.321449323953,0,0
269191.510472515,269251.510472515,650,230,225.321449323953,0,0
269251.510472515,269311.510472515,650,230,231.321449323953,0,0
269311.510472515,269371.510472515,650,230,237.321449323953,0,0
269371.510472515,269431.510472515,650,230,243.321449323953,0,0
269431.510472515,269491.510472515,650,230,249.321449323953,0,0
269491.510472515,269551.510472515,650,230,255.321449323953,0,0
269551.510472515,269611.510472515,650,230,261.321449323953,0,0
269611.510472515,269671.510472515,650,230,267.321449323953,0,0
269671.510472515,269731.510472515,650,230,273.321449323953,0,0
269731.510472515,269732.662305695,650,230,273.436632641998,0,0
269732.662305695,269732.662879595,650,230,273.436690031929,0,0
269732.662879595,269792.662879595,650,560,274.786690031929,0,1
269792.662879595,269852.662879595,650,560,276.136690031929,0,1
269852.662879595,269912.662879595,650,560,277.486690031929,0,1
269912.662879595,269972.662879595,650,560,278.836690031929,0,1
269972.662879595,270032.662879595,650,560,280.186690031929,0,1
270032.662879595,270092.662879595,650,560,281.536690031929,0,1
270092.662879595,270152.662879595,650,560,282.886690031929,0,1
270152.662879595,270212.662879595,650,560,284.236690031929,0,1
270212.662879595,270272.662879595,650,560,285.586690031929,0,1
270272.662879595,270332.662879595,650,560,286.936690031929,0,1
270332.662879595,270392.662879595,650,560,288.286690031929,0,1
270392.662879595,270452.662879595,650,560,289.636690031929,0,1
270452.662879595,270512.662879595,650,560,290.986690031929,0,1
270512.662879595,270572.662879595,650,560,292.336690031929,0,1
270572.662879595,270632.662879595,650,560,293.686690031929,0,1
270632.662879595,270692.662879595,650,560,295.036690031929,0,1
270692.662879595,270752.662879595,650,560,296.386690031929,0,1
270752.662879595,270812.662879595,650,560,297.736690031929,0,1
270812.662879595,270872.662879595,650,560,299.086690031929,0,1
270872.662879595,270932.662879595,650,560,300,0,1
270932.662879595,270992.662879595,650,560,300,0,1
270992.662879595,271052.662879595,650,560,300,0,1
271052.662879595,271112.662879595,650,560,300,0,1
271112.662879595,271172.662879595,650,560,300,0,1
271172.662879595,271232.662879595,650,560,300,0,1
271232.662879595,271292.662879595,650,560,300,0,1
271292.662879595,271352.662879595,650,560,300,0,1
271352.662879595,271412.662879595,650,560,300,0,1
271412.662879595,271472.662879595,650,560,300,0,1
271472.662879595,271532.662879595,650,560,300,0,1
271532.662879595,271533.814138876,650,560,300,0,1
271533.814138876,271593.814138876,0,560,289.62962962963,0,1
271593.814138876,271653.814138876,0,560,279.259259259259,0,1
271653.814138876,271713.814138876,0,560,268.888888888889,0,1
271713.814138876,271773.814138876,0,560,258.518518518518,0,1
271773.814138876,271833.814138876,0,560,248.148148148148,0,1
271833.814138876,271893.814138876,0,560,237.777777777778,0,1
271893.814138876,271953.814138876,0,560,227.407407407407,0,1
271953.814138876,272013.814138876,0,560,217.037037037037,0,1
272013.814138876,272073.814138876,0,560,206.666666666667,0,1
272073.814138876,272133.814138876,0,230,202.407407407407,0,0
272133.814138876,272193.814138876,0,230,198.148148148148,0,0
272193.814138876,272253.814138876,0,230,193.888888888889,0,0
272253.814138876,272313.814138876,0,230,189.62962962963,0,0
272313.814138876,272373.814138876,0,230,185.37037037037,0,0
272373.814138876,272433.814138876,0,230,181.111111111111,0,0
272433.814138876,272493.814138876,0,230,176.851851851852,0,0
272493.814138876,272553.814138876,0,230,172.592592592592,0,0
272553.814138876,272602.158713203,0,230,169.160724661976,0,0
272602.158713203,272662.158713203,0,230,164.901465402717,0,0
272662.158713203,272722.158713203,0,230,160.642206143458,0,0
272722.158713203,272782.158713203,0,230,156.382946884199,0,0
272782.158713203,272842.158713203,0,230,152.123687624939,0,0
272842.158713203,272902.158713203,0,230,147.86442836568,0,0
272902.158713203,272962.158713203,0,230,143.605169106421,0,0
272962.158713203,273022.158713203,0,230,139.345909847161,0,0
273022.158713203,273082.158713203,0,230,135.086650587902,0,0
273082.158713203,273142.158713203,0,230,130.827391328643,0,0
273142.158713203,273202.158713203,0,230,126.568132069384,0,0
273202.158713203,273262.158713203,0,230,122.308872810124,0,0
273262.158713203,273322.158713203,0,230,118.049613550865,0,0
273322.158713203,273382.158713203,0,230,113.790354291606,0,0
273382.158713203,273442.158713203,0,230,109.531095032347,0,0
273442.158713203,273502.158713203,0,230,105.271835773087,0,0
273502.158713203,273562.158713203,0,230,101.012576513828,0,0
273562.158713203,273622.158713203,0,230,96.7533172545688,0,0
273622.158713203,273670.50328753,0,230,93.3214493239526,0,0
273670.50328753,273730.50328753,650,230,99.3214493239526,0,0
273730.50328753,273790.50328753,650,230,105.321449323953,0,0
273790.50328753,273850.50328753,650,230,111.321449323953,0,0
273850.50328753,273910.50328753,650,230,117.321449323953,0,0
273910.50328753,273970.50328753,650,230,123.321449323953,0,0
273970.50328753,274030.50328753,650,230,129.321449323953,0,0
274030.50328753,274090.50328753,650,230,135.321449323953,0,0
274090.50328753,274150.50328753,650,230,141.321449323953,0,0
274150.50328753,274210.50328753,650,230,147.321449323953,0,0
274210.50328753,274270.50328753,650,230,153.321449323953,0,0
274270.50328753,274330.50328753,650,230,159.321449323953,0,0
274330.50328753,274390.50328753,650,230,165.321449323953,0,0
274390.50328753,274450.50328753,650,230,171.321449323953,0,0
274450.50328753,274510.50328753,650,230,177.321449323953,0,0
274510.50328753,274570.50328753,650,230,183.321449323953,0,0
274570.50328753,274630.50328753,650,230,189.321449323953,0,0
274630.50328753,274690.50328753,650,230,195.321449323953,0,0
274690.50328753,274750.50328753,650,230,201.321449323953,0,0
274750.50328753,274810.50328753,650,230,207.321449323953,0,0
274810.50328753,274870.50328753,650,230,213.321449323953,0,0
274870.50328753,274930.50328753,650,230,219.321449323953,0,0
274930.50328753,274990.50328753,650,230,225.321449323953,0,0
274990.50328753,275050.50328753,650,230,231.321449323953,0,0
275050.50328753,275110.50328753,650,230,237.321449323953,0,0
275110.50328753,275170.50328753,650,230,243.321449323953,0,0
275170.50328753,275230.50328753,650,230,249.321449323953,0,0
275230.50328753,275290.50328753,650,230,255.321449323953,0,0
275290.50328753,275350.50328753,650,230,261.321449323953,0,0
275350.50328753,275410.50328753,650,230,267.321449323953,0,0
275410.50328753,275470.50328753,650,230,273.321449323953,0,0
275470.50328753,275471.65512071,650,230,273.436632641998,0,0
275471.65512071,275531.65512071,650,560,274.786632641998,0,1
275531.65512071,275591.65512071,650,560,276.136632641998,0,1
275591.65512071,275651.65512071,650,560,277.486632641998,0,1
275651.65512071,275711.65512071,650,560,278.836632641998,0,1
275711.65512071,275771.65512071,650,560,280.186632641998,0,1
275771.65512071,275831.65512071,650,560,281.536632641998,0,1
275831.65512071,275891.65512071,650,560,282.886632641998,0,1
275891.65512071,275951.65512071,650,560,284.236632641998,0,1
275951.65512071,276011.65512071,650,560,285.586632641998,0,1
276011.65512071,276071.65512071,650,560,286.936632641998,0,1
276071.65512071,276131.65512071,650,560,288.286632641998,0,1
276131.65512071,276191.65512071,650,560,289.636632641998,0,1
276191.65512071,276251.65512071,650,560,290.986632641998,0,1
276251.65512071,276311.65512071,650,560,292.336632641998,0,1
276311.65512071,276371.65512071,650,560,293.686632641998,0,1
276371.65512071,276431.65512071,650,560,295.036632641998,0,1
276431.65512071,276491.65512071,650,560,296.386632641998,0,1
276491.65512071,276551.65512071,650,560,297.736632641998,0,1
276551.65512071,276611.65512071,650,560,299.086632641999,0,1
276611.65512071,276671.65512071,650,560,300,0,1
276671.65512071,276731.65512071,650,560,300,0,1
276731.65512071,276791.65512071,650,560,300,0,1
276791.65512071,276851.65512071,650,560,300,0,1
276851.65512071,276911.65512071,650,560,300,0,1
276911.65512071,276971.65512071,650,560,300,0,1
276971.65512071,277031.65512071,650,560,300,0,1
277031.65512071,277091.65512071,650,560,300,0,1
277091.65512071,277151.65512071,650,560,300,0,1
277151.65512071,277211.65512071,650,560,300,0,1
277211.65512071,277271.65512071,650,560,300,0,1
277271.65512071,277272.806953891,650,560,300,0,1
277272.806953891,277332.806953891,0,560,289.62962962963,0,1
277332.806953891,277392.806953891,0,560,279.259259259259,0,1
277392.806953891,277452.806953891,0,560,268.888888888889,0,1
277452.806953891,277512.806953891,0,560,258.518518518518,0,1
277512.806953891,277572.806953891,0,560,248.148148148148,0,1
277572.806953891,277632.806953891,0,560,237.777777777778,0,1
277632.806953891,277692.806953891,0,560,227.407407407407,0,1
277692.806953891,277752.806953891,0,560,217.037037037037,0,1
277752.806953891,277812.806953891,0,560,206.666666666667,0,1
277812.806953891,277872.806953891,0,230,202.407407407407,0,0
277872.806953891,277932.806953891,0,230,198.148148148148,0,0
277932.806953891,277992.806953891,0,230,193.888888888889,0,0
277992.806953891,278052.806953891,0,230,189.62962962963,0,0
278052.806953891,278112.806953891,0,230,185.37037037037,0,0
278112.806953891,278172.806953891,0,230,181.111111111111,0,0
278172.806953891,278232.806953891,0,230,176.851851851852,0,0
278232.806953891,278292.806953891,0,230,172.592592592592,0,0
278292.806953891,278341.151528218,0,230,169.160724661976,0,0
278341.151528218,278401.151528218,0,230,164.901465402717,0,0
278401.151528218,278461.151528218,0,230,160.642206143458,0,0
278461.151528218,278521.151528218,0,230,156.382946884199,0,0
278521.151528218,278581.151528218,0,230,152.123687624939,0,0
278581.151528218,278641.151528218,0,230,147.86442836568,0,0
278641.151528218,278701.151528218,0,230,143.605169106421,0,0
278701.151528218,278761.151528218,0,230,139.345909847161,0,0
278761.151528218,278821.151528218,0,230,135.086650587902,0,0
278821.151528218,278881.151528218,0,230,130.827391328643,0,0
278881.151528218,278941.151528218,0,230,126.568132069384,0,0
278941.151528218,279001.151528218,0,230,122.308872810124,0,0
279001.151528218,279061.151528218,0,230,118.049613550865,0,0
279061.151528218,279121.151528218,0,230,113.790354291606,0,0
279121.151528218,279181.151528218,0,230,109.531095032347,0,0
279181.151528218,279241.151528218,0,230,105.271835773087,0,0
279241.151528218,279301.151528218,0,230,101.012576513828,0,0
279301.151528218,279361.151528218,0,230,96.7533172545688,0,0
279361.151528218,279409.496102545,0,230,93.3214493239526,0,0
279409.496102545,279469.496102545,650,230,99.3214493239526,0,0
279469.496102545,279529.496102545,650,230,105.321449323953,0,0
279529.496102545,279589.496102545,650,230,111.321449323953,0,0
279589.496102545,279649.496102545,650,230,117.321449323953,0,0
279649.496102545,279709.496102545,650,230,123.321449323953,0,0
279709.496102545,279769.496102545,650,230,129.321449323953,0,0
279769.496102545,279829.496102545,650,230,135.321449323953,0,0
279829.496102545,279889.496102545,650,230,141.321449323953,0,0
279889.496102545,279949.496102545,650,230,147.321449323953,0,0
279949.496102545,280009.496102545,650,230,153.321449323953,0,0
280009.496102545,280069.496102545,650,230,159.321449323953,0,0
280069.496102545,280129.496102545,650,230,165.321449323953,0,0
280129.496102545,280189.496102545,650,230,171.321449323953,0,0
280189.496102545,280249.496102545,650,230,177.321449323953,0,0
280249.496102545,280309.496102545,650,230,183.321449323953,0,0
280309.496102545,280369.496102545,650,230,189.321449323953,0,0
280369.496102545,280429.496102545,650,230,195.321449323953,0,0
280429.496102545,280489.496102545,650,230,201.321449323953,0,0
280489.496102545,280549.496102545,650,230,207.321449323953,0,0
280549.496102545,280609.496102545,650,230,213.321449323953,0,0
280609.496102545,280669.496102545,650,230,219.321449323953,0,0
280669.496102545,280729.496102545,650,230,225.321449323953,0,0
280729.496102545,280789.496102545,650,230,231.321449323953,0,0
280789.496102545,280849.496102545,650,230,237.321449323953,0,0
280849.496102545,280909.496102545,650,230,243.321449323953,0,0
280909.496102545,280969.496102545,650,230,249.321449323953,0,0
280969.496102545,281029.496102545,650,230,255.321449323953,0,0
281029.496102545,281089.496102545,650,230,261.321449323953,0,0
281089.496102545,281149.496102545,650,230,267.321449323953,0,0
281149.496102545,281209.496102545,650,230,273.321449323953,0,0
281209.496102545,281210.647935725,650,230,273.436632641998,0,0
281210.647935725,281270.647935725,650,560,274.786632641998,0,1
281270.647935725,281330.647935725,650,560,276.136632641998,0,1
281330.647935725,281390.647935725,650,560,277.486632641998,0,1
281390.647935725,281450.647935725,650,560,278.836632641998,0,1
281450.647935725,281510.647935725,650,560,280.186632641998,0,1
281510.647935725,281570.647935725,650,560,281.536632641998,0,1
281570.647935725,281630.647935725,650,560,282.886632641998,0,1
281630.647935725,281690.647935725,650,560,284.236632641998,0,1
281690.647935725,281750.647935725,650,560,285.586632641998,0,1
281750.647935725,281810.647935725,650,560,286.936632641998,0,1
281810.647935725,281870.647935725,650,560,288.286632641998,0,1
281870.647935725,281930.647935725,650,560,289.636632641998,0,1
281930.647935725,281990.647935725,650,560,290.986632641998,0,1
281990.647935725,282050.647935725,650,560,292.336632641998,0,1
282050.647935725,282110.647935725,650,560,293.686632641998,0,1
282110.647935725,282170.647935725,650,560,295.036632641998,0,1
282170.647935725,282230.647935725,650,560,296.386632641998,0,1
282230.647935725,282290.647935725,650,560,297.736632641998,0,1
282290.647935725,282350.647935725,650,560,299.086632641999,0,1
282350.647935725,282410.647935725,650,560,300,0,1
282410.647935725,282470.647935725,650,560,300,0,1
282470.647935725,282530.647935725,650,560,300,0,1
282530.647935725,282590.647935725,650,560,300,0,1
282590.647935725,282650.647935725,650,560,300,0,1
282650.647935725,282710.647935725,650,560,300,0,1
282710.647935725,282770.647935725,650,560,300,0,1
282770.647935725,282830.647935725,650,560,300,0,1
282830.647935725,282890.647935725,650,560,300,0,1
282890.647935725,282950.647935725,650,560,300,0,1
282950.647935725,283010.647935725,650,560,300,0,1
283010.647935725,283011.799768906,650,560,300,0,1
283011.799768906,283071.799768906,0,560,289.62962962963,0,1
283071.799768906,283131.799768906,0,560,279.259259259259,0,1
283131.799768906,283191.799768906,0,560,268.888888888889,0,1
283191.799768906,283251.799768906,0,560,258.518518518518,0,1
283251.799768906,283311.799768906,0,560,248.148148148148,0,1
283311.799768906,283371.799768906,0,560,237.777777777778,0,1
283371.799768906,283431.799768906,0,560,227.407407407407,0,1
283431.799768906,283491.799768906,0,560,217.037037037037,0,1
283491.799768906,283551.799768906,0,560,206.666666666667,0,1
283551.799768906,283611.799768906,0,230,202.407407407407,0,0
283611.799768906,283671.799768906,0,230,198.148148148148,0,0
283671.799768906,283731.799768906,0,230,193.888888888889,0,0
283731.799768906,283791.799768906,0,230,189.62962962963,0,0
283791.799768906,283851.799768906,0,230,185.37037037037,0,0
283851.799768906,283911.799768906,0,230,181.111111111111,0,0
283911.799768906,283971.799768906,0,230,176.851851851852,0,0
283971.799768906,284031.799768906,0,230,172.592592592592,0,0
284031.799768906,284080.144343233,0,230,169.160724661976,0,0
284080.144343233,284140.144343233,0,230,164.901465402717,0,0
284140.144343233,284200.144343233,0,230,160.642206143458,0,0
284200.144343233,284260.144343233,0,230,156.382946884199,0,0
284260.144343233,284320.144343233,0,230,152.123687624939,0,0
284320.144343233,284380.144343233,0,230,147.86442836568,0,0
284380.144343233,284440.144343233,0,230,143.605169106421,0,0
284440.144343233,284500.144343233,0,230,139.345909847161,0,0
284500.144343233,284560.144343233,0,230,135.086650587902,0,0
284560.144343233,284620.144343233,0,230,130.827391328643,0,0
284620.144343233,284680.144343233,0,230,126.568132069384,0,0
284680.144343233,284740.144343233,0,230,122.308872810124,0,0
284740.144343233,284800.144343233,0,230,118.049613550865,0,0
284800.144343233,284860.144343233,0,230,113.790354291606,0,0
284860.144343233,284920.144343233,0,230,109.531095032347,0,0
284920.144343233,284980.144343233,0,230,105.271835773087,0,0
284980.144343233,285040.144343233,0,230,101.012576513828,0,0
285040.144343233,285100.144343233,0,230,96.7533172545688,0,0
285100.144343233,285148.488917559,0,230,93.3214493239526,0,0
285148.488917559,285208.488917559,650,230,99.3214493239526,0,0
285208.488917559,285268.488917559,650,230,105.321449323953,0,0
285268.488917559,285328.488917559,650,230,111.321449323953,0,0
285328.488917559,285388.488917559,650,230,117.321449323953,0,0
285388.488917559,285448.488917559,650,230,123.321449323953,0,0
285448.488917559,285508.488917559,650,230,129.321449323953,0,0
285508.488917559,285568.488917559,650,230,135.321449323953,0,0
285568.488917559,285628.488917559,650,230,141.321449323953,0,0
285628.488917559,285688.488917559,650,230,147.321449323953,0,0
285688.488917559,285748.488917559,650,230,153.321449323953,0,0
285748.488917559,285808.488917559,650,230,159.321449323953,0,0
285808.488917559,285868.488917559,650,230,165.321449323953,0,0
285868.488917559,285928.488917559,650,230,171.321449323953,0,0
285928.488917559,285988.488917559,650,230,177.321449323953,0,0
285988.488917559,286048.488917559,650,230,183.321449323953,0,0
286048.488917559,286108.488917559,650,230,189.321449323953,0,0
286108.488917559,286168.488917559,650,230,195.321449323953,0,0
286168.488917559,286228.488917559,650,230,201.321449323953,0,0
286228.488917559,286288.488917559,650,230,207.321449323953,0,0
286288.488917559,286348.488917559,650,230,213.321449323953,0,0
286348.488917559,286408.488917559,650,230,219.321449323953,0,0
286408.488917559,286468.488917559,650,230,225.321449323953,0,0
286468.488917559,286528.488917559,650,230,231.321449323953,0,0
286528.488917559,286588.488917559,650,230,237.321449323953,0,0
286588.488917559,286648.488917559,650,230,243.321449323953,0,0
286648.488917559,286708.488917559,650,230,249.321449323953,0,0
286708.488917559,286768.488917559,650,230,255.321449323953,0,0
286768.488917559,286828.488917559,650,230,261.321449323953,0,0
286828.488917559,286888.488917559,650,230,267.321449323953,0,0
286888.488917559,286948.488917559,650,230,273.321449323953,0,0
286948.488917559,286949.64075074,650,230,273.436632641998,0,0
286949.64075074,287009.64075074,650,560,274.786632641998,0,1
287009.64075074,287069.64075074,650,560,276.136632641998,0,1
287069.64075074,287129.64075074,650,560,277.486632641998,0,1
287129.64075074,287189.64075074,650,560,278.836632641998,0,1
287189.64075074,287249.64075074,650,560,280.186632641998,0,1
287249.64075074,287309.64075074,650,560,281.536632641998,0,1
287309.64075074,287369.64075074,650,560,282.886632641998,0,1
287369.64075074,287429.64075074,650,560,284.236632641998,0,1
287429.64075074,287489.64075074,650,560,285.586632641998,0,1
287489.64075074,287549.64075074,650,560,286.936632641998,0,1
287549.64075074,287609.64075074,650,560,288.286632641998,0,1
287609.64075074,287669.64075074,650,560,289.636632641998,0,1
287669.64075074,287729.64075074,650,560,290.986632641998,0,1
287729.64075074,287789.64075074,650,560,292.336632641998,0,1
287789.64075074,287849.64075074,650,560,293.686632641998,0,1
287849.64075074,287909.64075074,650,560,295.036632641998,0,1
287909.64075074,287969.64075074,650,560,296.386632641998,0,1
287969.64075074,288029.64075074,650,560,297.736632641998,0,1
288029.64075074,288089.64075074,650,560,299.086632641999,0,1
288089.64075074,288149.64075074,650,560,300,0,1
288149.64075074,288209.64075074,650,560,300,0,1
288209.64075074,288269.64075074,650,560,300,0,1
288269.64075074,288329.64075074,650,560,300,0,1
288329.64075074,288389.64075074,650,560,300,0,1
288389.64075074,288449.64075074,650,560,300,0,1
288449.64075074,288509.64075074,650,560,300,0,1
288509.64075074,288569.64075074,650,560,300,0,1
288569.64075074,288629.64075074,650,560,300,0,1
288629.64075074,288689.64075074,650,560,300,0,1
288689.64075074,288749.64075074,650,560,300,0,1
288749.64075074,288750.79258392,650,560,300,0,1
288750.79258392,288810.79258392,0,560,289.62962962963,0,1
288810.79258392,288870.79258392,0,560,279.259259259259,0,1
288870.79258392,288930.79258392,0,560,268.888888888889,0,1
288930.79258392,288990.79258392,0,560,258.518518518518,0,1
288990.79258392,289050.79258392,0,560,248.148148148148,0,1
289050.79258392,289110.79258392,0,560,237.777777777778,0,1
289110.79258392,289170.79258392,0,560,227.407407407407,0,1
289170.79258392,289230.79258392,0,560,217.037037037037,0,1
289230.79258392,289290.79258392,0,560,206.666666666667,0,1
289290.79258392,289350.79258392,0,230,202.407407407407,0,0
289350.79258392,289410.79258392,0,230,198.148148148148,0,0
289410.79258392,289470.79258392,0,230,193.888888888889,0,0
289470.79258392,289530.79258392,0,230,189.62962962963,0,0
289530.79258392,289590.79258392,0,230,185.37037037037,0,0
289590.79258392,289650.79258392,0,230,181.111111111111,0,0
289650.79258392,289710.79258392,0,230,176.851851851852,0,0
289710.79258392,289770.79258392,0,230,172.592592592592,0,0
289770.79258392,289819.137158247,0,230,169.160724661976,0,0
289819.137158247,289879.137158247,0,230,164.901465402717,0,0
289879.137158247,289939.137158247,0,230,160.642206143458,0,0
289939.137158247,289999.137158247,0,230,156.382946884199,0,0
289999.137158247,290059.137158247,0,230,152.123687624939,0,0
290059.137158247,290119.137158247,0,230,147.86442836568,0,0
290119.137158247,290179.137158247,0,230,143.605169106421,0,0
290179.137158247,290239.137158247,0,230,139.345909847161,0,0
290239.137158247,290299.137158247,0,230,135.086650587902,0,0
290299.137158247,290359.137158247,0,230,130.827391328643,0,0
290359.137158247,290419.137158247,0,230,126.568132069384,0,0
290419.137158247,290479.137158247,0,230,122.308872810124,0,0
290479.137158247,290539.137158247,0,230,118.049613550865,0,0
290539.137158247,290599.137158247,0,230,113.790354291606,0,0
290599.137158247,290659.137158247,0,230,109.531095032347,0,0
290659.137158247,290719.137158247,0,230,105.271835773087,0,0
290719.137158247,290779.137158247,0,230,101.012576513828,0,0
290779.137158247,290839.137158247,0,230,96.7533172545688,0,0
290839.137158247,290887.481732574,0,230,93.3214493239526,0,0
290887.481732574,290947.481732574,650,230,99.3214493239526,0,0
290947.481732574,291007.481732574,650,230,105.321449323953,0,0
291007.481732574,291067.481732574,650,230,111.321449323953,0,0
291067.481732574,291127.481732574,650,230,117.321449323953,0,0
291127.481732574,291187.481732574,650,230,123.321449323953,0,0
291187.481732574,291247.481732574,650,230,129.321449323953,0,0
291247.481732574,291307.481732574,650,230,135.321449323953,0,0
291307.481732574,291367.481732574,650,230,141.321449323953,0,0
291367.481732574,291427.481732574,650,230,147.321449323953,0,0
291427.481732574,291487.481732574,650,230,153.321449323953,0,0
291487.481732574,291547.481732574,650,230,159.321449323953,0,0
291547.481732574,291607.481732574,650,230,165.321449323953,0,0
291607.481732574,291667.481732574,650,230,171.321449323953,0,0
291667.481732574,291727.481732574,650,230,177.321449323953,0,0
291727.481732574,291787.481732574,650,230,183.321449323953,0,0
291787.481732574,291847.481732574,650,230,189.321449323953,0,0
291847.481732574,291907.481732574,650,230,195.321449323953,0,0
291907.481732574,291967.481732574,650,230,201.321449323953,0,0
291967.481732574,292027.481732574,650,230,207.321449323953,0,0
292027.481732574,292087.481732574,650,230,213.321449323953,0,0
292087.481732574,292147.481732574,650,230,219.321449323953,0,0
292147.481732574,292207.481732574,650,230,225.321449323953,0,0
292207.481732574,292267.481732574,650,230,231.321449323953,0,0
292267.481732574,292327.481732574,650,230,237.321449323953,0,0
292327.481732574,292387.481732574,650,230,243.321449323953,0,0
292387.481732574,292447.481732574,650,230,249.321449323953,0,0
292447.481732574,292507.481732574,650,230,255.321449323953,0,0
292507.481732574,292567.481732574,650,230,261.321449323953,0,0
292567.481732574,292627.481732574,650,230,267.321449323953,0,0
292627.481732574,292687.481732574,650,230,273.321449323953,0,0
292687.481732574,292688.633565755,650,230,273.436632641998,0,0
292688.633565755,292748.633565755,650,560,274.786632641998,0,1
292748.633565755,292808.633565755,650,560,276.136632641998,0,1
292808.633565755,292868.633565755,650,560,277.486632641998,0,1
292868.633565755,292928.633565755,650,560,278.836632641998,0,1
292928.633565755,292988.633565755,650,560,280.186632641998,0,1
292988.633565755,293048.633565755,650,560,281.536632641998,0,1
293048.633565755,293108.633565755,650,560,282.886632641998,0,1
293108.633565755,293168.633565755,650,560,284.236632641998,0,1
293168.633565755,293228.633565755,650,560,285.586632641998,0,1
293228.633565755,293288.633565755,650,560,286.936632641998,0,1
293288.633565755,293348.633565755,650,560,288.286632641998,0,1
293348.633565755,293408.633565755,650,560,289.636632641998,0,1
293408.633565755,293468.633565755,650,560,290.986632641998,0,1
293468.633565755,293528.633565755,650,560,292.336632641998,0,1
293528.633565755,293588.633565755,650,560,293.686632641998,0,1
293588.633565755,293648.633565755,650,560,295.036632641998,0,1
293648.633565755,293708.633565755,650,560,296.386632641998,0,1
293708.633565755,293768.633565755,650,560,297.736632641998,0,1
293768.633565755,293828.633565755,650,560,299.086632641999,0,1
293828.633565755,293888.633565755,650,560,300,0,1
293888.633565755,293948.633565755,650,560,300,0,1
293948.633565755,294008.633565755,650,560,300,0,1
294008.633565755,294068.633565755,650,560,300,0,1
294068.633565755,294128.633565755,650,560,300,0,1
294128.633565755,294188.633565755,650,560,300,0,1
294188.633565755,294248.633565755,650,560,300,0,1
294248.633565755,294308.633565755,650,560,300,0,1
294308.633565755,294368.633565755,650,560,300,0,1
294368.633565755,294428.633565755,650,560,300,0,1
294428.633565755,294488.633565755,650,560,300,0,1
294488.633565755,294489.785398935,650,560,300,0,1
294489.785398935,294549.785398935,0,560,289.62962962963,0,1
294549.785398935,294609.785398935,0,560,279.259259259259,0,1
294609.785398935,294669.785398935,0,560,268.888888888889,0,1
294669.785398935,294729.785398935,0,560,258.518518518518,0,1
294729.785398935,294789.785398935,0,560,248.148148148148,0,1
294789.785398935,294849.785398935,0,560,237.777777777778,0,1
294849.785398935,294909.785398935,0,560,227.407407407407,0,1
294909.785398935,294969.785398935,0,560,217.037037037037,0,1
294969.785398935,295029.785398935,0,560,206.666666666667,0,1
295029.785398935,295089.785398935,0,230,202.407407407407,0,0
295089.785398935,295149.785398935,0,230,198.148148148148,0,0
295149.785398935,295209.785398935,0,230,193.888888888889,0,0
295209.785398935,295269.785398935,0,230,189.62962962963,0,0
295269.785398935,295329.785398935,0,230,185.37037037037,0,0
295329.785398935,295389.785398935,0,230,181.111111111111,0,0
295389.785398935,295449.785398935,0,230,176.851851851852,0,0
295449.785398935,295509.785398935,0,230,172.592592592592,0,0
295509.785398935,295558.129973262,0,230,169.160724661976,0,0
295558.129973262,295618.129973262,0,230,164.901465402717,0,0
295618.129973262,295678.129973262,0,230,160.642206143458,0,0
295678.129973262,295738.129973262,0,230,156.382946884199,0,0
295738.129973262,295798.129973262,0,230,152.123687624939,0,0
295798.129973262,295858.129973262,0,230,147.86442836568,0,0
295858.129973262,295918.129973262,0,230,143.605169106421,0,0
295918.129973262,295978.129973262,0,230,139.345909847161,0,0
295978.129973262,296038.129973262,0,230,135.086650587902,0,0
296038.129973262,296098.129973262,0,230,130.827391328643,0,0
296098.129973262,296158.129973262,0,230,126.568132069384,0,0
296158.129973262,296218.129973262,0,230,122.308872810124,0,0
296218.129973262,296278.129973262,0,230,118.049613550865,0,0
296278.129973262,296338.129973262,0,230,113.790354291606,0,0
296338.129973262,296398.129973262,0,230,109.531095032347,0,0
296398.129973262,296458.129973262,0,230,105.271835773087,0,0
296458.129973262,296518.129973262,0,230,101.012576513828,0,0
296518.129973262,296578.129973262,0,230,96.7533172545688,0,0
296578.129973262,296626.474547589,0,230,93.3214493239526,0,0
296626.474547589,296686.474547589,650,230,99.3214493239526,0,0
296686.474547589,296746.474547589,650,230,105.321449323953,0,0
296746.474547589,296806.474547589,650,230,111.321449323953,0,0
296806.474547589,296866.474547589,650,230,117.321449323953,0,0
296866.474547589,296926.474547589,650,230,123.321449323953,0,0
296926.474547589,296986.474547589,650,230,129.321449323953,0,0
296986.474547589,297046.474547589,650,230,135.321449323953,0,0
297046.474547589,297106.474547589,650,230,141.321449323953,0,0
297106.474547589,297166.474547589,650,230,147.321449323953,0,0
297166.474547589,297226.474547589,650,230,153.321449323953,0,0
297226.474547589,297286.474547589,650,230,159.321449323953,0,0
297286.474547589,297346.474547589,650,230,165.321449323953,0,0
297346.474547589,297406.474547589,650,230,171.321449323953,0,0
297406.474547589,297466.474547589,650,230,177.321449323953,0,0
297466.474547589,297526.474547589,650,230,183.321449323953,0,0
297526.474547589,297586.474547589,650,230,189.321449323953,0,0
297586.474547589,297646.474547589,650,230,195.321449323953,0,0
297646.474547589,297706.474547589,650,230,201.321449323953,0,0
297706.474547589,297766.474547589,650,230,207.321449323953,0,0
297766.474547589,297826.474547589,650,230,213.321449323953,0,0
297826.474547589,297886.474547589,650,230,219.321449323953,0,0
297886.474547589,297946.474547589,650,230,225.321449323953,0,0
297946.474547589,298006.474547589,650,230,231.321449323953,0,0
298006.474547589,298066.474547589,650,230,237.321449323953,0,0
298066.474547589,298126.474547589,650,230,243.321449323953,0,0
298126.474547589,298186.474547589,650,230,249.321449323953,0,0
298186.474547589,298246.474547589,650,230,255.321449323953,0,0
298246.474547589,298306.474547589,650,230,261.321449323953,0,0
298306.474547589,298366.474547589,650,230,267.321449323953,0,0
298366.474547589,298426.474547589,650,230,273.321449323953,0,0
298426.474547589,298427.626380769,650,230,273.436632641998,0,0
298427.626380769,298487.626380769,650,560,274.786632641998,0,1
298487.626380769,298547.626380769,650,560,276.136632641998,0,1
298547.626380769,298607.626380769,650,560,277.486632641998,0,1
298607.626380769,298667.626380769,650,560,278.836632641998,0,1
298667.626380769,298727.626380769,650,560,280.186632641998,0,1
298727.626380769,298787.626380769,650,560,281.536632641998,0,1
298787.626380769,298847.626380769,650,560,282.886632641998,0,1
298847.626380769,298907.626380769,650,560,284.236632641998,0,1
298907.626380769,298967.626380769,650,560,285.586632641998,0,1
298967.626380769,299027.626380769,650,560,286.936632641998,0,1
299027.626380769,299087.626380769,650,560,288.286632641998,0,1
299087.626380769,299147.626380769,650,560,289.636632641998,0,1
299147.626380769,299207.626380769,650,560,290.986632641998,0,1
299207.626380769,299267.626380769,650,560,292.336632641998,0,1
299267.626380769,299327.626380769,650,560,293.686632641998,0,1
299327.626380769,299387.626380769,650,560,295.036632641998,0,1
299387.626380769,299447.626380769,650,560,296.386632641998,0,1
299447.626380769,299507.626380769,650,560,297.736632641998,0,1
299507.626380769,299567.626380769,650,560,299.086632641999,0,1
299567.626380769,299627.626380769,650,560,300,0,1
299627.626380769,299687.626380769,650,560,300,0,1
299687.626380769,299747.626380769,650,560,300,0,1
299747.626380769,299807.626380769,650,560,300,0,1
299807.626380769,299867.626380769,650,560,300,0,1
299867.626380769,299927.626380769,650,560,300,0,1
299927.626380769,299987.626380769,650,560,300,0,1
299987.626380769,300047.626380769,650,560,300,0,1
300047.626380769,300107.626380769,650,560,300,0,1
300107.626380769,300167.626380769,650,560,300,0,1
300167.626380769,300227.626380769,650,560,300,0,1
300227.626380769,300228.77821395,650,560,300,0,1
300228.77821395,300288.77821395,0,560,289.62962962963,0,1
300288.77821395,300348.77821395,0,560,279.259259259259,0,1
300348.77821395,300408.77821395,0,560,268.888888888889,0,1
300408.77821395,300468.77821395,0,560,258.518518518518,0,1
300468.77821395,300528.77821395,0,560,248.148148148148,0,1
300528.77821395,300588.77821395,0,560,237.777777777778,0,1
300588.77821395,300648.77821395,0,560,227.407407407407,0,1
300648.77821395,300708.77821395,0,560,217.037037037037,0,1
300708.77821395,300768.77821395,0,560,206.666666666667,0,1
300768.77821395,300828.77821395,0,230,202.407407407407,0,0
300828.77821395,300888.77821395,0,230,198.148148148148,0,0
300888.77821395,300948.77821395,0,230,193.888888888889,0,0
300948.77821395,301008.77821395,0,230,189.62962962963,0,0
301008.77821395,301068.77821395,0,230,185.37037037037,0,0
301068.77821395,301128.77821395,0,230,181.111111111111,0,0
301128.77821395,301188.77821395,0,230,176.851851851852,0,0
301188.77821395,301248.77821395,0,230,172.592592592592,0,0
301248.77821395,301297.122788277,0,230,169.160724661976,0,0
301297.122788277,301357.122788277,0,230,164.901465402717,0,0
301357.122788277,301417.122788277,0,230,160.642206143458,0,0
301417.122788277,301477.122788277,0,230,156.382946884199,0,0
301477.122788277,301537.122788277,0,230,152.123687624939,0,0
301537.122788277,301597.122788277,0,230,147.86442836568,0,0
301597.122788277,301657.122788277,0,230,143.605169106421,0,0
301657.122788277,301717.122788277,0,230,139.345909847161,0,0
301717.122788277,301777.122788277,0,230,135.086650587902,0,0
301777.122788277,301837.122788277,0,230,130.827391328643,0,0
301837.122788277,301897.122788277,0,230,126.568132069384,0,0
301897.122788277,301957.122788277,0,230,122.308872810124,0,0
301957.122788277,302017.122788277,0,230,118.049613550865,0,0
302017.122788277,302077.122788277,0,230,113.790354291606,0,0
302077.122788277,302137.122788277,0,230,109.531095032347,0,0
302137.122788277,302197.122788277,0,230,105.271835773087,0,0
302197.122788277,302257.122788277,0,230,101.012576513828,0,0
302257.122788277,302317.122788277,0,230,96.7533172545688,0,0
302317.122788277,302365.467362604,0,230,93.3214493239526,0,0
302365.467362604,302425.467362604,650,230,99.3214493239526,0,0
302425.467362604,302485.467362604,650,230,105.321449323953,0,0
302485.467362604,302545.467362604,650,230,111.321449323953,0,0
302545.467362604,302605.467362604,650,230,117.321449323953,0,0
302605.467362604,302665.467362604,650,230,123.321449323953,0,0
302665.467362604,302725.467362604,650,230,129.321449323953,0,0
302725.467362604,302785.467362604,650,230,135.321449323953,0,0
302785.467362604,302845.467362604,650,230,141.321449323953,0,0
302845.467362604,302905.467362604,650,230,147.321449323953,0,0
302905.467362604,302965.467362604,650,230,153.321449323953,0,0
302965.467362604,303025.467362604,650,230,159.321449323953,0,0
303025.467362604,303085.467362604,650,230,165.321449323953,0,0
303085.467362604,303145.467362604,650,230,171.321449323953,0,0
303145.467362604,303205.467362604,650,230,177.321449323953,0,0
303205.467362604,303265.467362604,650,230,183.321449323953,0,0
303265.467362604,303325.467362604,650,230,189.321449323953,0,0
303325.467362604,303385.467362604,650,230,195.321449323953,0,0
303385.467362604,303445.467362604,650,230,201.321449323953,0,0
303445.467362604,303505.467362604,650,230,207.321449323953,0,0
303505.467362604,303565.467362604,650,230,213.321449323953,0,0
303565.467362604,303625.467362604,650,230,219.321449323953,0,0
303625.467362604,303685.467362604,650,230,225.321449323953,0,0
303685.467362604,303745.467362604,650,230,231.321449323953,0,0
303745.467362604,303805.467362604,650,230,237.321449323953,0,0
303805.467362604,303865.467362604,650,230,243.321449323953,0,0
303865.467362604,303925.467362604,650,230,249.321449323953,0,0
303925.467362604,303985.467362604,650,230,255.321449323953,0,0
303985.467362604,304045.467362604,650,230,261.321449323953,0,0
304045.467362604,304105.467362604,650,230,267.321449323953,0,0
304105.467362604,304165.467362604,650,230,273.321449323953,0,0
304165.467362604,304166.619195784,650,230,273.436632641998,0,0
304166.619195784,304166.619196358,650,230,273.436632699391,0,0
304166.619196358,304226.619196358,650,560,274.786632699391,0,1
304226.619196358,304286.619196358,650,560,276.136632699391,0,1
304286.619196358,304346.619196358,650,560,277.486632699391,0,1
304346.619196358,304406.619196358,650,560,278.836632699391,0,1
304406.619196358,304466.619196358,650,560,280.186632699391,0,1
304466.619196358,304526.619196358,650,560,281.536632699391,0,1
304526.619196358,304586.619196358,650,560,282.886632699391,0,1
304586.619196358,304646.619196358,650,560,284.236632699391,0,1
304646.619196358,304706.619196358,650,560,285.586632699391,0,1
304706.619196358,304766.619196358,650,560,286.936632699391,0,1
304766.619196358,304826.619196358,650,560,288.286632699391,0,1
304826.619196358,304886.619196358,650,560,289.636632699391,0,1
304886.619196358,304946.619196358,650,560,290.986632699391,0,1
304946.619196358,305006.619196358,650,560,292.336632699391,0,1
305006.619196358,305066.619196358,650,560,293.686632699391,0,1
305066.619196358,305126.619196358,650,560,295.036632699391,0,1
305126.619196358,305186.619196358,650,560,296.386632699391,0,1
305186.619196358,305246.619196358,650,560,297.736632699391,0,1
305246.619196358,305306.619196358,650,560,299.086632699391,0,1
305306.619196358,305366.619196358,650,560,300,0,1
305366.619196358,305426.619196358,650,560,300,0,1
305426.619196358,305486.619196358,650,560,300,0,1
305486.619196358,305546.619196358,650,560,300,0,1
305546.619196358,305606.619196358,650,560,300,0,1
305606.619196358,305666.619196358,650,560,300,0,1
305666.619196358,305726.619196358,650,560,300,0,1
305726.619196358,305786.619196358,650,560,300,0,1
305786.619196358,305846.619196358,650,560,300,0,1
305846.619196358,305906.619196358,650,560,300,0,1
305906.619196358,305966.619196358,650,560,300,0,1
305966.619196358,305967.771028965,650,560,300,0,1
305967.771028965,306027.771028965,0,560,289.62962962963,0,1
306027.771028965,306087.771028965,0,560,279.259259259259,0,1
306087.771028965,306147.771028965,0,560,268.888888888889,0,1
306147.771028965,306207.771028965,0,560,258.518518518518,0,1
306207.771028965,306267.771028965,0,560,248.148148148148,0,1
306267.771028965,306327.771028965,0,560,237.777777777778,0,1
306327.771028965,306387.771028965,0,560,227.407407407407,0,1
306387.771028965,306447.771028965,0,560,217.037037037037,0,1
306447.771028965,306507.771028965,0,560,206.666666666667,0,1
306507.771028965,306567.771028965,0,230,202.407407407407,0,0
306567.771028965,306627.771028965,0,230,198.148148148148,0,0
306627.771028965,306687.771028965,0,230,193.888888888889,0,0
306687.771028965,306747.771028965,0,230,189.62962962963,0,0
306747.771028965,306807.771028965,0,230,185.37037037037,0,0
306807.771028965,306867.771028965,0,230,181.111111111111,0,0
306867.771028965,306927.771028965,0,230,176.851851851852,0,0
306927.771028965,306987.771028965,0,230,172.592592592592,0,0
306987.771028965,307036.115603292,0,230,169.160724661976,0,0
307036.115603292,307096.115603292,0,230,164.901465402717,0,0
307096.115603292,307156.115603292,0,230,160.642206143458,0,0
307156.115603292,307216.115603292,0,230,156.382946884199,0,0
307216.115603292,307276.115603292,0,230,152.123687624939,0,0
307276.115603292,307336.115603292,0,230,147.86442836568,0,0
307336.115603292,307396.115603292,0,230,143.605169106421,0,0
307396.115603292,307456.115603292,0,230,139.345909847161,0,0
307456.115603292,307516.115603292,0,230,135.086650587902,0,0
307516.115603292,307576.115603292,0,230,130.827391328643,0,0
307576.115603292,307636.115603292,0,230,126.568132069384,0,0
307636.115603292,307696.115603292,0,230,122.308872810124,0,0
307696.115603292,307756.115603292,0,230,118.049613550865,0,0
307756.115603292,307816.115603292,0,230,113.790354291606,0,0
307816.115603292,307876.115603292,0,230,109.531095032347,0,0
307876.115603292,307936.115603292,0,230,105.271835773087,0,0
307936.115603292,307996.115603292,0,230,101.012576513828,0,0
307996.115603292,308056.115603292,0,230,96.7533172545688,0,0
308056.115603292,308104.460177619,0,230,93.3214493239526,0,0
308104.460177619,308164.460177619,650,230,99.3214493239526,0,0
308164.460177619,308224.460177619,650,230,105.321449323953,0,0
308224.460177619,308284.460177619,650,230,111.321449323953,0,0
308284.460177619,308344.460177619,650,230,117.321449323953,0,0
308344.460177619,308404.460177619,650,230,123.321449323953,0,0
308404.460177619,308464.460177619,650,230,129.321449323953,0,0
308464.460177619,308524.460177619,650,230,135.321449323953,0,0
308524.460177619,308584.460177619,650,230,141.321449323953,0,0
308584.460177619,308644.460177619,650,230,147.321449323953,0,0
308644.460177619,308704.460177619,650,230,153.321449323953,0,0
308704.460177619,308764.460177619,650,230,159.321449323953,0,0
308764.460177619,308824.460177619,650,230,165.321449323953,0,0
308824.460177619,308884.460177619,650,230,171.321449323953,0,0
308884.460177619,308944.460177619,650,230,177.321449323953,0,0
308944.460177619,309004.460177619,650,230,183.321449323953,0,0
309004.460177619,309064.460177619,650,230,189.321449323953,0,0
309064.460177619,309124.460177619,650,230,195.321449323953,0,0
309124.460177619,309184.460177619,650,230,201.321449323953,0,0
309184.460177619,309244.460177619,650,230,207.321449323953,0,0
309244.460177619,309304.460177619,650,230,213.321449323953,0,0
309304.460177619,309364.460177619,650,230,219.321449323953,0,0
309364.460177619,309424.460177619,650,230,225.321449323953,0,0
309424.460177619,309484.460177619,650,230,231.321449323953,0,0
309484.460177619,309544.460177619,650,230,237.321449323953,0,0
309544.460177619,309604.460177619,650,230,243.321449323953,0,0
309604.460177619,309664.460177619,650,230,249.321449323953,0,0
309664.460177619,309724.460177619,650,230,255.321449323953,0,0
309724.460177619,309784.460177619,650,230,261.321449323953,0,0
309784.460177619,309844.460177619,650,230,267.321449323953,0,0
309844.460177619,309904.460177619,650,230,273.321449323953,0,0
309904.460177619,309905.612010799,650,230,273.436632641998,0,0
309905.612010799,309905.612584698,650,230,273.436690031929,0,0
309905.612584698,309965.612584698,650,560,274.786690031929,0,1
309965.612584698,310025.612584698,650,560,276.136690031929,0,1
310025.612584698,310085.612584698,650,560,277.486690031929,0,1
310085.612584698,310145.612584698,650,560,278.836690031929,0,1
310145.612584698,310205.612584698,650,560,280.186690031929,0,1
310205.612584698,310265.612584698,650,560,281.536690031929,0,1
310265.612584698,310325.612584698,650,560,282.886690031929,0,1
310325.612584698,310385.612584698,650,560,284.236690031929,0,1
310385.612584698,310445.612584698,650,560,285.586690031929,0,1
310445.612584698,310505.612584698,650,560,286.936690031929,0,1
310505.612584698,310565.612584698,650,560,288.286690031929,0,1
310565.612584698,310625.612584698,650,560,289.636690031929,0,1
310625.612584698,310685.612584698,650,560,290.986690031929,0,1
310685.612584698,310745.612584698,650,560,292.336690031929,0,1
310745.612584698,310805.612584698,650,560,293.686690031929,0,1
310805.612584698,310865.612584698,650,560,295.036690031929,0,1
310865.612584698,310925.612584698,650,560,296.386690031929,0,1
310925.612584698,310985.612584698,650,560,297.736690031929,0,1
310985.612584698,311045.612584698,650,560,299.086690031929,0,1
311045.612584698,311105.612584698,650,560,300,0,1
311105.612584698,311165.612584698,650,560,300,0,1
311165.612584698,311225.612584698,650,560,300,0,1
311225.612584698,311285.612584698,650,560,300,0,1
311285.612584698,311345.612584698,650,560,300,0,1
311345.612584698,311405.612584698,650,560,300,0,1
311405.612584698,311465.612584698,650,560,300,0,1
311465.612584698,311525.612584698,650,560,300,0,1
311525.612584698,311585.612584698,650,560,300,0,1
311585.612584698,311645.612584698,650,560,300,0,1
311645.612584698,311705.612584698,650,560,300,0,1
311705.612584698,311706.76384398,650,560,300,0,1
311706.76384398,311766.76384398,0,560,289.62962962963,0,1
311766.76384398,311826.76384398,0,560,279.259259259259,0,1
311826.76384398,311886.76384398,0,560,268.888888888889,0,1
311886.76384398,311946.76384398,0,560,258.518518518518,0,1
311946.76384398,312006.76384398,0,560,248.148148148148,0,1
312006.76384398,312066.76384398,0,560,237.777777777778,0,1
312066.76384398,312126.76384398,0,560,227.407407407407,0,1
312126.76384398,312186.76384398,0,560,217.037037037037,0,1
312186.76384398,312246.76384398,0,560,206.666666666667,0,1
312246.76384398,312306.76384398,0,230,202.407407407407,0,0
312306.76384398,312366.76384398,0,230,198.148148148148,0,0
312366.76384398,312426.76384398,0,230,193.888888888889,0,0
312426.76384398,312486.76384398,0,230,189.62962962963,0,0
312486.76384398,312546.76384398,0,230,185.37037037037,0,0
312546.76384398,312606.76384398,0,230,181.111111111111,0,0
312606.76384398,312666.76384398,0,230,176.851851851852,0,0
312666.76384398,312726.76384398,0,230,172.592592592592,0,0
312726.76384398,312775.108418307,0,230,169.160724661976,0,0
312775.108418307,312835.108418307,0,230,164.901465402717,0,0
312835.108418307,312895.108418307,0,230,160.642206143458,0,0
312895.108418307,312955.108418307,0,230,156.382946884199,0,0
312955.108418307,313015.108418307,0,230,152.123687624939,0,0
313015.108418307,313075.108418307,0,230,147.86442836568,0,0
313075.108418307,313135.108418307,0,230,143.605169106421,0,0
313135.108418307,313195.108418307,0,230,139.345909847161,0,0
313195.108418307,313255.108418307,0,230,135.086650587902,0,0
313255.108418307,313315.108418307,0,230,130.827391328643,0,0
313315.108418307,313375.108418307,0,230,126.568132069384,0,0
313375.108418307,313435.108418307,0,230,122.308872810124,0,0
313435.108418307,313495.108418307,0,230,118.049613550865,0,0
313495.108418307,313555.108418307,0,230,113.790354291606,0,0
313555.108418307,313615.108418307,0,230,109.531095032347,0,0
313615.108418307,313675.108418307,0,230,105.271835773087,0,0
313675.108418307,313735.108418307,0,230,101.012576513828,0,0
313735.108418307,313795.108418307,0,230,96.7533172545688,0,0
313795.108418307,313843.452992633,0,230,93.3214493239526,0,0
313843.452992633,313903.452992633,650,230,99.3214493239526,0,0
313903.452992633,313963.452992633,650,230,105.321449323953,0,0
313963.452992633,314023.452992633,650,230,111.321449323953,0,0
314023.452992633,314083.452992633,650,230,117.321449323953,0,0
314083.452992633,314143.452992633,650,230,123.321449323953,0,0
314143.452992633,314203.452992633,650,230,129.321449323953,0,0
314203.452992633,314263.452992633,650,230,135.321449323953,0,0
314263.452992633,314323.452992633,650,230,141.321449323953,0,0
314323.452992633,314383.452992633,650,230,147.321449323953,0,0
314383.452992633,314443.452992633,650,230,153.321449323953,0,0
314443.452992633,314503.452992633,650,230,159.321449323953,0,0
314503.452992633,314563.452992633,650,230,165.321449323953,0,0
314563.452992633,314623.452992633,650,230,171.321449323953,0,0
314623.452992633,314683.452992633,650,230,177.321449323953,0,0
314683.452992633,314743.452992633,650,230,183.321449323953,0,0
314743.452992633,314803.452992633,650,230,189.321449323953,0,0
314803.452992633,314863.452992633,650,230,195.321449323953,0,0
314863.452992633,314923.452992633,650,230,201.321449323953,0,0
314923.452992633,314983.452992633,650,230,207.321449323953,0,0
314983.452992633,315043.452992633,650,230,213.321449323953,0,0
315043.452992633,315103.452992633,650,230,219.321449323953,0,0
315103.452992633,315163.452992633,650,230,225.321449323953,0,0
315163.452992633,315223.452992633,650,230,231.321449323953,0,0
315223.452992633,315283.452992633,650,230,237.321449323953,0,0
315283.452992633,315343.452992633,650,230,243.321449323953,0,0
315343.452992633,315403.452992633,650,230,249.321449323953,0,0
315403.452992633,315463.452992633,650,230,255.321449323953,0,0
315463.452992633,315523.452992633,650,230,261.321449323953,0,0
315523.452992633,315583.452992633,650,230,267.321449323953,0,0
315583.452992633,315643.452992633,650,230,273.321449323953,0,0
315643.452992633,315644.604825814,650,230,273.436632641998,0,0
315644.604825814,315704.604825814,650,560,274.786632641998,0,1
315704.604825814,315764.604825814,650,560,276.136632641998,0,1
315764.604825814,315824.604825814,650,560,277.486632641998,0,1
315824.604825814,315884.604825814,650,560,278.836632641998,0,1
315884.604825814,315944.604825814,650,560,280.186632641998,0,1
315944.604825814,316004.604825814,650,560,281.536632641998,0,1
316004.604825814,316064.604825814,650,560,282.886632641998,0,1
316064.604825814,316124.604825814,650,560,284.236632641998,0,1
316124.604825814,316184.604825814,650,560,285.586632641998,0,1
316184.604825814,316244.604825814,650,560,286.936632641998,0,1
316244.604825814,316304.604825814,650,560,288.286632641998,0,1
316304.604825814,316364.604825814,650,560,289.636632641998,0,1
316364.604825814,316424.604825814,650,560,290.986632641998,0,1
316424.604825814,316484.604825814,650,560,292.336632641998,0,1
316484.604825814,316544.604825814,650,560,293.686632641998,0,1
316544.604825814,316604.604825814,650,560,295.036632641998,0,1
316604.604825814,316664.604825814,650,560,296.386632641998,0,1
316664.604825814,316724.604825814,650,560,297.736632641998,0,1
316724.604825814,316784.604825814,650,560,299.086632641999,0,1
316784.604825814,316844.604825814,650,560,300,0,1
316844.604825814,316904.604825814,650,560,300,0,1
316904.604825814,316964.604825814,650,560,300,0,1
316964.604825814,317024.604825814,650,560,300,0,1
317024.604825814,317084.604825814,650,560,300,0,1
317084.604825814,317144.604825814,650,560,300,0,1
317144.604825814,317204.604825814,650,560,300,0,1
317204.604825814,317264.604825814,650,560,300,0,1
317264.604825814,317324.604825814,650,560,300,0,1
317324.604825814,317384.604825814,650,560,300,0,1
317384.604825814,317444.604825814,650,560,300,0,1
317444.604825814,317445.756658994,650,560,300,0,1
317445.756658994,317505.756658994,0,560,289.62962962963,0,1
317505.756658994,317565.756658994,0,560,279.259259259259,0,1
317565.756658994,317625.756658994,0,560,268.888888888889,0,1
317625.756658994,317685.756658994,0,560,258.518518518518,0,1
317685.756658994,317745.756658994,0,560,248.148148148148,0,1
317745.756658994,317805.756658994,0,560,237.777777777778,0,1
317805.756658994,317865.756658994,0,560,227.407407407407,0,1
317865.756658994,317925.756658994,0,560,217.037037037037,0,1
317925.756658994,317985.756658994,0,560,206.666666666667,0,1
317985.756658994,318045.756658994,0,230,202.407407407407,0,0
318045.756658994,318105.756658994,0,230,198.148148148148,0,0
318105.756658994,318165.756658994,0,230,193.888888888889,0,0
318165.756658994,318225.756658994,0,230,189.62962962963,0,0
318225.756658994,318285.756658994,0,230,185.37037037037,0,0
318285.756658994,318345.756658994,0,230,181.111111111111,0,0
318345.756658994,318405.756658994,0,230,176.851851851852,0,0
318405.756658994,318465.756658994,0,230,172.592592592592,0,0
318465.756658994,318514.101233321,0,230,169.160724661976,0,0
318514.101233321,318574.101233321,0,230,164.901465402717,0,0
318574.101233321,318634.101233321,0,230,160.642206143458,0,0
318634.101233321,318694.101233321,0,230,156.382946884199,0,0
318694.101233321,318754.101233321,0,230,152.123687624939,0,0
318754.101233321,318814.101233321,0,230,147.86442836568,0,0
318814.101233321,318874.101233321,0,230,143.605169106421,0,0
318874.101233321,318934.101233321,0,230,139.345909847161,0,0
318934.101233321,318994.101233321,0,230,135.086650587902,0,0
318994.101233321,319054.101233321,0,230,130.827391328643,0,0
319054.101233321,319114.101233321,0,230,126.568132069384,0,0
319114.101233321,319174.101233321,0,230,122.308872810124,0,0
319174.101233321,319234.101233321,0,230,118.049613550865,0,0
319234.101233321,319294.101233321,0,230,113.790354291606,0,0
319294.101233321,319354.101233321,0,230,109.531095032347,0,0
319354.101233321,319414.101233321,0,230,105.271835773087,0,0
319414.101233321,319474.101233321,0,230,101.012576513828,0,0
319474.101233321,319534.101233321,0,230,96.7533172545688,0,0
319534.101233321,319582.445807648,0,230,93.3214493239526,0,0
319582.445807648,319642.445807648,650,230,99.3214493239526,0,0
319642.445807648,319702.445807648,650,230,105.321449323953,0,0
319702.445807648,319762.445807648,650,230,111.321449323953,0,0
319762.445807648,319822.445807648,650,230,117.321449323953,0,0
319822.445807648,319882.445807648,650,230,123.321449323953,0,0
319882.445807648,319942.445807648,650,230,129.321449323953,0,0
319942.445807648,320002.445807648,650,230,135.321449323953,0,0
320002.445807648,320062.445807648,650,230,141.321449323953,0,0
320062.445807648,320122.445807648,650,230,147.321449323953,0,0
320122.445807648,320182.445807648,650,230,153.321449323953,0,0
320182.445807648,320242.445807648,650,230,159.321449323953,0,0
320242.445807648,320302.445807648,650,230,165.321449323953,0,0
320302.445807648,320362.445807648,650,230,171.321449323953,0,0
320362.445807648,320422.445807648,650,230,177.321449323953,0,0
320422.445807648,320482.445807648,650,230,183.321449323953,0,0
320482.445807648,320542.445807648,650,230,189.321449323953,0,0
320542.445807648,320602.445807648,650,230,195.321449323953,0,0
320602.445807648,320662.445807648,650,230,201.321449323953,0,0
320662.445807648,320722.445807648,650,230,207.321449323953,0,0
320722.445807648,320782.445807648,650,230,213.321449323953,0,0
320782.445807648,320842.445807648,650,230,219.321449323953,0,0
320842.445807648,320902.445807648,650,230,225.321449323953,0,0
320902.445807648,320962.445807648,650,230,231.321449323953,0,0
320962.445807648,321022.445807648,650,230,237.321449323953,0,0
321022.445807648,321082.445807648,650,230,243.321449323953,0,0
321082.445807648,321142.445807648,650,230,249.321449323953,0,0
321142.445807648,321202.445807648,650,230,255.321449323953,0,0
321202.445807648,321262.445807648,650,230,261.321449323953,0,0
321262.445807648,321322.445807648,650,230,267.321449323953,0,0
321322.445807648,321382.445807648,650,230,273.321449323953,0,0
321382.445807648,321383.597640829,650,230,273.436632641998,0,0
321383.597640829,321443.597640829,650,560,274.786632641998,0,1
321443.597640829,321503.597640829,650,560,276.136632641998,0,1
321503.597640829,321563.597640829,650,560,277.486632641998,0,1
321563.597640829,321623.597640829,650,560,278.836632641998,0,1
321623.597640829,321683.597640829,650,560,280.186632641998,0,1
321683.597640829,321743.597640829,650,560,281.536632641998,0,1
321743.597640829,321803.597640829,650,560,282.886632641998,0,1
321803.597640829,321863.597640829,650,560,284.236632641998,0,1
321863.597640829,321923.597640829,650,560,285.586632641998,0,1
321923.597640829,321983.597640829,650,560,286.936632641998,0,1
321983.597640829,322043.597640829,650,560,288.286632641998,0,1
322043.597640829,322103.597640829,650,560,289.636632641998,0,1
322103.597640829,322163.597640829,650,560,290.986632641998,0,1
322163.597640829,322223.597640829,650,560,292.336632641998,0,1
322223.597640829,322283.597640829,650,560,293.686632641998,0,1
322283.597640829,322343.597640829,650,560,295.036632641998,0,1
322343.597640829,322403.597640829,650,560,296.386632641998,0,1
322403.597640829,322463.597640829,650,560,297.736632641998,0,1
322463.597640829,322523.597640829,650,560,299.086632641999,0,1
322523.597640829,322583.597640829,650,560,300,0,1
322583.597640829,322643.597640829,650,560,300,0,1
322643.597640829,322703.597640829,650,560,300,0,1
322703.597640829,322763.597640829,650,560,300,0,1
322763.597640829,322823.597640829,650,560,300,0,1
322823.597640829,322883.597640829,650,560,300,0,1
322883.597640829,322943.597640829,650,560,300,0,1
322943.597640829,323003.597640829,650,560,300,0,1
323003.597640829,323063.597640829,650,560,300,0,1
323063.597640829,323123.597640829,650,560,300,0,1
323123.597640829,323183.597640829,650,560,300,0,1
323183.597640829,323184.749474009,650,560,300,0,1
323184.749474009,323244.749474009,0,560,289.62962962963,0,1
323244.749474009,323304.749474009,0,560,279.259259259259,0,1
323304.749474009,323364.749474009,0,560,268.888888888889,0,1
323364.749474009,323424.749474009,0,560,258.518518518518,0,1
323424.749474009,323484.749474009,0,560,248.148148148148,0,1
323484.749474009,323544.749474009,0,560,237.777777777778,0,1
323544.749474009,323604.749474009,0,560,227.407407407407,0,1
323604.749474009,323664.749474009,0,560,217.037037037037,0,1
323664.749474009,323724.749474009,0,560,206.666666666667,0,1
323724.749474009,323784.749474009,0,230,202.407407407407,0,0
323784.749474009,323844.749474009,0,230,198.148148148148,0,0
323844.749474009,323904.749474009,0,230,193.888888888889,0,0
323904.749474009,323964.749474009,0,230,189.62962962963,0,0
323964.749474009,324024.749474009,0,230,185.37037037037,0,0
324024.749474009,324084.749474009,0,230,181.111111111111,0,0
324084.749474009,324144.749474009,0,230,176.851851851852,0,0
324144.749474009,324204.749474009,0,230,172.592592592592,0,0
324204.749474009,324253.094048336,0,230,169.160724661976,0,0
324253.094048336,324313.094048336,0,230,164.901465402717,0,0
324313.094048336,324373.094048336,0,230,160.642206143458,0,0
324373.094048336,324433.094048336,0,230,156.382946884199,0,0
324433.094048336,324493.094048336,0,230,152.123687624939,0,0
324493.094048336,324553.094048336,0,230,147.86442836568,0,0
324553.094048336,324613.094048336,0,230,143.605169106421,0,0
324613.094048336,324673.094048336,0,230,139.345909847161,0,0
324673.094048336,324733.094048336,0,230,135.086650587902,0,0
324733.094048336,324793.094048336,0,230,130.827391328643,0,0
324793.094048336,324853.094048336,0,230,126.568132069384,0,0
324853.094048336,324913.094048336,0,230,122.308872810124,0,0
324913.094048336,324973.094048336,0,230,118.049613550865,0,0
324973.094048336,325033.094048336,0,230,113.790354291606,0,0
325033.094048336,325093.094048336,0,230,109.531095032347,0,0
325093.094048336,325153.094048336,0,230,105.271835773087,0,0
325153.094048336,325213.094048336,0,230,101.012576513828,0,0
325213.094048336,325273.094048336,0,230,96.7533172545688,0,0
325273.094048336,325321.438622663,0,230,93.3214493239526,0,0
325321.438622663,325381.438622663,650,230,99.3214493239526,0,0
325381.438622663,325441.438622663,650,230,105.321449323953,0,0
325441.438622663,325501.438622663,650,230,111.321449323953,0,0
325501.438622663,325561.438622663,650,230,117.321449323953,0,0
325561.438622663,325621.438622663,650,230,123.321449323953,0,0
325621.438622663,325681.438622663,650,230,129.321449323953,0,0
325681.438622663,325741.438622663,650,230,135.321449323953,0,0
325741.438622663,325801.438622663,650,230,141.321449323953,0,0
325801.438622663,325861.438622663,650,230,147.321449323953,0,0
325861.438622663,325921.438622663,650,230,153.321449323953,0,0
325921.438622663,325981.438622663,650,230,159.321449323953,0,0
325981.438622663,326041.438622663,650,230,165.321449323953,0,0
326041.438622663,326101.438622663,650,230,171.321449323953,0,0
326101.438622663,326161.438622663,650,230,177.321449323953,0,0
326161.438622663,326221.438622663,650,230,183.321449323953,0,0
326221.438622663,326281.438622663,650,230,189.321449323953,0,0
326281.438622663,326341.438622663,650,230,195.321449323953,0,0
326341.438622663,326401.438622663,650,230,201.321449323953,0,0
326401.438622663,326461.438622663,650,230,207.321449323953,0,0
326461.438622663,326521.438622663,650,230,213.321449323953,0,0
326521.438622663,326581.438622663,650,230,219.321449323953,0,0
326581.438622663,326641.438622663,650,230,225.321449323953,0,0
326641.438622663,326701.438622663,650,230,231.321449323953,0,0
326701.438622663,326761.438622663,650,230,237.321449323953,0,0
326761.438622663,326821.438622663,650,230,243.321449323953,0,0
326821.438622663,326881.438622663,650,230,249.321449323953,0,0
326881.438622663,326941.438622663,650,230,255.321449323953,0,0
326941.438622663,327001.438622663,650,230,261.321449323953,0,0
327001.438622663,327061.438622663,650,230,267.321449323953,0,0
327061.438622663,327121.438622663,650,230,273.321449323953,0,0
327121.438622663,327122.590455843,650,230,273.436632641998,0,0
327122.590455843,327182.590455843,650,560,274.786632641998,0,1
327182.590455843,327242.590455843,650,560,276.136632641998,0,1
327242.590455843,327302.590455843,650,560,277.486632641998,0,1
327302.590455843,327362.590455843,650,560,278.836632641998,0,1
327362.590455843,327422.590455843,650,560,280.186632641998,0,1
327422.590455843,327482.590455843,650,560,281.536632641998,0,1
327482.590455843,327542.590455843,650,560,282.886632641998,0,1
327542.590455843,327602.590455843,650,560,284.236632641998,0,1
327602.590455843,327662.590455843,650,560,285.586632641998,0,1
327662.590455843,327722.590455843,650,560,286.936632641998,0,1
327722.590455843,327782.590455843,650,560,288.286632641998,0,1
327782.590455843,327842.590455843,650,560,289.636632641998,0,1
327842.590455843,327902.590455843,650,560,290.986632641998,0,1
327902.590455843,327962.590455843,650,560,292.336632641998,0,1
327962.590455843,328022.590455843,650,560,293.686632641998,0,1
328022.590455843,328082.590455843,650,560,295.036632641998,0,1
328082.590455843,328142.590455843,650,560,296.386632641998,0,1
328142.590455843,328202.590455843,650,560,297.736632641998,0,1
328202.590455843,328262.590455843,650,560,299.086632641999,0,1
328262.590455843,328322.590455843,650,560,300,0,1
328322.590455843,328382.590455843,650,560,300,0,1
328382.590455843,328442.590455843,650,560,300,0,1
328442.590455843,328502.590455843,650,560,300,0,1
328502.590455843,328562.590455843,650,560,300,0,1
328562.590455843,328622.590455843,650,560,300,0,1
328622.590455843,328682.590455843,650,560,300,0,1
328682.590455843,328742.590455843,650,560,300,0,1
328742.590455843,328802.590455843,650,560,300,0,1
328802.590455843,328862.590455843,650,560,300,0,1
328862.590455843,328922.590455843,650,560,300,0,1
328922.590455843,328923.742289024,650,560,300,0,1
328923.742289024,328983.742289024,0,560,289.62962962963,0,1
328983.742289024,329043.742289024,0,560,279.259259259259,0,1
329043.742289024,329103.742289024,0,560,268.888888888889,0,1
329103.742289024,329163.742289024,0,560,258.518518518518,0,1
329163.742289024,329223.742289024,0,560,248.148148148148,0,1
329223.742289024,329283.742289024,0,560,237.777777777778,0,1
329283.742289024,329343.742289024,0,560,227.407407407407,0,1
329343.742289024,329403.742289024,0,560,217.037037037037,0,1
329403.742289024,329463.742289024,0,560,206.666666666667,0,1
329463.742289024,329523.742289024,0,230,202.407407407407,0,0
329523.742289024,329583.742289024,0,230,198.148148148148,0,0
329583.742289024,329643.742289024,0,230,193.888888888889,0,0
329643.742289024,329703.742289024,0,230,189.62962962963,0,0
329703.742289024,329763.742289024,0,230,185.37037037037,0,0
329763.742289024,329823.742289024,0,230,181.111111111111,0,0
329823.742289024,329883.742289024,0,230,176.851851851852,0,0
329883.742289024,329943.742289024,0,230,172.592592592592,0,0
329943.742289024,329992.086863351,0,230,169.160724661976,0,0
329992.086863351,330052.086863351,0,230,164.901465402717,0,0
330052.086863351,330112.086863351,0,230,160.642206143458,0,0
330112.086863351,330172.086863351,0,230,156.382946884199,0,0
330172.086863351,330232.086863351,0,230,152.123687624939,0,0
330232.086863351,330292.086863351,0,230,147.86442836568,0,0
330292.086863351,330352.086863351,0,230,143.605169106421,0,0
330352.086863351,330412.086863351,0,230,139.345909847161,0,0
330412.086863351,330472.086863351,0,230,135.086650587902,0,0
330472.086863351,330532.086863351,0,230,130.827391328643,0,0
330532.086863351,330592.086863351,0,230,126.568132069384,0,0
330592.086863351,330652.086863351,0,230,122.308872810124,0,0
330652.086863351,330712.086863351,0,230,118.049613550865,0,0
330712.086863351,330772.086863351,0,230,113.790354291606,0,0
330772.086863351,330832.086863351,0,230,109.531095032347,0,0
330832.086863351,330892.086863351,0,230,105.271835773087,0,0
330892.086863351,330952.086863351,0,230,101.012576513828,0,0
330952.086863351,331012.086863351,0,230,96.7533172545688,0,0
331012.086863351,331060.431437678,0,230,93.3214493239526,0,0
331060.431437678,331120.431437678,650,230,99.3214493239526,0,0
331120.431437678,331180.431437678,650,230,105.321449323953,0,0
331180.431437678,331240.431437678,650,230,111.321449323953,0,0
331240.431437678,331300.431437678,650,230,117.321449323953,0,0
331300.431437678,331360.431437678,650,230,123.321449323953,0,0
331360.431437678,331420.431437678,650,230,129.321449323953,0,0
331420.431437678,331480.431437678,650,230,135.321449323953,0,0
331480.431437678,331540.431437678,650,230,141.321449323953,0,0
331540.431437678,331600.431437678,650,230,147.321449323953,0,0
331600.431437678,331660.431437678,650,230,153.321449323953,0,0
331660.431437678,331720.431437678,650,230,159.321449323953,0,0
331720.431437678,331780.431437678,650,230,165.321449323953,0,0
331780.431437678,331840.431437678,650,230,171.321449323953,0,0
331840.431437678,331900.431437678,650,230,177.321449323953,0,0
331900.431437678,331960.431437678,650,230,183.321449323953,0,0
331960.431437678,332020.431437678,650,230,189.321449323953,0,0
332020.431437678,332080.431437678,650,230,195.321449323953,0,0
332080.431437678,332140.431437678,650,230,201.321449323953,0,0
332140.431437678,332200.431437678,650,230,207.321449323953,0,0
332200.431437678,332260.431437678,650,230,213.321449323953,0,0
332260.431437678,332320.431437678,650,230,219.321449323953,0,0
332320.431437678,332380.431437678,650,230,225.321449323953,0,0
332380.431437678,332440.431437678,650,230,231.321449323953,0,0
332440.431437678,332500.431437678,650,230,237.321449323953,0,0
332500.431437678,332560.431437678,650,230,243.321449323953,0,0
332560.431437678,332620.431437678,650,230,249.321449323953,0,0
332620.431437678,332680.431437678,650,230,255.321449323953,0,0
332680.431437678,332740.431437678,650,230,261.321449323953,0,0
332740.431437678,332800.431437678,650,230,267.321449323953,0,0
332800.431437678,332860.431437678,650,230,273.321449323953,0,0
332860.431437678,332861.583270858,650,230,273.436632641998,0,0
332861.583270858,332921.583270858,650,560,274.786632641998,0,1
332921.583270858,332981.583270858,650,560,276.136632641998,0,1
332981.583270858,333041.583270858,650,560,277.486632641998,0,1
333041.583270858,333101.583270858,650,560,278.836632641998,0,1
333101.583270858,333161.583270858,650,560,280.186632641998,0,1
333161.583270858,333221.583270858,650,560,281.536632641998,0,1
333221.583270858,333281.583270858,650,560,282.886632641998,0,1
333281.583270858,333341.583270858,650,560,284.236632641998,0,1
333341.583270858,333401.583270858,650,560,285.586632641998,0,1
333401.583270858,333461.583270858,650,560,286.936632641998,0,1
333461.583270858,333521.583270858,650,560,288.286632641998,0,1
333521.583270858,333581.583270858,650,560,289.636632641998,0,1
333581.583270858,333641.583270858,650,560,290.986632641998,0,1
333641.583270858,333701.583270858,650,560,292.336632641998,0,1
333701.583270858,333761.583270858,650,560,293.686632641998,0,1
333761.583270858,333821.583270858,650,560,295.036632641998,0,1
333821.583270858,333881.583270858,650,560,296.386632641998,0,1
333881.583270858,333941.583270858,650,560,297.736632641998,0,1
333941.583270858,334001.583270858,650,560,299.086632641999,0,1
334001.583270858,334061.583270858,650,560,300,0,1
334061.583270858,334121.583270858,650,560,300,0,1
334121.583270858,334181.583270858,650,560,300,0,1
334181.583270858,334241.583270858,650,560,300,0,1
334241.583270858,334301.583270858,650,560,300,0,1
334301.583270858,334361.583270858,650,560,300,0,1
334361.583270858,334421.583270858,650,560,300,0,1
334421.583270858,334481.583270858,650,560,300,0,1
334481.583270858,334541.583270858,650,560,300,0,1
334541.583270858,334601.583270858,650,560,300,0,1
334601.583270858,334661.583270858,650,560,300,0,1
334661.583270858,334662.735104039,650,560,300,0,1
334662.735104039,334722.735104039,0,560,289.62962962963,0,1
334722.735104039,334782.735104039,0,560,279.259259259259,0,1
334782.735104039,334842.735104039,0,560,268.888888888889,0,1
334842.735104039,334902.735104039,0,560,258.518518518518,0,1
334902.735104039,334962.735104039,0,560,248.148148148148,0,1
334962.735104039,335022.735104039,0,560,237.777777777778,0,1
335022.735104039,335082.735104039,0,560,227.407407407407,0,1
335082.735104039,335142.735104039,0,560,217.037037037037,0,1
335142.735104039,335202.735104039,0,560,206.666666666667,0,1
335202.735104039,335262.735104039,0,230,202.407407407407,0,0
335262.735104039,335322.735104039,0,230,198.148148148148,0,0
335322.735104039,335382.735104039,0,230,193.888888888889,0,0
335382.735104039,335442.735104039,0,230,189.62962962963,0,0
335442.735104039,335502.735104039,0,230,185.37037037037,0,0
335502.735104039,335562.735104039,0,230,181.111111111111,0,0
335562.735104039,335622.735104039,0,230,176.851851851852,0,0
335622.735104039,335682.735104039,0,230,172.592592592592,0,0
335682.735104039,335731.079678366,0,230,169.160724661976,0,0
335731.079678366,335791.079678366,0,230,164.901465402717,0,0
335791.079678366,335851.079678366,0,230,160.642206143458,0,0
335851.079678366,335911.079678366,0,230,156.382946884199,0,0
335911.079678366,335971.079678366,0,230,152.123687624939,0,0
335971.079678366,336031.079678366,0,230,147.86442836568,0,0
336031.079678366,336091.079678366,0,230,143.605169106421,0,0
336091.079678366,336151.079678366,0,230,139.345909847161,0,0
336151.079678366,336211.079678366,0,230,135.086650587902,0,0
336211.079678366,336271.079678366,0,230,130.827391328643,0,0
336271.079678366,336331.079678366,0,230,126.568132069384,0,0
336331.079678366,336391.079678366,0,230,122.308872810124,0,0
336391.079678366,336451.079678366,0,230,118.049613550865,0,0
336451.079678366,336511.079678366,0,230,113.790354291606,0,0
336511.079678366,336571.079678366,0,230,109.531095032347,0,0
336571.079678366,336631.079678366,0,230,105.271835773087,0,0
336631.079678366,336691.079678366,0,230,101.012576513828,0,0
336691.079678366,336751.079678366,0,230,96.7533172545688,0,0
336751.079678366,336799.424252693,0,230,93.3214493239526,0,0
336799.424252693,336859.424252693,650,230,99.3214493239526,0,0
336859.424252693,336919.424252693,650,230,105.321449323953,0,0
336919.424252693,336979.424252693,650,230,111.321449323953,0,0
336979.424252693,337039.424252693,650,230,117.321449323953,0,0
337039.424252693,337099.424252693,650,230,123.321449323953,0,0
337099.424252693,337159.424252693,650,230,129.321449323953,0,0
337159.424252693,337219.424252693,650,230,135.321449323953,0,0
337219.424252693,337279.424252693,650,230,141.321449323953,0,0
337279.424252693,337339.424252693,650,230,147.321449323953,0,0
337339.424252693,337399.424252693,650,230,153.321449323953,0,0
337399.424252693,337459.424252693,650,230,159.321449323953,0,0
337459.424252693,337519.424252693,650,230,165.321449323953,0,0
337519.424252693,337579.424252693,650,230,171.321449323953,0,0
337579.424252693,337639.424252693,650,230,177.321449323953,0,0
337639.424252693,337699.424252693,650,230,183.321449323953,0,0
337699.424252693,337759.424252693,650,230,189.321449323953,0,0
337759.424252693,337819.424252693,650,230,195.321449323953,0,0
337819.424252693,337879.424252693,650,230,201.321449323953,0,0
337879.424252693,337939.424252693,650,230,207.321449323953,0,0
337939.424252693,337999.424252693,650,230,213.321449323953,0,0
337999.424252693,338059.424252693,650,230,219.321449323953,0,0
338059.424252693,338119.424252693,650,230,225.321449323953,0,0
338119.424252693,338179.424252693,650,230,231.321449323953,0,0
338179.424252693,338239.424252693,650,230,237.321449323953,0,0
338239.424252693,338299.424252693,650,230,243.321449323953,0,0
338299.424252693,338359.424252693,650,230,249.321449323953,0,0
338359.424252693,338419.424252693,650,230,255.321449323953,0,0
338419.424252693,338479.424252693,650,230,261.321449323953,0,0
338479.424252693,338539.424252693,650,230,267.321449323953,0,0
338539.424252693,338599.424252693,650,230,273.321449323953,0,0
338599.424252693,338600.576085873,650,230,273.436632641998,0,0
338600.576085873,338660.576085873,650,560,274.786632641998,0,1
338660.576085873,338720.576085873,650,560,276.136632641998,0,1
338720.576085873,338780.576085873,650,560,277.486632641998,0,1
338780.576085873,338840.576085873,650,560,278.836632641998,0,1
338840.576085873,338900.576085873,650,560,280.186632641998,0,1
338900.576085873,338960.576085873,650,560,281.536632641998,0,1
338960.576085873,339020.576085873,650,560,282.886632641998,0,1
339020.576085873,339080.576085873,650,560,284.236632641998,0,1
339080.576085873,339140.576085873,650,560,285.586632641998,0,1
339140.576085873,339200.576085873,650,560,286.936632641998,0,1
339200.576085873,339260.576085873,650,560,288.286632641998,0,1
339260.576085873,339320.576085873,650,560,289.636632641998,0,1
339320.576085873,339380.576085873,650,560,290.986632641998,0,1
339380.576085873,339440.576085873,650,560,292.336632641998,0,1
339440.576085873,339500.576085873,650,560,293.686632641998,0,1
339500.576085873,339560.576085873,650,560,295.036632641998,0,1
339560.576085873,339620.576085873,650,560,296.386632641998,0,1
339620.576085873,339680.576085873,650,560,297.736632641998,0,1
339680.576085873,339740.576085873,650,560,299.086632641999,0,1
339740.576085873,339800.576085873,650,560,300,0,1
339800.576085873,339860.576085873,650,560,300,0,1
339860.576085873,339920.576085873,650,560,300,0,1
339920.576085873,339980.576085873,650,560,300,0,1
339980.576085873,340040.576085873,650,560,300,0,1
340040.576085873,340100.576085873,650,560,300,0,1
340100.576085873,340160.576085873,650,560,300,0,1
340160.576085873,340220.576085873,650,560,300,0,1
340220.576085873,340280.576085873,650,560,300,0,1
340280.576085873,340340.576085873,650,560,300,0,1
340340.576085873,340400.576085873,650,560,300,0,1
340400.576085873,340401.727919054,650,560,300,0,1
340401.727919054,340461.727919054,0,560,289.62962962963,0,1
340461.727919054,340521.727919054,0,560,279.259259259259,0,1
340521.727919054,340581.727919054,0,560,268.888888888889,0,1
340581.727919054,340641.727919054,0,560,258.518518518518,0,1
340641.727919054,340701.727919054,0,560,248.148148148148,0,1
340701.727919054,340761.727919054,0,560,237.777777777778,0,1
340761.727919054,340821.727919054,0,560,227.407407407407,0,1
340821.727919054,340881.727919054,0,560,217.037037037037,0,1
340881.727919054,340941.727919054,0,560,206.666666666667,0,1
340941.727919054,341001.727919054,0,230,202.407407407407,0,0
341001.727919054,341061.727919054,0,230,198.148148148148,0,0
341061.727919054,341121.727919054,0,230,193.888888888889,0,0
341121.727919054,341181.727919054,0,230,189.62962962963,0,0
341181.727919054,341241.727919054,0,230,185.37037037037,0,0
341241.727919054,341301.727919054,0,230,181.111111111111,0,0
341301.727919054,341361.727919054,0,230,176.851851851852,0,0
341361.727919054,341421.727919054,0,230,172.592592592592,0,0
341421.727919054,341470.07249338,0,230,169.160724661976,0,0
341470.07249338,341530.07249338,0,230,164.901465402717,0,0
341530.07249338,341590.07249338,0,230,160.642206143458,0,0
341590.07249338,341650.07249338,0,230,156.382946884199,0,0
341650.07249338,341710.07249338,0,230,152.123687624939,0,0
341710.07249338,341770.07249338,0,230,147.86442836568,0,0
341770.07249338,341830.07249338,0,230,143.605169106421,0,0
341830.07249338,341890.07249338,0,230,139.345909847161,0,0
341890.07249338,341950.07249338,0,230,135.086650587902,0,0
341950.07249338,342010.07249338,0,230,130.827391328643,0,0
342010.07249338,342070.07249338,0,230,126.568132069384,0,0
342070.07249338,342130.07249338,0,230,122.308872810124,0,0
342130.07249338,342190.07249338,0,230,118.049613550865,0,0
342190.07249338,342250.07249338,0,230,113.790354291606,0,0
342250.07249338,342310.07249338,0,230,109.531095032347,0,0
342310.07249338,342370.07249338,0,230,105.271835773087,0,0
342370.07249338,342430.07249338,0,230,101.012576513828,0,0
342430.07249338,342490.07249338,0,230,96.7533172545688,0,0
342490.07249338,342538.417067707,0,230,93.3214493239526,0,0
342538.417067707,342598.417067707,650,230,99.3214493239526,0,0
342598.417067707,342658.417067707,650,230,105.321449323953,0,0
342658.417067707,342718.417067707,650,230,111.321449323953,0,0
342718.417067707,342778.417067707,650,230,117.321449323953,0,0
342778.417067707,342838.417067707,650,230,123.321449323953,0,0
342838.417067707,342898.417067707,650,230,129.321449323953,0,0
342898.417067707,342958.417067707,650,230,135.321449323953,0,0
342958.417067707,343018.417067707,650,230,141.321449323953,0,0
343018.417067707,343078.417067707,650,230,147.321449323953,0,0
343078.417067707,343138.417067707,650,230,153.321449323953,0,0
343138.417067707,343198.417067707,650,230,159.321449323953,0,0
343198.417067707,343258.417067707,650,230,165.321449323953,0,0
343258.417067707,343318.417067707,650,230,171.321449323953,0,0
343318.417067707,343378.417067707,650,230,177.321449323953,0,0
343378.417067707,343438.417067707,650,230,183.321449323953,0,0
343438.417067707,343498.417067707,650,230,189.321449323953,0,0
343498.417067707,343558.417067707,650,230,195.321449323953,0,0
343558.417067707,343618.417067707,650,230,201.321449323953,0,0
343618.417067707,343678.417067707,650,230,207.321449323953,0,0
343678.417067707,343738.417067707,650,230,213.321449323953,0,0
343738.417067707,343798.417067707,650,230,219.321449323953,0,0
343798.417067707,343858.417067707,650,230,225.321449323953,0,0
343858.417067707,343918.417067707,650,230,231.321449323953,0,0
343918.417067707,343978.417067707,650,230,237.321449323953,0,0
343978.417067707,344038.417067707,650,230,243.321449323953,0,0
344038.417067707,344098.417067707,650,230,249.321449323953,0,0
344098.417067707,344158.417067707,650,230,255.321449323953,0,0
344158.417067707,344218.417067707,650,230,261.321449323953,0,0
344218.417067707,344278.417067707,650,230,267.321449323953,0,0
344278.417067707,344338.417067707,650,230,273.321449323953,0,0
344338.417067707,344339.568900888,650,230,273.436632641998,0,0
344339.568900888,344339.568901462,650,230,273.436632699391,0,0
344339.568901462,344399.568901462,650,560,274.786632699391,0,1
344399.568901462,344459.568901462,650,560,276.136632699391,0,1
344459.568901462,344519.568901462,650,560,277.486632699391,0,1
344519.568901462,344579.568901462,650,560,278.836632699391,0,1
344579.568901462,344639.568901462,650,560,280.186632699391,0,1
344639.568901462,344699.568901462,650,560,281.536632699391,0,1
344699.568901462,344759.568901462,650,560,282.886632699391,0,1
344759.568901462,344819.568901462,650,560,284.236632699391,0,1
344819.568901462,344879.568901462,650,560,285.586632699391,0,1
344879.568901462,344939.568901462,650,560,286.936632699391,0,1
344939.568901462,344999.568901462,650,560,288.286632699391,0,1
344999.568901462,345059.568901462,650,560,289.636632699391,0,1
345059.568901462,345119.568901462,650,560,290.986632699391,0,1
345119.568901462,345179.568901462,650,560,292.336632699391,0,1
345179.568901462,345239.568901462,650,560,293.686632699391,0,1
345239.568901462,345299.568901462,650,560,295.036632699391,0,1
345299.568901462,345359.568901462,650,560,296.386632699391,0,1
345359.568901462,345419.568901462,650,560,297.736632699391,0,1
345419.568901462,345479.568901462,650,560,299.086632699391,0,1
345479.568901462,345539.568901462,650,560,300,0,1
345539.568901462,345599.568901462,650,560,300,0,1
345599.568901462,345659.568901462,650,560,300,0,1
345659.568901462,345719.568901462,650,560,300,0,1
345719.568901462,345779.568901462,650,560,300,0,1
345779.568901462,345839.568901462,650,560,300,0,1
345839.568901462,345899.568901462,650,560,300,0,1
345899.568901462,345959.568901462,650,560,300,0,1
345959.568901462,346019.568901462,650,560,300,0,1
346019.568901462,346079.568901462,650,560,300,0,1
346079.568901462,346139.568901462,650,560,300,0,1
346139.568901462,346140.720734068,650,560,300,0,1
346140.720734068,346200.720734068,0,560,289.62962962963,0,1
346200.720734068,346260.720734068,0,560,279.259259259259,0,1
346260.720734068,346320.720734068,0,560,268.888888888889,0,1
346320.720734068,346380.720734068,0,560,258.518518518518,0,1
346380.720734068,346440.720734068,0,560,248.148148148148,0,1
346440.720734068,346500.720734068,0,560,237.777777777778,0,1
346500.720734068,346560.720734068,0,560,227.407407407407,0,1
346560.720734068,346620.720734068,0,560,217.037037037037,0,1
346620.720734068,346680.720734068,0,560,206.666666666667,0,1
346680.720734068,346740.720734068,0,230,202.407407407407,0,0
346740.720734068,346800.720734068,0,230,198.148148148148,0,0
346800.720734068,346860.720734068,0,230,193.888888888889,0,0
346860.720734068,346920.720734068,0,230,189.62962962963,0,0
346920.720734068,346980.720734068,0,230,185.37037037037,0,0
346980.720734068,347040.720734068,0,230,181.111111111111,0,0
347040.720734068,347100.720734068,0,230,176.851851851852,0,0
347100.720734068,347160.720734068,0,230,172.592592592592,0,0
347160.720734068,347209.065308395,0,230,169.160724661976,0,0
347209.065308395,347269.065308395,0,230,164.901465402717,0,0
347269.065308395,347329.065308395,0,230,160.642206143458,0,0
347329.065308395,347389.065308395,0,230,156.382946884199,0,0
347389.065308395,347449.065308395,0,230,152.123687624939,0,0
347449.065308395,347509.065308395,0,230,147.86442836568,0,0
347509.065308395,347569.065308395,0,230,143.605169106421,0,0
347569.065308395,347629.065308395,0,230,139.345909847161,0,0
347629.065308395,347689.065308395,0,230,135.086650587902,0,0
347689.065308395,347749.065308395,0,230,130.827391328643,0,0
347749.065308395,347809.065308395,0,230,126.568132069384,0,0
347809.065308395,347869.065308395,0,230,122.308872810124,0,0
347869.065308395,347929.065308395,0,230,118.049613550865,0,0
347929.065308395,347989.065308395,0,230,113.790354291606,0,0
347989.065308395,348049.065308395,0,230,109.531095032347,0,0
348049.065308395,348109.065308395,0,230,105.271835773087,0,0
348109.065308395,348169.065308395,0,230,101.012576513828,0,0
348169.065308395,348229.065308395,0,230,96.7533172545688,0,0
348229.065308395,348277.409882722,0,230,93.3214493239526,0,0
348277.409882722,348337.409882722,650,230,99.3214493239526,0,0
348337.409882722,348397.409882722,650,230,105.321449323953,0,0
348397.409882722,348457.409882722,650,230,111.321449323953,0,0
348457.409882722,348517.409882722,650,230,117.321449323953,0,0
348517.409882722,348577.409882722,650,230,123.321449323953,0,0
348577.409882722,348637.409882722,650,230,129.321449323953,0,0
348637.409882722,348697.409882722,650,230,135.321449323953,0,0
348697.409882722,348757.409882722,650,230,141.321449323953,0,0
348757.409882722,348817.409882722,650,230,147.321449323953,0,0
348817.409882722,348877.409882722,650,230,153.321449323953,0,0
348877.409882722,348937.409882722,650,230,159.321449323953,0,0
348937.409882722,348997.409882722,650,230,165.321449323953,0,0
348997.409882722,349057.409882722,650,230,171.321449323953,0,0
349057.409882722,349117.409882722,650,230,177.321449323953,0,0
349117.409882722,349177.409882722,650,230,183.321449323953,0,0
349177.409882722,349237.409882722,650,230,189.321449323953,0,0
349237.409882722,349297.409882722,650,230,195.321449323953,0,0
349297.409882722,349357.409882722,650,230,201.321449323953,0,0
349357.409882722,349417.409882722,650,230,207.321449323953,0,0
349417.409882722,349477.409882722,650,230,213.321449323953,0,0
349477.409882722,349537.409882722,650,230,219.321449323953,0,0
349537.409882722,349597.409882722,650,230,225.321449323953,0,0
349597.409882722,349657.409882722,650,230,231.321449323953,0,0
349657.409882722,349717.409882722,650,230,237.321449323953,0,0
349717.409882722,349777.409882722,650,230,243.321449323953,0,0
349777.409882722,349837.409882722,650,230,249.321449323953,0,0
349837.409882722,349897.409882722,650,230,255.321449323953,0,0
349897.409882722,349957.409882722,650,230,261.321449323953,0,0
349957.409882722,350017.409882722,650,230,267.321449323953,0,0
350017.409882722,350077.409882722,650,230,273.321449323953,0,0
350077.409882722,350078.561715903,650,230,273.436632641998,0,0
350078.561715903,350078.562289802,650,230,273.436690031929,0,0
350078.562289802,350138.562289802,650,560,274.786690031929,0,1
350138.562289802,350198.562289802,650,560,276.136690031929,0,1
350198.562289802,350258.562289802,650,560,277.486690031929,0,1
350258.562289802,350318.562289802,650,560,278.836690031929,0,1
350318.562289802,350378.562289802,650,560,280.186690031929,0,1
350378.562289802,350438.562289802,650,560,281.536690031929,0,1
350438.562289802,350498.562289802,650,560,282.886690031929,0,1
350498.562289802,350558.562289802,650,560,284.236690031929,0,1
350558.562289802,350618.562289802,650,560,285.586690031929,0,1
350618.562289802,350678.562289802,650,560,286.936690031929,0,1
350678.562289802,350738.562289802,650,560,288.286690031929,0,1
350738.562289802,350798.562289802,650,560,289.636690031929,0,1
350798.562289802,350858.562289802,650,560,290.986690031929,0,1
350858.562289802,350918.562289802,650,560,292.336690031929,0,1
350918.562289802,350978.562289802,650,560,293.686690031929,0,1
350978.562289802,351038.562289802,650,560,295.036690031929,0,1
351038.562289802,351098.562289802,650,560,296.386690031929,0,1
351098.562289802,351158.562289802,650,560,297.736690031929,0,1
351158.562289802,351218.562289802,650,560,299.086690031929,0,1
351218.562289802,351278.562289802,650,560,300,0,1
351278.562289802,351338.562289802,650,560,300,0,1
351338.562289802,351398.562289802,650,560,300,0,1
351398.562289802,351458.562289802,650,560,300,0,1
351458.562289802,351518.562289802,650,560,300,0,1
351518.562289802,351578.562289802,650,560,300,0,1
351578.562289802,351638.562289802,650,560,300,0,1
351638.562289802,351698.562289802,650,560,300,0,1
351698.562289802,351758.562289802,650,560,300,0,1
351758.562289802,351818.562289802,650,560,300,0,1
351818.562289802,351878.562289802,650,560,300,0,1
351878.562289802,351879.713549083,650,560,300,0,1
351879.713549083,351939.713549083,0,560,289.62962962963,0,1
351939.713549083,351999.713549083,0,560,279.259259259259,0,1
351999.713549083,352059.713549083,0,560,268.888888888889,0,1
352059.713549083,352119.713549083,0,560,258.518518518518,0,1
352119.713549083,352179.713549083,0,560,248.148148148148,0,1
352179.713549083,352239.713549083,0,560,237.777777777778,0,1
352239.713549083,352299.713549083,0,560,227.407407407407,0,1
352299.713549083,352359.713549083,0,560,217.037037037037,0,1
352359.713549083,352419.713549083,0,560,206.666666666667,0,1
352419.713549083,352479.713549083,0,230,202.407407407407,0,0
352479.713549083,352539.713549083,0,230,198.148148148148,0,0
352539.713549083,352599.713549083,0,230,193.888888888889,0,0
352599.713549083,352659.713549083,0,230,189.62962962963,0,0
352659.713549083,352719.713549083,0,230,185.37037037037,0,0
352719.713549083,352779.713549083,0,230,181.111111111111,0,0
352779.713549083,352839.713549083,0,230,176.851851851852,0,0
352839.713549083,352899.713549083,0,230,172.592592592592,0,0
352899.713549083,352948.05812341,0,230,169.160724661976,0,0
352948.05812341,353008.05812341,0,230,164.901465402717,0,0
353008.05812341,353068.05812341,0,230,160.642206143458,0,0
353068.05812341,353128.05812341,0,230,156.382946884199,0,0
353128.05812341,353188.05812341,0,230,152.123687624939,0,0
353188.05812341,353248.05812341,0,230,147.86442836568,0,0
353248.05812341,353308.05812341,0,230,143.605169106421,0,0
353308.05812341,353368.05812341,0,230,139.345909847161,0,0
353368.05812341,353428.05812341,0,230,135.086650587902,0,0
353428.05812341,353488.05812341,0,230,130.827391328643,0,0
353488.05812341,353548.05812341,0,230,126.568132069384,0,0
353548.05812341,353608.05812341,0,230,122.308872810124,0,0
353608.05812341,353668.05812341,0,230,118.049613550865,0,0
353668.05812341,353728.05812341,0,230,113.790354291606,0,0
353728.05812341,353788.05812341,0,230,109.531095032347,0,0
353788.05812341,353848.05812341,0,230,105.271835773087,0,0
353848.05812341,353908.05812341,0,230,101.012576513828,0,0
353908.05812341,353968.05812341,0,230,96.7533172545688,0,0
353968.05812341,354016.402697737,0,230,93.3214493239526,0,0
354016.402697737,354076.402697737,650,230,99.3214493239526,0,0
354076.402697737,354136.402697737,650,230,105.321449323953,0,0
354136.402697737,354196.402697737,650,230,111.321449323953,0,0
354196.402697737,354256.402697737,650,230,117.321449323953,0,0
354256.402697737,354316.402697737,650,230,123.321449323953,0,0
354316.402697737,354376.402697737,650,230,129.321449323953,0,0
354376.402697737,354436.402697737,650,230,135.321449323953,0,0
354436.402697737,354496.402697737,650,230,141.321449323953,0,0
354496.402697737,354556.402697737,650,230,147.321449323953,0,0
354556.402697737,354616.402697737,650,230,153.321449323953,0,0
354616.402697737,354676.402697737,650,230,159.321449323953,0,0
354676.402697737,354736.402697737,650,230,165.321449323953,0,0
354736.402697737,354796.402697737,650,230,171.321449323953,0,0
354796.402697737,354856.402697737,650,230,177.321449323953,0,0
354856.402697737,354916.402697737,650,230,183.321449323953,0,0
354916.402697737,354976.402697737,650,230,189.321449323953,0,0
354976.402697737,355036.402697737,650,230,195.321449323953,0,0
355036.402697737,355096.402697737,650,230,201.321449323953,0,0
355096.402697737,355156.402697737,650,230,207.321449323953,0,0
355156.402697737,355216.402697737,650,230,213.321449323953,0,0
355216.402697737,355276.402697737,650,230,219.321449323953,0,0
355276.402697737,355336.402697737,650,230,225.321449323953,0,0
355336.402697737,355396.402697737,650,230,231.321449323953,0,0
355396.402697737,355456.402697737,650,230,237.321449323953,0,0
355456.402697737,355516.402697737,650,230,243.321449323953,0,0
355516.402697737,355576.402697737,650,230,249.321449323953,0,0
355576.402697737,355636.402697737,650,230,255.321449323953,0,0
355636.402697737,355696.402697737,650,230,261.321449323953,0,0
355696.402697737,355756.402697737,650,230,267.321449323953,0,0
355756.402697737,355816.402697737,650,230,273.321449323953,0,0
355816.402697737,355817.554530917,650,230,273.436632641998,0,0
355817.554530917,355877.554530917,650,560,274.786632641998,0,1
355877.554530917,355937.554530917,650,560,276.136632641998,0,1
355937.554530917,355997.554530917,650,560,277.486632641998,0,1
355997.554530917,356057.554530917,650,560,278.836632641998,0,1
356057.554530917,356117.554530917,650,560,280.186632641998,0,1
356117.554530917,356177.554530917,650,560,281.536632641998,0,1
356177.554530917,356237.554530917,650,560,282.886632641998,0,1
356237.554530917,356297.554530917,650,560,284.236632641998,0,1
356297.554530917,356357.554530917,650,560,285.586632641998,0,1
356357.554530917,356417.554530917,650,560,286.936632641998,0,1
356417.554530917,356477.554530917,650,560,288.286632641998,0,1
356477.554530917,356537.554530917,650,560,289.636632641998,0,1
356537.554530917,356597.554530917,650,560,290.986632641998,0,1
356597.554530917,356657.554530917,650,560,292.336632641998,0,1
356657.554530917,356717.554530917,650,560,293.686632641998,0,1
356717.554530917,356777.554530917,650,560,295.036632641998,0,1
356777.554530917,356837.554530917,650,560,296.386632641998,0,1
356837.554530917,356897.554530917,650,560,297.736632641998,0,1
356897.554530917,356957.554530917,650,560,299.086632641999,0,1
356957.554530917,357017.554530917,650,560,300,0,1
357017.554530917,357077.554530917,650,560,300,0,1
357077.554530917,357137.554530917,650,560,300,0,1
357137.554530917,357197.554530917,650,560,300,0,1
357197.554530917,357257.554530917,650,560,300,0,1
357257.554530917,357317.554530917,650,560,300,0,1
357317.554530917,357377.554530917,650,560,300,0,1
357377.554530917,357437.554530917,650,560,300,0,1
357437.554530917,357497.554530917,650,560,300,0,1
357497.554530917,357557.554530917,650,560,300,0,1
357557.554530917,357617.554530917,650,560,300,0,1
357617.554530917,357618.706364098,650,560,300,0,1
357618.706364098,357678.706364098,0,560,289.62962962963,0,1
357678.706364098,357738.706364098,0,560,279.259259259259,0,1
357738.706364098,357798.706364098,0,560,268.888888888889,0,1
357798.706364098,357858.706364098,0,560,258.518518518518,0,1
357858.706364098,357918.706364098,0,560,248.148148148148,0,1
357918.706364098,357978.706364098,0,560,237.777777777778,0,1
357978.706364098,358038.706364098,0,560,227.407407407407,0,1
358038.706364098,358098.706364098,0,560,217.037037037037,0,1
358098.706364098,358158.706364098,0,560,206.666666666667,0,1
358158.706364098,358218.706364098,0,230,202.407407407407,0,0
358218.706364098,358278.706364098,0,230,198.148148148148,0,0
358278.706364098,358338.706364098,0,230,193.888888888889,0,0
358338.706364098,358398.706364098,0,230,189.62962962963,0,0
358398.706364098,358458.706364098,0,230,185.37037037037,0,0
358458.706364098,358518.706364098,0,230,181.111111111111,0,0
358518.706364098,358578.706364098,0,230,176.851851851852,0,0
358578.706364098,358638.706364098,0,230,172.592592592592,0,0
358638.706364098,358687.050938425,0,230,169.160724661976,0,0
358687.050938425,358747.050938425,0,230,164.901465402717,0,0
358747.050938425,358807.050938425,0,230,160.642206143458,0,0
358807.050938425,358867.050938425,0,230,156.382946884199,0,0
358867.050938425,358927.050938425,0,230,152.123687624939,0,0
358927.050938425,358987.050938425,0,230,147.86442836568,0,0
358987.050938425,359047.050938425,0,230,143.605169106421,0,0
359047.050938425,359107.050938425,0,230,139.345909847161,0,0
359107.050938425,359167.050938425,0,230,135.086650587902,0,0
359167.050938425,359227.050938425,0,230,130.827391328643,0,0
359227.050938425,359287.050938425,0,230,126.568132069384,0,0
359287.050938425,359347.050938425,0,230,122.308872810124,0,0
359347.050938425,359407.050938425,0,230,118.049613550865,0,0
359407.050938425,359467.050938425,0,230,113.790354291606,0,0
359467.050938425,359527.050938425,0,230,109.531095032347,0,0
359527.050938425,359587.050938425,0,230,105.271835773087,0,0
359587.050938425,359647.050938425,0,230,101.012576513828,0,0
359647.050938425,359707.050938425,0,230,96.7533172545688,0,0
359707.050938425,359755.395512752,0,230,93.3214493239526,0,0
359755.395512752,359815.395512752,650,230,99.3214493239526,0,0
359815.395512752,359875.395512752,650,230,105.321449323953,0,0
359875.395512752,359935.395512752,650,230,111.321449323953,0,0
359935.395512752,359995.395512752,650,230,117.321449323953,0,0
359995.395512752,360055.395512752,650,230,123.321449323953,0,0
360055.395512752,360115.395512752,650,230,129.321449323953,0,0
360115.395512752,360175.395512752,650,230,135.321449323953,0,0
360175.395512752,360235.395512752,650,230,141.321449323953,0,0
360235.395512752,360295.395512752,650,230,147.321449323953,0,0
360295.395512752,360355.395512752,650,230,153.321449323953,0,0
360355.395512752,360415.395512752,650,230,159.321449323953,0,0
360415.395512752,360475.395512752,650,230,165.321449323953,0,0
360475.395512752,360535.395512752,650,230,171.321449323953,0,0
360535.395512752,360595.395512752,650,230,177.321449323953,0,0
360595.395512752,360655.395512752,650,230,183.321449323953,0,0
360655.395512752,360715.395512752,650,230,189.321449323953,0,0
360715.395512752,360775.395512752,650,230,195.321449323953,0,0
360775.395512752,360835.395512752,650,230,201.321449323953,0,0
360835.395512752,360895.395512752,650,230,207.321449323953,0,0
360895.395512752,360955.395512752,650,230,213.321449323953,0,0
360955.395512752,361015.395512752,650,230,219.321449323953,0,0
361015.395512752,361075.395512752,650,230,225.321449323953,0,0
361075.395512752,361135.395512752,650,230,231.321449323953,0,0
361135.395512752,361195.395512752,650,230,237.321449323953,0,0
361195.395512752,361255.395512752,650,230,243.321449323953,0,0
361255.395512752,361315.395512752,650,230,249.321449323953,0,0
361315.395512752,361375.395512752,650,230,255.321449323953,0,0
361375.395512752,361435.395512752,650,230,261.321449323953,0,0
361435.395512752,361495.395512752,650,230,267.321449323953,0,0
361495.395512752,361555.395512752,650,230,273.321449323953,0,0
361555.395512752,361556.547345932,650,230,273.436632641998,0,0
361556.547345932,361616.547345932,650,560,274.786632641998,0,1
361616.547345932,361676.547345932,650,560,276.136632641998,0,1
361676.547345932,361736.547345932,650,560,277.486632641998,0,1
361736.547345932,361796.547345932,650,560,278.836632641998,0,1
361796.547345932,361856.547345932,650,560,280.186632641998,0,1
361856.547345932,361916.547345932,650,560,281.536632641998,0,1
361916.547345932,361976.547345932,650,560,282.886632641998,0,1
361976.547345932,362036.547345932,650,560,284.236632641998,0,1
362036.547345932,362096.547345932,650,560,285.586632641998,0,1
362096.547345932,362156.547345932,650,560,286.936632641998,0,1
362156.547345932,362216.547345932,650,560,288.286632641998,0,1
362216.547345932,362276.547345932,650,560,289.636632641998,0,1
362276.547345932,362336.547345932,650,560,290.986632641998,0,1
362336.547345932,362396.547345932,650,560,292.336632641998,0,1
362396.547345932,362456.547345932,650,560,293.686632641998,0,1
362456.547345932,362516.547345932,650,560,295.036632641998,0,1
362516.547345932,362576.547345932,650,560,296.386632641998,0,1
362576.547345932,362636.547345932,650,560,297.736632641998,0,1
362636.547345932,362696.547345932,650,560,299.086632641999,0,1
362696.547345932,362756.547345932,650,560,300,0,1
362756.547345932,362816.547345932,650,560,300,0,1
362816.547345932,362876.547345932,650,560,300,0,1
362876.547345932,362936.547345932,650,560,300,0,1
362936.547345932,362996.547345932,650,560,300,0,1
362996.547345932,363056.547345932,650,560,300,0,1
363056.547345932,363116.547345932,650,560,300,0,1
363116.547345932,363176.547345932,650,560,300,0,1
363176.547345932,363236.547345932,650,560,300,0,1
363236.547345932,363296.547345932,650,560,300,0,1
363296.547345932,363356.547345932,650,560,300,0,1
363356.547345932,363357.699179113,650,560,300,0,1
363357.699179113,363417.699179113,0,560,289.62962962963,0,1
363417.699179113,363477.699179113,0,560,279.259259259259,0,1
363477.699179113,363537.699179113,0,560,268.888888888889,0,1
363537.699179113,363597.699179113,0,560,258.518518518518,0,1
363597.699179113,363657.699179113,0,560,248.148148148148,0,1
363657.699179113,363717.699179113,0,560,237.777777777778,0,1
363717.699179113,363777.699179113,0,560,227.407407407407,0,1
363777.699179113,363837.699179113,0,560,217.037037037037,0,1
363837.699179113,363897.699179113,0,560,206.666666666667,0,1
363897.699179113,363957.699179113,0,230,202.407407407407,0,0
363957.699179113,364017.699179113,0,230,198.148148148148,0,0
364017.699179113,364077.699179113,0,230,193.888888888889,0,0
364077.699179113,364137.699179113,0,230,189.62962962963,0,0
364137.699179113,364197.699179113,0,230,185.37037037037,0,0
364197.699179113,364257.699179113,0,230,181.111111111111,0,0
364257.699179113,364317.699179113,0,230,176.851851851852,0,0
364317.699179113,364377.699179113,0,230,172.592592592592,0,0
364377.699179113,364426.04375344,0,230,169.160724661976,0,0
364426.04375344,364486.04375344,0,230,164.901465402717,0,0
364486.04375344,364546.04375344,0,230,160.642206143458,0,0
364546.04375344,364606.04375344,0,230,156.382946884199,0,0
364606.04375344,364666.04375344,0,230,152.123687624939,0,0
364666.04375344,364726.04375344,0,230,147.86442836568,0,0
364726.04375344,364786.04375344,0,230,143.605169106421,0,0
364786.04375344,364846.04375344,0,230,139.345909847161,0,0
364846.04375344,364906.04375344,0,230,135.086650587902,0,0
364906.04375344,364966.04375344,0,230,130.827391328643,0,0
364966.04375344,365026.04375344,0,230,126.568132069384,0,0
365026.04375344,365086.04375344,0,230,122.308872810124,0,0
365086.04375344,365146.04375344,0,230,118.049613550865,0,0
365146.04375344,365206.04375344,0,230,113.790354291606,0,0
365206.04375344,365266.04375344,0,230,109.531095032347,0,0
365266.04375344,365326.04375344,0,230,105.271835773087,0,0
365326.04375344,365386.04375344,0,230,101.012576513828,0,0
365386.04375344,365446.04375344,0,230,96.7533172545688,0,0
365446.04375344,365494.388327767,0,230,93.3214493239526,0,0
365494.388327767,365554.388327767,650,230,99.3214493239526,0,0
365554.388327767,365614.388327767,650,230,105.321449323953,0,0
365614.388327767,365674.388327767,650,230,111.321449323953,0,0
365674.388327767,365734.388327767,650,230,117.321449323953,0,0
365734.388327767,365794.388327767,650,230,123.321449323953,0,0
365794.388327767,365854.388327767,650,230,129.321449323953,0,0
365854.388327767,365914.388327767,650,230,135.321449323953,0,0
365914.388327767,365974.388327767,650,230,141.321449323953,0,0
365974.388327767,366034.388327767,650,230,147.321449323953,0,0
366034.388327767,366094.388327767,650,230,153.321449323953,0,0
366094.388327767,366154.388327767,650,230,159.321449323953,0,0
366154.388327767,366214.388327767,650,230,165.321449323953,0,0
366214.388327767,366274.388327767,650,230,171.321449323953,0,0
366274.388327767,366334.388327767,650,230,177.321449323953,0,0
366334.388327767,366394.388327767,650,230,183.321449323953,0,0
366394.388327767,366454.388327767,650,230,189.321449323953,0,0
366454.388327767,366514.388327767,650,230,195.321449323953,0,0
366514.388327767,366574.388327767,650,230,201.321449323953,0,0
366574.388327767,366634.388327767,650,230,207.321449323953,0,0
366634.388327767,366694.388327767,650,230,213.321449323953,0,0
366694.388327767,366754.388327767,650,230,219.321449323953,0,0
366754.388327767,366814.388327767,650,230,225.321449323953,0,0
366814.388327767,366874.388327767,650,230,231.321449323953,0,0
366874.388327767,366934.388327767,650,230,237.321449323953,0,0
366934.388327767,366994.388327767,650,230,243.321449323953,0,0
366994.388327767,367054.388327767,650,230,249.321449323953,0,0
367054.388327767,367114.388327767,650,230,255.321449323953,0,0
367114.388327767,367174.388327767,650,230,261.321449323953,0,0
367174.388327767,367234.388327767,650,230,267.321449323953,0,0
367234.388327767,367294.388327767,650,230,273.321449323953,0,0
367294.388327767,367295.540160947,650,230,273.436632641998,0,0
367295.540160947,367355.540160947,650,560,274.786632641998,0,1
367355.540160947,367415.540160947,650,560,276.136632641998,0,1
367415.540160947,367475.540160947,650,560,277.486632641998,0,1
367475.540160947,367535.540160947,650,560,278.836632641998,0,1
367535.540160947,367595.540160947,650,560,280.186632641998,0,1
367595.540160947,367655.540160947,650,560,281.536632641998,0,1
367655.540160947,367715.540160947,650,560,282.886632641998,0,1
367715.540160947,367775.540160947,650,560,284.236632641998,0,1
367775.540160947,367835.540160947,650,560,285.586632641998,0,1
367835.540160947,367895.540160947,650,560,286.936632641998,0,1
367895.540160947,367955.540160947,650,560,288.286632641998,0,1
367955.540160947,368015.540160947,650,560,289.636632641998,0,1
368015.540160947,368075.540160947,650,560,290.986632641998,0,1
368075.540160947,368135.540160947,650,560,292.336632641998,0,1
368135.540160947,368195.540160947,650,560,293.686632641998,0,1
368195.540160947,368255.540160947,650,560,295.036632641998,0,1
368255.540160947,368315.540160947,650,560,296.386632641998,0,1
368315.540160947,368375.540160947,650,560,297.736632641998,0,1
368375.540160947,368435.540160947,650,560,299.086632641999,0,1
368435.540160947,368495.540160947,650,560,300,0,1
368495.540160947,368555.540160947,650,560,300,0,1
368555.540160947,368615.540160947,650,560,300,0,1
368615.540160947,368675.540160947,650,560,300,0,1
368675.540160947,368735.540160947,650,560,300,0,1
368735.540160947,368795.540160947,650,560,300,0,1
368795.540160947,368855.540160947,650,560,300,0,1
368855.540160947,368915.540160947,650,560,300,0,1
368915.540160947,368975.540160947,650,560,300,0,1
368975.540160947,369035.540160947,650,560,300,0,1
369035.540160947,369095.540160947,650,560,300,0,1
369095.540160947,369096.691994128,650,560,300,0,1
369096.691994128,369156.691994128,0,560,289.62962962963,0,1
369156.691994128,369216.691994128,0,560,279.259259259259,0,1
369216.691994128,369276.691994128,0,560,268.888888888889,0,1
369276.691994128,369336.691994128,0,560,258.518518518518,0,1
369336.691994128,369396.691994128,0,560,248.148148148148,0,1
369396.691994128,369456.691994128,0,560,237.777777777778,0,1
369456.691994128,369516.691994128,0,560,227.407407407407,0,1
369516.691994128,369576.691994128,0,560,217.037037037037,0,1
369576.691994128,369636.691994128,0,560,206.666666666667,0,1
369636.691994128,369696.691994128,0,230,202.407407407407,0,0
369696.691994128,369756.691994128,0,230,198.148148148148,0,0
369756.691994128,369816.691994128,0,230,193.888888888889,0,0
369816.691994128,369876.691994128,0,230,189.62962962963,0,0
369876.691994128,369936.691994128,0,230,185.37037037037,0,0
369936.691994128,369996.691994128,0,230,181.111111111111,0,0
369996.691994128,370056.691994128,0,230,176.851851851852,0,0
370056.691994128,370116.691994128,0,230,172.592592592592,0,0
370116.691994128,370165.036568454,0,230,169.160724661976,0,0
370165.036568454,370225.036568454,0,230,164.901465402717,0,0
370225.036568454,370285.036568454,0,230,160.642206143458,0,0
370285.036568454,370345.036568454,0,230,156.382946884199,0,0
370345.036568454,370405.036568454,0,230,152.123687624939,0,0
370405.036568454,370465.036568454,0,230,147.86442836568,0,0
370465.036568454,370525.036568454,0,230,143.605169106421,0,0
370525.036568454,370585.036568454,0,230,139.345909847161,0,0
370585.036568454,370645.036568454,0,230,135.086650587902,0,0
370645.036568454,370705.036568454,0,230,130.827391328643,0,0
370705.036568454,370765.036568454,0,230,126.568132069384,0,0
370765.036568454,370825.036568454,0,230,122.308872810124,0,0
370825.036568454,370885.036568454,0,230,118.049613550865,0,0
370885.036568454,370945.036568454,0,230,113.790354291606,0,0
370945.036568454,371005.036568454,0,230,109.531095032347,0,0
371005.036568454,371065.036568454,0,230,105.271835773087,0,0
371065.036568454,371125.036568454,0,230,101.012576513828,0,0
371125.036568454,371185.036568454,0,230,96.7533172545688,0,0
371185.036568454,371233.381142781,0,230,93.3214493239526,0,0
371233.381142781,371293.381142781,650,230,99.3214493239526,0,0
371293.381142781,371353.381142781,650,230,105.321449323953,0,0
371353.381142781,371413.381142781,650,230,111.321449323953,0,0
371413.381142781,371473.381142781,650,230,117.321449323953,0,0
371473.381142781,371533.381142781,650,230,123.321449323953,0,0
371533.381142781,371593.381142781,650,230,129.321449323953,0,0
371593.381142781,371653.381142781,650,230,135.321449323953,0,0
371653.381142781,371713.381142781,650,230,141.321449323953,0,0
371713.381142781,371773.381142781,650,230,147.321449323953,0,0
371773.381142781,371833.381142781,650,230,153.321449323953,0,0
371833.381142781,371893.381142781,650,230,159.321449323953,0,0
371893.381142781,371953.381142781,650,230,165.321449323953,0,0
371953.381142781,372013.381142781,650,230,171.321449323953,0,0
372013.381142781,372073.381142781,650,230,177.321449323953,0,0
372073.381142781,372133.381142781,650,230,183.321449323953,0,0
372133.381142781,372193.381142781,650,230,189.321449323953,0,0
372193.381142781,372253.381142781,650,230,195.321449323953,0,0
372253.381142781,372313.381142781,650,230,201.321449323953,0,0
372313.381142781,372373.381142781,650,230,207.321449323953,0,0
372373.381142781,372433.381142781,650,230,213.321449323953,0,0
372433.381142781,372493.381142781,650,230,219.321449323953,0,0
372493.381142781,372553.381142781,650,230,225.321449323953,0,0
372553.381142781,372613.381142781,650,230,231.321449323953,0,0
372613.381142781,372673.381142781,650,230,237.321449323953,0,0
372673.381142781,372733.381142781,650,230,243.321449323953,0,0
372733.381142781,372793.381142781,650,230,249.321449323953,0,0
372793.381142781,372853.381142781,650,230,255.321449323953,0,0
372853.381142781,372913.381142781,650,230,261.321449323953,0,0
372913.381142781,372973.381142781,650,230,267.321449323953,0,0
372973.381142781,373033.381142781,650,230,273.321449323953,0,0
373033.381142781,373034.532975962,650,230,273.436632641998,0,0
373034.532975962,373094.532975962,650,560,274.786632641998,0,1
373094.532975962,373154.532975962,650,560,276.136632641998,0,1
373154.532975962,373214.532975962,650,560,277.486632641998,0,1
373214.532975962,373274.532975962,650,560,278.836632641998,0,1
373274.532975962,373334.532975962,650,560,280.186632641998,0,1
373334.532975962,373394.532975962,650,560,281.536632641998,0,1
373394.532975962,373454.532975962,650,560,282.886632641998,0,1
373454.532975962,373514.532975962,650,560,284.236632641998,0,1
373514.532975962,373574.532975962,650,560,285.586632641998,0,1
373574.532975962,373634.532975962,650,560,286.936632641998,0,1
373634.532975962,373694.532975962,650,560,288.286632641998,0,1
373694.532975962,373754.532975962,650,560,289.636632641998,0,1
373754.532975962,373814.532975962,650,560,290.986632641998,0,1
373814.532975962,373874.532975962,650,560,292.336632641998,0,1
373874.532975962,373934.532975962,650,560,293.686632641998,0,1
373934.532975962,373994.532975962,650,560,295.036632641998,0,1
373994.532975962,374054.532975962,650,560,296.386632641998,0,1
374054.532975962,374114.532975962,650,560,297.736632641998,0,1
374114.532975962,374174.532975962,650,560,299.086632641999,0,1
374174.532975962,374234.532975962,650,560,300,0,1
374234.532975962,374294.532975962,650,560,300,0,1
374294.532975962,374354.532975962,650,560,300,0,1
374354.532975962,374414.532975962,650,560,300,0,1
374414.532975962,374474.532975962,650,560,300,0,1
374474.532975962,374534.532975962,650,560,300,0,1
374534.532975962,374594.532975962,650,560,300,0,1
374594.532975962,374654.532975962,650,560,300,0,1
374654.532975962,374714.532975962,650,560,300,0,1
374714.532975962,374774.532975962,650,560,300,0,1
374774.532975962,374834.532975962,650,560,300,0,1
374834.532975962,374835.684809142,650,560,300,0,1
374835.684809142,374895.684809142,0,560,289.62962962963,0,1
374895.684809142,374955.684809142,0,560,279.259259259259,0,1
374955.684809142,375015.684809142,0,560,268.888888888889,0,1
375015.684809142,375075.684809142,0,560,258.518518518518,0,1
375075.684809142,375135.684809142,0,560,248.148148148148,0,1
375135.684809142,375195.684809142,0,560,237.777777777778,0,1
375195.684809142,375255.684809142,0,560,227.407407407407,0,1
375255.684809142,375315.684809142,0,560,217.037037037037,0,1
375315.684809142,375375.684809142,0,560,206.666666666667,0,1
375375.684809142,375435.684809142,0,230,202.407407407407,0,0
375435.684809142,375495.684809142,0,230,198.148148148148,0,0
375495.684809142,375555.684809142,0,230,193.888888888889,0,0
375555.684809142,375615.684809142,0,230,189.62962962963,0,0
375615.684809142,375675.684809142,0,230,185.37037037037,0,0
375675.684809142,375735.684809142,0,230,181.111111111111,0,0
375735.684809142,375795.684809142,0,230,176.851851851852,0,0
375795.684809142,375855.684809142,0,230,172.592592592592,0,0
375855.684809142,375904.029383469,0,230,169.160724661976,0,0
375904.029383469,375964.029383469,0,230,164.901465402717,0,0
375964.029383469,376024.029383469,0,230,160.642206143458,0,0
376024.029383469,376084.029383469,0,230,156.382946884199,0,0
376084.029383469,376144.029383469,0,230,152.123687624939,0,0
376144.029383469,376204.029383469,0,230,147.86442836568,0,0
376204.029383469,376264.029383469,0,230,143.605169106421,0,0
376264.029383469,376324.029383469,0,230,139.345909847161,0,0
376324.029383469,376384.029383469,0,230,135.086650587902,0,0
376384.029383469,376444.029383469,0,230,130.827391328643,0,0
376444.029383469,376504.029383469,0,230,126.568132069384,0,0
376504.029383469,376564.029383469,0,230,122.308872810124,0,0
376564.029383469,376624.029383469,0,230,118.049613550865,0,0
376624.029383469,376684.029383469,0,230,113.790354291606,0,0
376684.029383469,376744.029383469,0,230,109.531095032347,0,0
376744.029383469,376804.029383469,0,230,105.271835773087,0,0
376804.029383469,376864.029383469,0,230,101.012576513828,0,0
376864.029383469,376924.029383469,0,230,96.7533172545688,0,0
376924.029383469,376972.373957796,0,230,93.3214493239526,0,0
376972.373957796,377032.373957796,650,230,99.3214493239526,0,0
377032.373957796,377092.373957796,650,230,105.321449323953,0,0
377092.373957796,377152.373957796,650,230,111.321449323953,0,0
377152.373957796,377212.373957796,650,230,117.321449323953,0,0
377212.373957796,377272.373957796,650,230,123.321449323953,0,0
377272.373957796,377332.373957796,650,230,129.321449323953,0,0
377332.373957796,377392.373957796,650,230,135.321449323953,0,0
377392.373957796,377452.373957796,650,230,141.321449323953,0,0
377452.373957796,377512.373957796,650,230,147.321449323953,0,0
377512.373957796,377572.373957796,650,230,153.321449323953,0,0
377572.373957796,377632.373957796,650,230,159.321449323953,0,0
377632.373957796,377692.373957796,650,230,165.321449323953,0,0
377692.373957796,377752.373957796,650,230,171.321449323953,0,0
377752.373957796,377812.373957796,650,230,177.321449323953,0,0
377812.373957796,377872.373957796,650,230,183.321449323953,0,0
377872.373957796,377932.373957796,650,230,189.321449323953,0,0
377932.373957796,377992.373957796,650,230,195.321449323953,0,0
377992.373957796,378052.373957796,650,230,201.321449323953,0,0
378052.373957796,378112.373957796,650,230,207.321449323953,0,0
378112.373957796,378172.373957796,650,230,213.321449323953,0,0
378172.373957796,378232.373957796,650,230,219.321449323953,0,0
378232.373957796,378292.373957796,650,230,225.321449323953,0,0
378292.373957796,378352.373957796,650,230,231.321449323953,0,0
378352.373957796,378412.373957796,650,230,237.321449323953,0,0
378412.373957796,378472.373957796,650,230,243.321449323953,0,0
378472.373957796,378532.373957796,650,230,249.321449323953,0,0
378532.373957796,378592.373957796,650,230,255.321449323953,0,0
378592.373957796,378652.373957796,650,230,261.321449323953,0,0
378652.373957796,378712.373957796,650,230,267.321449323953,0,0
378712.373957796,378772.373957796,650,230,273.321449323953,0,0
378772.373957796,378773.525790977,650,230,273.436632641998,0,0
378773.525790977,378833.525790977,650,560,274.786632641998,0,1
378833.525790977,378893.525790977,650,560,276.136632641998,0,1
378893.525790977,378953.525790977,650,560,277.486632641998,0,1
378953.525790977,379013.525790977,650,560,278.836632641998,0,1
379013.525790977,379073.525790977,650,560,280.186632641998,0,1
379073.525790977,379133.525790977,650,560,281.536632641998,0,1
379133.525790977,379193.525790977,650,560,282.886632641998,0,1
379193.525790977,379253.525790977,650,560,284.236632641998,0,1
379253.525790977,379313.525790977,650,560,285.586632641998,0,1
379313.525790977,379373.525790977,650,560,286.936632641998,0,1
379373.525790977,379433.525790977,650,560,288.286632641998,0,1
379433.525790977,379493.525790977,650,560,289.636632641998,0,1
379493.525790977,379553.525790977,650,560,290.986632641998,0,1
379553.525790977,379613.525790977,650,560,292.336632641998,0,1
379613.525790977,379673.525790977,650,560,293.686632641998,0,1
379673.525790977,379733.525790977,650,560,295.036632641998,0,1
379733.525790977,379793.525790977,650,560,296.386632641998,0,1
379793.525790977,379853.525790977,650,560,297.736632641998,0,1
379853.525790977,379913.525790977,650,560,299.086632641999,0,1
379913.525790977,379973.525790977,650,560,300,0,1
379973.525790977,380033.525790977,650,560,300,0,1
380033.525790977,380093.525790977,650,560,300,0,1
380093.525790977,380153.525790977,650,560,300,0,1
380153.525790977,380213.525790977,650,560,300,0,1
380213.525790977,380273.525790977,650,560,300,0,1
380273.525790977,380333.525790977,650,560,300,0,1
380333.525790977,380393.525790977,650,560,300,0,1
380393.525790977,380453.525790977,650,560,300,0,1
380453.525790977,380513.525790977,650,560,300,0,1
380513.525790977,380573.525790977,650,560,300,0,1
380573.525790977,380574.677624157,650,560,300,0,1
380574.677624157,380634.677624157,0,560,289.62962962963,0,1
380634.677624157,380694.677624157,0,560,279.259259259259,0,1
380694.677624157,380754.677624157,0,560,268.888888888889,0,1
380754.677624157,380814.677624157,0,560,258.518518518518,0,1
380814.677624157,380874.677624157,0,560,248.148148148148,0,1
380874.677624157,380934.677624157,0,560,237.777777777778,0,1
380934.677624157,380994.677624157,0,560,227.407407407407,0,1
380994.677624157,381054.677624157,0,560,217.037037037037,0,1
381054.677624157,381114.677624157,0,560,206.666666666667,0,1
381114.677624157,381174.677624157,0,230,202.407407407407,0,0
381174.677624157,381234.677624157,0,230,198.148148148148,0,0
381234.677624157,381294.677624157,0,230,193.888888888889,0,0
381294.677624157,381354.677624157,0,230,189.62962962963,0,0
381354.677624157,381414.677624157,0,230,185.37037037037,0,0
381414.677624157,381474.677624157,0,230,181.111111111111,0,0
381474.677624157,381534.677624157,0,230,176.851851851852,0,0
381534.677624157,381594.677624157,0,230,172.592592592592,0,0
381594.677624157,381643.022198484,0,230,169.160724661976,0,0
381643.022198484,381703.022198484,0,230,164.901465402717,0,0
381703.022198484,381763.022198484,0,230,160.642206143458,0,0
381763.022198484,381823.022198484,0,230,156.382946884199,0,0
381823.022198484,381883.022198484,0,230,152.123687624939,0,0
381883.022198484,381943.022198484,0,230,147.86442836568,0,0
381943.022198484,382003.022198484,0,230,143.605169106421,0,0
382003.022198484,382063.022198484,0,230,139.345909847161,0,0
382063.022198484,382123.022198484,0,230,135.086650587902,0,0
382123.022198484,382183.022198484,0,230,130.827391328643,0,0
382183.022198484,382243.022198484,0,230,126.568132069384,0,0
382243.022198484,382303.022198484,0,230,122.308872810124,0,0
382303.022198484,382363.022198484,0,230,118.049613550865,0,0
382363.022198484,382423.022198484,0,230,113.790354291606,0,0
382423.022198484,382483.022198484,0,230,109.531095032347,0,0
382483.022198484,382543.022198484,0,230,105.271835773087,0,0
382543.022198484,382603.022198484,0,230,101.012576513828,0,0
382603.022198484,382663.022198484,0,230,96.7533172545688,0,0
382663.022198484,382711.366772811,0,230,93.3214493239526,0,0
382711.366772811,382771.366772811,650,230,99.3214493239526,0,0
382771.366772811,382831.366772811,650,230,105.321449323953,0,0
382831.366772811,382891.366772811,650,230,111.321449323953,0,0
382891.366772811,382951.366772811,650,230,117.321449323953,0,0
382951.366772811,383011.366772811,650,230,123.321449323953,0,0
383011.366772811,383071.366772811,650,230,129.321449323953,0,0
383071.366772811,383131.366772811,650,230,135.321449323953,0,0
383131.366772811,383191.366772811,650,230,141.321449323953,0,0
383191.366772811,383251.366772811,650,230,147.321449323953,0,0
383251.366772811,383311.366772811,650,230,153.321449323953,0,0
383311.366772811,383371.366772811,650,230,159.321449323953,0,0
383371.366772811,383431.366772811,650,230,165.321449323953,0,0
383431.366772811,383491.366772811,650,230,171.321449323953,0,0
383491.366772811,383551.366772811,650,230,177.321449323953,0,0
383551.366772811,383611.366772811,650,230,183.321449323953,0,0
383611.366772811,383671.366772811,650,230,189.321449323953,0,0
383671.366772811,383731.366772811,650,230,195.321449323953,0,0
383731.366772811,383791.366772811,650,230,201.321449323953,0,0
383791.366772811,383851.366772811,650,230,207.321449323953,0,0
383851.366772811,383911.366772811,650,230,213.321449323953,0,0
383911.366772811,383971.366772811,650,230,219.321449323953,0,0
383971.366772811,384031.366772811,650,230,225.321449323953,0,0
384031.366772811,384091.366772811,650,230,231.321449323953,0,0
384091.366772811,384151.366772811,650,230,237.321449323953,0,0
384151.366772811,384211.366772811,650,230,243.321449323953,0,0
384211.366772811,384271.366772811,650,230,249.321449323953,0,0
384271.366772811,384331.366772811,650,230,255.321449323953,0,0
384331.366772811,384391.366772811,650,230,261.321449323953,0,0
384391.366772811,384451.366772811,650,230,267.321449323953,0,0
384451.366772811,384511.366772811,650,230,273.321449323953,0,0
384511.366772811,384512.518605991,650,230,273.436632641998,0,0
384512.518605991,384572.518605991,650,560,274.786632641998,0,1
384572.518605991,384632.518605991,650,560,276.136632641998,0,1
384632.518605991,384692.518605991,650,560,277.486632641998,0,1
384692.518605991,384752.518605991,650,560,278.836632641998,0,1
384752.518605991,384812.518605991,650,560,280.186632641998,0,1
384812.518605991,384872.518605991,650,560,281.536632641998,0,1
384872.518605991,384932.518605991,650,560,282.886632641998,0,1
384932.518605991,384992.518605991,650,560,284.236632641998,0,1
384992.518605991,385052.518605991,650,560,285.586632641998,0,1
385052.518605991,385112.518605991,650,560,286.936632641998,0,1
385112.518605991,385172.518605991,650,560,288.286632641998,0,1
385172.518605991,385232.518605991,650,560,289.636632641998,0,1
385232.518605991,385292.518605991,650,560,290.986632641998,0,1
385292.518605991,385352.518605991,650,560,292.336632641998,0,1
385352.518605991,385412.518605991,650,560,293.686632641998,0,1
385412.518605991,385472.518605991,650,560,295.036632641998,0,1
385472.518605991,385532.518605991,650,560,296.386632641998,0,1
385532.518605991,385592.518605991,650,560,297.736632641998,0,1
385592.518605991,385652.518605991,650,560,299.086632641999,0,1
385652.518605991,385712.518605991,650,560,300,0,1
385712.518605991,385772.518605991,650,560,300,0,1
385772.518605991,385832.518605991,650,560,300,0,1
385832.518605991,385892.518605991,650,560,300,0,1
385892.518605991,385952.518605991,650,560,300,0,1
385952.518605991,386012.518605991,650,560,300,0,1
386012.518605991,386072.518605991,650,560,300,0,1
386072.518605991,386132.518605991,650,560,300,0,1
386132.518605991,386192.518605991,650,560,300,0,1
386192.518605991,386252.518605991,650,560,300,0,1
386252.518605991,386312.518605991,650,560,300,0,1
386312.518605991,386313.670439172,650,560,300,0,1
386313.670439172,386373.670439172,0,560,289.62962962963,0,1
386373.670439172,386433.670439172,0,560,279.259259259259,0,1
386433.670439172,386493.670439172,0,560,268.888888888889,0,1
386493.670439172,386553.670439172,0,560,258.518518518518,0,1
386553.670439172,386613.670439172,0,560,248.148148148148,0,1
386613.670439172,386673.670439172,0,560,237.777777777778,0,1
386673.670439172,386733.670439172,0,560,227.407407407407,0,1
386733.670439172,386793.670439172,0,560,217.037037037037,0,1
386793.670439172,386853.670439172,0,560,206.666666666667,0,1
386853.670439172,386913.670439172,0,230,202.407407407407,0,0
386913.670439172,386973.670439172,0,230,198.148148148148,0,0
386973.670439172,387033.670439172,0,230,193.888888888889,0,0
387033.670439172,387093.670439172,0,230,189.62962962963,0,0
387093.670439172,387153.670439172,0,230,185.37037037037,0,0
387153.670439172,387213.670439172,0,230,181.111111111111,0,0
387213.670439172,387273.670439172,0,230,176.851851851852,0,0
387273.670439172,387333.670439172,0,230,172.592592592592,0,0
387333.670439172,387382.015013499,0,230,169.160724661976,0,0
387382.015013499,387442.015013499,0,230,164.901465402717,0,0
387442.015013499,387502.015013499,0,230,160.642206143458,0,0
387502.015013499,387562.015013499,0,230,156.382946884199,0,0
387562.015013499,387622.015013499,0,230,152.123687624939,0,0
387622.015013499,387682.015013499,0,230,147.86442836568,0,0
387682.015013499,387742.015013499,0,230,143.605169106421,0,0
387742.015013499,387802.015013499,0,230,139.345909847161,0,0
387802.015013499,387862.015013499,0,230,135.086650587902,0,0
387862.015013499,387922.015013499,0,230,130.827391328643,0,0
387922.015013499,387982.015013499,0,230,126.568132069384,0,0
387982.015013499,388042.015013499,0,230,122.308872810124,0,0
388042.015013499,388102.015013499,0,230,118.049613550865,0,0
388102.015013499,388162.015013499,0,230,113.790354291606,0,0
388162.015013499,388222.015013499,0,230,109.531095032347,0,0
388222.015013499,388282.015013499,0,230,105.271835773087,0,0
388282.015013499,388342.015013499,0,230,101.012576513828,0,0
388342.015013499,388402.015013499,0,230,96.7533172545688,0,0
388402.015013499,388450.359587826,0,230,93.3214493239526,0,0
388450.359587826,388510.359587826,650,230,99.3214493239526,0,0
388510.359587826,388570.359587826,650,230,105.321449323953,0,0
388570.359587826,388630.359587826,650,230,111.321449323953,0,0
388630.359587826,388690.359587826,650,230,117.321449323953,0,0
388690.359587826,388750.359587826,650,230,123.321449323953,0,0
388750.359587826,388810.359587826,650,230,129.321449323953,0,0
388810.359587826,388870.359587826,650,230,135.321449323953,0,0
388870.359587826,388930.359587826,650,230,141.321449323953,0,0
388930.359587826,388990.359587826,650,230,147.321449323953,0,0
388990.359587826,389050.359587826,650,230,153.321449323953,0,0
389050.359587826,389110.359587826,650,230,159.321449323953,0,0
389110.359587826,389170.359587826,650,230,165.321449323953,0,0
389170.359587826,389230.359587826,650,230,171.321449323953,0,0
389230.359587826,389290.359587826,650,230,177.321449323953,0,0
389290.359587826,389350.359587826,650,230,183.321449323953,0,0
389350.359587826,389410.359587826,650,230,189.321449323953,0,0
389410.359587826,389470.359587826,650,230,195.321449323953,0,0
389470.359587826,389530.359587826,650,230,201.321449323953,0,0
389530.359587826,389590.359587826,650,230,207.321449323953,0,0
389590.359587826,389650.359587826,650,230,213.321449323953,0,0
389650.359587826,389710.359587826,650,230,219.321449323953,0,0
389710.359587826,389770.359587826,650,230,225.321449323953,0,0
389770.359587826,389830.359587826,650,230,231.321449323953,0,0
389830.359587826,389890.359587826,650,230,237.321449323953,0,0
389890.359587826,389950.359587826,650,230,243.321449323953,0,0
389950.359587826,390010.359587826,650,230,249.321449323953,0,0
390010.359587826,390070.359587826,650,230,255.321449323953,0,0
390070.359587826,390130.359587826,650,230,261.321449323953,0,0
390130.359587826,390190.359587826,650,230,267.321449323953,0,0
390190.359587826,390250.359587826,650,230,273.321449323953,0,0
390250.359587826,390251.511421006,650,230,273.436632641998,0,0
390251.511421006,390311.511421006,650,560,274.786632641998,0,1
390311.511421006,390371.511421006,650,560,276.136632641998,0,1
390371.511421006,390431.511421006,650,560,277.486632641998,0,1
390431.511421006,390491.511421006,650,560,278.836632641998,0,1
390491.511421006,390551.511421006,650,560,280.186632641998,0,1
390551.511421006,390611.511421006,650,560,281.536632641998,0,1
390611.511421006,390671.511421006,650,560,282.886632641998,0,1
390671.511421006,390731.511421006,650,560,284.236632641998,0,1
390731.511421006,390791.511421006,650,560,285.586632641998,0,1
390791.511421006,390851.511421006,650,560,286.936632641998,0,1
390851.511421006,390911.511421006,650,560,288.286632641998,0,1
390911.511421006,390971.511421006,650,560,289.636632641998,0,1
390971.511421006,391031.511421006,650,560,290.986632641998,0,1
391031.511421006,391091.511421006,650,560,292.336632641998,0,1
391091.511421006,391151.511421006,650,560,293.686632641998,0,1
391151.511421006,391211.511421006,650,560,295.036632641998,0,1
391211.511421006,391271.511421006,650,560,296.386632641998,0,1
391271.511421006,391331.511421006,650,560,297.736632641998,0,1
391331.511421006,391391.511421006,650,560,299.086632641999,0,1
391391.511421006,391451.511421006,650,560,300,0,1
391451.511421006,391511.511421006,650,560,300,0,1
391511.511421006,391571.511421006,650,560,300,0,1
391571.511421006,391631.511421006,650,560,300,0,1
391631.511421006,391691.511421006,650,560,300,0,1
391691.511421006,391751.511421006,650,560,300,0,1
391751.511421006,391811.511421006,650,560,300,0,1
391811.511421006,391871.511421006,650,560,300,0,1
391871.511421006,391931.511421006,650,560,300,0,1
391931.511421006,391991.511421006,650,560,300,0,1
391991.511421006,392051.511421006,650,560,300,0,1
392051.511421006,392052.663254187,650,560,300,0,1
392052.663254187,392112.663254187,0,560,289.62962962963,0,1
392112.663254187,392172.663254187,0,560,279.259259259259,0,1
392172.663254187,392232.663254187,0,560,268.888888888889,0,1
392232.663254187,392292.663254187,0,560,258.518518518518,0,1
392292.663254187,392352.663254187,0,560,248.148148148148,0,1
392352.663254187,392412.663254187,0,560,237.777777777778,0,1
392412.663254187,392472.663254187,0,560,227.407407407407,0,1
392472.663254187,392532.663254187,0,560,217.037037037037,0,1
392532.663254187,392592.663254187,0,560,206.666666666667,0,1
392592.663254187,392652.663254187,0,230,202.407407407407,0,0
392652.663254187,392712.663254187,0,230,198.148148148148,0,0
392712.663254187,392772.663254187,0,230,193.888888888889,0,0
392772.663254187,392832.663254187,0,230,189.62962962963,0,0
392832.663254187,392892.663254187,0,230,185.37037037037,0,0
392892.663254187,392952.663254187,0,230,181.111111111111,0,0
392952.663254187,393012.663254187,0,230,176.851851851852,0,0
393012.663254187,393072.663254187,0,230,172.592592592592,0,0
393072.663254187,393121.007828514,0,230,169.160724661976,0,0
393121.007828514,393181.007828514,0,230,164.901465402717,0,0
393181.007828514,393241.007828514,0,230,160.642206143458,0,0
393241.007828514,393301.007828514,0,230,156.382946884199,0,0
393301.007828514,393361.007828514,0,230,152.123687624939,0,0
393361.007828514,393421.007828514,0,230,147.86442836568,0,0
393421.007828514,393481.007828514,0,230,143.605169106421,0,0
393481.007828514,393541.007828514,0,230,139.345909847161,0,0
393541.007828514,393601.007828514,0,230,135.086650587902,0,0
393601.007828514,393661.007828514,0,230,130.827391328643,0,0
393661.007828514,393721.007828514,0,230,126.568132069384,0,0
393721.007828514,393781.007828514,0,230,122.308872810124,0,0
393781.007828514,393841.007828514,0,230,118.049613550865,0,0
393841.007828514,393901.007828514,0,230,113.790354291606,0,0
393901.007828514,393961.007828514,0,230,109.531095032347,0,0
393961.007828514,394021.007828514,0,230,105.271835773087,0,0
394021.007828514,394081.007828514,0,230,101.012576513828,0,0
394081.007828514,394141.007828514,0,230,96.7533172545688,0,0
394141.007828514,394189.352402841,0,230,93.3214493239526,0,0
394189.352402841,394249.352402841,650,230,99.3214493239526,0,0
394249.352402841,394309.352402841,650,230,105.321449323953,0,0
394309.352402841,394369.352402841,650,230,111.321449323953,0,0
394369.352402841,394429.352402841,650,230,117.321449323953,0,0
394429.352402841,394489.352402841,650,230,123.321449323953,0,0
394489.352402841,394549.352402841,650,230,129.321449323953,0,0
394549.352402841,394609.352402841,650,230,135.321449323953,0,0
394609.352402841,394669.352402841,650,230,141.321449323953,0,0
394669.352402841,394729.352402841,650,230,147.321449323953,0,0
394729.352402841,394789.352402841,650,230,153.321449323953,0,0
394789.352402841,394849.352402841,650,230,159.321449323953,0,0
394849.352402841,394909.352402841,650,230,165.321449323953,0,0
394909.352402841,394969.352402841,650,230,171.321449323953,0,0
394969.352402841,395029.352402841,650,230,177.321449323953,0,0
395029.352402841,395089.352402841,650,230,183.321449323953,0,0
395089.352402841,395149.352402841,650,230,189.321449323953,0,0
395149.352402841,395209.352402841,650,230,195.321449323953,0,0
395209.352402841,395269.352402841,650,230,201.321449323953,0,0
395269.352402841,395329.352402841,650,230,207.321449323953,0,0
395329.352402841,395389.352402841,650,230,213.321449323953,0,0
395389.352402841,395449.352402841,650,230,219.321449323953,0,0
395449.352402841,395509.352402841,650,230,225.321449323953,0,0
395509.352402841,395569.352402841,650,230,231.321449323953,0,0
395569.352402841,395629.352402841,650,230,237.321449323953,0,0
395629.352402841,395689.352402841,650,230,243.321449323953,0,0
395689.352402841,395749.352402841,650,230,249.321449323953,0,0
395749.352402841,395809.352402841,650,230,255.321449323953,0,0
395809.352402841,395869.352402841,650,230,261.321449323953,0,0
395869.352402841,395929.352402841,650,230,267.321449323953,0,0
395929.352402841,395989.352402841,650,230,273.321449323953,0,0
395989.352402841,395990.504236021,650,230,273.436632641998,0,0
395990.504236021,396050.504236021,650,560,274.786632641998,0,1
396050.504236021,396110.504236021,650,560,276.136632641998,0,1
396110.504236021,396170.504236021,650,560,277.486632641998,0,1
396170.504236021,396230.504236021,650,560,278.836632641998,0,1
396230.504236021,396290.504236021,650,560,280.186632641998,0,1
396290.504236021,396350.504236021,650,560,281.536632641998,0,1
396350.504236021,396410.504236021,650,560,282.886632641998,0,1
396410.504236021,396470.504236021,650,560,284.236632641998,0,1
396470.504236021,396530.504236021,650,560,285.586632641998,0,1
396530.504236021,396590.504236021,650,560,286.936632641998,0,1
396590.504236021,396650.504236021,650,560,288.286632641998,0,1
396650.504236021,396710.504236021,650,560,289.636632641998,0,1
396710.504236021,396770.504236021,650,560,290.986632641998,0,1
396770.504236021,396830.504236021,650,560,292.336632641998,0,1
396830.504236021,396890.504236021,650,560,293.686632641998,0,1
396890.504236021,396950.504236021,650,560,295.036632641998,0,1
396950.504236021,397010.504236021,650,560,296.386632641998,0,1
397010.504236021,397070.504236021,650,560,297.736632641998,0,1
397070.504236021,397130.504236021,650,560,299.086632641999,0,1
397130.504236021,397190.504236021,650,560,300,0,1
397190.504236021,397250.504236021,650,560,300,0,1
397250.504236021,397310.504236021,650,560,300,0,1
397310.504236021,397370.504236021,650,560,300,0,1
397370.504236021,397430.504236021,650,560,300,0,1
397430.504236021,397490.504236021,650,560,300,0,1
397490.504236021,397550.504236021,650,560,300,0,1
397550.504236021,397610.504236021,650,560,300,0,1
397610.504236021,397670.504236021,650,560,300,0,1
397670.504236021,397730.504236021,650,560,300,0,1
397730.504236021,397790.504236021,650,560,300,0,1
397790.504236021,397791.656069202,650,560,300,0,1
397791.656069202,397851.656069202,0,560,289.62962962963,0,1
397851.656069202,397911.656069202,0,560,279.259259259259,0,1
397911.656069202,397971.656069202,0,560,268.888888888889,0,1
397971.656069202,398031.656069202,0,560,258.518518518518,0,1
398031.656069202,398091.656069202,0,560,248.148148148148,0,1
398091.656069202,398151.656069202,0,560,237.777777777778,0,1
398151.656069202,398211.656069202,0,560,227.407407407407,0,1
398211.656069202,398271.656069202,0,560,217.037037037037,0,1
398271.656069202,398331.656069202,0,560,206.666666666667,0,1
398331.656069202,398391.656069202,0,230,202.407407407407,0,0
398391.656069202,398451.656069202,0,230,198.148148148148,0,0
398451.656069202,398511.656069202,0,230,193.888888888889,0,0
398511.656069202,398571.656069202,0,230,189.62962962963,0,0
398571.656069202,398631.656069202,0,230,185.37037037037,0,0
398631.656069202,398691.656069202,0,230,181.111111111111,0,0
398691.656069202,398751.656069202,0,230,176.851851851852,0,0
398751.656069202,398811.656069202,0,230,172.592592592592,0,0
398811.656069202,398860.000643528,0,230,169.160724661976,0,0
398860.000643528,398920.000643528,0,230,164.901465402717,0,0
398920.000643528,398980.000643528,0,230,160.642206143458,0,0
398980.000643528,399040.000643528,0,230,156.382946884199,0,0
399040.000643528,399100.000643528,0,230,152.123687624939,0,0
399100.000643528,399160.000643528,0,230,147.86442836568,0,0
399160.000643528,399220.000643528,0,230,143.605169106421,0,0
399220.000643528,399280.000643528,0,230,139.345909847161,0,0
399280.000643528,399340.000643528,0,230,135.086650587902,0,0
399340.000643528,399400.000643528,0,230,130.827391328643,0,0
399400.000643528,399460.000643528,0,230,126.568132069384,0,0
399460.000643528,399520.000643528,0,230,122.308872810124,0,0
399520.000643528,399580.000643528,0,230,118.049613550865,0,0
399580.000643528,399640.000643528,0,230,113.790354291606,0,0
399640.000643528,399700.000643528,0,230,109.531095032347,0,0
399700.000643528,399760.000643528,0,230,105.271835773087,0,0
399760.000643528,399820.000643528,0,230,101.012576513828,0,0
399820.000643528,399880.000643528,0,230,96.7533172545688,0,0
399880.000643528,399928.345217855,0,230,93.3214493239526,0,0
399928.345217855,399988.345217855,650,230,99.3214493239526,0,0
399988.345217855,400048.345217855,650,230,105.321449323953,0,0
400048.345217855,400108.345217855,650,230,111.321449323953,0,0
400108.345217855,400168.345217855,650,230,117.321449323953,0,0
400168.345217855,400228.345217855,650,230,123.321449323953,0,0
400228.345217855,400288.345217855,650,230,129.321449323953,0,0
400288.345217855,400348.345217855,650,230,135.321449323953,0,0
400348.345217855,400408.345217855,650,230,141.321449323953,0,0
400408.345217855,400468.345217855,650,230,147.321449323953,0,0
400468.345217855,400528.345217855,650,230,153.321449323953,0,0
400528.345217855,400588.345217855,650,230,159.321449323953,0,0
400588.345217855,400648.345217855,650,230,165.321449323953,0,0
400648.345217855,400708.345217855,650,230,171.321449323953,0,0
400708.345217855,400768.345217855,650,230,177.321449323953,0,0
400768.345217855,400828.345217855,650,230,183.321449323953,0,0
400828.345217855,400888.345217855,650,230,189.321449323953,0,0
400888.345217855,400948.345217855,650,230,195.321449323953,0,0
400948.345217855,401008.345217855,650,230,201.321449323953,0,0
401008.345217855,401068.345217855,650,230,207.321449323953,0,0
401068.345217855,401128.345217855,650,230,213.321449323953,0,0
401128.345217855,401188.345217855,650,230,219.321449323953,0,0
401188.345217855,401248.345217855,650,230,225.321449323953,0,0
401248.345217855,401308.345217855,650,230,231.321449323953,0,0
401308.345217855,401368.345217855,650,230,237.321449323953,0,0
401368.345217855,401428.345217855,650,230,243.321449323953,0,0
401428.345217855,401488.345217855,650,230,249.321449323953,0,0
401488.345217855,401548.345217855,650,230,255.321449323953,0,0
401548.345217855,401608.345217855,650,230,261.321449323953,0,0
401608.345217855,401668.345217855,650,230,267.321449323953,0,0
401668.345217855,401728.345217855,650,230,273.321449323953,0,0
401728.345217855,401729.497051036,650,230,273.436632641998,0,0
401729.497051036,401789.497051036,650,560,274.786632641998,0,1
401789.497051036,401849.497051036,650,560,276.136632641998,0,1
401849.497051036,401909.497051036,650,560,277.486632641998,0,1
401909.497051036,401969.497051036,650,560,278.836632641998,0,1
401969.497051036,402029.497051036,650,560,280.186632641998,0,1
402029.497051036,402089.497051036,650,560,281.536632641998,0,1
402089.497051036,402149.497051036,650,560,282.886632641998,0,1
402149.497051036,402209.497051036,650,560,284.236632641998,0,1
402209.497051036,402269.497051036,650,560,285.586632641998,0,1
402269.497051036,402329.497051036,650,560,286.936632641998,0,1
402329.497051036,402389.497051036,650,560,288.286632641998,0,1
402389.497051036,402449.497051036,650,560,289.636632641998,0,1
402449.497051036,402509.497051036,650,560,290.986632641998,0,1
402509.497051036,402569.497051036,650,560,292.336632641998,0,1
402569.497051036,402629.497051036,650,560,293.686632641998,0,1
402629.497051036,402689.497051036,650,560,295.036632641998,0,1
402689.497051036,402749.497051036,650,560,296.386632641998,0,1
402749.497051036,402809.497051036,650,560,297.736632641998,0,1
402809.497051036,402869.497051036,650,560,299.086632641999,0,1
402869.497051036,402929.497051036,650,560,300,0,1
402929.497051036,402989.497051036,650,560,300,0,1
402989.497051036,403049.497051036,650,560,300,0,1
403049.497051036,403109.497051036,650,560,300,0,1
403109.497051036,403169.497051036,650,560,300,0,1
403169.497051036,403229.497051036,650,560,300,0,1
403229.497051036,403289.497051036,650,560,300,0,1
403289.497051036,403349.497051036,650,560,300,0,1
403349.497051036,403409.497051036,650,560,300,0,1
403409.497051036,403469.497051036,650,560,300,0,1
403469.497051036,403529.497051036,650,560,300,0,1
403529.497051036,403530.648884216,650,560,300,0,1
403530.648884216,403590.648884216,0,560,289.62962962963,0,1
403590.648884216,403650.648884216,0,560,279.259259259259,0,1
403650.648884216,403710.648884216,0,560,268.888888888889,0,1
403710.648884216,403770.648884216,0,560,258.518518518518,0,1
403770.648884216,403830.648884216,0,560,248.148148148148,0,1
403830.648884216,403890.648884216,0,560,237.777777777778,0,1
403890.648884216,403950.648884216,0,560,227.407407407407,0,1
403950.648884216,404010.648884216,0,560,217.037037037037,0,1
404010.648884216,404070.648884216,0,560,206.666666666667,0,1
404070.648884216,404130.648884216,0,230,202.407407407407,0,0
404130.648884216,404190.648884216,0,230,198.148148148148,0,0
404190.648884216,404250.648884216,0,230,193.888888888889,0,0
404250.648884216,404310.648884216,0,230,189.62962962963,0,0
404310.648884216,404370.648884216,0,230,185.37037037037,0,0
404370.648884216,404430.648884216,0,230,181.111111111111,0,0
404430.648884216,404490.648884216,0,230,176.851851851852,0,0
404490.648884216,404550.648884216,0,230,172.592592592592,0,0
404550.648884216,404598.993458543,0,230,169.160724661976,0,0
404598.993458543,404658.993458543,0,230,164.901465402717,0,0
404658.993458543,404718.993458543,0,230,160.642206143458,0,0
404718.993458543,404778.993458543,0,230,156.382946884199,0,0
404778.993458543,404838.993458543,0,230,152.123687624939,0,0
404838.993458543,404898.993458543,0,230,147.86442836568,0,0
404898.993458543,404958.993458543,0,230,143.605169106421,0,0
404958.993458543,405018.993458543,0,230,139.345909847161,0,0
405018.993458543,405078.993458543,0,230,135.086650587902,0,0
405078.993458543,405138.993458543,0,230,130.827391328643,0,0
405138.993458543,405198.993458543,0,230,126.568132069384,0,0
405198.993458543,405258.993458543,0,230,122.308872810124,0,0
405258.993458543,405318.993458543,0,230,118.049613550865,0,0
405318.993458543,405378.993458543,0,230,113.790354291606,0,0
405378.993458543,405438.993458543,0,230,109.531095032347,0,0
405438.993458543,405498.993458543,0,230,105.271835773087,0,0
405498.993458543,405558.993458543,0,230,101.012576513828,0,0
405558.993458543,405618.993458543,0,230,96.7533172545688,0,0
405618.993458543,405667.33803287,0,230,93.3214493239526,0,0
405667.33803287,405727.33803287,650,230,99.3214493239526,0,0
405727.33803287,405787.33803287,650,230,105.321449323953,0,0
405787.33803287,405847.33803287,650,230,111.321449323953,0,0
405847.33803287,405907.33803287,650,230,117.321449323953,0,0
405907.33803287,405967.33803287,650,230,123.321449323953,0,0
405967.33803287,406027.33803287,650,230,129.321449323953,0,0
406027.33803287,406087.33803287,650,230,135.321449323953,0,0
406087.33803287,406147.33803287,650,230,141.321449323953,0,0
406147.33803287,406207.33803287,650,230,147.321449323953,0,0
406207.33803287,406267.33803287,650,230,153.321449323953,0,0
406267.33803287,406327.33803287,650,230,159.321449323953,0,0
406327.33803287,406387.33803287,650,230,165.321449323953,0,0
406387.33803287,406447.33803287,650,230,171.321449323953,0,0
406447.33803287,406507.33803287,650,230,177.321449323953,0,0
406507.33803287,406567.33803287,650,230,183.321449323953,0,0
406567.33803287,406627.33803287,650,230,189.321449323953,0,0
406627.33803287,406687.33803287,650,230,195.321449323953,0,0
406687.33803287,406747.33803287,650,230,201.321449323953,0,0
406747.33803287,406807.33803287,650,230,207.321449323953,0,0
406807.33803287,406867.33803287,650,230,213.321449323953,0,0
406867.33803287,406927.33803287,650,230,219.321449323953,0,0
406927.33803287,406987.33803287,650,230,225.321449323953,0,0
406987.33803287,407047.33803287,650,230,231.321449323953,0,0
407047.33803287,407107.33803287,650,230,237.321449323953,0,0
407107.33803287,407167.33803287,650,230,243.321449323953,0,0
407167.33803287,407227.33803287,650,230,249.321449323953,0,0
407227.33803287,407287.33803287,650,230,255.321449323953,0,0
407287.33803287,407347.33803287,650,230,261.321449323953,0,0
407347.33803287,407407.33803287,650,230,267.321449323953,0,0
407407.33803287,407467.33803287,650,230,273.321449323953,0,0
407467.33803287,407468.489866051,650,230,273.436632641998,0,0
407468.489866051,407528.489866051,650,560,274.786632641998,0,1
407528.489866051,407588.489866051,650,560,276.136632641998,0,1
407588.489866051,407648.489866051,650,560,277.486632641998,0,1
407648.489866051,407708.489866051,650,560,278.836632641998,0,1
407708.489866051,407768.489866051,650,560,280.186632641998,0,1
407768.489866051,407828.489866051,650,560,281.536632641998,0,1
407828.489866051,407888.489866051,650,560,282.886632641998,0,1
407888.489866051,407948.489866051,650,560,284.236632641998,0,1
407948.489866051,408008.489866051,650,560,285.586632641998,0,1
408008.489866051,408068.489866051,650,560,286.936632641998,0,1
408068.489866051,408128.489866051,650,560,288.286632641998,0,1
408128.489866051,408188.489866051,650,560,289.636632641998,0,1
408188.489866051,408248.489866051,650,560,290.986632641998,0,1
408248.489866051,408308.489866051,650,560,292.336632641998,0,1
408308.489866051,408368.489866051,650,560,293.686632641998,0,1
408368.489866051,408428.489866051,650,560,295.036632641998,0,1
408428.489866051,408488.489866051,650,560,296.386632641998,0,1
408488.489866051,408548.489866051,650,560,297.736632641998,0,1
408548.489866051,408608.489866051,650,560,299.086632641999,0,1
408608.489866051,408668.489866051,650,560,300,0,1
408668.489866051,408728.489866051,650,560,300,0,1
408728.489866051,408788.489866051,650,560,300,0,1
408788.489866051,408848.489866051,650,560,300,0,1
408848.489866051,408908.489866051,650,560,300,0,1
408908.489866051,408968.489866051,650,560,300,0,1
408968.489866051,409028.489866051,650,560,300,0,1
409028.489866051,409088.489866051,650,560,300,0,1
409088.489866051,409148.489866051,650,560,300,0,1
409148.489866051,409208.489866051,650,560,300,0,1
409208.489866051,409268.489866051,650,560,300,0,1
409268.489866051,409269.641699231,650,560,300,0,1
409269.641699231,409329.641699231,0,560,289.62962962963,0,1
409329.641699231,409389.641699231,0,560,279.259259259259,0,1
409389.641699231,409449.641699231,0,560,268.888888888889,0,1
409449.641699231,409509.641699231,0,560,258.518518518518,0,1
409509.641699231,409569.641699231,0,560,248.148148148148,0,1
409569.641699231,409629.641699231,0,560,237.777777777778,0,1
409629.641699231,409689.641699231,0,560,227.407407407407,0,1
409689.641699231,409749.641699231,0,560,217.037037037037,0,1
409749.641699231,409809.641699231,0,560,206.666666666667,0,1
409809.641699231,409869.641699231,0,230,202.407407407407,0,0
409869.641699231,409929.641699231,0,230,198.148148148148,0,0
409929.641699231,409989.641699231,0,230,193.888888888889,0,0
409989.641699231,410049.641699231,0,230,189.62962962963,0,0
410049.641699231,410109.641699231,0,230,185.37037037037,0,0
410109.641699231,410169.641699231,0,230,181.111111111111,0,0
410169.641699231,410229.641699231,0,230,176.851851851852,0,0
410229.641699231,410289.641699231,0,230,172.592592592592,0,0
410289.641699231,410337.986273558,0,230,169.160724661976,0,0
410337.986273558,410397.986273558,0,230,164.901465402717,0,0
410397.986273558,410457.986273558,0,230,160.642206143458,0,0
410457.986273558,410517.986273558,0,230,156.382946884199,0,0
410517.986273558,410577.986273558,0,230,152.123687624939,0,0
410577.986273558,410637.986273558,0,230,147.86442836568,0,0
410637.986273558,410697.986273558,0,230,143.605169106421,0,0
410697.986273558,410757.986273558,0,230,139.345909847161,0,0
410757.986273558,410817.986273558,0,230,135.086650587902,0,0
410817.986273558,410877.986273558,0,230,130.827391328643,0,0
410877.986273558,410937.986273558,0,230,126.568132069384,0,0
410937.986273558,410997.986273558,0,230,122.308872810124,0,0
410997.986273558,411057.986273558,0,230,118.049613550865,0,0
411057.986273558,411117.986273558,0,230,113.790354291606,0,0
411117.986273558,411177.986273558,0,230,109.531095032347,0,0
411177.986273558,411237.986273558,0,230,105.271835773087,0,0
411237.986273558,411297.986273558,0,230,101.012576513828,0,0
411297.986273558,411357.986273558,0,230,96.7533172545688,0,0
411357.986273558,411406.330847885,0,230,93.3214493239526,0,0
411406.330847885,411466.330847885,650,230,99.3214493239526,0,0
411466.330847885,411526.330847885,650,230,105.321449323953,0,0
411526.330847885,411586.330847885,650,230,111.321449323953,0,0
411586.330847885,411646.330847885,650,230,117.321449323953,0,0
411646.330847885,411706.330847885,650,230,123.321449323953,0,0
411706.330847885,411766.330847885,650,230,129.321449323953,0,0
411766.330847885,411826.330847885,650,230,135.321449323953,0,0
411826.330847885,411886.330847885,650,230,141.321449323953,0,0
411886.330847885,411946.330847885,650,230,147.321449323953,0,0
411946.330847885,412006.330847885,650,230,153.321449323953,0,0
412006.330847885,412066.330847885,650,230,159.321449323953,0,0
412066.330847885,412126.330847885,650,230,165.321449323953,0,0
412126.330847885,412186.330847885,650,230,171.321449323953,0,0
412186.330847885,412246.330847885,650,230,177.321449323953,0,0
412246.330847885,412306.330847885,650,230,183.321449323953,0,0
412306.330847885,412366.330847885,650,230,189.321449323953,0,0
412366.330847885,412426.330847885,650,230,195.321449323953,0,0
412426.330847885,412486.330847885,650,230,201.321449323953,0,0
412486.330847885,412546.330847885,650,230,207.321449323953,0,0
412546.330847885,412606.330847885,650,230,213.321449323953,0,0
412606.330847885,412666.330847885,650,230,219.321449323953,0,0
412666.330847885,412726.330847885,650,230,225.321449323953,0,0
412726.330847885,412786.330847885,650,230,231.321449323953,0,0
412786.330847885,412846.330847885,650,230,237.321449323953,0,0
412846.330847885,412906.330847885,650,230,243.321449323953,0,0
412906.330847885,412966.330847885,650,230,249.321449323953,0,0
412966.330847885,413026.330847885,650,230,255.321449323953,0,0
413026.330847885,413086.330847885,650,230,261.321449323953,0,0
413086.330847885,413146.330847885,650,230,267.321449323953,0,0
413146.330847885,413206.330847885,650,230,273.321449323953,0,0
413206.330847885,413207.482681065,650,230,273.436632641998,0,0
413207.482681065,413267.482681065,650,560,274.786632641998,0,1
413267.482681065,413327.482681065,650,560,276.136632641998,0,1
413327.482681065,413387.482681065,650,560,277.486632641998,0,1
413387.482681065,413447.482681065,650,560,278.836632641998,0,1
413447.482681065,413507.482681065,650,560,280.186632641998,0,1
413507.482681065,413567.482681065,650,560,281.536632641998,0,1
413567.482681065,413627.482681065,650,560,282.886632641998,0,1
413627.482681065,413687.482681065,650,560,284.236632641998,0,1
413687.482681065,413747.482681065,650,560,285.586632641998,0,1
413747.482681065,413807.482681065,650,560,286.936632641998,0,1
413807.482681065,413867.482681065,650,560,288.286632641998,0,1
413867.482681065,413927.482681065,650,560,289.636632641998,0,1
413927.482681065,413987.482681065,650,560,290.986632641998,0,1
413987.482681065,414047.482681065,650,560,292.336632641998,0,1
414047.482681065,414107.482681065,650,560,293.686632641998,0,1
414107.482681065,414167.482681065,650,560,295.036632641998,0,1
414167.482681065,414227.482681065,650,560,296.386632641998,0,1
414227.482681065,414287.482681065,650,560,297.736632641998,0,1
414287.482681065,414347.482681065,650,560,299.086632641999,0,1
414347.482681065,414407.482681065,650,560,300,0,1
414407.482681065,414467.482681065,650,560,300,0,1
414467.482681065,414527.482681065,650,560,300,0,1
414527.482681065,414587.482681065,650,560,300,0,1
414587.482681065,414647.482681065,650,560,300,0,1
414647.482681065,414707.482681065,650,560,300,0,1
414707.482681065,414767.482681065,650,560,300,0,1
414767.482681065,414827.482681065,650,560,300,0,1
414827.482681065,414887.482681065,650,560,300,0,1
414887.482681065,414947.482681065,650,560,300,0,1
414947.482681065,415007.482681065,650,560,300,0,1
415007.482681065,415008.634514246,650,560,300,0,1
415008.634514246,415068.634514246,0,560,289.62962962963,0,1
415068.634514246,415128.634514246,0,560,279.259259259259,0,1
415128.634514246,415188.634514246,0,560,268.888888888889,0,1
415188.634514246,415248.634514246,0,560,258.518518518518,0,1
415248.634514246,415308.634514246,0,560,248.148148148148,0,1
415308.634514246,415368.634514246,0,560,237.777777777778,0,1
415368.634514246,415428.634514246,0,560,227.407407407407,0,1
415428.634514246,415488.634514246,0,560,217.037037037037,0,1
415488.634514246,415548.634514246,0,560,206.666666666667,0,1
415548.634514246,415608.634514246,0,230,202.407407407407,0,0
415608.634514246,415668.634514246,0,230,198.148148148148,0,0
415668.634514246,415728.634514246,0,230,193.888888888889,0,0
415728.634514246,415788.634514246,0,230,189.62962962963,0,0
415788.634514246,415848.634514246,0,230,185.37037037037,0,0
415848.634514246,415908.634514246,0,230,181.111111111111,0,0
415908.634514246,415968.634514246,0,230,176.851851851852,0,0
415968.634514246,416028.634514246,0,230,172.592592592592,0,0
416028.634514246,416076.979088573,0,230,169.160724661976,0,0
416076.979088573,416136.979088573,0,230,164.901465402717,0,0
416136.979088573,416196.979088573,0,230,160.642206143458,0,0
416196.979088573,416256.979088573,0,230,156.382946884199,0,0
416256.979088573,416316.979088573,0,230,152.123687624939,0,0
416316.979088573,416376.979088573,0,230,147.86442836568,0,0
416376.979088573,416436.979088573,0,230,143.605169106421,0,0
416436.979088573,416496.979088573,0,230,139.345909847161,0,0
416496.979088573,416556.979088573,0,230,135.086650587902,0,0
416556.979088573,416616.979088573,0,230,130.827391328643,0,0
416616.979088573,416676.979088573,0,230,126.568132069384,0,0
416676.979088573,416736.979088573,0,230,122.308872810124,0,0
416736.979088573,416796.979088573,0,230,118.049613550865,0,0
416796.979088573,416856.979088573,0,230,113.790354291606,0,0
416856.979088573,416916.979088573,0,230,109.531095032347,0,0
416916.979088573,416976.979088573,0,230,105.271835773087,0,0
416976.979088573,417036.979088573,0,230,101.012576513828,0,0
417036.979088573,417096.979088573,0,230,96.7533172545688,0,0
417096.979088573,417145.3236629,0,230,93.3214493239526,0,0
417145.3236629,417205.3236629,650,230,99.3214493239526,0,0
417205.3236629,417265.3236629,650,230,105.321449323953,0,0
417265.3236629,417325.3236629,650,230,111.321449323953,0,0
417325.3236629,417385.3236629,650,230,117.321449323953,0,0
417385.3236629,417445.3236629,650,230,123.321449323953,0,0
417445.3236629,417505.3236629,650,230,129.321449323953,0,0
417505.3236629,417565.3236629,650,230,135.321449323953,0,0
417565.3236629,417625.3236629,650,230,141.321449323953,0,0
417625.3236629,417685.3236629,650,230,147.321449323953,0,0
417685.3236629,417745.3236629,650,230,153.321449323953,0,0
417745.3236629,417805.3236629,650,230,159.321449323953,0,0
417805.3236629,417865.3236629,650,230,165.321449323953,0,0
417865.3236629,417925.3236629,650,230,171.321449323953,0,0
417925.3236629,417985.3236629,650,230,177.321449323953,0,0
417985.3236629,418045.3236629,650,230,183.321449323953,0,0
418045.3236629,418105.3236629,650,230,189.321449323953,0,0
418105.3236629,418165.3236629,650,230,195.321449323953,0,0
418165.3236629,418225.3236629,650,230,201.321449323953,0,0
418225.3236629,418285.3236629,650,230,207.321449323953,0,0
418285.3236629,418345.3236629,650,230,213.321449323953,0,0
418345.3236629,418405.3236629,650,230,219.321449323953,0,0
418405.3236629,418465.3236629,650,230,225.321449323953,0,0
418465.3236629,418525.3236629,650,230,231.321449323953,0,0
418525.3236629,418585.3236629,650,230,237.321449323953,0,0
418585.3236629,418645.3236629,650,230,243.321449323953,0,0
418645.3236629,418705.3236629,650,230,249.321449323953,0,0
418705.3236629,418765.3236629,650,230,255.321449323953,0,0
418765.3236629,418825.3236629,650,230,261.321449323953,0,0
418825.3236629,418885.3236629,650,230,267.321449323953,0,0
418885.3236629,418945.3236629,650,230,273.321449323953,0,0
418945.3236629,418946.47549608,650,230,273.436632641998,0,0
418946.47549608,419006.47549608,650,560,274.786632641998,0,1
419006.47549608,419066.47549608,650,560,276.136632641998,0,1
419066.47549608,419126.47549608,650,560,277.486632641998,0,1
419126.47549608,419186.47549608,650,560,278.836632641998,0,1
419186.47549608,419246.47549608,650,560,280.186632641998,0,1
419246.47549608,419306.47549608,650,560,281.536632641998,0,1
419306.47549608,419366.47549608,650,560,282.886632641998,0,1
419366.47549608,419426.47549608,650,560,284.236632641998,0,1
419426.47549608,419486.47549608,650,560,285.586632641998,0,1
419486.47549608,419546.47549608,650,560,286.936632641998,0,1
419546.47549608,419606.47549608,650,560,288.286632641998,0,1
419606.47549608,419666.47549608,650,560,289.636632641998,0,1
419666.47549608,419726.47549608,650,560,290.986632641998,0,1
419726.47549608,419786.47549608,650,560,292.336632641998,0,1
419786.47549608,419846.47549608,650,560,293.686632641998,0,1
419846.47549608,419906.47549608,650,560,295.036632641998,0,1
419906.47549608,419966.47549608,650,560,296.386632641998,0,1
419966.47549608,420026.47549608,650,560,297.736632641998,0,1
420026.47549608,420086.47549608,650,560,299.086632641999,0,1
420086.47549608,420146.47549608,650,560,300,0,1
420146.47549608,420206.47549608,650,560,300,0,1
420206.47549608,420266.47549608,650,560,300,0,1
420266.47549608,420326.47549608,650,560,300,0,1
420326.47549608,420386.47549608,650,560,300,0,1
420386.47549608,420446.47549608,650,560,300,0,1
420446.47549608,420506.47549608,650,560,300,0,1
420506.47549608,420566.47549608,650,560,300,0,1
420566.47549608,420626.47549608,650,560,300,0,1
420626.47549608,420686.47549608,650,560,300,0,1
420686.47549608,420746.47549608,650,560,300,0,1
420746.47549608,420747.627329261,650,560,300,0,1
420747.627329261,420807.627329261,0,560,289.62962962963,0,1
420807.627329261,420867.627329261,0,560,279.259259259259,0,1
420867.627329261,420927.627329261,0,560,268.888888888889,0,1
420927.627329261,420987.627329261,0,560,258.518518518518,0,1
420987.627329261,421047.627329261,0,560,248.148148148148,0,1
421047.627329261,421107.627329261,0,560,237.777777777778,0,1
421107.627329261,421167.627329261,0,560,227.407407407407,0,1
421167.627329261,421227.627329261,0,560,217.037037037037,0,1
421227.627329261,421287.627329261,0,560,206.666666666667,0,1
421287.627329261,421347.627329261,0,230,202.407407407407,0,0
421347.627329261,421407.627329261,0,230,198.148148148148,0,0
421407.627329261,421467.627329261,0,230,193.888888888889,0,0
421467.627329261,421527.627329261,0,230,189.62962962963,0,0
421527.627329261,421587.627329261,0,230,185.37037037037,0,0
421587.627329261,421647.627329261,0,230,181.111111111111,0,0
421647.627329261,421707.627329261,0,230,176.851851851852,0,0
421707.627329261,421767.627329261,0,230,172.592592592592,0,0
421767.627329261,421815.971903588,0,230,169.160724661976,0,0
421815.971903588,421875.971903588,0,230,164.901465402717,0,0
421875.971903588,421935.971903588,0,230,160.642206143458,0,0
421935.971903588,421995.971903588,0,230,156.382946884199,0,0
421995.971903588,422055.971903588,0,230,152.123687624939,0,0
422055.971903588,422115.971903588,0,230,147.86442836568,0,0
422115.971903588,422175.971903588,0,230,143.605169106421,0,0
422175.971903588,422235.971903588,0,230,139.345909847161,0,0
422235.971903588,422295.971903588,0,230,135.086650587902,0,0
422295.971903588,422355.971903588,0,230,130.827391328643,0,0
422355.971903588,422415.971903588,0,230,126.568132069384,0,0
422415.971903588,422475.971903588,0,230,122.308872810124,0,0
422475.971903588,422535.971903588,0,230,118.049613550865,0,0
422535.971903588,422595.971903588,0,230,113.790354291606,0,0
422595.971903588,422655.971903588,0,230,109.531095032347,0,0
422655.971903588,422715.971903588,0,230,105.271835773087,0,0
422715.971903588,422775.971903588,0,230,101.012576513828,0,0
422775.971903588,422835.971903588,0,230,96.7533172545688,0,0
422835.971903588,422884.316477915,0,230,93.3214493239526,0,0
422884.316477915,422944.316477915,650,230,99.3214493239526,0,0
422944.316477915,423004.316477915,650,230,105.321449323953,0,0
423004.316477915,423064.316477915,650,230,111.321449323953,0,0
423064.316477915,423124.316477915,650,230,117.321449323953,0,0
423124.316477915,423184.316477915,650,230,123.321449323953,0,0
423184.316477915,423244.316477915,650,230,129.321449323953,0,0
423244.316477915,423304.316477915,650,230,135.321449323953,0,0
423304.316477915,423364.316477915,650,230,141.321449323953,0,0
423364.316477915,423424.316477915,650,230,147.321449323953,0,0
423424.316477915,423484.316477915,650,230,153.321449323953,0,0
423484.316477915,423544.316477915,650,230,159.321449323953,0,0
423544.316477915,423604.316477915,650,230,165.321449323953,0,0
423604.316477915,423664.316477915,650,230,171.321449323953,0,0
423664.316477915,423724.316477915,650,230,177.321449323953,0,0
423724.316477915,423784.316477915,650,230,183.321449323953,0,0
423784.316477915,423844.316477915,650,230,189.321449323953,0,0
423844.316477915,423904.316477915,650,230,195.321449323953,0,0
423904.316477915,423964.316477915,650,230,201.321449323953,0,0
423964.316477915,424024.316477915,650,230,207.321449323953,0,0
424024.316477915,424084.316477915,650,230,213.321449323953,0,0
424084.316477915,424144.316477915,650,230,219.321449323953,0,0
424144.316477915,424204.316477915,650,230,225.321449323953,0,0
424204.316477915,424264.316477915,650,230,231.321449323953,0,0
424264.316477915,424324.316477915,650,230,237.321449323953,0,0
424324.316477915,424384.316477915,650,230,243.321449323953,0,0
424384.316477915,424444.316477915,650,230,249.321449323953,0,0
424444.316477915,424504.316477915,650,230,255.321449323953,0,0
424504.316477915,424564.316477915,650,230,261.321449323953,0,0
424564.316477915,424624.316477915,650,230,267.321449323953,0,0
424624.316477915,424684.316477915,650,230,273.321449323953,0,0
424684.316477915,424685.468311095,650,230,273.436632641998,0,0
424685.468311095,424745.468311095,650,560,274.786632641998,0,1
424745.468311095,424805.468311095,650,560,276.136632641998,0,1
424805.468311095,424865.468311095,650,560,277.486632641998,0,1
424865.468311095,424925.468311095,650,560,278.836632641998,0,1
424925.468311095,424985.468311095,650,560,280.186632641998,0,1
424985.468311095,425045.468311095,650,560,281.536632641998,0,1
425045.468311095,425105.468311095,650,560,282.886632641998,0,1
425105.468311095,425165.468311095,650,560,284.236632641998,0,1
425165.468311095,425225.468311095,650,560,285.586632641998,0,1
425225.468311095,425285.468311095,650,560,286.936632641998,0,1
425285.468311095,425345.468311095,650,560,288.286632641998,0,1
425345.468311095,425405.468311095,650,560,289.636632641998,0,1
425405.468311095,425465.468311095,650,560,290.986632641998,0,1
425465.468311095,425525.468311095,650,560,292.336632641998,0,1
425525.468311095,425585.468311095,650,560,293.686632641998,0,1
425585.468311095,425645.468311095,650,560,295.036632641998,0,1
425645.468311095,425705.468311095,650,560,296.386632641998,0,1
425705.468311095,425765.468311095,650,560,297.736632641998,0,1
425765.468311095,425825.468311095,650,560,299.086632641999,0,1
425825.468311095,425885.468311095,650,560,300,0,1
425885.468311095,425945.468311095,650,560,300,0,1
425945.468311095,426005.468311095,650,560,300,0,1
426005.468311095,426065.468311095,650,560,300,0,1
426065.468311095,426125.468311095,650,560,300,0,1
426125.468311095,426185.468311095,650,560,300,0,1
426185.468311095,426245.468311095,650,560,300,0,1
426245.468311095,426305.468311095,650,560,300,0,1
426305.468311095,426365.468311095,650,560,300,0,1
426365.468311095,426425.468311095,650,560,300,0,1
426425.468311095,426485.468311095,650,560,300,0,1
426485.468311095,426486.620144275,650,560,300,0,1
426486.620144275,426546.620144275,0,560,289.62962962963,0,1
426546.620144275,426606.620144275,0,560,279.259259259259,0,1
426606.620144275,426666.620144275,0,560,268.888888888889,0,1
426666.620144275,426726.620144275,0,560,258.518518518518,0,1
426726.620144275,426786.620144275,0,560,248.148148148148,0,1
426786.620144275,426846.620144275,0,560,237.777777777778,0,1
426846.620144275,426906.620144275,0,560,227.407407407407,0,1
426906.620144275,426966.620144275,0,560,217.037037037037,0,1
426966.620144275,427026.620144275,0,560,206.666666666667,0,1
427026.620144275,427086.620144275,0,230,202.407407407407,0,0
427086.620144275,427146.620144275,0,230,198.148148148148,0,0
427146.620144275,427206.620144275,0,230,193.888888888889,0,0
427206.620144275,427266.620144275,0,230,189.62962962963,0,0
427266.620144275,427326.620144275,0,230,185.37037037037,0,0
427326.620144275,427386.620144275,0,230,181.111111111111,0,0
427386.620144275,427446.620144275,0,230,176.851851851852,0,0
427446.620144275,427506.620144275,0,230,172.592592592592,0,0
427506.620144275,427554.964718602,0,230,169.160724661976,0,0
427554.964718602,427614.964718602,0,230,164.901465402717,0,0
427614.964718602,427674.964718602,0,230,160.642206143458,0,0
427674.964718602,427734.964718602,0,230,156.382946884199,0,0
427734.964718602,427794.964718602,0,230,152.123687624939,0,0
427794.964718602,427854.964718602,0,230,147.86442836568,0,0
427854.964718602,427914.964718602,0,230,143.605169106421,0,0
427914.964718602,427974.964718602,0,230,139.345909847161,0,0
427974.964718602,428034.964718602,0,230,135.086650587902,0,0
428034.964718602,428094.964718602,0,230,130.827391328643,0,0
428094.964718602,428154.964718602,0,230,126.568132069384,0,0
428154.964718602,428214.964718602,0,230,122.308872810124,0,0
428214.964718602,428274.964718602,0,230,118.049613550865,0,0
428274.964718602,428334.964718602,0,230,113.790354291606,0,0
428334.964718602,428394.964718602,0,230,109.531095032347,0,0
428394.964718602,428454.964718602,0,230,105.271835773087,0,0
428454.964718602,428514.964718602,0,230,101.012576513828,0,0
428514.964718602,428574.964718602,0,230,96.7533172545688,0,0
428574.964718602,428623.309292929,0,230,93.3214493239526,0,0
428623.309292929,428683.309292929,650,230,99.3214493239526,0,0
428683.309292929,428743.309292929,650,230,105.321449323953,0,0
428743.309292929,428803.309292929,650,230,111.321449323953,0,0
428803.309292929,428863.309292929,650,230,117.321449323953,0,0
428863.309292929,428923.309292929,650,230,123.321449323953,0,0
428923.309292929,428983.309292929,650,230,129.321449323953,0,0
428983.309292929,429043.309292929,650,230,135.321449323953,0,0
429043.309292929,429103.309292929,650,230,141.321449323953,0,0
429103.309292929,429163.309292929,650,230,147.321449323953,0,0
429163.309292929,429223.309292929,650,230,153.321449323953,0,0
429223.309292929,429283.309292929,650,230,159.321449323953,0,0
429283.309292929,429343.309292929,650,230,165.321449323953,0,0
429343.309292929,429403.309292929,650,230,171.321449323953,0,0
429403.309292929,429463.309292929,650,230,177.321449323953,0,0
429463.309292929,429523.309292929,650,230,183.321449323953,0,0
429523.309292929,429583.309292929,650,230,189.321449323953,0,0
429583.309292929,429643.309292929,650,230,195.321449323953,0,0
429643.309292929,429703.309292929,650,230,201.321449323953,0,0
429703.309292929,429763.309292929,650,230,207.321449323953,0,0
429763.309292929,429823.309292929,650,230,213.321449323953,0,0
429823.309292929,429883.309292929,650,230,219.321449323953,0,0
429883.309292929,429943.309292929,650,230,225.321449323953,0,0
429943.309292929,430003.309292929,650,230,231.321449323953,0,0
430003.309292929,430063.309292929,650,230,237.321449323953,0,0
430063.309292929,430123.309292929,650,230,243.321449323953,0,0
430123.309292929,430183.309292929,650,230,249.321449323953,0,0
430183.309292929,430243.309292929,650,230,255.321449323953,0,0
430243.309292929,430303.309292929,650,230,261.321449323953,0,0
430303.309292929,430363.309292929,650,230,267.321449323953,0,0
430363.309292929,430423.309292929,650,230,273.321449323953,0,0
430423.309292929,430424.46112611,650,230,273.436632641998,0,0
430424.46112611,430484.46112611,650,560,274.786632641998,0,1
430484.46112611,430544.46112611,650,560,276.136632641998,0,1
430544.46112611,430604.46112611,650,560,277.486632641998,0,1
430604.46112611,430664.46112611,650,560,278.836632641998,0,1
430664.46112611,430724.46112611,650,560,280.186632641998,0,1
430724.46112611,430784.46112611,650,560,281.536632641998,0,1
430784.46112611,430844.46112611,650,560,282.886632641998,0,1
430844.46112611,430904.46112611,650,560,284.236632641998,0,1
430904.46112611,430964.46112611,650,560,285.586632641998,0,1
430964.46112611,431024.46112611,650,560,286.936632641998,0,1
431024.46112611,431084.46112611,650,560,288.286632641998,0,1
431084.46112611,431144.46112611,650,560,289.636632641998,0,1
431144.46112611,431204.46112611,650,560,290.986632641998,0,1
431204.46112611,431264.46112611,650,560,292.336632641998,0,1
431264.46112611,431324.46112611,650,560,293.686632641998,0,1
431324.46112611,431384.46112611,650,560,295.036632641998,0,1
431384.46112611,431444.46112611,650,560,296.386632641998,0,1
431444.46112611,431504.46112611,650,560,297.736632641998,0,1
431504.46112611,431564.46112611,650,560,299.086632641999,0,1
431564.46112611,431624.46112611,650,560,300,0,1
431624.46112611,431684.46112611,650,560,300,0,1
431684.46112611,431744.46112611,650,560,300,0,1
431744.46112611,431804.46112611,650,560,300,0,1
431804.46112611,431864.46112611,650,560,300,0,1
431864.46112611,431924.46112611,650,560,300,0,1
431924.46112611,431984.46112611,650,560,300,0,1
431984.46112611,432044.46112611,650,560,300,0,1
432044.46112611,432104.46112611,650,560,300,0,1
432104.46112611,432164.46112611,650,560,300,0,1
432164.46112611,432224.46112611,650,560,300,0,1
432224.46112611,432225.61295929,650,560,300,0,1
432225.61295929,432285.61295929,0,560,289.62962962963,0,1
432285.61295929,432345.61295929,0,560,279.259259259259,0,1
432345.61295929,432405.61295929,0,560,268.888888888889,0,1
432405.61295929,432465.61295929,0,560,258.518518518518,0,1
432465.61295929,432525.61295929,0,560,248.148148148148,0,1
432525.61295929,432585.61295929,0,560,237.777777777778,0,1
432585.61295929,432645.61295929,0,560,227.407407407407,0,1
432645.61295929,432705.61295929,0,560,217.037037037037,0,1
432705.61295929,432765.61295929,0,560,206.666666666667,0,1
432765.61295929,432825.61295929,0,230,202.407407407407,0,0
432825.61295929,432885.61295929,0,230,198.148148148148,0,0
432885.61295929,432945.61295929,0,230,193.888888888889,0,0
432945.61295929,433005.61295929,0,230,189.62962962963,0,0
433005.61295929,433065.61295929,0,230,185.37037037037,0,0
433065.61295929,433125.61295929,0,230,181.111111111111,0,0
433125.61295929,433185.61295929,0,230,176.851851851852,0,0
433185.61295929,433245.61295929,0,230,172.592592592592,0,0
433245.61295929,433293.957533617,0,230,169.160724661976,0,0
433293.957533617,433353.957533617,0,230,164.901465402717,0,0
433353.957533617,433413.957533617,0,230,160.642206143458,0,0
433413.957533617,433473.957533617,0,230,156.382946884199,0,0
433473.957533617,433533.957533617,0,230,152.123687624939,0,0
433533.957533617,433593.957533617,0,230,147.86442836568,0,0
433593.957533617,433653.957533617,0,230,143.605169106421,0,0
433653.957533617,433713.957533617,0,230,139.345909847161,0,0
433713.957533617,433773.957533617,0,230,135.086650587902,0,0
433773.957533617,433833.957533617,0,230,130.827391328643,0,0
433833.957533617,433893.957533617,0,230,126.568132069384,0,0
433893.957533617,433953.957533617,0,230,122.308872810124,0,0
433953.957533617,434013.957533617,0,230,118.049613550865,0,0
434013.957533617,434073.957533617,0,230,113.790354291606,0,0
434073.957533617,434133.957533617,0,230,109.531095032347,0,0
434133.957533617,434193.957533617,0,230,105.271835773087,0,0
434193.957533617,434253.957533617,0,230,101.012576513828,0,0
434253.957533617,434313.957533617,0,230,96.7533172545688,0,0
434313.957533617,434362.302107944,0,230,93.3214493239526,0,0
434362.302107944,434422.302107944,650,230,99.3214493239526,0,0
434422.302107944,434482.302107944,650,230,105.321449323953,0,0
434482.302107944,434542.302107944,650,230,111.321449323953,0,0
434542.302107944,434602.302107944,650,230,117.321449323953,0,0
434602.302107944,434662.302107944,650,230,123.321449323953,0,0
434662.302107944,434722.302107944,650,230,129.321449323953,0,0
434722.302107944,434782.302107944,650,230,135.321449323953,0,0
434782.302107944,434842.302107944,650,230,141.321449323953,0,0
434842.302107944,434902.302107944,650,230,147.321449323953,0,0
434902.302107944,434962.302107944,650,230,153.321449323953,0,0
434962.302107944,435022.302107944,650,230,159.321449323953,0,0
435022.302107944,435082.302107944,650,230,165.321449323953,0,0
435082.302107944,435142.302107944,650,230,171.321449323953,0,0
435142.302107944,435202.302107944,650,230,177.321449323953,0,0
435202.302107944,435262.302107944,650,230,183.321449323953,0,0
435262.302107944,435322.302107944,650,230,189.321449323953,0,0
435322.302107944,435382.302107944,650,230,195.321449323953,0,0
435382.302107944,435442.302107944,650,230,201.321449323953,0,0
435442.302107944,435502.302107944,650,230,207.321449323953,0,0
435502.302107944,435562.302107944,650,230,213.321449323953,0,0
435562.302107944,435622.302107944,650,230,219.321449323953,0,0
435622.302107944,435682.302107944,650,230,225.321449323953,0,0
435682.302107944,435742.302107944,650,230,231.321449323953,0,0
435742.302107944,435802.302107944,650,230,237.321449323953,0,0
435802.302107944,435862.302107944,650,230,243.321449323953,0,0
435862.302107944,435922.302107944,650,230,249.321449323953,0,0
435922.302107944,435982.302107944,650,230,255.321449323953,0,0
435982.302107944,436042.302107944,650,230,261.321449323953,0,0
436042.302107944,436102.302107944,650,230,267.321449323953,0,0
436102.302107944,436162.302107944,650,230,273.321449323953,0,0
436162.302107944,436163.453941125,650,230,273.436632641998,0,0
436163.453941125,436223.453941125,650,560,274.786632641998,0,1
436223.453941125,436283.453941125,650,560,276.136632641998,0,1
436283.453941125,436343.453941125,650,560,277.486632641998,0,1
436343.453941125,436403.453941125,650,560,278.836632641998,0,1
436403.453941125,436463.453941125,650,560,280.186632641998,0,1
436463.453941125,436523.453941125,650,560,281.536632641998,0,1
436523.453941125,436583.453941125,650,560,282.886632641998,0,1
436583.453941125,436643.453941125,650,560,284.236632641998,0,1
436643.453941125,436703.453941125,650,560,285.586632641998,0,1
436703.453941125,436763.453941125,650,560,286.936632641998,0,1
436763.453941125,436823.453941125,650,560,288.286632641998,0,1
436823.453941125,436883.453941125,650,560,289.636632641998,0,1
436883.453941125,436943.453941125,650,560,290.986632641998,0,1
436943.453941125,437003.453941125,650,560,292.336632641998,0,1
437003.453941125,437063.453941125,650,560,293.686632641998,0,1
437063.453941125,437123.453941125,650,560,295.036632641998,0,1
437123.453941125,437183.453941125,650,560,296.386632641998,0,1
437183.453941125,437243.453941125,650,560,297.736632641998,0,1
437243.453941125,437303.453941125,650,560,299.086632641999,0,1
437303.453941125,437363.453941125,650,560,300,0,1
437363.453941125,437423.453941125,650,560,300,0,1
437423.453941125,437483.453941125,650,560,300,0,1
437483.453941125,437543.453941125,650,560,300,0,1
437543.453941125,437603.453941125,650,560,300,0,1
437603.453941125,437663.453941125,650,560,300,0,1
437663.453941125,437723.453941125,650,560,300,0,1
437723.453941125,437783.453941125,650,560,300,0,1
437783.453941125,437843.453941125,650,560,300,0,1
437843.453941125,437903.453941125,650,560,300,0,1
437903.453941125,437963.453941125,650,560,300,0,1
437963.453941125,437964.605774305,650,560,300,0,1
437964.605774305,438024.605774305,0,560,289.62962962963,0,1
438024.605774305,438084.605774305,0,560,279.259259259259,0,1
438084.605774305,438144.605774305,0,560,268.888888888889,0,1
438144.605774305,438204.605774305,0,560,258.518518518518,0,1
438204.605774305,438264.605774305,0,560,248.148148148148,0,1
438264.605774305,438324.605774305,0,560,237.777777777778,0,1
438324.605774305,438384.605774305,0,560,227.407407407407,0,1
438384.605774305,438444.605774305,0,560,217.037037037037,0,1
438444.605774305,438504.605774305,0,560,206.666666666667,0,1
438504.605774305,438564.605774305,0,230,202.407407407407,0,0
438564.605774305,438624.605774305,0,230,198.148148148148,0,0
438624.605774305,438684.605774305,0,230,193.888888888889,0,0
438684.605774305,438744.605774305,0,230,189.62962962963,0,0
438744.605774305,438804.605774305,0,230,185.37037037037,0,0
438804.605774305,438864.605774305,0,230,181.111111111111,0,0
438864.605774305,438924.605774305,0,230,176.851851851852,0,0
438924.605774305,438984.605774305,0,230,172.592592592592,0,0
438984.605774305,439032.950348632,0,230,169.160724661976,0,0
439032.950348632,439092.950348632,0,230,164.901465402717,0,0
439092.950348632,439152.950348632,0,230,160.642206143458,0,0
439152.950348632,439212.950348632,0,230,156.382946884199,0,0
439212.950348632,439272.950348632,0,230,152.123687624939,0,0
439272.950348632,439332.950348632,0,230,147.86442836568,0,0
439332.950348632,439392.950348632,0,230,143.605169106421,0,0
439392.950348632,439452.950348632,0,230,139.345909847161,0,0
439452.950348632,439512.950348632,0,230,135.086650587902,0,0
439512.950348632,439572.950348632,0,230,130.827391328643,0,0
439572.950348632,439632.950348632,0,230,126.568132069384,0,0
439632.950348632,439692.950348632,0,230,122.308872810124,0,0
439692.950348632,439752.950348632,0,230,118.049613550865,0,0
439752.950348632,439812.950348632,0,230,113.790354291606,0,0
439812.950348632,439872.950348632,0,230,109.531095032347,0,0
439872.950348632,439932.950348632,0,230,105.271835773087,0,0
439932.950348632,439992.950348632,0,230,101.012576513828,0,0
439992.950348632,440052.950348632,0,230,96.7533172545688,0,0
440052.950348632,440101.294922959,0,230,93.3214493239526,0,0
440101.294922959,440161.294922959,650,230,99.3214493239526,0,0
440161.294922959,440221.294922959,650,230,105.321449323953,0,0
440221.294922959,440281.294922959,650,230,111.321449323953,0,0
440281.294922959,440341.294922959,650,230,117.321449323953,0,0
440341.294922959,440401.294922959,650,230,123.321449323953,0,0
440401.294922959,440461.294922959,650,230,129.321449323953,0,0
440461.294922959,440521.294922959,650,230,135.321449323953,0,0
440521.294922959,440581.294922959,650,230,141.321449323953,0,0
440581.294922959,440641.294922959,650,230,147.321449323953,0,0
440641.294922959,440701.294922959,650,230,153.321449323953,0,0
440701.294922959,440761.294922959,650,230,159.321449323953,0,0
440761.294922959,440821.294922959,650,230,165.321449323953,0,0
440821.294922959,440881.294922959,650,230,171.321449323953,0,0
440881.294922959,440941.294922959,650,230,177.321449323953,0,0
440941.294922959,441001.294922959,650,230,183.321449323953,0,0
441001.294922959,441061.294922959,650,230,189.321449323953,0,0
441061.294922959,441121.294922959,650,230,195.321449323953,0,0
441121.294922959,441181.294922959,650,230,201.321449323953,0,0
441181.294922959,441241.294922959,650,230,207.321449323953,0,0
441241.294922959,441301.294922959,650,230,213.321449323953,0,0
441301.294922959,441361.294922959,650,230,219.321449323953,0,0
441361.294922959,441421.294922959,650,230,225.321449323953,0,0
441421.294922959,441481.294922959,650,230,231.321449323953,0,0
441481.294922959,441541.294922959,650,230,237.321449323953,0,0
441541.294922959,441601.294922959,650,230,243.321449323953,0,0
441601.294922959,441661.294922959,650,230,249.321449323953,0,0
441661.294922959,441721.294922959,650,230,255.321449323953,0,0
441721.294922959,441781.294922959,650,230,261.321449323953,0,0
441781.294922959,441841.294922959,650,230,267.321449323953,0,0
441841.294922959,441901.294922959,650,230,273.321449323953,0,0
441901.294922959,441902.446756139,650,230,273.436632641998,0,0
441902.446756139,441962.446756139,650,560,274.786632641998,0,1
441962.446756139,442022.446756139,650,560,276.136632641998,0,1
442022.446756139,442082.446756139,650,560,277.486632641998,0,1
442082.446756139,442142.446756139,650,560,278.836632641998,0,1
442142.446756139,442202.446756139,650,560,280.186632641998,0,1
442202.446756139,442262.446756139,650,560,281.536632641998,0,1
442262.446756139,442322.446756139,650,560,282.886632641998,0,1
442322.446756139,442382.446756139,650,560,284.236632641998,0,1
442382.446756139,442442.446756139,650,560,285.586632641998,0,1
442442.446756139,442502.446756139,650,560,286.936632641998,0,1
442502.446756139,442562.446756139,650,560,288.286632641998,0,1
442562.446756139,442622.446756139,650,560,289.636632641998,0,1
442622.446756139,442682.446756139,650,560,290.986632641998,0,1
442682.446756139,442742.446756139,650,560,292.336632641998,0,1
442742.446756139,442802.446756139,650,560,293.686632641998,0,1
442802.446756139,442862.446756139,650,560,295.036632641998,0,1
442862.446756139,442922.446756139,650,560,296.386632641998,0,1
442922.446756139,442982.446756139,650,560,297.736632641998,0,1
442982.446756139,443042.446756139,650,560,299.086632641999,0,1
443042.446756139,443102.446756139,650,560,300,0,1
443102.446756139,443162.446756139,650,560,300,0,1
443162.446756139,443222.446756139,650,560,300,0,1
443222.446756139,443282.446756139,650,560,300,0,1
443282.446756139,443342.446756139,650,560,300,0,1
443342.446756139,443402.446756139,650,560,300,0,1
443402.446756139,443462.446756139,650,560,300,0,1
443462.446756139,443522.446756139,650,560,300,0,1
443522.446756139,443582.446756139,650,560,300,0,1
443582.446756139,443642.446756139,650,560,300,0,1
443642.446756139,443702.446756139,650,560,300,0,1
443702.446756139,443703.59858932,650,560,300,0,1
443703.59858932,443763.59858932,0,560,289.62962962963,0,1
443763.59858932,443823.59858932,0,560,279.259259259259,0,1
443823.59858932,443883.59858932,0,560,268.888888888889,0,1
443883.59858932,443943.59858932,0,560,258.518518518518,0,1
443943.59858932,444003.59858932,0,560,248.148148148148,0,1
444003.59858932,444063.59858932,0,560,237.777777777778,0,1
444063.59858932,444123.59858932,0,560,227.407407407407,0,1
444123.59858932,444183.59858932,0,560,217.037037037037,0,1
444183.59858932,444243.59858932,0,560,206.666666666667,0,1
444243.59858932,444303.59858932,0,230,202.407407407407,0,0
444303.59858932,444363.59858932,0,230,198.148148148148,0,0
444363.59858932,444423.59858932,0,230,193.888888888889,0,0
444423.59858932,444483.59858932,0,230,189.62962962963,0,0
444483.59858932,444543.59858932,0,230,185.37037037037,0,0
444543.59858932,444603.59858932,0,230,181.111111111111,0,0
444603.59858932,444663.59858932,0,230,176.851851851852,0,0
444663.59858932,444723.59858932,0,230,172.592592592592,0,0
444723.59858932,444771.943163647,0,230,169.160724661976,0,0
444771.943163647,444831.943163647,0,230,164.901465402717,0,0
444831.943163647,444891.943163647,0,230,160.642206143458,0,0
444891.943163647,444951.943163647,0,230,156.382946884199,0,0
444951.943163647,445011.943163647,0,230,152.123687624939,0,0
445011.943163647,445071.943163647,0,230,147.86442836568,0,0
445071.943163647,445131.943163647,0,230,143.605169106421,0,0
445131.943163647,445191.943163647,0,230,139.345909847161,0,0
445191.943163647,445251.943163647,0,230,135.086650587902,0,0
445251.943163647,445311.943163647,0,230,130.827391328643,0,0
445311.943163647,445371.943163647,0,230,126.568132069384,0,0
445371.943163647,445431.943163647,0,230,122.308872810124,0,0
445431.943163647,445491.943163647,0,230,118.049613550865,0,0
445491.943163647,445551.943163647,0,230,113.790354291606,0,0
445551.943163647,445611.943163647,0,230,109.531095032347,0,0
445611.943163647,445671.943163647,0,230,105.271835773087,0,0
445671.943163647,445731.943163647,0,230,101.012576513828,0,0
445731.943163647,445791.943163647,0,230,96.7533172545688,0,0
445791.943163647,445840.287737974,0,230,93.3214493239526,0,0
445840.287737974,445900.287737974,650,230,99.3214493239526,0,0
445900.287737974,445960.287737974,650,230,105.321449323953,0,0
445960.287737974,446020.287737974,650,230,111.321449323953,0,0
446020.287737974,446080.287737974,650,230,117.321449323953,0,0
446080.287737974,446140.287737974,650,230,123.321449323953,0,0
446140.287737974,446200.287737974,650,230,129.321449323953,0,0
446200.287737974,446260.287737974,650,230,135.321449323953,0,0
446260.287737974,446320.287737974,650,230,141.321449323953,0,0
446320.287737974,446380.287737974,650,230,147.321449323953,0,0
446380.287737974,446440.287737974,650,230,153.321449323953,0,0
446440.287737974,446500.287737974,650,230,159.321449323953,0,0
446500.287737974,446560.287737974,650,230,165.321449323953,0,0
446560.287737974,446620.287737974,650,230,171.321449323953,0,0
446620.287737974,446680.287737974,650,230,177.321449323953,0,0
446680.287737974,446740.287737974,650,230,183.321449323953,0,0
446740.287737974,446800.287737974,650,230,189.321449323953,0,0
446800.287737974,446860.287737974,650,230,195.321449323953,0,0
446860.287737974,446920.287737974,650,230,201.321449323953,0,0
446920.287737974,446980.287737974,650,230,207.321449323953,0,0
446980.287737974,447040.287737974,650,230,213.321449323953,0,0
447040.287737974,447100.287737974,650,230,219.321449323953,0,0
447100.287737974,447160.287737974,650,230,225.321449323953,0,0
447160.287737974,447220.287737974,650,230,231.321449323953,0,0
447220.287737974,447280.287737974,650,230,237.321449323953,0,0
447280.287737974,447340.287737974,650,230,243.321449323953,0,0
447340.287737974,447400.287737974,650,230,249.321449323953,0,0
447400.287737974,447460.287737974,650,230,255.321449323953,0,0
447460.287737974,447520.287737974,650,230,261.321449323953,0,0
447520.287737974,447580.287737974,650,230,267.321449323953,0,0
447580.287737974,447640.287737974,650,230,273.321449323953,0,0
447640.287737974,447641.439571154,650,230,273.436632641998,0,0
447641.439571154,447701.439571154,650,560,274.786632641998,0,1
447701.439571154,447761.439571154,650,560,276.136632641998,0,1
447761.439571154,447821.439571154,650,560,277.486632641998,0,1
447821.439571154,447881.439571154,650,560,278.836632641998,0,1
447881.439571154,447941.439571154,650,560,280.186632641998,0,1
447941.439571154,448001.439571154,650,560,281.536632641998,0,1
448001.439571154,448061.439571154,650,560,282.886632641998,0,1
448061.439571154,448121.439571154,650,560,284.236632641998,0,1
448121.439571154,448181.439571154,650,560,285.586632641998,0,1
448181.439571154,448241.439571154,650,560,286.936632641998,0,1
448241.439571154,448301.439571154,650,560,288.286632641998,0,1
448301.439571154,448361.439571154,650,560,289.636632641998,0,1
448361.439571154,448421.439571154,650,560,290.986632641998,0,1
448421.439571154,448481.439571154,650,560,292.336632641998,0,1
448481.439571154,448541.439571154,650,560,293.686632641998,0,1
448541.439571154,448601.439571154,650,560,295.036632641998,0,1
448601.439571154,448661.439571154,650,560,296.386632641998,0,1
448661.439571154,448721.439571154,650,560,297.736632641998,0,1
448721.439571154,448781.439571154,650,560,299.086632641999,0,1
448781.439571154,448841.439571154,650,560,300,0,1
448841.439571154,448901.439571154,650,560,300,0,1
448901.439571154,448961.439571154,650,560,300,0,1
448961.439571154,449021.439571154,650,560,300,0,1
449021.439571154,449081.439571154,650,560,300,0,1
449081.439571154,449141.439571154,650,560,300,0,1
449141.439571154,449201.439571154,650,560,300,0,1
449201.439571154,449261.439571154,650,560,300,0,1
449261.439571154,449321.439571154,650,560,300,0,1
449321.439571154,449381.439571154,650,560,300,0,1
449381.439571154,449441.439571154,650,560,300,0,1
449441.439571154,449442.591404335,650,560,300,0,1
449442.591404335,449502.591404335,0,560,289.62962962963,0,1
449502.591404335,449562.591404335,0,560,279.259259259259,0,1
449562.591404335,449622.591404335,0,560,268.888888888889,0,1
449622.591404335,449682.591404335,0,560,258.518518518518,0,1
449682.591404335,449742.591404335,0,560,248.148148148148,0,1
449742.591404335,449802.591404335,0,560,237.777777777778,0,1
449802.591404335,449862.591404335,0,560,227.407407407407,0,1
449862.591404335,449922.591404335,0,560,217.037037037037,0,1
449922.591404335,449982.591404335,0,560,206.666666666667,0,1
449982.591404335,450042.591404335,0,230,202.407407407407,0,0
450042.591404335,450102.591404335,0,230,198.148148148148,0,0
450102.591404335,450162.591404335,0,230,193.888888888889,0,0
450162.591404335,450222.591404335,0,230,189.62962962963,0,0
450222.591404335,450282.591404335,0,230,185.37037037037,0,0
450282.591404335,450342.591404335,0,230,181.111111111111,0,0
450342.591404335,450402.591404335,0,230,176.851851851852,0,0
450402.591404335,450462.591404335,0,230,172.592592592592,0,0
450462.591404335,450510.935978662,0,230,169.160724661976,0,0
450510.935978662,450570.935978662,0,230,164.901465402717,0,0
450570.935978662,450630.935978662,0,230,160.642206143458,0,0
450630.935978662,450690.935978662,0,230,156.382946884199,0,0
450690.935978662,450750.935978662,0,230,152.123687624939,0,0
450750.935978662,450810.935978662,0,230,147.86442836568,0,0
450810.935978662,450870.935978662,0,230,143.605169106421,0,0
450870.935978662,450930.935978662,0,230,139.345909847161,0,0
450930.935978662,450990.935978662,0,230,135.086650587902,0,0
450990.935978662,451050.935978662,0,230,130.827391328643,0,0
451050.935978662,451110.935978662,0,230,126.568132069384,0,0
451110.935978662,451170.935978662,0,230,122.308872810124,0,0
451170.935978662,451230.935978662,0,230,118.049613550865,0,0
451230.935978662,451290.935978662,0,230,113.790354291606,0,0
451290.935978662,451350.935978662,0,230,109.531095032347,0,0
451350.935978662,451410.935978662,0,230,105.271835773087,0,0
451410.935978662,451470.935978662,0,230,101.012576513828,0,0
451470.935978662,451530.935978662,0,230,96.7533172545688,0,0
451530.935978662,451579.280552989,0,230,93.3214493239526,0,0
451579.280552989,451639.280552989,650,230,99.3214493239526,0,0
451639.280552989,451699.280552989,650,230,105.321449323953,0,0
451699.280552989,451759.280552989,650,230,111.321449323953,0,0
451759.280552989,451819.280552989,650,230,117.321449323953,0,0
451819.280552989,451879.280552989,650,230,123.321449323953,0,0
451879.280552989,451939.280552989,650,230,129.321449323953,0,0
451939.280552989,451999.280552989,650,230,135.321449323953,0,0
451999.280552989,452059.280552989,650,230,141.321449323953,0,0
452059.280552989,452119.280552989,650,230,147.321449323953,0,0
452119.280552989,452179.280552989,650,230,153.321449323953,0,0
452179.280552989,452239.280552989,650,230,159.321449323953,0,0
452239.280552989,452299.280552989,650,230,165.321449323953,0,0
452299.280552989,452359.280552989,650,230,171.321449323953,0,0
452359.280552989,452419.280552989,650,230,177.321449323953,0,0
452419.280552989,452479.280552989,650,230,183.321449323953,0,0
452479.280552989,452539.280552989,650,230,189.321449323953,0,0
452539.280552989,452599.280552989,650,230,195.321449323953,0,0
452599.280552989,452659.280552989,650,230,201.321449323953,0,0
452659.280552989,452719.280552989,650,230,207.321449323953,0,0
452719.280552989,452779.280552989,650,230,213.321449323953,0,0
452779.280552989,452839.280552989,650,230,219.321449323953,0,0
452839.280552989,452899.280552989,650,230,225.321449323953,0,0
452899.280552989,452959.280552989,650,230,231.321449323953,0,0
452959.280552989,453019.280552989,650,230,237.321449323953,0,0
453019.280552989,453079.280552989,650,230,243.321449323953,0,0
453079.280552989,453139.280552989,650,230,249.321449323953,0,0
453139.280552989,453199.280552989,650,230,255.321449323953,0,0
453199.280552989,453259.280552989,650,230,261.321449323953,0,0
453259.280552989,453319.280552989,650,230,267.321449323953,0,0
453319.280552989,453379.280552989,650,230,273.321449323953,0,0
453379.280552989,453380.432386169,650,230,273.436632641998,0,0
453380.432386169,453440.432386169,650,560,274.786632641998,0,1
453440.432386169,453500.432386169,650,560,276.136632641998,0,1
453500.432386169,453560.432386169,650,560,277.486632641998,0,1
453560.432386169,453620.432386169,650,560,278.836632641998,0,1
453620.432386169,453680.432386169,650,560,280.186632641998,0,1
453680.432386169,453740.432386169,650,560,281.536632641998,0,1
453740.432386169,453800.432386169,650,560,282.886632641998,0,1
453800.432386169,453860.432386169,650,560,284.236632641998,0,1
453860.432386169,453920.432386169,650,560,285.586632641998,0,1
453920.432386169,453980.432386169,650,560,286.936632641998,0,1
453980.432386169,454040.432386169,650,560,288.286632641998,0,1
454040.432386169,454100.432386169,650,560,289.636632641998,0,1
454100.432386169,454160.432386169,650,560,290.986632641998,0,1
454160.432386169,454220.432386169,650,560,292.336632641998,0,1
454220.432386169,454280.432386169,650,560,293.686632641998,0,1
454280.432386169,454340.432386169,650,560,295.036632641998,0,1
454340.432386169,454400.432386169,650,560,296.386632641998,0,1
454400.432386169,454460.432386169,650,560,297.736632641998,0,1
454460.432386169,454520.432386169,650,560,299.086632641999,0,1
454520.432386169,454580.432386169,650,560,300,0,1
454580.432386169,454640.432386169,650,560,300,0,1
454640.432386169,454700.432386169,650,560,300,0,1
454700.432386169,454760.432386169,650,560,300,0,1
454760.432386169,454820.432386169,650,560,300,0,1
454820.432386169,454880.432386169,650,560,300,0,1
454880.432386169,454940.432386169,650,560,300,0,1
454940.432386169,455000.432386169,650,560,300,0,1
455000.432386169,455060.432386169,650,560,300,0,1
455060.432386169,455120.432386169,650,560,300,0,1
455120.432386169,455180.432386169,650,560,300,0,1
455180.432386169,455181.584219349,650,560,300,0,1
455181.584219349,455241.584219349,0,560,289.62962962963,0,1
455241.584219349,455301.584219349,0,560,279.259259259259,0,1
455301.584219349,455361.584219349,0,560,268.888888888889,0,1
455361.584219349,455421.584219349,0,560,258.518518518518,0,1
455421.584219349,455481.584219349,0,560,248.148148148148,0,1
455481.584219349,455541.584219349,0,560,237.777777777778,0,1
455541.584219349,455601.584219349,0,560,227.407407407407,0,1
455601.584219349,455661.584219349,0,560,217.037037037037,0,1
455661.584219349,455721.584219349,0,560,206.666666666667,0,1
455721.584219349,455781.584219349,0,230,202.407407407407,0,0
455781.584219349,455841.584219349,0,230,198.148148148148,0,0
455841.584219349,455901.584219349,0,230,193.888888888889,0,0
455901.584219349,455961.584219349,0,230,189.62962962963,0,0
455961.584219349,456021.584219349,0,230,185.37037037037,0,0
456021.584219349,456081.584219349,0,230,181.111111111111,0,0
456081.584219349,456141.584219349,0,230,176.851851851852,0,0
456141.584219349,456201.584219349,0,230,172.592592592592,0,0
456201.584219349,456249.928793676,0,230,169.160724661976,0,0
456249.928793676,456309.928793676,0,230,164.901465402717,0,0
456309.928793676,456369.928793676,0,230,160.642206143458,0,0
456369.928793676,456429.928793676,0,230,156.382946884199,0,0
456429.928793676,456489.928793676,0,230,152.123687624939,0,0
456489.928793676,456549.928793676,0,230,147.86442836568,0,0
456549.928793676,456609.928793676,0,230,143.605169106421,0,0
456609.928793676,456669.928793676,0,230,139.345909847161,0,0
456669.928793676,456729.928793676,0,230,135.086650587902,0,0
456729.928793676,456789.928793676,0,230,130.827391328643,0,0
456789.928793676,456849.928793676,0,230,126.568132069384,0,0
456849.928793676,456909.928793676,0,230,122.308872810124,0,0
456909.928793676,456969.928793676,0,230,118.049613550865,0,0
456969.928793676,457029.928793676,0,230,113.790354291606,0,0
457029.928793676,457089.928793676,0,230,109.531095032347,0,0
457089.928793676,457149.928793676,0,230,105.271835773087,0,0
457149.928793676,457209.928793676,0,230,101.012576513828,0,0
457209.928793676,457269.928793676,0,230,96.7533172545688,0,0
457269.928793676,457318.273368003,0,230,93.3214493239526,0,0
457318.273368003,457378.273368003,650,230,99.3214493239526,0,0
457378.273368003,457438.273368003,650,230,105.321449323953,0,0
457438.273368003,457498.273368003,650,230,111.321449323953,0,0
457498.273368003,457558.273368003,650,230,117.321449323953,0,0
457558.273368003,457618.273368003,650,230,123.321449323953,0,0
457618.273368003,457678.273368003,650,230,129.321449323953,0,0
457678.273368003,457738.273368003,650,230,135.321449323953,0,0
457738.273368003,457798.273368003,650,230,141.321449323953,0,0
457798.273368003,457858.273368003,650,230,147.321449323953,0,0
457858.273368003,457918.273368003,650,230,153.321449323953,0,0
457918.273368003,457978.273368003,650,230,159.321449323953,0,0
457978.273368003,458038.273368003,650,230,165.321449323953,0,0
458038.273368003,458098.273368003,650,230,171.321449323953,0,0
458098.273368003,458158.273368003,650,230,177.321449323953,0,0
458158.273368003,458218.273368003,650,230,183.321449323953,0,0
458218.273368003,458278.273368003,650,230,189.321449323953,0,0
458278.273368003,458338.273368003,650,230,195.321449323953,0,0
458338.273368003,458398.273368003,650,230,201.321449323953,0,0
458398.273368003,458458.273368003,650,230,207.321449323953,0,0
458458.273368003,458518.273368003,650,230,213.321449323953,0,0
458518.273368003,458578.273368003,650,230,219.321449323953,0,0
458578.273368003,458638.273368003,650,230,225.321449323953,0,0
458638.273368003,458698.273368003,650,230,231.321449323953,0,0
458698.273368003,458758.273368003,650,230,237.321449323953,0,0
458758.273368003,458818.273368003,650,230,243.321449323953,0,0
458818.273368003,458878.273368003,650,230,249.321449323953,0,0
458878.273368003,458938.273368003,650,230,255.321449323953,0,0
458938.273368003,458998.273368003,650,230,261.321449323953,0,0
458998.273368003,459058.273368003,650,230,267.321449323953,0,0
459058.273368003,459118.273368003,650,230,273.321449323953,0,0
459118.273368003,459119.425201184,650,230,273.436632641998,0,0
459119.425201184,459179.425201184,650,560,274.786632641998,0,1
459179.425201184,459239.425201184,650,560,276.136632641998,0,1
459239.425201184,459299.425201184,650,560,277.486632641998,0,1
459299.425201184,459359.425201184,650,560,278.836632641998,0,1
459359.425201184,459419.425201184,650,560,280.186632641998,0,1
459419.425201184,459479.425201184,650,560,281.536632641998,0,1
459479.425201184,459539.425201184,650,560,282.886632641998,0,1
459539.425201184,459599.425201184,650,560,284.236632641998,0,1
459599.425201184,459659.425201184,650,560,285.586632641998,0,1
459659.425201184,459719.425201184,650,560,286.936632641998,0,1
459719.425201184,459779.425201184,650,560,288.286632641998,0,1
459779.425201184,459839.425201184,650,560,289.636632641998,0,1
459839.425201184,459899.425201184,650,560,290.986632641998,0,1
459899.425201184,459959.425201184,650,560,292.336632641998,0,1
459959.425201184,460019.425201184,650,560,293.686632641998,0,1
460019.425201184,460079.425201184,650,560,295.036632641998,0,1
460079.425201184,460139.425201184,650,560,296.386632641998,0,1
460139.425201184,460199.425201184,650,560,297.736632641998,0,1
460199.425201184,460259.425201184,650,560,299.086632641999,0,1
460259.425201184,460319.425201184,650,560,300,0,1
460319.425201184,460379.425201184,650,560,300,0,1
460379.425201184,460439.425201184,650,560,300,0,1
460439.425201184,460499.425201184,650,560,300,0,1
460499.425201184,460559.425201184,650,560,300,0,1
460559.425201184,460619.425201184,650,560,300,0,1
460619.425201184,460679.425201184,650,560,300,0,1
460679.425201184,460739.425201184,650,560,300,0,1
460739.425201184,460799.425201184,650,560,300,0,1
460799.425201184,460859.425201184,650,560,300,0,1
460859.425201184,460919.425201184,650,560,300,0,1
460919.425201184,460920.577034364,650,560,300,0,1
460920.577034364,460980.577034364,0,560,289.62962962963,0,1
460980.577034364,461040.577034364,0,560,279.259259259259,0,1
461040.577034364,461100.577034364,0,560,268.888888888889,0,1
461100.577034364,461160.577034364,0,560,258.518518518518,0,1
461160.577034364,461220.577034364,0,560,248.148148148148,0,1
461220.577034364,461280.577034364,0,560,237.777777777778,0,1
461280.577034364,461340.577034364,0,560,227.407407407407,0,1
461340.577034364,461400.577034364,0,560,217.037037037037,0,1
461400.577034364,461460.577034364,0,560,206.666666666667,0,1
461460.577034364,461520.577034364,0,230,202.407407407407,0,0
461520.577034364,461580.577034364,0,230,198.148148148148,0,0
461580.577034364,461640.577034364,0,230,193.888888888889,0,0
461640.577034364,461700.577034364,0,230,189.62962962963,0,0
461700.577034364,461760.577034364,0,230,185.37037037037,0,0
461760.577034364,461820.577034364,0,230,181.111111111111,0,0
461820.577034364,461880.577034364,0,230,176.851851851852,0,0
461880.577034364,461940.577034364,0,230,172.592592592592,0,0
461940.577034364,461988.921608691,0,230,169.160724661976,0,0
461988.921608691,462048.921608691,0,230,164.901465402717,0,0
462048.921608691,462108.921608691,0,230,160.642206143458,0,0
462108.921608691,462168.921608691,0,230,156.382946884199,0,0
462168.921608691,462228.921608691,0,230,152.123687624939,0,0
462228.921608691,462288.921608691,0,230,147.86442836568,0,0
462288.921608691,462348.921608691,0,230,143.605169106421,0,0
462348.921608691,462408.921608691,0,230,139.345909847161,0,0
462408.921608691,462468.921608691,0,230,135.086650587902,0,0
462468.921608691,462528.921608691,0,230,130.827391328643,0,0
462528.921608691,462588.921608691,0,230,126.568132069384,0,0
462588.921608691,462648.921608691,0,230,122.308872810124,0,0
462648.921608691,462708.921608691,0,230,118.049613550865,0,0
462708.921608691,462768.921608691,0,230,113.790354291606,0,0
462768.921608691,462828.921608691,0,230,109.531095032347,0,0
462828.921608691,462888.921608691,0,230,105.271835773087,0,0
462888.921608691,462948.921608691,0,230,101.012576513828,0,0
462948.921608691,463008.921608691,0,230,96.7533172545688,0,0
463008.921608691,463057.266183018,0,230,93.3214493239526,0,0
463057.266183018,463117.266183018,650,230,99.3214493239526,0,0
463117.266183018,463177.266183018,650,230,105.321449323953,0,0
463177.266183018,463237.266183018,650,230,111.321449323953,0,0
463237.266183018,463297.266183018,650,230,117.321449323953,0,0
463297.266183018,463357.266183018,650,230,123.321449323953,0,0
463357.266183018,463417.266183018,650,230,129.321449323953,0,0
463417.266183018,463477.266183018,650,230,135.321449323953,0,0
463477.266183018,463537.266183018,650,230,141.321449323953,0,0
463537.266183018,463597.266183018,650,230,147.321449323953,0,0
463597.266183018,463657.266183018,650,230,153.321449323953,0,0
463657.266183018,463717.266183018,650,230,159.321449323953,0,0
463717.266183018,463777.266183018,650,230,165.321449323953,0,0
463777.266183018,463837.266183018,650,230,171.321449323953,0,0
463837.266183018,463897.266183018,650,230,177.321449323953,0,0
463897.266183018,463957.266183018,650,230,183.321449323953,0,0
463957.266183018,464017.266183018,650,230,189.321449323953,0,0
464017.266183018,464077.266183018,650,230,195.321449323953,0,0
464077.266183018,464137.266183018,650,230,201.321449323953,0,0
464137.266183018,464197.266183018,650,230,207.321449323953,0,0
464197.266183018,464257.266183018,650,230,213.321449323953,0,0
464257.266183018,464317.266183018,650,230,219.321449323953,0,0
464317.266183018,464377.266183018,650,230,225.321449323953,0,0
464377.266183018,464437.266183018,650,230,231.321449323953,0,0
464437.266183018,464497.266183018,650,230,237.321449323953,0,0
464497.266183018,464557.266183018,650,230,243.321449323953,0,0
464557.266183018,464617.266183018,650,230,249.321449323953,0,0
464617.266183018,464677.266183018,650,230,255.321449323953,0,0
464677.266183018,464737.266183018,650,230,261.321449323953,0,0
464737.266183018,464797.266183018,650,230,267.321449323953,0,0
464797.266183018,464857.266183018,650,230,273.321449323953,0,0
464857.266183018,464858.418016199,650,230,273.436632641998,0,0
464858.418016199,464918.418016199,650,560,274.786632641998,0,1
464918.418016199,464978.418016199,650,560,276.136632641998,0,1
464978.418016199,465038.418016199,650,560,277.486632641998,0,1
465038.418016199,465098.418016199,650,560,278.836632641998,0,1
465098.418016199,465158.418016199,650,560,280.186632641998,0,1
465158.418016199,465218.418016199,650,560,281.536632641998,0,1
465218.418016199,465278.418016199,650,560,282.886632641998,0,1
465278.418016199,465338.418016199,650,560,284.236632641998,0,1
465338.418016199,465398.418016199,650,560,285.586632641998,0,1
465398.418016199,465458.418016199,650,560,286.936632641998,0,1
465458.418016199,465518.418016199,650,560,288.286632641998,0,1
465518.418016199,465578.418016199,650,560,289.636632641998,0,1
465578.418016199,465638.418016199,650,560,290.986632641998,0,1
465638.418016199,465698.418016199,650,560,292.336632641998,0,1
465698.418016199,465758.418016199,650,560,293.686632641998,0,1
465758.418016199,465818.418016199,650,560,295.036632641998,0,1
465818.418016199,465878.418016199,650,560,296.386632641998,0,1
465878.418016199,465938.418016199,650,560,297.736632641998,0,1
465938.418016199,465998.418016199,650,560,299.086632641999,0,1
465998.418016199,466058.418016199,650,560,300,0,1
466058.418016199,466118.418016199,650,560,300,0,1
466118.418016199,466178.418016199,650,560,300,0,1
466178.418016199,466238.418016199,650,560,300,0,1
466238.418016199,466298.418016199,650,560,300,0,1
466298.418016199,466358.418016199,650,560,300,0,1
466358.418016199,466418.418016199,650,560,300,0,1
466418.418016199,466478.418016199,650,560,300,0,1
466478.418016199,466538.418016199,650,560,300,0,1
466538.418016199,466598.418016199,650,560,300,0,1
466598.418016199,466658.418016199,650,560,300,0,1
466658.418016199,466659.569849379,650,560,300,0,1
466659.569849379,466719.569849379,0,560,289.62962962963,0,1
466719.569849379,466779.569849379,0,560,279.259259259259,0,1
466779.569849379,466839.569849379,0,560,268.888888888889,0,1
466839.569849379,466899.569849379,0,560,258.518518518518,0,1
466899.569849379,466959.569849379,0,560,248.148148148148,0,1
466959.569849379,467019.569849379,0,560,237.777777777778,0,1
467019.569849379,467079.569849379,0,560,227.407407407407,0,1
467079.569849379,467139.569849379,0,560,217.037037037037,0,1
467139.569849379,467199.569849379,0,560,206.666666666667,0,1
467199.569849379,467259.569849379,0,230,202.407407407407,0,0
467259.569849379,467319.569849379,0,230,198.148148148148,0,0
467319.569849379,467379.569849379,0,230,193.888888888889,0,0
467379.569849379,467439.569849379,0,230,189.62962962963,0,0
467439.569849379,467499.569849379,0,230,185.37037037037,0,0
467499.569849379,467559.569849379,0,230,181.111111111111,0,0
467559.569849379,467619.569849379,0,230,176.851851851852,0,0
467619.569849379,467679.569849379,0,230,172.592592592592,0,0
467679.569849379,467727.914423706,0,230,169.160724661976,0,0
467727.914423706,467787.914423706,0,230,164.901465402717,0,0
467787.914423706,467847.914423706,0,230,160.642206143458,0,0
467847.914423706,467907.914423706,0,230,156.382946884199,0,0
467907.914423706,467967.914423706,0,230,152.123687624939,0,0
467967.914423706,468027.914423706,0,230,147.86442836568,0,0
468027.914423706,468087.914423706,0,230,143.605169106421,0,0
468087.914423706,468147.914423706,0,230,139.345909847161,0,0
468147.914423706,468207.914423706,0,230,135.086650587902,0,0
468207.914423706,468267.914423706,0,230,130.827391328643,0,0
468267.914423706,468327.914423706,0,230,126.568132069384,0,0
468327.914423706,468387.914423706,0,230,122.308872810124,0,0
468387.914423706,468447.914423706,0,230,118.049613550865,0,0
468447.914423706,468507.914423706,0,230,113.790354291606,0,0
468507.914423706,468567.914423706,0,230,109.531095032347,0,0
468567.914423706,468627.914423706,0,230,105.271835773087,0,0
468627.914423706,468687.914423706,0,230,101.012576513828,0,0
468687.914423706,468747.914423706,0,230,96.7533172545688,0,0
468747.914423706,468796.258998033,0,230,93.3214493239526,0,0
468796.258998033,468856.258998033,650,230,99.3214493239526,0,0
468856.258998033,468916.258998033,650,230,105.321449323953,0,0
468916.258998033,468976.258998033,650,230,111.321449323953,0,0
468976.258998033,469036.258998033,650,230,117.321449323953,0,0
469036.258998033,469096.258998033,650,230,123.321449323953,0,0
469096.258998033,469156.258998033,650,230,129.321449323953,0,0
469156.258998033,469216.258998033,650,230,135.321449323953,0,0
469216.258998033,469276.258998033,650,230,141.321449323953,0,0
469276.258998033,469336.258998033,650,230,147.321449323953,0,0
469336.258998033,469396.258998033,650,230,153.321449323953,0,0
469396.258998033,469456.258998033,650,230,159.321449323953,0,0
469456.258998033,469516.258998033,650,230,165.321449323953,0,0
469516.258998033,469576.258998033,650,230,171.321449323953,0,0
469576.258998033,469636.258998033,650,230,177.321449323953,0,0
469636.258998033,469696.258998033,650,230,183.321449323953,0,0
469696.258998033,469756.258998033,650,230,189.321449323953,0,0
469756.258998033,469816.258998033,650,230,195.321449323953,0,0
469816.258998033,469876.258998033,650,230,201.321449323953,0,0
469876.258998033,469936.258998033,650,230,207.321449323953,0,0
469936.258998033,469996.258998033,650,230,213.321449323953,0,0
469996.258998033,470056.258998033,650,230,219.321449323953,0,0
470056.258998033,470116.258998033,650,230,225.321449323953,0,0
470116.258998033,470176.258998033,650,230,231.321449323953,0,0
470176.258998033,470236.258998033,650,230,237.321449323953,0,0
470236.258998033,470296.258998033,650,230,243.321449323953,0,0
470296.258998033,470356.258998033,650,230,249.321449323953,0,0
470356.258998033,470416.258998033,650,230,255.321449323953,0,0
470416.258998033,470476.258998033,650,230,261.321449323953,0,0
470476.258998033,470536.258998033,650,230,267.321449323953,0,0
470536.258998033,470596.258998033,650,230,273.321449323953,0,0
470596.258998033,470597.410831213,650,230,273.436632641998,0,0
470597.410831213,470657.410831213,650,560,274.786632641998,0,1
470657.410831213,470717.410831213,650,560,276.136632641998,0,1
470717.410831213,470777.410831213,650,560,277.486632641998,0,1
470777.410831213,470837.410831213,650,560,278.836632641998,0,1
470837.410831213,470897.410831213,650,560,280.186632641998,0,1
470897.410831213,470957.410831213,650,560,281.536632641998,0,1
470957.410831213,471017.410831213,650,560,282.886632641998,0,1
471017.410831213,471077.410831213,650,560,284.236632641998,0,1
471077.410831213,471137.410831213,650,560,285.586632641998,0,1
471137.410831213,471197.410831213,650,560,286.936632641998,0,1
471197.410831213,471257.410831213,650,560,288.286632641998,0,1
471257.410831213,471317.410831213,650,560,289.636632641998,0,1
471317.410831213,471377.410831213,650,560,290.986632641998,0,1
471377.410831213,471437.410831213,650,560,292.336632641998,0,1
471437.410831213,471497.410831213,650,560,293.686632641998,0,1
471497.410831213,471557.410831213,650,560,295.036632641998,0,1
471557.410831213,471617.410831213,650,560,296.386632641998,0,1
471617.410831213,471677.410831213,650,560,297.736632641998,0,1
471677.410831213,471737.410831213,650,560,299.086632641999,0,1
471737.410831213,471797.410831213,650,560,300,0,1
471797.410831213,471857.410831213,650,560,300,0,1
471857.410831213,471917.410831213,650,560,300,0,1
471917.410831213,471977.410831213,650,560,300,0,1
471977.410831213,472037.410831213,650,560,300,0,1
472037.410831213,472097.410831213,650,560,300,0,1
472097.410831213,472157.410831213,650,560,300,0,1
472157.410831213,472217.410831213,650,560,300,0,1
472217.410831213,472277.410831213,650,560,300,0,1
472277.410831213,472337.410831213,650,560,300,0,1
472337.410831213,472397.410831213,650,560,300,0,1
472397.410831213,472398.562664394,650,560,300,0,1
472398.562664394,472458.562664394,0,560,289.62962962963,0,1
472458.562664394,472518.562664394,0,560,279.259259259259,0,1
472518.562664394,472578.562664394,0,560,268.888888888889,0,1
472578.562664394,472638.562664394,0,560,258.518518518518,0,1
472638.562664394,472698.562664394,0,560,248.148148148148,0,1
472698.562664394,472758.562664394,0,560,237.777777777778,0,1
472758.562664394,472818.562664394,0,560,227.407407407407,0,1
472818.562664394,472878.562664394,0,560,217.037037037037,0,1
472878.562664394,472938.562664394,0,560,206.666666666667,0,1
472938.562664394,472998.562664394,0,230,202.407407407407,0,0
472998.562664394,473058.562664394,0,230,198.148148148148,0,0
473058.562664394,473118.562664394,0,230,193.888888888889,0,0
473118.562664394,473178.562664394,0,230,189.62962962963,0,0
473178.562664394,473238.562664394,0,230,185.37037037037,0,0
473238.562664394,473298.562664394,0,230,181.111111111111,0,0
473298.562664394,473358.562664394,0,230,176.851851851852,0,0
473358.562664394,473418.562664394,0,230,172.592592592592,0,0
473418.562664394,473466.907238721,0,230,169.160724661976,0,0
473466.907238721,473526.907238721,0,230,164.901465402717,0,0
473526.907238721,473586.907238721,0,230,160.642206143458,0,0
473586.907238721,473646.907238721,0,230,156.382946884199,0,0
473646.907238721,473706.907238721,0,230,152.123687624939,0,0
473706.907238721,473766.907238721,0,230,147.86442836568,0,0
473766.907238721,473826.907238721,0,230,143.605169106421,0,0
473826.907238721,473886.907238721,0,230,139.345909847161,0,0
473886.907238721,473946.907238721,0,230,135.086650587902,0,0
473946.907238721,474006.907238721,0,230,130.827391328643,0,0
474006.907238721,474066.907238721,0,230,126.568132069384,0,0
474066.907238721,474126.907238721,0,230,122.308872810124,0,0
474126.907238721,474186.907238721,0,230,118.049613550865,0,0
474186.907238721,474246.907238721,0,230,113.790354291606,0,0
474246.907238721,474306.907238721,0,230,109.531095032347,0,0
474306.907238721,474366.907238721,0,230,105.271835773087,0,0
474366.907238721,474426.907238721,0,230,101.012576513828,0,0
474426.907238721,474486.907238721,0,230,96.7533172545688,0,0
474486.907238721,474535.251813048,0,230,93.3214493239526,0,0
474535.251813048,474595.251813048,650,230,99.3214493239526,0,0
474595.251813048,474655.251813048,650,230,105.321449323953,0,0
474655.251813048,474715.251813048,650,230,111.321449323953,0,0
474715.251813048,474775.251813048,650,230,117.321449323953,0,0
474775.251813048,474835.251813048,650,230,123.321449323953,0,0
474835.251813048,474895.251813048,650,230,129.321449323953,0,0
474895.251813048,474955.251813048,650,230,135.321449323953,0,0
474955.251813048,475015.251813048,650,230,141.321449323953,0,0
475015.251813048,475075.251813048,650,230,147.321449323953,0,0
475075.251813048,475135.251813048,650,230,153.321449323953,0,0
475135.251813048,475195.251813048,650,230,159.321449323953,0,0
475195.251813048,475255.251813048,650,230,165.321449323953,0,0
475255.251813048,475315.251813048,650,230,171.321449323953,0,0
475315.251813048,475375.251813048,650,230,177.321449323953,0,0
475375.251813048,475435.251813048,650,230,183.321449323953,0,0
475435.251813048,475495.251813048,650,230,189.321449323953,0,0
475495.251813048,475555.251813048,650,230,195.321449323953,0,0
475555.251813048,475615.251813048,650,230,201.321449323953,0,0
475615.251813048,475675.251813048,650,230,207.321449323953,0,0
475675.251813048,475735.251813048,650,230,213.321449323953,0,0
475735.251813048,475795.251813048,650,230,219.321449323953,0,0
475795.251813048,475855.251813048,650,230,225.321449323953,0,0
475855.251813048,475915.251813048,650,230,231.321449323953,0,0
475915.251813048,475975.251813048,650,230,237.321449323953,0,0
475975.251813048,476035.251813048,650,230,243.321449323953,0,0
476035.251813048,476095.251813048,650,230,249.321449323953,0,0
476095.251813048,476155.251813048,650,230,255.321449323953,0,0
476155.251813048,476215.251813048,650,230,261.321449323953,0,0
476215.251813048,476275.251813048,650,230,267.321449323953,0,0
476275.251813048,476335.251813048,650,230,273.321449323953,0,0
476335.251813048,476336.403646228,650,230,273.436632641998,0,0
476336.403646228,476396.403646228,650,560,274.786632641998,0,1
476396.403646228,476456.403646228,650,560,276.136632641998,0,1
476456.403646228,476516.403646228,650,560,277.486632641998,0,1
476516.403646228,476576.403646228,650,560,278.836632641998,0,1
476576.403646228,476636.403646228,650,560,280.186632641998,0,1
476636.403646228,476696.403646228,650,560,281.536632641998,0,1
476696.403646228,476756.403646228,650,560,282.886632641998,0,1
476756.403646228,476816.403646228,650,560,284.236632641998,0,1
476816.403646228,476876.403646228,650,560,285.586632641998,0,1
476876.403646228,476936.403646228,650,560,286.936632641998,0,1
476936.403646228,476996.403646228,650,560,288.286632641998,0,1
476996.403646228,477056.403646228,650,560,289.636632641998,0,1
477056.403646228,477116.403646228,650,560,290.986632641998,0,1
477116.403646228,477176.403646228,650,560,292.336632641998,0,1
477176.403646228,477236.403646228,650,560,293.686632641998,0,1
477236.403646228,477296.403646228,650,560,295.036632641998,0,1
477296.403646228,477356.403646228,650,560,296.386632641998,0,1
477356.403646228,477416.403646228,650,560,297.736632641998,0,1
477416.403646228,477476.403646228,650,560,299.086632641999,0,1
477476.403646228,477536.403646228,650,560,300,0,1
477536.403646228,477596.403646228,650,560,300,0,1
477596.403646228,477656.403646228,650,560,300,0,1
477656.403646228,477716.403646228,650,560,300,0,1
477716.403646228,477776.403646228,650,560,300,0,1
477776.403646228,477836.403646228,650,560,300,0,1
477836.403646228,477896.403646228,650,560,300,0,1
477896.403646228,477956.403646228,650,560,300,0,1
477956.403646228,478016.403646228,650,560,300,0,1
478016.403646228,478076.403646228,650,560,300,0,1
478076.403646228,478136.403646228,650,560,300,0,1
478136.403646228,478137.555479409,650,560,300,0,1
478137.555479409,478197.555479409,0,560,289.62962962963,0,1
478197.555479409,478257.555479409,0,560,279.259259259259,0,1
478257.555479409,478317.555479409,0,560,268.888888888889,0,1
478317.555479409,478377.555479409,0,560,258.518518518518,0,1
478377.555479409,478437.555479409,0,560,248.148148148148,0,1
478437.555479409,478497.555479409,0,560,237.777777777778,0,1
478497.555479409,478557.555479409,0,560,227.407407407407,0,1
478557.555479409,478617.555479409,0,560,217.037037037037,0,1
478617.555479409,478677.555479409,0,560,206.666666666667,0,1
478677.555479409,478737.555479409,0,230,202.407407407407,0,0
478737.555479409,478797.555479409,0,230,198.148148148148,0,0
478797.555479409,478857.555479409,0,230,193.888888888889,0,0
478857.555479409,478917.555479409,0,230,189.62962962963,0,0
478917.555479409,478977.555479409,0,230,185.37037037037,0,0
478977.555479409,479037.555479409,0,230,181.111111111111,0,0
479037.555479409,479097.555479409,0,230,176.851851851852,0,0
479097.555479409,479157.555479409,0,230,172.592592592592,0,0
479157.555479409,479205.900053736,0,230,169.160724661976,0,0
479205.900053736,479265.900053736,0,230,164.901465402717,0,0
479265.900053736,479325.900053736,0,230,160.642206143458,0,0
479325.900053736,479385.900053736,0,230,156.382946884199,0,0
479385.900053736,479445.900053736,0,230,152.123687624939,0,0
479445.900053736,479505.900053736,0,230,147.86442836568,0,0
479505.900053736,479565.900053736,0,230,143.605169106421,0,0
479565.900053736,479625.900053736,0,230,139.345909847161,0,0
479625.900053736,479685.900053736,0,230,135.086650587902,0,0
479685.900053736,479745.900053736,0,230,130.827391328643,0,0
479745.900053736,479805.900053736,0,230,126.568132069384,0,0
479805.900053736,479865.900053736,0,230,122.308872810124,0,0
479865.900053736,479925.900053736,0,230,118.049613550865,0,0
479925.900053736,479985.900053736,0,230,113.790354291606,0,0
479985.900053736,480045.900053736,0,230,109.531095032347,0,0
480045.900053736,480105.900053736,0,230,105.271835773087,0,0
480105.900053736,480165.900053736,0,230,101.012576513828,0,0
480165.900053736,480225.900053736,0,230,96.7533172545688,0,0
480225.900053736,480274.244628063,0,230,93.3214493239526,0,0
480274.244628063,480334.244628063,650,230,99.3214493239526,0,0
480334.244628063,480394.244628063,650,230,105.321449323953,0,0
480394.244628063,480454.244628063,650,230,111.321449323953,0,0
480454.244628063,480514.244628063,650,230,117.321449323953,0,0
480514.244628063,480574.244628063,650,230,123.321449323953,0,0
480574.244628063,480634.244628063,650,230,129.321449323953,0,0
480634.244628063,480694.244628063,650,230,135.321449323953,0,0
480694.244628063,480754.244628063,650,230,141.321449323953,0,0
480754.244628063,480814.244628063,650,230,147.321449323953,0,0
480814.244628063,480874.244628063,650,230,153.321449323953,0,0
480874.244628063,480934.244628063,650,230,159.321449323953,0,0
480934.244628063,480994.244628063,650,230,165.321449323953,0,0
480994.244628063,481054.244628063,650,230,171.321449323953,0,0
481054.244628063,481114.244628063,650,230,177.321449323953,0,0
481114.244628063,481174.244628063,650,230,183.321449323953,0,0
481174.244628063,481234.244628063,650,230,189.321449323953,0,0
481234.244628063,481294.244628063,650,230,195.321449323953,0,0
481294.244628063,481354.244628063,650,230,201.321449323953,0,0
481354.244628063,481414.244628063,650,230,207.321449323953,0,0
481414.244628063,481474.244628063,650,230,213.321449323953,0,0
481474.244628063,481534.244628063,650,230,219.321449323953,0,0
481534.244628063,481594.244628063,650,230,225.321449323953,0,0
481594.244628063,481654.244628063,650,230,231.321449323953,0,0
481654.244628063,481714.244628063,650,230,237.321449323953,0,0
481714.244628063,481774.244628063,650,230,243.321449323953,0,0
481774.244628063,481834.244628063,650,230,249.321449323953,0,0
481834.244628063,481894.244628063,650,230,255.321449323953,0,0
481894.244628063,481954.244628063,650,230,261.321449323953,0,0
481954.244628063,482014.244628063,650,230,267.321449323953,0,0
482014.244628063,482074.244628063,650,230,273.321449323953,0,0
482074.244628063,482075.396461243,650,230,273.436632641998,0,0
482075.396461243,482135.396461243,650,560,274.786632641998,0,1
482135.396461243,482195.396461243,650,560,276.136632641998,0,1
482195.396461243,482255.396461243,650,560,277.486632641998,0,1
482255.396461243,482315.396461243,650,560,278.836632641998,0,1
482315.396461243,482375.396461243,650,560,280.186632641998,0,1
482375.396461243,482435.396461243,650,560,281.536632641998,0,1
482435.396461243,482495.396461243,650,560,282.886632641998,0,1
482495.396461243,482555.396461243,650,560,284.236632641998,0,1
482555.396461243,482615.396461243,650,560,285.586632641998,0,1
482615.396461243,482675.396461243,650,560,286.936632641998,0,1
482675.396461243,482735.396461243,650,560,288.286632641998,0,1
482735.396461243,482795.396461243,650,560,289.636632641998,0,1
482795.396461243,482855.396461243,650,560,290.986632641998,0,1
482855.396461243,482915.396461243,650,560,292.336632641998,0,1
482915.396461243,482975.396461243,650,560,293.686632641998,0,1
482975.396461243,483035.396461243,650,560,295.036632641998,0,1
483035.396461243,483095.396461243,650,560,296.386632641998,0,1
483095.396461243,483155.396461243,650,560,297.736632641998,0,1
483155.396461243,483215.396461243,650,560,299.086632641999,0,1
483215.396461243,483275.396461243,650,560,300,0,1
483275.396461243,483335.396461243,650,560,300,0,1
483335.396461243,483395.396461243,650,560,300,0,1
483395.396461243,483455.396461243,650,560,300,0,1
483455.396461243,483515.396461243,650,560,300,0,1
483515.396461243,483575.396461243,650,560,300,0,1
483575.396461243,483635.396461243,650,560,300,0,1
483635.396461243,483695.396461243,650,560,300,0,1
483695.396461243,483755.396461243,650,560,300,0,1
483755.396461243,483815.396461243,650,560,300,0,1
483815.396461243,483875.396461243,650,560,300,0,1
483875.396461243,483876.548294423,650,560,300,0,1
483876.548294423,483936.548294423,0,560,289.62962962963,0,1
483936.548294423,483996.548294423,0,560,279.259259259259,0,1
483996.548294423,484056.548294423,0,560,268.888888888889,0,1
484056.548294423,484116.548294423,0,560,258.518518518518,0,1
484116.548294423,484176.548294423,0,560,248.148148148148,0,1
484176.548294423,484236.548294423,0,560,237.777777777778,0,1
484236.548294423,484296.548294423,0,560,227.407407407407,0,1
484296.548294423,484356.548294423,0,560,217.037037037037,0,1
484356.548294423,484416.548294423,0,560,206.666666666667,0,1
484416.548294423,484476.548294423,0,230,202.407407407407,0,0
484476.548294423,484536.548294423,0,230,198.148148148148,0,0
484536.548294423,484596.548294423,0,230,193.888888888889,0,0
484596.548294423,484656.548294423,0,230,189.62962962963,0,0
484656.548294423,484716.548294423,0,230,185.37037037037,0,0
484716.548294423,484776.548294423,0,230,181.111111111111,0,0
484776.548294423,484836.548294423,0,230,176.851851851852,0,0
484836.548294423,484896.548294423,0,230,172.592592592592,0,0
484896.548294423,484944.89286875,0,230,169.160724661976,0,0
484944.89286875,485004.89286875,0,230,164.901465402717,0,0
485004.89286875,485064.89286875,0,230,160.642206143458,0,0
485064.89286875,485124.89286875,0,230,156.382946884199,0,0
485124.89286875,485184.89286875,0,230,152.123687624939,0,0
485184.89286875,485244.89286875,0,230,147.86442836568,0,0
485244.89286875,485304.89286875,0,230,143.605169106421,0,0
485304.89286875,485364.89286875,0,230,139.345909847161,0,0
485364.89286875,485424.89286875,0,230,135.086650587902,0,0
485424.89286875,485484.89286875,0,230,130.827391328643,0,0
485484.89286875,485544.89286875,0,230,126.568132069384,0,0
485544.89286875,485604.89286875,0,230,122.308872810124,0,0
485604.89286875,485664.89286875,0,230,118.049613550865,0,0
485664.89286875,485724.89286875,0,230,113.790354291606,0,0
485724.89286875,485784.89286875,0,230,109.531095032347,0,0
485784.89286875,485844.89286875,0,230,105.271835773087,0,0
485844.89286875,485904.89286875,0,230,101.012576513828,0,0
485904.89286875,485964.89286875,0,230,96.7533172545688,0,0
485964.89286875,486013.237443077,0,230,93.3214493239526,0,0
486013.237443077,486073.237443077,650,230,99.3214493239526,0,0
486073.237443077,486133.237443077,650,230,105.321449323953,0,0
486133.237443077,486193.237443077,650,230,111.321449323953,0,0
486193.237443077,486253.237443077,650,230,117.321449323953,0,0
486253.237443077,486313.237443077,650,230,123.321449323953,0,0
486313.237443077,486373.237443077,650,230,129.321449323953,0,0
486373.237443077,486433.237443077,650,230,135.321449323953,0,0
486433.237443077,486493.237443077,650,230,141.321449323953,0,0
486493.237443077,486553.237443077,650,230,147.321449323953,0,0
486553.237443077,486613.237443077,650,230,153.321449323953,0,0
486613.237443077,486673.237443077,650,230,159.321449323953,0,0
486673.237443077,486733.237443077,650,230,165.321449323953,0,0
486733.237443077,486793.237443077,650,230,171.321449323953,0,0
486793.237443077,486853.237443077,650,230,177.321449323953,0,0
486853.237443077,486913.237443077,650,230,183.321449323953,0,0
486913.237443077,486973.237443077,650,230,189.321449323953,0,0
486973.237443077,487033.237443077,650,230,195.321449323953,0,0
487033.237443077,487093.237443077,650,230,201.321449323953,0,0
487093.237443077,487153.237443077,650,230,207.321449323953,0,0
487153.237443077,487213.237443077,650,230,213.321449323953,0,0
487213.237443077,487273.237443077,650,230,219.321449323953,0,0
487273.237443077,487333.237443077,650,230,225.321449323953,0,0
487333.237443077,487393.237443077,650,230,231.321449323953,0,0
487393.237443077,487453.237443077,650,230,237.321449323953,0,0
487453.237443077,487513.237443077,650,230,243.321449323953,0,0
487513.237443077,487573.237443077,650,230,249.321449323953,0,0
487573.237443077,487633.237443077,650,230,255.321449323953,0,0
487633.237443077,487693.237443077,650,230,261.321449323953,0,0
487693.237443077,487753.237443077,650,230,267.321449323953,0,0
487753.237443077,487813.237443077,650,230,273.321449323953,0,0
487813.237443077,487814.389276258,650,230,273.436632641998,0,0
487814.389276258,487874.389276258,650,560,274.786632641998,0,1
487874.389276258,487934.389276258,650,560,276.136632641998,0,1
487934.389276258,487994.389276258,650,560,277.486632641998,0,1
487994.389276258,488054.389276258,650,560,278.836632641998,0,1
488054.389276258,488114.389276258,650,560,280.186632641998,0,1
488114.389276258,488174.389276258,650,560,281.536632641998,0,1
488174.389276258,488234.389276258,650,560,282.886632641998,0,1
488234.389276258,488294.389276258,650,560,284.236632641998,0,1
488294.389276258,488354.389276258,650,560,285.586632641998,0,1
488354.389276258,488414.389276258,650,560,286.936632641998,0,1
488414.389276258,488474.389276258,650,560,288.286632641998,0,1
488474.389276258,488534.389276258,650,560,289.636632641998,0,1
488534.389276258,488594.389276258,650,560,290.986632641998,0,1
488594.389276258,488654.389276258,650,560,292.336632641998,0,1
488654.389276258,488714.389276258,650,560,293.686632641998,0,1
488714.389276258,488774.389276258,650,560,295.036632641998,0,1
488774.389276258,488834.389276258,650,560,296.386632641998,0,1
488834.389276258,488894.389276258,650,560,297.736632641998,0,1
488894.389276258,488954.389276258,650,560,299.086632641999,0,1
488954.389276258,489014.389276258,650,560,300,0,1
489014.389276258,489074.389276258,650,560,300,0,1
489074.389276258,489134.389276258,650,560,300,0,1
489134.389276258,489194.389276258,650,560,300,0,1
489194.389276258,489254.389276258,650,560,300,0,1
489254.389276258,489314.389276258,650,560,300,0,1
489314.389276258,489374.389276258,650,560,300,0,1
489374.389276258,489434.389276258,650,560,300,0,1
489434.389276258,489494.389276258,650,560,300,0,1
489494.389276258,489554.389276258,650,560,300,0,1
489554.389276258,489614.389276258,650,560,300,0,1
489614.389276258,489615.541109438,650,560,300,0,1
489615.541109438,489675.541109438,0,560,289.62962962963,0,1
489675.541109438,489735.541109438,0,560,279.259259259259,0,1
489735.541109438,489795.541109438,0,560,268.888888888889,0,1
489795.541109438,489855.541109438,0,560,258.518518518518,0,1
489855.541109438,489915.541109438,0,560,248.148148148148,0,1
489915.541109438,489975.541109438,0,560,237.777777777778,0,1
489975.541109438,490035.541109438,0,560,227.407407407407,0,1
490035.541109438,490095.541109438,0,560,217.037037037037,0,1
490095.541109438,490155.541109438,0,560,206.666666666667,0,1
490155.541109438,490215.541109438,0,230,202.407407407407,0,0
490215.541109438,490275.541109438,0,230,198.148148148148,0,0
490275.541109438,490335.541109438,0,230,193.888888888889,0,0
490335.541109438,490395.541109438,0,230,189.62962962963,0,0
490395.541109438,490455.541109438,0,230,185.37037037037,0,0
490455.541109438,490515.541109438,0,230,181.111111111111,0,0
490515.541109438,490575.541109438,0,230,176.851851851852,0,0
490575.541109438,490635.541109438,0,230,172.592592592592,0,0
490635.541109438,490683.885683765,0,230,169.160724661976,0,0
490683.885683765,490743.885683765,0,230,164.901465402717,0,0
490743.885683765,490803.885683765,0,230,160.642206143458,0,0
490803.885683765,490863.885683765,0,230,156.382946884199,0,0
490863.885683765,490923.885683765,0,230,152.123687624939,0,0
490923.885683765,490983.885683765,0,230,147.86442836568,0,0
490983.885683765,491043.885683765,0,230,143.605169106421,0,0
491043.885683765,491103.885683765,0,230,139.345909847161,0,0
491103.885683765,491163.885683765,0,230,135.086650587902,0,0
491163.885683765,491223.885683765,0,230,130.827391328643,0,0
491223.885683765,491283.885683765,0,230,126.568132069384,0,0
491283.885683765,491343.885683765,0,230,122.308872810124,0,0
491343.885683765,491403.885683765,0,230,118.049613550865,0,0
491403.885683765,491463.885683765,0,230,113.790354291606,0,0
491463.885683765,491523.885683765,0,230,109.531095032347,0,0
491523.885683765,491583.885683765,0,230,105.271835773087,0,0
491583.885683765,491643.885683765,0,230,101.012576513828,0,0
491643.885683765,491703.885683765,0,230,96.7533172545688,0,0
491703.885683765,491752.230258092,0,230,93.3214493239526,0,0
491752.230258092,491812.230258092,650,230,99.3214493239526,0,0
491812.230258092,491872.230258092,650,230,105.321449323953,0,0
491872.230258092,491932.230258092,650,230,111.321449323953,0,0
491932.230258092,491992.230258092,650,230,117.321449323953,0,0
491992.230258092,492052.230258092,650,230,123.321449323953,0,0
492052.230258092,492112.230258092,650,230,129.321449323953,0,0
492112.230258092,492172.230258092,650,230,135.321449323953,0,0
492172.230258092,492232.230258092,650,230,141.321449323953,0,0
492232.230258092,492292.230258092,650,230,147.321449323953,0,0
492292.230258092,492352.230258092,650,230,153.321449323953,0,0
492352.230258092,492412.230258092,650,230,159.321449323953,0,0
492412.230258092,492472.230258092,650,230,165.321449323953,0,0
492472.230258092,492532.230258092,650,230,171.321449323953,0,0
492532.230258092,492592.230258092,650,230,177.321449323953,0,0
492592.230258092,492652.230258092,650,230,183.321449323953,0,0
492652.230258092,492712.230258092,650,230,189.321449323953,0,0
492712.230258092,492772.230258092,650,230,195.321449323953,0,0
492772.230258092,492832.230258092,650,230,201.321449323953,0,0
492832.230258092,492892.230258092,650,230,207.321449323953,0,0
492892.230258092,492952.230258092,650,230,213.321449323953,0,0
492952.230258092,493012.230258092,650,230,219.321449323953,0,0
493012.230258092,493072.230258092,650,230,225.321449323953,0,0
493072.230258092,493132.230258092,650,230,231.321449323953,0,0
493132.230258092,493192.230258092,650,230,237.321449323953,0,0
493192.230258092,493252.230258092,650,230,243.321449323953,0,0
493252.230258092,493312.230258092,650,230,249.321449323953,0,0
493312.230258092,493372.230258092,650,230,255.321449323953,0,0
493372.230258092,493432.230258092,650,230,261.321449323953,0,0
493432.230258092,493492.230258092,650,230,267.321449323953,0,0
493492.230258092,493552.230258092,650,230,273.321449323953,0,0
493552.230258092,493553.382091273,650,230,273.436632641998,0,0
493553.382091273,493613.382091273,650,560,274.786632641998,0,1
493613.382091273,493673.382091273,650,560,276.136632641998,0,1
493673.382091273,493733.382091273,650,560,277.486632641998,0,1
493733.382091273,493793.382091273,650,560,278.836632641998,0,1
493793.382091273,493853.382091273,650,560,280.186632641998,0,1
493853.382091273,493913.382091273,650,560,281.536632641998,0,1
493913.382091273,493973.382091273,650,560,282.886632641998,0,1
493973.382091273,494033.382091273,650,560,284.236632641998,0,1
494033.382091273,494093.382091273,650,560,285.586632641998,0,1
494093.382091273,494153.382091273,650,560,286.936632641998,0,1
494153.382091273,494213.382091273,650,560,288.286632641998,0,1
494213.382091273,494273.382091273,650,560,289.636632641998,0,1
494273.382091273,494333.382091273,650,560,290.986632641998,0,1
494333.382091273,494393.382091273,650,560,292.336632641998,0,1
494393.382091273,494453.382091273,650,560,293.686632641998,0,1
494453.382091273,494513.382091273,650,560,295.036632641998,0,1
494513.382091273,494573.382091273,650,560,296.386632641998,0,1
494573.382091273,494633.382091273,650,560,297.736632641998,0,1
494633.382091273,494693.382091273,650,560,299.086632641999,0,1
494693.382091273,494753.382091273,650,560,300,0,1
494753.382091273,494813.382091273,650,560,300,0,1
494813.382091273,494873.382091273,650,560,300,0,1
494873.382091273,494933.382091273,650,560,300,0,1
494933.382091273,494993.382091273,650,560,300,0,1
494993.382091273,495053.382091273,650,560,300,0,1
495053.382091273,495113.382091273,650,560,300,0,1
495113.382091273,495173.382091273,650,560,300,0,1
495173.382091273,495233.382091273,650,560,300,0,1
495233.382091273,495293.382091273,650,560,300,0,1
495293.382091273,495353.382091273,650,560,300,0,1
495353.382091273,495354.533924453,650,560,300,0,1
495354.533924453,495414.533924453,0,560,289.62962962963,0,1
495414.533924453,495474.533924453,0,560,279.259259259259,0,1
495474.533924453,495534.533924453,0,560,268.888888888889,0,1
495534.533924453,495594.533924453,0,560,258.518518518518,0,1
495594.533924453,495654.533924453,0,560,248.148148148148,0,1
495654.533924453,495714.533924453,0,560,237.777777777778,0,1
495714.533924453,495774.533924453,0,560,227.407407407407,0,1
495774.533924453,495834.533924453,0,560,217.037037037037,0,1
495834.533924453,495894.533924453,0,560,206.666666666667,0,1
495894.533924453,495954.533924453,0,230,202.407407407407,0,0
495954.533924453,496014.533924453,0,230,198.148148148148,0,0
496014.533924453,496074.533924453,0,230,193.888888888889,0,0
496074.533924453,496134.533924453,0,230,189.62962962963,0,0
496134.533924453,496194.533924453,0,230,185.37037037037,0,0
496194.533924453,496254.533924453,0,230,181.111111111111,0,0
496254.533924453,496314.533924453,0,230,176.851851851852,0,0
496314.533924453,496374.533924453,0,230,172.592592592592,0,0
496374.533924453,496422.87849878,0,230,169.160724661976,0,0
496422.87849878,496482.87849878,0,230,164.901465402717,0,0
496482.87849878,496542.87849878,0,230,160.642206143458,0,0
496542.87849878,496602.87849878,0,230,156.382946884199,0,0
496602.87849878,496662.87849878,0,230,152.123687624939,0,0
496662.87849878,496722.87849878,0,230,147.86442836568,0,0
496722.87849878,496782.87849878,0,230,143.605169106421,0,0
496782.87849878,496842.87849878,0,230,139.345909847161,0,0
496842.87849878,496902.87849878,0,230,135.086650587902,0,0
496902.87849878,496962.87849878,0,230,130.827391328643,0,0
496962.87849878,497022.87849878,0,230,126.568132069384,0,0
497022.87849878,497082.87849878,0,230,122.308872810124,0,0
497082.87849878,497142.87849878,0,230,118.049613550865,0,0
497142.87849878,497202.87849878,0,230,113.790354291606,0,0
497202.87849878,497262.87849878,0,230,109.531095032347,0,0
497262.87849878,497322.87849878,0,230,105.271835773087,0,0
497322.87849878,497382.87849878,0,230,101.012576513828,0,0
497382.87849878,497442.87849878,0,230,96.7533172545688,0,0
497442.87849878,497491.223073107,0,230,93.3214493239526,0,0
497491.223073107,497551.223073107,650,230,99.3214493239526,0,0
497551.223073107,497611.223073107,650,230,105.321449323953,0,0
497611.223073107,497671.223073107,650,230,111.321449323953,0,0
497671.223073107,497731.223073107,650,230,117.321449323953,0,0
497731.223073107,497791.223073107,650,230,123.321449323953,0,0
497791.223073107,497851.223073107,650,230,129.321449323953,0,0
497851.223073107,497911.223073107,650,230,135.321449323953,0,0
497911.223073107,497971.223073107,650,230,141.321449323953,0,0
497971.223073107,498031.223073107,650,230,147.321449323953,0,0
498031.223073107,498091.223073107,650,230,153.321449323953,0,0
498091.223073107,498151.223073107,650,230,159.321449323953,0,0
498151.223073107,498211.223073107,650,230,165.321449323953,0,0
498211.223073107,498271.223073107,650,230,171.321449323953,0,0
498271.223073107,498331.223073107,650,230,177.321449323953,0,0
498331.223073107,498391.223073107,650,230,183.321449323953,0,0
498391.223073107,498451.223073107,650,230,189.321449323953,0,0
498451.223073107,498511.223073107,650,230,195.321449323953,0,0
498511.223073107,498571.223073107,650,230,201.321449323953,0,0
498571.223073107,498631.223073107,650,230,207.321449323953,0,0
498631.223073107,498691.223073107,650,230,213.321449323953,0,0
498691.223073107,498751.223073107,650,230,219.321449323953,0,0
498751.223073107,498811.223073107,650,230,225.321449323953,0,0
498811.223073107,498871.223073107,650,230,231.321449323953,0,0
498871.223073107,498931.223073107,650,230,237.321449323953,0,0
498931.223073107,498991.223073107,650,230,243.321449323953,0,0
498991.223073107,499051.223073107,650,230,249.321449323953,0,0
499051.223073107,499111.223073107,650,230,255.321449323953,0,0
499111.223073107,499171.223073107,650,230,261.321449323953,0,0
499171.223073107,499231.223073107,650,230,267.321449323953,0,0
499231.223073107,499291.223073107,650,230,273.321449323953,0,0
499291.223073107,499292.374906287,650,230,273.436632641998,0,0
499292.374906287,499352.374906287,650,560,274.786632641998,0,1
499352.374906287,499412.374906287,650,560,276.136632641998,0,1
499412.374906287,499472.374906287,650,560,277.486632641998,0,1
499472.374906287,499532.374906287,650,560,278.836632641998,0,1
499532.374906287,499592.374906287,650,560,280.186632641998,0,1
499592.374906287,499652.374906287,650,560,281.536632641998,0,1
499652.374906287,499712.374906287,650,560,282.886632641998,0,1
499712.374906287,499772.374906287,650,560,284.236632641998,0,1
499772.374906287,499832.374906287,650,560,285.586632641998,0,1
499832.374906287,499892.374906287,650,560,286.936632641998,0,1
499892.374906287,499952.374906287,650,560,288.286632641998,0,1
499952.374906287,500012.374906287,650,560,289.636632641998,0,1
500012.374906287,500072.374906287,650,560,290.986632641998,0,1
500072.374906287,500132.374906287,650,560,292.336632641998,0,1
500132.374906287,500192.374906287,650,560,293.686632641998,0,1
500192.374906287,500252.374906287,650,560,295.036632641998,0,1
500252.374906287,500312.374906287,650,560,296.386632641998,0,1
500312.374906287,500372.374906287,650,560,297.736632641998,0,1
500372.374906287,500432.374906287,650,560,299.086632641999,0,1
500432.374906287,500492.374906287,650,560,300,0,1
500492.374906287,500552.374906287,650,560,300,0,1
500552.374906287,500612.374906287,650,560,300,0,1
500612.374906287,500672.374906287,650,560,300,0,1
500672.374906287,500732.374906287,650,560,300,0,1
500732.374906287,500792.374906287,650,560,300,0,1
500792.374906287,500852.374906287,650,560,300,0,1
500852.374906287,500912.374906287,650,560,300,0,1
500912.374906287,500972.374906287,650,560,300,0,1
500972.374906287,501032.374906287,650,560,300,0,1
501032.374906287,501092.374906287,650,560,300,0,1
501092.374906287,501093.526739468,650,560,300,0,1
501093.526739468,501153.526739468,0,560,289.62962962963,0,1
501153.526739468,501213.526739468,0,560,279.259259259259,0,1
501213.526739468,501273.526739468,0,560,268.888888888889,0,1
501273.526739468,501333.526739468,0,560,258.518518518518,0,1
501333.526739468,501393.526739468,0,560,248.148148148148,0,1
501393.526739468,501453.526739468,0,560,237.777777777778,0,1
501453.526739468,501513.526739468,0,560,227.407407407407,0,1
501513.526739468,501573.526739468,0,560,217.037037037037,0,1
501573.526739468,501633.526739468,0,560,206.666666666667,0,1
501633.526739468,501693.526739468,0,230,202.407407407407,0,0
501693.526739468,501753.526739468,0,230,198.148148148148,0,0
501753.526739468,501813.526739468,0,230,193.888888888889,0,0
501813.526739468,501873.526739468,0,230,189.62962962963,0,0
501873.526739468,501933.526739468,0,230,185.37037037037,0,0
501933.526739468,501993.526739468,0,230,181.111111111111,0,0
501993.526739468,502053.526739468,0,230,176.851851851852,0,0
502053.526739468,502113.526739468,0,230,172.592592592592,0,0
502113.526739468,502161.871313795,0,230,169.160724661976,0,0
502161.871313795,502221.871313795,0,230,164.901465402717,0,0
502221.871313795,502281.871313795,0,230,160.642206143458,0,0
502281.871313795,502341.871313795,0,230,156.382946884199,0,0
502341.871313795,502401.871313795,0,230,152.123687624939,0,0
502401.871313795,502461.871313795,0,230,147.86442836568,0,0
502461.871313795,502521.871313795,0,230,143.605169106421,0,0
502521.871313795,502581.871313795,0,230,139.345909847161,0,0
502581.871313795,502641.871313795,0,230,135.086650587902,0,0
502641.871313795,502701.871313795,0,230,130.827391328643,0,0
502701.871313795,502761.871313795,0,230,126.568132069384,0,0
502761.871313795,502821.871313795,0,230,122.308872810124,0,0
502821.871313795,502881.871313795,0,230,118.049613550865,0,0
502881.871313795,502941.871313795,0,230,113.790354291606,0,0
502941.871313795,503001.871313795,0,230,109.531095032347,0,0
503001.871313795,503061.871313795,0,230,105.271835773087,0,0
503061.871313795,503121.871313795,0,230,101.012576513828,0,0
503121.871313795,503181.871313795,0,230,96.7533172545688,0,0
503181.871313795,503230.215888122,0,230,93.3214493239526,0,0
503230.215888122,503290.215888122,650,230,99.3214493239526,0,0
503290.215888122,503350.215888122,650,230,105.321449323953,0,0
503350.215888122,503410.215888122,650,230,111.321449323953,0,0
503410.215888122,503470.215888122,650,230,117.321449323953,0,0
503470.215888122,503530.215888122,650,230,123.321449323953,0,0
503530.215888122,503590.215888122,650,230,129.321449323953,0,0
503590.215888122,503650.215888122,650,230,135.321449323953,0,0
503650.215888122,503710.215888122,650,230,141.321449323953,0,0
503710.215888122,503770.215888122,650,230,147.321449323953,0,0
503770.215888122,503830.215888122,650,230,153.321449323953,0,0
503830.215888122,503890.215888122,650,230,159.321449323953,0,0
503890.215888122,503950.215888122,650,230,165.321449323953,0,0
503950.215888122,504010.215888122,650,230,171.321449323953,0,0
504010.215888122,504070.215888122,650,230,177.321449323953,0,0
504070.215888122,504130.215888122,650,230,183.321449323953,0,0
504130.215888122,504190.215888122,650,230,189.321449323953,0,0
504190.215888122,504250.215888122,650,230,195.321449323953,0,0
504250.215888122,504310.215888122,650,230,201.321449323953,0,0
504310.215888122,504370.215888122,650,230,207.321449323953,0,0
504370.215888122,504430.215888122,650,230,213.321449323953,0,0
504430.215888122,504490.215888122,650,230,219.321449323953,0,0
504490.215888122,504550.215888122,650,230,225.321449323953,0,0
504550.215888122,504610.215888122,650,230,231.321449323953,0,0
504610.215888122,504670.215888122,650,230,237.321449323953,0,0
504670.215888122,504730.215888122,650,230,243.321449323953,0,0
504730.215888122,504790.215888122,650,230,249.321449323953,0,0
504790.215888122,504850.215888122,650,230,255.321449323953,0,0
504850.215888122,504910.215888122,650,230,261.321449323953,0,0
504910.215888122,504970.215888122,650,230,267.321449323953,0,0
504970.215888122,505030.215888122,650,230,273.321449323953,0,0
505030.215888122,505031.367721302,650,230,273.436632641998,0,0
505031.367721302,505091.367721302,650,560,274.786632641998,0,1
505091.367721302,505151.367721302,650,560,276.136632641998,0,1
505151.367721302,505211.367721302,650,560,277.486632641998,0,1
505211.367721302,505271.367721302,650,560,278.836632641998,0,1
505271.367721302,505331.367721302,650,560,280.186632641998,0,1
505331.367721302,505391.367721302,650,560,281.536632641998,0,1
505391.367721302,505451.367721302,650,560,282.886632641998,0,1
505451.367721302,505511.367721302,650,560,284.236632641998,0,1
505511.367721302,505571.367721302,650,560,285.586632641998,0,1
505571.367721302,505631.367721302,650,560,286.936632641998,0,1
505631.367721302,505691.367721302,650,560,288.286632641998,0,1
505691.367721302,505751.367721302,650,560,289.636632641998,0,1
505751.367721302,505811.367721302,650,560,290.986632641998,0,1
505811.367721302,505871.367721302,650,560,292.336632641998,0,1
505871.367721302,505931.367721302,650,560,293.686632641998,0,1
505931.367721302,505991.367721302,650,560,295.036632641998,0,1
505991.367721302,506051.367721302,650,560,296.386632641998,0,1
506051.367721302,506111.367721302,650,560,297.736632641998,0,1
506111.367721302,506171.367721302,650,560,299.086632641999,0,1
506171.367721302,506231.367721302,650,560,300,0,1
506231.367721302,506291.367721302,650,560,300,0,1
506291.367721302,506351.367721302,650,560,300,0,1
506351.367721302,506411.367721302,650,560,300,0,1
506411.367721302,506471.367721302,650,560,300,0,1
506471.367721302,506531.367721302,650,560,300,0,1
506531.367721302,506591.367721302,650,560,300,0,1
506591.367721302,506651.367721302,650,560,300,0,1
506651.367721302,506711.367721302,650,560,300,0,1
506711.367721302,506771.367721302,650,560,300,0,1
506771.367721302,506831.367721302,650,560,300,0,1
506831.367721302,506832.519554483,650,560,300,0,1
506832.519554483,506892.519554483,0,560,289.62962962963,0,1
506892.519554483,506952.519554483,0,560,279.259259259259,0,1
506952.519554483,507012.519554483,0,560,268.888888888889,0,1
507012.519554483,507072.519554483,0,560,258.518518518518,0,1
507072.519554483,507132.519554483,0,560,248.148148148148,0,1
507132.519554483,507192.519554483,0,560,237.777777777778,0,1
507192.519554483,507252.519554483,0,560,227.407407407407,0,1
507252.519554483,507312.519554483,0,560,217.037037037037,0,1
507312.519554483,507372.519554483,0,560,206.666666666667,0,1
507372.519554483,507432.519554483,0,230,202.407407407407,0,0
507432.519554483,507492.519554483,0,230,198.148148148148,0,0
507492.519554483,507552.519554483,0,230,193.888888888889,0,0
507552.519554483,507612.519554483,0,230,189.62962962963,0,0
507612.519554483,507672.519554483,0,230,185.37037037037,0,0
507672.519554483,507732.519554483,0,230,181.111111111111,0,0
507732.519554483,507792.519554483,0,230,176.851851851852,0,0
507792.519554483,507852.519554483,0,230,172.592592592592,0,0
507852.519554483,507900.86412881,0,230,169.160724661976,0,0
507900.86412881,507960.86412881,0,230,164.901465402717,0,0
507960.86412881,508020.86412881,0,230,160.642206143458,0,0
508020.86412881,508080.86412881,0,230,156.382946884199,0,0
508080.86412881,508140.86412881,0,230,152.123687624939,0,0
508140.86412881,508200.86412881,0,230,147.86442836568,0,0
508200.86412881,508260.86412881,0,230,143.605169106421,0,0
508260.86412881,508320.86412881,0,230,139.345909847161,0,0
508320.86412881,508380.86412881,0,230,135.086650587902,0,0
508380.86412881,508440.86412881,0,230,130.827391328643,0,0
508440.86412881,508500.86412881,0,230,126.568132069384,0,0
508500.86412881,508560.86412881,0,230,122.308872810124,0,0
508560.86412881,508620.86412881,0,230,118.049613550865,0,0
508620.86412881,508680.86412881,0,230,113.790354291606,0,0
508680.86412881,508740.86412881,0,230,109.531095032347,0,0
508740.86412881,508800.86412881,0,230,105.271835773087,0,0
508800.86412881,508860.86412881,0,230,101.012576513828,0,0
508860.86412881,508920.86412881,0,230,96.7533172545688,0,0
508920.86412881,508969.208703137,0,230,93.3214493239526,0,0
508969.208703137,509029.208703137,650,230,99.3214493239526,0,0
509029.208703137,509089.208703137,650,230,105.321449323953,0,0
509089.208703137,509149.208703137,650,230,111.321449323953,0,0
509149.208703137,509209.208703137,650,230,117.321449323953,0,0
509209.208703137,509269.208703137,650,230,123.321449323953,0,0
509269.208703137,509329.208703137,650,230,129.321449323953,0,0
509329.208703137,509389.208703137,650,230,135.321449323953,0,0
509389.208703137,509449.208703137,650,230,141.321449323953,0,0
509449.208703137,509509.208703137,650,230,147.321449323953,0,0
509509.208703137,509569.208703137,650,230,153.321449323953,0,0
509569.208703137,509629.208703137,650,230,159.321449323953,0,0
509629.208703137,509689.208703137,650,230,165.321449323953,0,0
509689.208703137,509749.208703137,650,230,171.321449323953,0,0
509749.208703137,509809.208703137,650,230,177.321449323953,0,0
509809.208703137,509869.208703137,650,230,183.321449323953,0,0
509869.208703137,509929.208703137,650,230,189.321449323953,0,0
509929.208703137,509989.208703137,650,230,195.321449323953,0,0
509989.208703137,510049.208703137,650,230,201.321449323953,0,0
510049.208703137,510109.208703137,650,230,207.321449323953,0,0
510109.208703137,510169.208703137,650,230,213.321449323953,0,0
510169.208703137,510229.208703137,650,230,219.321449323953,0,0
510229.208703137,510289.208703137,650,230,225.321449323953,0,0
510289.208703137,510349.208703137,650,230,231.321449323953,0,0
510349.208703137,510409.208703137,650,230,237.321449323953,0,0
510409.208703137,510469.208703137,650,230,243.321449323953,0,0
510469.208703137,510529.208703137,650,230,249.321449323953,0,0
510529.208703137,510589.208703137,650,230,255.321449323953,0,0
510589.208703137,510649.208703137,650,230,261.321449323953,0,0
510649.208703137,510709.208703137,650,230,267.321449323953,0,0
510709.208703137,510769.208703137,650,230,273.321449323953,0,0
510769.208703137,510770.360536317,650,230,273.436632641998,0,0
510770.360536317,510830.360536317,650,560,274.786632641998,0,1
510830.360536317,510890.360536317,650,560,276.136632641998,0,1
510890.360536317,510950.360536317,650,560,277.486632641998,0,1
510950.360536317,511010.360536317,650,560,278.836632641998,0,1
511010.360536317,511070.360536317,650,560,280.186632641998,0,1
511070.360536317,511130.360536317,650,560,281.536632641998,0,1
511130.360536317,511190.360536317,650,560,282.886632641998,0,1
511190.360536317,511250.360536317,650,560,284.236632641998,0,1
511250.360536317,511310.360536317,650,560,285.586632641998,0,1
511310.360536317,511370.360536317,650,560,286.936632641998,0,1
511370.360536317,511430.360536317,650,560,288.286632641998,0,1
511430.360536317,511490.360536317,650,560,289.636632641998,0,1
511490.360536317,511550.360536317,650,560,290.986632641998,0,1
511550.360536317,511610.360536317,650,560,292.336632641998,0,1
511610.360536317,511670.360536317,650,560,293.686632641998,0,1
511670.360536317,511730.360536317,650,560,295.036632641998,0,1
511730.360536317,511790.360536317,650,560,296.386632641998,0,1
511790.360536317,511850.360536317,650,560,297.736632641998,0,1
511850.360536317,511910.360536317,650,560,299.086632641999,0,1
511910.360536317,511970.360536317,650,560,300,0,1
511970.360536317,512030.360536317,650,560,300,0,1
512030.360536317,512090.360536317,650,560,300,0,1
512090.360536317,512150.360536317,650,560,300,0,1
512150.360536317,512210.360536317,650,560,300,0,1
512210.360536317,512270.360536317,650,560,300,0,1
512270.360536317,512330.360536317,650,560,300,0,1
512330.360536317,512390.360536317,650,560,300,0,1
512390.360536317,512450.360536317,650,560,300,0,1
512450.360536317,512510.360536317,650,560,300,0,1
512510.360536317,512570.360536317,650,560,300,0,1
512570.360536317,512571.512369498,650,560,300,0,1
512571.512369498,512631.512369498,0,560,289.62962962963,0,1
512631.512369498,512691.512369498,0,560,279.259259259259,0,1
512691.512369498,512751.512369498,0,560,268.888888888889,0,1
512751.512369498,512811.512369498,0,560,258.518518518518,0,1
512811.512369498,512871.512369498,0,560,248.148148148148,0,1
512871.512369498,512931.512369498,0,560,237.777777777778,0,1
512931.512369498,512991.512369498,0,560,227.407407407407,0,1
512991.512369498,513051.512369498,0,560,217.037037037037,0,1
513051.512369498,513111.512369498,0,560,206.666666666667,0,1
513111.512369498,513171.512369498,0,230,202.407407407407,0,0
513171.512369498,513231.512369498,0,230,198.148148148148,0,0
513231.512369498,513291.512369498,0,230,193.888888888889,0,0
513291.512369498,513351.512369498,0,230,189.62962962963,0,0
513351.512369498,513411.512369498,0,230,185.37037037037,0,0
513411.512369498,513471.512369498,0,230,181.111111111111,0,0
513471.512369498,513531.512369498,0,230,176.851851851852,0,0
513531.512369498,513591.512369498,0,230,172.592592592592,0,0
513591.512369498,513639.856943824,0,230,169.160724661976,0,0
513639.856943824,513699.856943824,0,230,164.901465402717,0,0
513699.856943824,513759.856943824,0,230,160.642206143458,0,0
513759.856943824,513819.856943824,0,230,156.382946884199,0,0
513819.856943824,513879.856943824,0,230,152.123687624939,0,0
513879.856943824,513939.856943824,0,230,147.86442836568,0,0
513939.856943824,513999.856943824,0,230,143.605169106421,0,0
513999.856943824,514059.856943824,0,230,139.345909847161,0,0
514059.856943824,514119.856943824,0,230,135.086650587902,0,0
514119.856943824,514179.856943824,0,230,130.827391328643,0,0
514179.856943824,514239.856943824,0,230,126.568132069384,0,0
514239.856943824,514299.856943824,0,230,122.308872810124,0,0
514299.856943824,514359.856943824,0,230,118.049613550865,0,0
514359.856943824,514419.856943824,0,230,113.790354291606,0,0
514419.856943824,514479.856943824,0,230,109.531095032347,0,0
514479.856943824,514539.856943824,0,230,105.271835773087,0,0
514539.856943824,514599.856943824,0,230,101.012576513828,0,0
514599.856943824,514659.856943824,0,230,96.7533172545688,0,0
514659.856943824,514708.201518151,0,230,93.3214493239526,0,0
514708.201518151,514768.201518151,650,230,99.3214493239526,0,0
514768.201518151,514828.201518151,650,230,105.321449323953,0,0
514828.201518151,514888.201518151,650,230,111.321449323953,0,0
514888.201518151,514948.201518151,650,230,117.321449323953,0,0
514948.201518151,515008.201518151,650,230,123.321449323953,0,0
515008.201518151,515068.201518151,650,230,129.321449323953,0,0
515068.201518151,515128.201518151,650,230,135.321449323953,0,0
515128.201518151,515188.201518151,650,230,141.321449323953,0,0
515188.201518151,515248.201518151,650,230,147.321449323953,0,0
515248.201518151,515308.201518151,650,230,153.321449323953,0,0
515308.201518151,515368.201518151,650,230,159.321449323953,0,0
515368.201518151,515428.201518151,650,230,165.321449323953,0,0
515428.201518151,515488.201518151,650,230,171.321449323953,0,0
515488.201518151,515548.201518151,650,230,177.321449323953,0,0
515548.201518151,515608.201518151,650,230,183.321449323953,0,0
515608.201518151,515668.201518151,650,230,189.321449323953,0,0
515668.201518151,515728.201518151,650,230,195.321449323953,0,0
515728.201518151,515788.201518151,650,230,201.321449323953,0,0
515788.201518151,515848.201518151,650,230,207.321449323953,0,0
515848.201518151,515908.201518151,650,230,213.321449323953,0,0
515908.201518151,515968.201518151,650,230,219.321449323953,0,0
515968.201518151,516028.201518151,650,230,225.321449323953,0,0
516028.201518151,516088.201518151,650,230,231.321449323953,0,0
516088.201518151,516148.201518151,650,230,237.321449323953,0,0
516148.201518151,516208.201518151,650,230,243.321449323953,0,0
516208.201518151,516268.201518151,650,230,249.321449323953,0,0
516268.201518151,516328.201518151,650,230,255.321449323953,0,0
516328.201518151,516388.201518151,650,230,261.321449323953,0,0
516388.201518151,516448.201518151,650,230,267.321449323953,0,0
516448.201518151,516508.201518151,650,230,273.321449323953,0,0
516508.201518151,516509.353351332,650,230,273.436632641998,0,0
516509.353351332,516569.353351332,650,560,274.786632641998,0,1
516569.353351332,516629.353351332,650,560,276.136632641998,0,1
516629.353351332,516689.353351332,650,560,277.486632641998,0,1
516689.353351332,516749.353351332,650,560,278.836632641998,0,1
516749.353351332,516809.353351332,650,560,280.186632641998,0,1
516809.353351332,516869.353351332,650,560,281.536632641998,0,1
516869.353351332,516929.353351332,650,560,282.886632641998,0,1
516929.353351332,516989.353351332,650,560,284.236632641998,0,1
516989.353351332,517049.353351332,650,560,285.586632641998,0,1
517049.353351332,517109.353351332,650,560,286.936632641998,0,1
517109.353351332,517169.353351332,650,560,288.286632641998,0,1
517169.353351332,517229.353351332,650,560,289.636632641998,0,1
517229.353351332,517289.353351332,650,560,290.986632641998,0,1
517289.353351332,517349.353351332,650,560,292.336632641998,0,1
517349.353351332,517409.353351332,650,560,293.686632641998,0,1
517409.353351332,517469.353351332,650,560,295.036632641998,0,1
517469.353351332,517529.353351332,650,560,296.386632641998,0,1
517529.353351332,517589.353351332,650,560,297.736632641998,0,1
517589.353351332,517649.353351332,650,560,299.086632641999,0,1
517649.353351332,517709.353351332,650,560,300,0,1
517709.353351332,517769.353351332,650,560,300,0,1
517769.353351332,517829.353351332,650,560,300,0,1
517829.353351332,517889.353351332,650,560,300,0,1
517889.353351332,517949.353351332,650,560,300,0,1
517949.353351332,518009.353351332,650,560,300,0,1
518009.353351332,518069.353351332,650,560,300,0,1
518069.353351332,518129.353351332,650,560,300,0,1
518129.353351332,518189.353351332,650,560,300,0,1
518189.353351332,518249.353351332,650,560,300,0,1
518249.353351332,518309.353351332,650,560,300,0,1
518309.353351332,518310.505184512,650,560,300,0,1
518310.505184512,518370.505184512,0,560,289.62962962963,0,1
518370.505184512,518430.505184512,0,560,279.259259259259,0,1
518430.505184512,518490.505184512,0,560,268.888888888889,0,1
518490.505184512,518550.505184512,0,560,258.518518518518,0,1
518550.505184512,518610.505184512,0,560,248.148148148148,0,1
518610.505184512,518670.505184512,0,560,237.777777777778,0,1
518670.505184512,518730.505184512,0,560,227.407407407407,0,1
518730.505184512,518790.505184512,0,560,217.037037037037,0,1
518790.505184512,518850.505184512,0,560,206.666666666667,0,1
518850.505184512,518910.505184512,0,230,202.407407407407,0,0
518910.505184512,518970.505184512,0,230,198.148148148148,0,0
518970.505184512,519030.505184512,0,230,193.888888888889,0,0
519030.505184512,519090.505184512,0,230,189.62962962963,0,0
519090.505184512,519150.505184512,0,230,185.37037037037,0,0
519150.505184512,519210.505184512,0,230,181.111111111111,0,0
519210.505184512,519270.505184512,0,230,176.851851851852,0,0
519270.505184512,519330.505184512,0,230,172.592592592592,0,0
519330.505184512,519378.849758839,0,230,169.160724661976,0,0
519378.849758839,519438.849758839,0,230,164.901465402717,0,0
519438.849758839,519498.849758839,0,230,160.642206143458,0,0
519498.849758839,519558.849758839,0,230,156.382946884199,0,0
519558.849758839,519618.849758839,0,230,152.123687624939,0,0
519618.849758839,519678.849758839,0,230,147.86442836568,0,0
519678.849758839,519738.849758839,0,230,143.605169106421,0,0
519738.849758839,519798.849758839,0,230,139.345909847161,0,0
519798.849758839,519858.849758839,0,230,135.086650587902,0,0
519858.849758839,519918.849758839,0,230,130.827391328643,0,0
519918.849758839,519978.849758839,0,230,126.568132069384,0,0
519978.849758839,520038.849758839,0,230,122.308872810124,0,0
520038.849758839,520098.849758839,0,230,118.049613550865,0,0
520098.849758839,520158.849758839,0,230,113.790354291606,0,0
520158.849758839,520218.849758839,0,230,109.531095032347,0,0
520218.849758839,520278.849758839,0,230,105.271835773087,0,0
520278.849758839,520338.849758839,0,230,101.012576513828,0,0
520338.849758839,520398.849758839,0,230,96.7533172545688,0,0
520398.849758839,520447.194333166,0,230,93.3214493239526,0,0
520447.194333166,520507.194333166,650,230,99.3214493239526,0,0
520507.194333166,520567.194333166,650,230,105.321449323953,0,0
520567.194333166,520627.194333166,650,230,111.321449323953,0,0
520627.194333166,520687.194333166,650,230,117.321449323953,0,0
520687.194333166,520747.194333166,650,230,123.321449323953,0,0
520747.194333166,520807.194333166,650,230,129.321449323953,0,0
520807.194333166,520867.194333166,650,230,135.321449323953,0,0
520867.194333166,520927.194333166,650,230,141.321449323953,0,0
520927.194333166,520987.194333166,650,230,147.321449323953,0,0
520987.194333166,521047.194333166,650,230,153.321449323953,0,0
521047.194333166,521107.194333166,650,230,159.321449323953,0,0
521107.194333166,521167.194333166,650,230,165.321449323953,0,0
521167.194333166,521227.194333166,650,230,171.321449323953,0,0
521227.194333166,521287.194333166,650,230,177.321449323953,0,0
521287.194333166,521347.194333166,650,230,183.321449323953,0,0
521347.194333166,521407.194333166,650,230,189.321449323953,0,0
521407.194333166,521467.194333166,650,230,195.321449323953,0,0
521467.194333166,521527.194333166,650,230,201.321449323953,0,0
521527.194333166,521587.194333166,650,230,207.321449323953,0,0
521587.194333166,521647.194333166,650,230,213.321449323953,0,0
521647.194333166,521707.194333166,650,230,219.321449323953,0,0
521707.194333166,521767.194333166,650,230,225.321449323953,0,0
521767.194333166,521827.194333166,650,230,231.321449323953,0,0
521827.194333166,521887.194333166,650,230,237.321449323953,0,0
521887.194333166,521947.194333166,650,230,243.321449323953,0,0
521947.194333166,522007.194333166,650,230,249.321449323953,0,0
522007.194333166,522067.194333166,650,230,255.321449323953,0,0
522067.194333166,522127.194333166,650,230,261.321449323953,0,0
522127.194333166,522187.194333166,650,230,267.321449323953,0,0
522187.194333166,522247.194333166,650,230,273.321449323953,0,0
522247.194333166,522248.346166347,650,230,273.436632641998,0,0
522248.346166347,522308.346166347,650,560,274.786632641998,0,1
522308.346166347,522368.346166347,650,560,276.136632641998,0,1
522368.346166347,522428.346166347,650,560,277.486632641998,0,1
522428.346166347,522488.346166347,650,560,278.836632641998,0,1
522488.346166347,522548.346166347,650,560,280.186632641998,0,1
522548.346166347,522608.346166347,650,560,281.536632641998,0,1
522608.346166347,522668.346166347,650,560,282.886632641998,0,1
522668.346166347,522728.346166347,650,560,284.236632641998,0,1
522728.346166347,522788.346166347,650,560,285.586632641998,0,1
522788.346166347,522848.346166347,650,560,286.936632641998,0,1
522848.346166347,522908.346166347,650,560,288.286632641998,0,1
522908.346166347,522968.346166347,650,560,289.636632641998,0,1
522968.346166347,523028.346166347,650,560,290.986632641998,0,1
523028.346166347,523088.346166347,650,560,292.336632641998,0,1
523088.346166347,523148.346166347,650,560,293.686632641998,0,1
523148.346166347,523208.346166347,650,560,295.036632641998,0,1
523208.346166347,523268.346166347,650,560,296.386632641998,0,1
523268.346166347,523328.346166347,650,560,297.736632641998,0,1
523328.346166347,523388.346166347,650,560,299.086632641999,0,1
523388.346166347,523448.346166347,650,560,300,0,1
523448.346166347,523508.346166347,650,560,300,0,1
523508.346166347,523568.346166347,650,560,300,0,1
523568.346166347,523628.346166347,650,560,300,0,1
523628.346166347,523688.346166347,650,560,300,0,1
523688.346166347,523748.346166347,650,560,300,0,1
523748.346166347,523808.346166347,650,560,300,0,1
523808.346166347,523868.346166347,650,560,300,0,1
523868.346166347,523928.346166347,650,560,300,0,1
523928.346166347,523988.346166347,650,560,300,0,1
523988.346166347,524048.346166347,650,560,300,0,1
524048.346166347,524049.497999527,650,560,300,0,1
524049.497999527,524109.497999527,0,560,289.62962962963,0,1
524109.497999527,524169.497999527,0,560,279.259259259259,0,1
524169.497999527,524229.497999527,0,560,268.888888888889,0,1
524229.497999527,524289.497999527,0,560,258.518518518529,0,1
524289.497999527,524349.497999527,0,560,248.148148148158,0,1
524349.497999527,524409.497999527,0,560,237.777777777788,0,1
524409.497999527,524469.497999527,0,560,227.407407407417,0,1
524469.497999527,524529.497999527,0,560,217.037037037047,0,1
524529.497999527,524589.497999527,0,560,206.666666666677,0,1
524589.497999527,524649.497999527,0,230,202.407407407417,0,0
524649.497999527,524709.497999527,0,230,198.148148148158,0,0
524709.497999527,524769.497999527,0,230,193.888888888899,0,0
524769.497999527,524829.497999527,0,230,189.62962962964,0,0
524829.497999527,524889.497999527,0,230,185.37037037038,0,0
524889.497999527,524949.497999527,0,230,181.111111111121,0,0
524949.497999527,525009.497999527,0,230,176.851851851862,0,0
525009.497999527,525069.497999527,0,230,172.592592592603,0,0
525069.497999527,525117.842573854,0,230,169.160724661982,0,0
525117.842573854,525177.842573854,0,230,164.901465402723,0,0
525177.842573854,525237.842573854,0,230,160.642206143464,0,0
525237.842573854,525297.842573854,0,230,156.382946884204,0,0
525297.842573854,525357.842573854,0,230,152.123687624945,0,0
525357.842573854,525417.842573854,0,230,147.864428365686,0,0
525417.842573854,525477.842573854,0,230,143.605169106427,0,0
525477.842573854,525537.842573854,0,230,139.345909847167,0,0
525537.842573854,525597.842573854,0,230,135.086650587908,0,0
525597.842573854,525657.842573854,0,230,130.827391328649,0,0
525657.842573854,525717.842573854,0,230,126.56813206939,0,0
525717.842573854,525777.842573854,0,230,122.30887281013,0,0
525777.842573854,525837.842573854,0,230,118.049613550871,0,0
525837.842573854,525897.842573854,0,230,113.790354291612,0,0
525897.842573854,525957.842573854,0,230,109.531095032353,0,0
525957.842573854,526017.842573854,0,230,105.271835773093,0,0
526017.842573854,526077.842573854,0,230,101.012576513834,0,0
526077.842573854,526137.842573854,0,230,96.7533172545747,0,0
526137.842573854,526186.187148181,0,230,93.3214493239544,0,0
526186.187148181,526246.187148181,650,230,99.3214493239544,0,0
526246.187148181,526306.187148181,650,230,105.321449323954,0,0
526306.187148181,526366.187148181,650,230,111.321449323954,0,0
526366.187148181,526426.187148181,650,230,117.321449323954,0,0
526426.187148181,526486.187148181,650,230,123.321449323954,0,0
526486.187148181,526546.187148181,650,230,129.321449323954,0,0
526546.187148181,526606.187148181,650,230,135.321449323954,0,0
526606.187148181,526666.187148181,650,230,141.321449323954,0,0
526666.187148181,526726.187148181,650,230,147.321449323954,0,0
526726.187148181,526786.187148181,650,230,153.321449323954,0,0
526786.187148181,526846.187148181,650,230,159.321449323954,0,0
526846.187148181,526906.187148181,650,230,165.321449323954,0,0
526906.187148181,526966.187148181,650,230,171.321449323954,0,0
526966.187148181,527026.187148181,650,230,177.321449323954,0,0
527026.187148181,527086.187148181,650,230,183.321449323954,0,0
527086.187148181,527146.187148181,650,230,189.321449323954,0,0
527146.187148181,527206.187148181,650,230,195.321449323954,0,0
527206.187148181,527266.187148181,650,230,201.321449323954,0,0
527266.187148181,527326.187148181,650,230,207.321449323954,0,0
527326.187148181,527386.187148181,650,230,213.321449323954,0,0
527386.187148181,527446.187148181,650,230,219.321449323954,0,0
527446.187148181,527506.187148181,650,230,225.321449323954,0,0
527506.187148181,527566.187148181,650,230,231.321449323954,0,0
527566.187148181,527626.187148181,650,230,237.321449323954,0,0
527626.187148181,527686.187148181,650,230,243.321449323954,0,0
527686.187148181,527746.187148181,650,230,249.321449323954,0,0
527746.187148181,527806.187148181,650,230,255.321449323954,0,0
527806.187148181,527866.187148181,650,230,261.321449323954,0,0
527866.187148181,527926.187148181,650,230,267.321449323954,0,0
527926.187148181,527986.187148181,650,230,273.321449323954,0,0
527986.187148181,527987.338981361,650,230,273.436632641988,0,0
527987.338981361,527987.338981935,650,230,273.436632699381,0,0
527987.338981935,528047.338981935,650,560,274.786632699381,0,1
528047.338981935,528107.338981935,650,560,276.136632699381,0,1
528107.338981935,528167.338981935,650,560,277.486632699381,0,1
528167.338981935,528227.338981935,650,560,278.836632699381,0,1
528227.338981935,528287.338981935,650,560,280.186632699381,0,1
528287.338981935,528347.338981935,650,560,281.536632699381,0,1
528347.338981935,528407.338981935,650,560,282.886632699381,0,1
528407.338981935,528467.338981935,650,560,284.236632699381,0,1
528467.338981935,528527.338981935,650,560,285.586632699381,0,1
528527.338981935,528587.338981935,650,560,286.936632699381,0,1
528587.338981935,528647.338981935,650,560,288.286632699381,0,1
528647.338981935,528707.338981935,650,560,289.636632699381,0,1
528707.338981935,528767.338981935,650,560,290.986632699381,0,1
528767.338981935,528827.338981935,650,560,292.336632699381,0,1
528827.338981935,528887.338981935,650,560,293.686632699381,0,1
528887.338981935,528947.338981935,650,560,295.036632699381,0,1
528947.338981935,529007.338981935,650,560,296.386632699381,0,1
529007.338981935,529067.338981935,650,560,297.736632699381,0,1
529067.338981935,529127.338981935,650,560,299.086632699381,0,1
529127.338981935,529187.338981935,650,560,300,0,1
529187.338981935,529247.338981935,650,560,300,0,1
529247.338981935,529307.338981935,650,560,300,0,1
529307.338981935,529367.338981935,650,560,300,0,1
529367.338981935,529427.338981935,650,560,300,0,1
529427.338981935,529487.338981935,650,560,300,0,1
529487.338981935,529547.338981935,650,560,300,0,1
529547.338981935,529607.338981935,650,560,300,0,1
529607.338981935,529667.338981935,650,560,300,0,1
529667.338981935,529727.338981935,650,560,300,0,1
529727.338981935,529787.338981935,650,560,300,0,1
529787.338981935,529788.490814542,650,560,300,0,1
529788.490814542,529848.490814542,0,560,289.62962962963,0,1
529848.490814542,529908.490814542,0,560,279.259259259259,0,1
529908.490814542,529968.490814542,0,560,268.888888888889,0,1
529968.490814542,530028.490814542,0,560,258.518518518518,0,1
530028.490814542,530088.490814542,0,560,248.148148148148,0,1
530088.490814542,530148.490814542,0,560,237.777777777778,0,1
530148.490814542,530208.490814542,0,560,227.407407407407,0,1
530208.490814542,530268.490814542,0,560,217.037037037037,0,1
530268.490814542,530328.490814542,0,560,206.666666666667,0,1
530328.490814542,530388.490814542,0,230,202.407407407407,0,0
530388.490814542,530448.490814542,0,230,198.148148148148,0,0
530448.490814542,530508.490814542,0,230,193.888888888889,0,0
530508.490814542,530568.490814542,0,230,189.62962962963,0,0
530568.490814542,530628.490814542,0,230,185.37037037037,0,0
530628.490814542,530688.490814542,0,230,181.111111111111,0,0
530688.490814542,530748.490814542,0,230,176.851851851852,0,0
530748.490814542,530808.490814542,0,230,172.592592592592,0,0
530808.490814542,530856.835388869,0,230,169.160724661972,0,0
530856.835388869,530916.835388869,0,230,164.901465402713,0,0
530916.835388869,530976.835388869,0,230,160.642206143454,0,0
530976.835388869,531036.835388869,0,230,156.382946884194,0,0
531036.835388869,531096.835388869,0,230,152.123687624935,0,0
531096.835388869,531156.835388869,0,230,147.864428365676,0,0
531156.835388869,531216.835388869,0,230,143.605169106417,0,0
531216.835388869,531276.835388869,0,230,139.345909847157,0,0
531276.835388869,531336.835388869,0,230,135.086650587898,0,0
531336.835388869,531396.835388869,0,230,130.827391328639,0,0
531396.835388869,531456.835388869,0,230,126.56813206938,0,0
531456.835388869,531516.835388869,0,230,122.30887281012,0,0
531516.835388869,531576.835388869,0,230,118.049613550861,0,0
531576.835388869,531636.835388869,0,230,113.790354291602,0,0
531636.835388869,531696.835388869,0,230,109.531095032342,0,0
531696.835388869,531756.835388869,0,230,105.271835773083,0,0
531756.835388869,531816.835388869,0,230,101.012576513824,0,0
531816.835388869,531876.835388869,0,230,96.7533172545646,0,0
531876.835388869,531925.179963196,0,230,93.3214493239526,0,0
531925.179963196,531985.179963196,650,230,99.3214493239526,0,0
531985.179963196,532045.179963196,650,230,105.321449323953,0,0
532045.179963196,532105.179963196,650,230,111.321449323953,0,0
532105.179963196,532165.179963196,650,230,117.321449323953,0,0
532165.179963196,532225.179963196,650,230,123.321449323953,0,0
532225.179963196,532285.179963196,650,230,129.321449323953,0,0
532285.179963196,532345.179963196,650,230,135.321449323953,0,0
532345.179963196,532405.179963196,650,230,141.321449323953,0,0
532405.179963196,532465.179963196,650,230,147.321449323953,0,0
532465.179963196,532525.179963196,650,230,153.321449323953,0,0
532525.179963196,532585.179963196,650,230,159.321449323953,0,0
532585.179963196,532645.179963196,650,230,165.321449323953,0,0
532645.179963196,532705.179963196,650,230,171.321449323953,0,0
532705.179963196,532765.179963196,650,230,177.321449323953,0,0
532765.179963196,532825.179963196,650,230,183.321449323953,0,0
532825.179963196,532885.179963196,650,230,189.321449323953,0,0
532885.179963196,532945.179963196,650,230,195.321449323953,0,0
532945.179963196,533005.179963196,650,230,201.321449323953,0,0
533005.179963196,533065.179963196,650,230,207.321449323953,0,0
533065.179963196,533125.179963196,650,230,213.321449323953,0,0
533125.179963196,533185.179963196,650,230,219.321449323953,0,0
533185.179963196,533245.179963196,650,230,225.321449323953,0,0
533245.179963196,533305.179963196,650,230,231.321449323953,0,0
533305.179963196,533365.179963196,650,230,237.321449323953,0,0
533365.179963196,533425.179963196,650,230,243.321449323953,0,0
533425.179963196,533485.179963196,650,230,249.321449323953,0,0
533485.179963196,533545.179963196,650,230,255.321449323953,0,0
533545.179963196,533605.179963196,650,230,261.321449323953,0,0
533605.179963196,533665.179963196,650,230,267.321449323953,0,0
533665.179963196,533725.179963196,650,230,273.321449323953,0,0
533725.179963196,533726.331796376,650,230,273.436632641998,0,0
533726.331796376,533726.332370275,650,230,273.436690031923,0,0
533726.332370275,533786.332370275,650,560,274.786690031923,0,1
533786.332370275,533846.332370275,650,560,276.136690031923,0,1
533846.332370275,533906.332370275,650,560,277.486690031923,0,1
533906.332370275,533966.332370275,650,560,278.836690031923,0,1
533966.332370275,534026.332370275,650,560,280.186690031923,0,1
534026.332370275,534086.332370275,650,560,281.536690031923,0,1
534086.332370275,534146.332370275,650,560,282.886690031923,0,1
534146.332370275,534206.332370275,650,560,284.236690031923,0,1
534206.332370275,534266.332370275,650,560,285.586690031923,0,1
534266.332370275,534326.332370275,650,560,286.936690031923,0,1
534326.332370275,534386.332370275,650,560,288.286690031923,0,1
534386.332370275,534446.332370275,650,560,289.636690031923,0,1
534446.332370275,534506.332370275,650,560,290.986690031923,0,1
534506.332370275,534566.332370275,650,560,292.336690031923,0,1
534566.332370275,534626.332370275,650,560,293.686690031923,0,1
534626.332370275,534686.332370275,650,560,295.036690031923,0,1
534686.332370275,534746.332370275,650,560,296.386690031923,0,1
534746.332370275,534806.332370275,650,560,297.736690031923,0,1
534806.332370275,534866.332370275,650,560,299.086690031923,0,1
534866.332370275,534926.332370275,650,560,300,0,1
534926.332370275,534986.332370275,650,560,300,0,1
534986.332370275,535046.332370275,650,560,300,0,1
535046.332370275,535106.332370275,650,560,300,0,1
535106.332370275,535166.332370275,650,560,300,0,1
535166.332370275,535226.332370275,650,560,300,0,1
535226.332370275,535286.332370275,650,560,300,0,1
535286.332370275,535346.332370275,650,560,300,0,1
535346.332370275,535406.332370275,650,560,300,0,1
535406.332370275,535466.332370275,650,560,300,0,1
535466.332370275,535526.332370275,650,560,300,0,1
535526.332370275,535527.483629557,650,560,300,0,1
535527.483629557,535587.483629557,0,560,289.62962962963,0,1
535587.483629557,535647.483629557,0,560,279.259259259259,0,1
535647.483629557,535707.483629557,0,560,268.888888888889,0,1
535707.483629557,535767.483629557,0,560,258.518518518518,0,1
535767.483629557,535827.483629557,0,560,248.148148148148,0,1
535827.483629557,535887.483629557,0,560,237.777777777778,0,1
535887.483629557,535947.483629557,0,560,227.407407407407,0,1
535947.483629557,536007.483629557,0,560,217.037037037037,0,1
536007.483629557,536067.483629557,0,560,206.666666666667,0,1
536067.483629557,536127.483629557,0,230,202.407407407407,0,0
536127.483629557,536187.483629557,0,230,198.148148148148,0,0
536187.483629557,536247.483629557,0,230,193.888888888889,0,0
536247.483629557,536307.483629557,0,230,189.62962962963,0,0
536307.483629557,536367.483629557,0,230,185.37037037037,0,0
536367.483629557,536427.483629557,0,230,181.111111111111,0,0
536427.483629557,536487.483629557,0,230,176.851851851852,0,0
536487.483629557,536547.483629557,0,230,172.592592592592,0,0
536547.483629557,536595.828203884,0,230,169.160724661972,0,0
536595.828203884,536655.828203884,0,230,164.901465402713,0,0
536655.828203884,536715.828203884,0,230,160.642206143454,0,0
536715.828203884,536775.828203884,0,230,156.382946884194,0,0
536775.828203884,536835.828203884,0,230,152.123687624935,0,0
536835.828203884,536895.828203884,0,230,147.864428365676,0,0
536895.828203884,536955.828203884,0,230,143.605169106417,0,0
536955.828203884,537015.828203884,0,230,139.345909847157,0,0
537015.828203884,537075.828203884,0,230,135.086650587898,0,0
537075.828203884,537135.828203884,0,230,130.827391328639,0,0
537135.828203884,537195.828203884,0,230,126.56813206938,0,0
537195.828203884,537255.828203884,0,230,122.30887281012,0,0
537255.828203884,537315.828203884,0,230,118.049613550861,0,0
537315.828203884,537375.828203884,0,230,113.790354291602,0,0
537375.828203884,537435.828203884,0,230,109.531095032342,0,0
537435.828203884,537495.828203884,0,230,105.271835773083,0,0
537495.828203884,537555.828203884,0,230,101.012576513824,0,0
537555.828203884,537615.828203884,0,230,96.7533172545646,0,0
537615.828203884,537664.172778211,0,230,93.3214493239526,0,0
537664.172778211,537724.172778211,650,230,99.3214493239526,0,0
537724.172778211,537784.172778211,650,230,105.321449323953,0,0
537784.172778211,537844.172778211,650,230,111.321449323953,0,0
537844.172778211,537904.172778211,650,230,117.321449323953,0,0
537904.172778211,537964.172778211,650,230,123.321449323953,0,0
537964.172778211,538024.172778211,650,230,129.321449323953,0,0
538024.172778211,538084.172778211,650,230,135.321449323953,0,0
538084.172778211,538144.172778211,650,230,141.321449323953,0,0
538144.172778211,538204.172778211,650,230,147.321449323953,0,0
538204.172778211,538264.172778211,650,230,153.321449323953,0,0
538264.172778211,538324.172778211,650,230,159.321449323953,0,0
538324.172778211,538384.172778211,650,230,165.321449323953,0,0
538384.172778211,538444.172778211,650,230,171.321449323953,0,0
538444.172778211,538504.172778211,650,230,177.321449323953,0,0
538504.172778211,538564.172778211,650,230,183.321449323953,0,0
538564.172778211,538624.172778211,650,230,189.321449323953,0,0
538624.172778211,538684.172778211,650,230,195.321449323953,0,0
538684.172778211,538744.172778211,650,230,201.321449323953,0,0
538744.172778211,538804.172778211,650,230,207.321449323953,0,0
538804.172778211,538864.172778211,650,230,213.321449323953,0,0
538864.172778211,538924.172778211,650,230,219.321449323953,0,0
538924.172778211,538984.172778211,650,230,225.321449323953,0,0
538984.172778211,539044.172778211,650,230,231.321449323953,0,0
539044.172778211,539104.172778211,650,230,237.321449323953,0,0
539104.172778211,539164.172778211,650,230,243.321449323953,0,0
539164.172778211,539224.172778211,650,230,249.321449323953,0,0
539224.172778211,539284.172778211,650,230,255.321449323953,0,0
539284.172778211,539344.172778211,650,230,261.321449323953,0,0
539344.172778211,539404.172778211,650,230,267.321449323953,0,0
539404.172778211,539464.172778211,650,230,273.321449323953,0,0
539464.172778211,539465.324611391,650,230,273.436632641998,0,0
539465.324611391,539525.324611391,650,560,274.786632641998,0,1
539525.324611391,539585.324611391,650,560,276.136632641998,0,1
539585.324611391,539645.324611391,650,560,277.486632641998,0,1
539645.324611391,539705.324611391,650,560,278.836632641998,0,1
539705.324611391,539765.324611391,650,560,280.186632641998,0,1
539765.324611391,539825.324611391,650,560,281.536632641998,0,1
539825.324611391,539885.324611391,650,560,282.886632641998,0,1
539885.324611391,539945.324611391,650,560,284.236632641998,0,1
539945.324611391,540005.324611391,650,560,285.586632641998,0,1
540005.324611391,540065.324611391,650,560,286.936632641998,0,1
540065.324611391,540125.324611391,650,560,288.286632641998,0,1
540125.324611391,540185.324611391,650,560,289.636632641998,0,1
540185.324611391,540245.324611391,650,560,290.986632641998,0,1
540245.324611391,540305.324611391,650,560,292.336632641998,0,1
540305.324611391,540365.324611391,650,560,293.686632641998,0,1
540365.324611391,540425.324611391,650,560,295.036632641998,0,1
540425.324611391,540485.324611391,650,560,296.386632641999,0,1
540485.324611391,540545.324611391,650,560,297.736632641999,0,1
540545.324611391,540605.324611391,650,560,299.086632641999,0,1
540605.324611391,540665.324611391,650,560,300,0,1
540665.324611391,540725.324611391,650,560,300,0,1
540725.324611391,540785.324611391,650,560,300,0,1
540785.324611391,540845.324611391,650,560,300,0,1
540845.324611391,540905.324611391,650,560,300,0,1
540905.324611391,540965.324611391,650,560,300,0,1
540965.324611391,541025.324611391,650,560,300,0,1
541025.324611391,541085.324611391,650,560,300,0,1
541085.324611391,541145.324611391,650,560,300,0,1
541145.324611391,541205.324611391,650,560,300,0,1
541205.324611391,541265.324611391,650,560,300,0,1
541265.324611391,541266.476444572,650,560,300,0,1
541266.476444572,541326.476444572,0,560,289.62962962963,0,1
541326.476444572,541386.476444572,0,560,279.259259259259,0,1
541386.476444572,541446.476444572,0,560,268.888888888889,0,1
541446.476444572,541506.476444572,0,560,258.518518518518,0,1
541506.476444572,541566.476444572,0,560,248.148148148148,0,1
541566.476444572,541626.476444572,0,560,237.777777777778,0,1
541626.476444572,541686.476444572,0,560,227.407407407407,0,1
541686.476444572,541746.476444572,0,560,217.037037037037,0,1
541746.476444572,541806.476444572,0,560,206.666666666667,0,1
541806.476444572,541866.476444572,0,230,202.407407407407,0,0
541866.476444572,541926.476444572,0,230,198.148148148148,0,0
541926.476444572,541986.476444572,0,230,193.888888888889,0,0
541986.476444572,542046.476444572,0,230,189.62962962963,0,0
542046.476444572,542106.476444572,0,230,185.37037037037,0,0
542106.476444572,542166.476444572,0,230,181.111111111111,0,0
542166.476444572,542226.476444572,0,230,176.851851851852,0,0
542226.476444572,542286.476444572,0,230,172.592592592592,0,0
542286.476444572,542334.821018899,0,230,169.160724661972,0,0
542334.821018899,542394.821018899,0,230,164.901465402713,0,0
542394.821018899,542454.821018899,0,230,160.642206143454,0,0
542454.821018899,542514.821018899,0,230,156.382946884194,0,0
542514.821018899,542574.821018899,0,230,152.123687624935,0,0
542574.821018899,542634.821018899,0,230,147.864428365676,0,0
542634.821018899,542694.821018899,0,230,143.605169106417,0,0
542694.821018899,542754.821018899,0,230,139.345909847157,0,0
542754.821018899,542814.821018899,0,230,135.086650587898,0,0
542814.821018899,542874.821018899,0,230,130.827391328639,0,0
542874.821018899,542934.821018899,0,230,126.56813206938,0,0
542934.821018899,542994.821018899,0,230,122.30887281012,0,0
542994.821018899,543054.821018899,0,230,118.049613550861,0,0
543054.821018899,543114.821018899,0,230,113.790354291602,0,0
543114.821018899,543174.821018899,0,230,109.531095032342,0,0
543174.821018899,543234.821018899,0,230,105.271835773083,0,0
543234.821018899,543294.821018899,0,230,101.012576513824,0,0
543294.821018899,543354.821018899,0,230,96.7533172545646,0,0
543354.821018899,543403.165593225,0,230,93.3214493239526,0,0
543403.165593225,543463.165593225,650,230,99.3214493239526,0,0
543463.165593225,543523.165593225,650,230,105.321449323953,0,0
543523.165593225,543583.165593225,650,230,111.321449323953,0,0
543583.165593225,543643.165593225,650,230,117.321449323953,0,0
543643.165593225,543703.165593225,650,230,123.321449323953,0,0
543703.165593225,543763.165593225,650,230,129.321449323953,0,0
543763.165593225,543823.165593225,650,230,135.321449323953,0,0
543823.165593225,543883.165593225,650,230,141.321449323953,0,0
543883.165593225,543943.165593225,650,230,147.321449323953,0,0
543943.165593225,544003.165593225,650,230,153.321449323953,0,0
544003.165593225,544063.165593225,650,230,159.321449323953,0,0
544063.165593225,544123.165593225,650,230,165.321449323953,0,0
544123.165593225,544183.165593225,650,230,171.321449323953,0,0
544183.165593225,544243.165593225,650,230,177.321449323953,0,0
544243.165593225,544303.165593225,650,230,183.321449323953,0,0
544303.165593225,544363.165593225,650,230,189.321449323953,0,0
544363.165593225,544423.165593225,650,230,195.321449323953,0,0
544423.165593225,544483.165593225,650,230,201.321449323953,0,0
544483.165593225,544543.165593225,650,230,207.321449323953,0,0
544543.165593225,544603.165593225,650,230,213.321449323953,0,0
544603.165593225,544663.165593225,650,230,219.321449323953,0,0
544663.165593225,544723.165593225,650,230,225.321449323953,0,0
544723.165593225,544783.165593225,650,230,231.321449323953,0,0
544783.165593225,544843.165593225,650,230,237.321449323953,0,0
544843.165593225,544903.165593225,650,230,243.321449323953,0,0
544903.165593225,544963.165593225,650,230,249.321449323953,0,0
544963.165593225,545023.165593225,650,230,255.321449323953,0,0
545023.165593225,545083.165593225,650,230,261.321449323953,0,0
545083.165593225,545143.165593225,650,230,267.321449323953,0,0
545143.165593225,545203.165593225,650,230,273.321449323953,0,0
545203.165593225,545204.317426406,650,230,273.436632641998,0,0
545204.317426406,545264.317426406,650,560,274.786632641998,0,1
545264.317426406,545324.317426406,650,560,276.136632641998,0,1
545324.317426406,545384.317426406,650,560,277.486632641998,0,1
545384.317426406,545444.317426406,650,560,278.836632641998,0,1
545444.317426406,545504.317426406,650,560,280.186632641998,0,1
545504.317426406,545564.317426406,650,560,281.536632641998,0,1
545564.317426406,545624.317426406,650,560,282.886632641998,0,1
545624.317426406,545684.317426406,650,560,284.236632641998,0,1
545684.317426406,545744.317426406,650,560,285.586632641998,0,1
545744.317426406,545804.317426406,650,560,286.936632641998,0,1
545804.317426406,545864.317426406,650,560,288.286632641998,0,1
545864.317426406,545924.317426406,650,560,289.636632641998,0,1
545924.317426406,545984.317426406,650,560,290.986632641998,0,1
545984.317426406,546044.317426406,650,560,292.336632641998,0,1
546044.317426406,546104.317426406,650,560,293.686632641998,0,1
546104.317426406,546164.317426406,650,560,295.036632641998,0,1
546164.317426406,546224.317426406,650,560,296.386632641999,0,1
546224.317426406,546284.317426406,650,560,297.736632641999,0,1
546284.317426406,546344.317426406,650,560,299.086632641999,0,1
546344.317426406,546404.317426406,650,560,300,0,1
546404.317426406,546464.317426406,650,560,300,0,1
546464.317426406,546524.317426406,650,560,300,0,1
546524.317426406,546584.317426406,650,560,300,0,1
546584.317426406,546644.317426406,650,560,300,0,1
546644.317426406,546704.317426406,650,560,300,0,1
546704.317426406,546764.317426406,650,560,300,0,1
546764.317426406,546824.317426406,650,560,300,0,1
546824.317426406,546884.317426406,650,560,300,0,1
546884.317426406,546944.317426406,650,560,300,0,1
546944.317426406,547004.317426406,650,560,300,0,1
547004.317426406,547005.469259586,650,560,300,0,1
547005.469259586,547065.469259586,0,560,289.62962962963,0,1
547065.469259586,547125.469259586,0,560,279.259259259259,0,1
547125.469259586,547185.469259586,0,560,268.888888888889,0,1
547185.469259586,547245.469259586,0,560,258.518518518518,0,1
547245.469259586,547305.469259586,0,560,248.148148148148,0,1
547305.469259586,547365.469259586,0,560,237.777777777778,0,1
547365.469259586,547425.469259586,0,560,227.407407407407,0,1
547425.469259586,547485.469259586,0,560,217.037037037037,0,1
547485.469259586,547545.469259586,0,560,206.666666666667,0,1
547545.469259586,547605.469259586,0,230,202.407407407407,0,0
547605.469259586,547665.469259586,0,230,198.148148148148,0,0
547665.469259586,547725.469259586,0,230,193.888888888889,0,0
547725.469259586,547785.469259586,0,230,189.62962962963,0,0
547785.469259586,547845.469259586,0,230,185.37037037037,0,0
547845.469259586,547905.469259586,0,230,181.111111111111,0,0
547905.469259586,547965.469259586,0,230,176.851851851852,0,0
547965.469259586,548025.469259586,0,230,172.592592592592,0,0
548025.469259586,548073.813833913,0,230,169.160724661972,0,0
548073.813833913,548133.813833913,0,230,164.901465402713,0,0
548133.813833913,548193.813833913,0,230,160.642206143454,0,0
548193.813833913,548253.813833913,0,230,156.382946884194,0,0
548253.813833913,548313.813833913,0,230,152.123687624935,0,0
548313.813833913,548373.813833913,0,230,147.864428365676,0,0
548373.813833913,548433.813833913,0,230,143.605169106417,0,0
548433.813833913,548493.813833913,0,230,139.345909847157,0,0
548493.813833913,548553.813833913,0,230,135.086650587898,0,0
548553.813833913,548613.813833913,0,230,130.827391328639,0,0
548613.813833913,548673.813833913,0,230,126.56813206938,0,0
548673.813833913,548733.813833913,0,230,122.30887281012,0,0
548733.813833913,548793.813833913,0,230,118.049613550861,0,0
548793.813833913,548853.813833913,0,230,113.790354291602,0,0
548853.813833913,548913.813833913,0,230,109.531095032342,0,0
548913.813833913,548973.813833913,0,230,105.271835773083,0,0
548973.813833913,549033.813833913,0,230,101.012576513824,0,0
549033.813833913,549093.813833913,0,230,96.7533172545646,0,0
549093.813833913,549142.15840824,0,230,93.3214493239526,0,0
549142.15840824,549202.15840824,650,230,99.3214493239526,0,0
549202.15840824,549262.15840824,650,230,105.321449323953,0,0
549262.15840824,549322.15840824,650,230,111.321449323953,0,0
549322.15840824,549382.15840824,650,230,117.321449323953,0,0
549382.15840824,549442.15840824,650,230,123.321449323953,0,0
549442.15840824,549502.15840824,650,230,129.321449323953,0,0
549502.15840824,549562.15840824,650,230,135.321449323953,0,0
549562.15840824,549622.15840824,650,230,141.321449323953,0,0
549622.15840824,549682.15840824,650,230,147.321449323953,0,0
549682.15840824,549742.15840824,650,230,153.321449323953,0,0
549742.15840824,549802.15840824,650,230,159.321449323953,0,0
549802.15840824,549862.15840824,650,230,165.321449323953,0,0
549862.15840824,549922.15840824,650,230,171.321449323953,0,0
549922.15840824,549982.15840824,650,230,177.321449323953,0,0
549982.15840824,550042.15840824,650,230,183.321449323953,0,0
550042.15840824,550102.15840824,650,230,189.321449323953,0,0
550102.15840824,550162.15840824,650,230,195.321449323953,0,0
550162.15840824,550222.15840824,650,230,201.321449323953,0,0
550222.15840824,550282.15840824,650,230,207.321449323953,0,0
550282.15840824,550342.15840824,650,230,213.321449323953,0,0
550342.15840824,550402.15840824,650,230,219.321449323953,0,0
550402.15840824,550462.15840824,650,230,225.321449323953,0,0
550462.15840824,550522.15840824,650,230,231.321449323953,0,0
550522.15840824,550582.15840824,650,230,237.321449323953,0,0
550582.15840824,550642.15840824,650,230,243.321449323953,0,0
550642.15840824,550702.15840824,650,230,249.321449323953,0,0
550702.15840824,550762.15840824,650,230,255.321449323953,0,0
550762.15840824,550822.15840824,650,230,261.321449323953,0,0
550822.15840824,550882.15840824,650,230,267.321449323953,0,0
550882.15840824,550942.15840824,650,230,273.321449323953,0,0
550942.15840824,550943.310241421,650,230,273.436632641998,0,0
550943.310241421,551003.310241421,650,560,274.786632641998,0,1
551003.310241421,551063.310241421,650,560,276.136632641998,0,1
551063.310241421,551123.310241421,650,560,277.486632641998,0,1
551123.310241421,551183.310241421,650,560,278.836632641998,0,1
551183.310241421,551243.310241421,650,560,280.186632641998,0,1
551243.310241421,551303.310241421,650,560,281.536632641998,0,1
551303.310241421,551363.310241421,650,560,282.886632641998,0,1
551363.310241421,551423.310241421,650,560,284.236632641998,0,1
551423.310241421,551483.310241421,650,560,285.586632641998,0,1
551483.310241421,551543.310241421,650,560,286.936632641998,0,1
551543.310241421,551603.310241421,650,560,288.286632641998,0,1
551603.310241421,551663.310241421,650,560,289.636632641998,0,1
551663.310241421,551723.310241421,650,560,290.986632641998,0,1
551723.310241421,551783.310241421,650,560,292.336632641998,0,1
551783.310241421,551843.310241421,650,560,293.686632641998,0,1
551843.310241421,551903.310241421,650,560,295.036632641998,0,1
551903.310241421,551963.310241421,650,560,296.386632641999,0,1
551963.310241421,552023.310241421,650,560,297.736632641999,0,1
552023.310241421,552083.310241421,650,560,299.086632641999,0,1
552083.310241421,552143.310241421,650,560,300,0,1
552143.310241421,552203.310241421,650,560,300,0,1
552203.310241421,552263.310241421,650,560,300,0,1
552263.310241421,552323.310241421,650,560,300,0,1
552323.310241421,552383.310241421,650,560,300,0,1
552383.310241421,552443.310241421,650,560,300,0,1
552443.310241421,552503.310241421,650,560,300,0,1
552503.310241421,552563.310241421,650,560,300,0,1
552563.310241421,552623.310241421,650,560,300,0,1
552623.310241421,552683.310241421,650,560,300,0,1
552683.310241421,552743.310241421,650,560,300,0,1
552743.310241421,552744.462074601,650,560,300,0,1
552744.462074601,552804.462074601,0,560,289.62962962963,0,1
552804.462074601,552864.462074601,0,560,279.259259259259,0,1
552864.462074601,552924.462074601,0,560,268.888888888889,0,1
552924.462074601,552984.462074601,0,560,258.518518518518,0,1
552984.462074601,553044.462074601,0,560,248.148148148148,0,1
553044.462074601,553104.462074601,0,560,237.777777777778,0,1
553104.462074601,553164.462074601,0,560,227.407407407407,0,1
553164.462074601,553224.462074601,0,560,217.037037037037,0,1
553224.462074601,553284.462074601,0,560,206.666666666667,0,1
553284.462074601,553344.462074601,0,230,202.407407407407,0,0
553344.462074601,553404.462074601,0,230,198.148148148148,0,0
553404.462074601,553464.462074601,0,230,193.888888888889,0,0
553464.462074601,553524.462074601,0,230,189.62962962963,0,0
553524.462074601,553584.462074601,0,230,185.37037037037,0,0
553584.462074601,553644.462074601,0,230,181.111111111111,0,0
553644.462074601,553704.462074601,0,230,176.851851851852,0,0
553704.462074601,553764.462074601,0,230,172.592592592592,0,0
553764.462074601,553812.806648928,0,230,169.160724661972,0,0
553812.806648928,553872.806648928,0,230,164.901465402713,0,0
553872.806648928,553932.806648928,0,230,160.642206143454,0,0
553932.806648928,553992.806648928,0,230,156.382946884194,0,0
553992.806648928,554052.806648928,0,230,152.123687624935,0,0
554052.806648928,554112.806648928,0,230,147.864428365676,0,0
554112.806648928,554172.806648928,0,230,143.605169106417,0,0
554172.806648928,554232.806648928,0,230,139.345909847157,0,0
554232.806648928,554292.806648928,0,230,135.086650587898,0,0
554292.806648928,554352.806648928,0,230,130.827391328639,0,0
554352.806648928,554412.806648928,0,230,126.56813206938,0,0
554412.806648928,554472.806648928,0,230,122.30887281012,0,0
554472.806648928,554532.806648928,0,230,118.049613550861,0,0
554532.806648928,554592.806648928,0,230,113.790354291602,0,0
554592.806648928,554652.806648928,0,230,109.531095032342,0,0
554652.806648928,554712.806648928,0,230,105.271835773083,0,0
554712.806648928,554772.806648928,0,230,101.012576513824,0,0
554772.806648928,554832.806648928,0,230,96.7533172545646,0,0
554832.806648928,554881.151223255,0,230,93.3214493239526,0,0
554881.151223255,554941.151223255,650,230,99.3214493239526,0,0
554941.151223255,555001.151223255,650,230,105.321449323953,0,0
555001.151223255,555061.151223255,650,230,111.321449323953,0,0
555061.151223255,555121.151223255,650,230,117.321449323953,0,0
555121.151223255,555181.151223255,650,230,123.321449323953,0,0
555181.151223255,555241.151223255,650,230,129.321449323953,0,0
555241.151223255,555301.151223255,650,230,135.321449323953,0,0
555301.151223255,555361.151223255,650,230,141.321449323953,0,0
555361.151223255,555421.151223255,650,230,147.321449323953,0,0
555421.151223255,555481.151223255,650,230,153.321449323953,0,0
555481.151223255,555541.151223255,650,230,159.321449323953,0,0
555541.151223255,555601.151223255,650,230,165.321449323953,0,0
555601.151223255,555661.151223255,650,230,171.321449323953,0,0
555661.151223255,555721.151223255,650,230,177.321449323953,0,0
555721.151223255,555781.151223255,650,230,183.321449323953,0,0
555781.151223255,555841.151223255,650,230,189.321449323953,0,0
555841.151223255,555901.151223255,650,230,195.321449323953,0,0
555901.151223255,555961.151223255,650,230,201.321449323953,0,0
555961.151223255,556021.151223255,650,230,207.321449323953,0,0
556021.151223255,556081.151223255,650,230,213.321449323953,0,0
556081.151223255,556141.151223255,650,230,219.321449323953,0,0
556141.151223255,556201.151223255,650,230,225.321449323953,0,0
556201.151223255,556261.151223255,650,230,231.321449323953,0,0
556261.151223255,556321.151223255,650,230,237.321449323953,0,0
556321.151223255,556381.151223255,650,230,243.321449323953,0,0
556381.151223255,556441.151223255,650,230,249.321449323953,0,0
556441.151223255,556501.151223255,650,230,255.321449323953,0,0
556501.151223255,556561.151223255,650,230,261.321449323953,0,0
556561.151223255,556621.151223255,650,230,267.321449323953,0,0
556621.151223255,556681.151223255,650,230,273.321449323953,0,0
556681.151223255,556682.303056435,650,230,273.436632641998,0,0
556682.303056435,556742.303056435,650,560,274.786632641998,0,1
556742.303056435,556802.303056435,650,560,276.136632641998,0,1
556802.303056435,556862.303056435,650,560,277.486632641998,0,1
556862.303056435,556922.303056435,650,560,278.836632641998,0,1
556922.303056435,556982.303056435,650,560,280.186632641998,0,1
556982.303056435,557042.303056435,650,560,281.536632641998,0,1
557042.303056435,557102.303056435,650,560,282.886632641998,0,1
557102.303056435,557162.303056435,650,560,284.236632641998,0,1
557162.303056435,557222.303056435,650,560,285.586632641998,0,1
557222.303056435,557282.303056435,650,560,286.936632641998,0,1
557282.303056435,557342.303056435,650,560,288.286632641998,0,1
557342.303056435,557402.303056435,650,560,289.636632641998,0,1
557402.303056435,557462.303056435,650,560,290.986632641998,0,1
557462.303056435,557522.303056435,650,560,292.336632641998,0,1
557522.303056435,557582.303056435,650,560,293.686632641998,0,1
557582.303056435,557642.303056435,650,560,295.036632641998,0,1
557642.303056435,557702.303056435,650,560,296.386632641999,0,1
557702.303056435,557762.303056435,650,560,297.736632641999,0,1
557762.303056435,557822.303056435,650,560,299.086632641999,0,1
557822.303056435,557882.303056435,650,560,300,0,1
557882.303056435,557942.303056435,650,560,300,0,1
557942.303056435,558002.303056435,650,560,300,0,1
558002.303056435,558062.303056435,650,560,300,0,1
558062.303056435,558122.303056435,650,560,300,0,1
558122.303056435,558182.303056435,650,560,300,0,1
558182.303056435,558242.303056435,650,560,300,0,1
558242.303056435,558302.303056435,650,560,300,0,1
558302.303056435,558362.303056435,650,560,300,0,1
558362.303056435,558422.303056435,650,560,300,0,1
558422.303056435,558482.303056435,650,560,300,0,1
558482.303056435,558483.454889616,650,560,300,0,1
558483.454889616,558543.454889616,0,560,289.62962962963,0,1
558543.454889616,558603.454889616,0,560,279.259259259259,0,1
558603.454889616,558663.454889616,0,560,268.888888888889,0,1
558663.454889616,558723.454889616,0,560,258.518518518518,0,1
558723.454889616,558783.454889616,0,560,248.148148148148,0,1
558783.454889616,558843.454889616,0,560,237.777777777778,0,1
558843.454889616,558903.454889616,0,560,227.407407407407,0,1
558903.454889616,558963.454889616,0,560,217.037037037037,0,1
558963.454889616,559023.454889616,0,560,206.666666666667,0,1
559023.454889616,559083.454889616,0,230,202.407407407407,0,0
559083.454889616,559143.454889616,0,230,198.148148148148,0,0
559143.454889616,559203.454889616,0,230,193.888888888889,0,0
559203.454889616,559263.454889616,0,230,189.62962962963,0,0
559263.454889616,559323.454889616,0,230,185.37037037037,0,0
559323.454889616,559383.454889616,0,230,181.111111111111,0,0
559383.454889616,559443.454889616,0,230,176.851851851852,0,0
559443.454889616,559503.454889616,0,230,172.592592592592,0,0
559503.454889616,559551.799463943,0,230,169.160724661972,0,0
559551.799463943,559611.799463943,0,230,164.901465402713,0,0
559611.799463943,559671.799463943,0,230,160.642206143454,0,0
559671.799463943,559731.799463943,0,230,156.382946884194,0,0
559731.799463943,559791.799463943,0,230,152.123687624935,0,0
559791.799463943,559851.799463943,0,230,147.864428365676,0,0
559851.799463943,559911.799463943,0,230,143.605169106417,0,0
559911.799463943,559971.799463943,0,230,139.345909847157,0,0
559971.799463943,560031.799463943,0,230,135.086650587898,0,0
560031.799463943,560091.799463943,0,230,130.827391328639,0,0
560091.799463943,560151.799463943,0,230,126.56813206938,0,0
560151.799463943,560211.799463943,0,230,122.30887281012,0,0
560211.799463943,560271.799463943,0,230,118.049613550861,0,0
560271.799463943,560331.799463943,0,230,113.790354291602,0,0
560331.799463943,560391.799463943,0,230,109.531095032342,0,0
560391.799463943,560451.799463943,0,230,105.271835773083,0,0
560451.799463943,560511.799463943,0,230,101.012576513824,0,0
560511.799463943,560571.799463943,0,230,96.7533172545646,0,0
560571.799463943,560620.14403827,0,230,93.3214493239526,0,0
560620.14403827,560680.14403827,650,230,99.3214493239526,0,0
560680.14403827,560740.14403827,650,230,105.321449323953,0,0
560740.14403827,560800.14403827,650,230,111.321449323953,0,0
560800.14403827,560860.14403827,650,230,117.321449323953,0,0
560860.14403827,560920.14403827,650,230,123.321449323953,0,0
560920.14403827,560980.14403827,650,230,129.321449323953,0,0
560980.14403827,561040.14403827,650,230,135.321449323953,0,0
561040.14403827,561100.14403827,650,230,141.321449323953,0,0
561100.14403827,561160.14403827,650,230,147.321449323953,0,0
561160.14403827,561220.14403827,650,230,153.321449323953,0,0
561220.14403827,561280.14403827,650,230,159.321449323953,0,0
561280.14403827,561340.14403827,650,230,165.321449323953,0,0
561340.14403827,561400.14403827,650,230,171.321449323953,0,0
561400.14403827,561460.14403827,650,230,177.321449323953,0,0
561460.14403827,561520.14403827,650,230,183.321449323953,0,0
561520.14403827,561580.14403827,650,230,189.321449323953,0,0
561580.14403827,561640.14403827,650,230,195.321449323953,0,0
561640.14403827,561700.14403827,650,230,201.321449323953,0,0
561700.14403827,561760.14403827,650,230,207.321449323953,0,0
561760.14403827,561820.14403827,650,230,213.321449323953,0,0
561820.14403827,561880.14403827,650,230,219.321449323953,0,0
561880.14403827,561940.14403827,650,230,225.321449323953,0,0
561940.14403827,562000.14403827,650,230,231.321449323953,0,0
562000.14403827,562060.14403827,650,230,237.321449323953,0,0
562060.14403827,562120.14403827,650,230,243.321449323953,0,0
562120.14403827,562180.14403827,650,230,249.321449323953,0,0
562180.14403827,562240.14403827,650,230,255.321449323953,0,0
562240.14403827,562300.14403827,650,230,261.321449323953,0,0
562300.14403827,562360.14403827,650,230,267.321449323953,0,0
562360.14403827,562420.14403827,650,230,273.321449323953,0,0
562420.14403827,562421.29587145,650,230,273.436632641998,0,0
562421.29587145,562481.29587145,650,560,274.786632641998,0,1
562481.29587145,562541.29587145,650,560,276.136632641998,0,1
562541.29587145,562601.29587145,650,560,277.486632641998,0,1
562601.29587145,562661.29587145,650,560,278.836632641998,0,1
562661.29587145,562721.29587145,650,560,280.186632641998,0,1
562721.29587145,562781.29587145,650,560,281.536632641998,0,1
562781.29587145,562841.29587145,650,560,282.886632641998,0,1
562841.29587145,562901.29587145,650,560,284.236632641998,0,1
562901.29587145,562961.29587145,650,560,285.586632641998,0,1
562961.29587145,563021.29587145,650,560,286.936632641998,0,1
563021.29587145,563081.29587145,650,560,288.286632641998,0,1
563081.29587145,563141.29587145,650,560,289.636632641998,0,1
563141.29587145,563201.29587145,650,560,290.986632641998,0,1
563201.29587145,563261.29587145,650,560,292.336632641998,0,1
563261.29587145,563321.29587145,650,560,293.686632641998,0,1
563321.29587145,563381.29587145,650,560,295.036632641998,0,1
563381.29587145,563441.29587145,650,560,296.386632641999,0,1
563441.29587145,563501.29587145,650,560,297.736632641999,0,1
563501.29587145,563561.29587145,650,560,299.086632641999,0,1
563561.29587145,563621.29587145,650,560,300,0,1
563621.29587145,563681.29587145,650,560,300,0,1
563681.29587145,563741.29587145,650,560,300,0,1
563741.29587145,563801.29587145,650,560,300,0,1
563801.29587145,563861.29587145,650,560,300,0,1
563861.29587145,563921.29587145,650,560,300,0,1
563921.29587145,563981.29587145,650,560,300,0,1
563981.29587145,564041.29587145,650,560,300,0,1
564041.29587145,564101.29587145,650,560,300,0,1
564101.29587145,564161.29587145,650,560,300,0,1
564161.29587145,564221.29587145,650,560,300,0,1
564221.29587145,564222.447704631,650,560,300,0,1
564222.447704631,564282.447704631,0,560,289.62962962963,0,1
564282.447704631,564342.447704631,0,560,279.259259259259,0,1
564342.447704631,564402.447704631,0,560,268.888888888889,0,1
564402.447704631,564462.447704631,0,560,258.518518518518,0,1
564462.447704631,564522.447704631,0,560,248.148148148148,0,1
564522.447704631,564582.447704631,0,560,237.777777777778,0,1
564582.447704631,564642.447704631,0,560,227.407407407407,0,1
564642.447704631,564702.447704631,0,560,217.037037037037,0,1
564702.447704631,564762.447704631,0,560,206.666666666667,0,1
564762.447704631,564822.447704631,0,230,202.407407407407,0,0
564822.447704631,564882.447704631,0,230,198.148148148148,0,0
564882.447704631,564942.447704631,0,230,193.888888888889,0,0
564942.447704631,565002.447704631,0,230,189.62962962963,0,0
565002.447704631,565062.447704631,0,230,185.37037037037,0,0
565062.447704631,565122.447704631,0,230,181.111111111111,0,0
565122.447704631,565182.447704631,0,230,176.851851851852,0,0
565182.447704631,565242.447704631,0,230,172.592592592592,0,0
565242.447704631,565290.792278958,0,230,169.160724661972,0,0
565290.792278958,565350.792278958,0,230,164.901465402713,0,0
565350.792278958,565410.792278958,0,230,160.642206143454,0,0
565410.792278958,565470.792278958,0,230,156.382946884194,0,0
565470.792278958,565530.792278958,0,230,152.123687624935,0,0
565530.792278958,565590.792278958,0,230,147.864428365676,0,0
565590.792278958,565650.792278958,0,230,143.605169106417,0,0
565650.792278958,565710.792278958,0,230,139.345909847157,0,0
565710.792278958,565770.792278958,0,230,135.086650587898,0,0
565770.792278958,565830.792278958,0,230,130.827391328639,0,0
565830.792278958,565890.792278958,0,230,126.56813206938,0,0
565890.792278958,565950.792278958,0,230,122.30887281012,0,0
565950.792278958,566010.792278958,0,230,118.049613550861,0,0
566010.792278958,566070.792278958,0,230,113.790354291602,0,0
566070.792278958,566130.792278958,0,230,109.531095032342,0,0
566130.792278958,566190.792278958,0,230,105.271835773083,0,0
566190.792278958,566250.792278958,0,230,101.012576513824,0,0
566250.792278958,566310.792278958,0,230,96.7533172545646,0,0
566310.792278958,566359.136853285,0,230,93.3214493239526,0,0
566359.136853285,566419.136853285,650,230,99.3214493239526,0,0
566419.136853285,566479.136853285,650,230,105.321449323953,0,0
566479.136853285,566539.136853285,650,230,111.321449323953,0,0
566539.136853285,566599.136853285,650,230,117.321449323953,0,0
566599.136853285,566659.136853285,650,230,123.321449323953,0,0
566659.136853285,566719.136853285,650,230,129.321449323953,0,0
566719.136853285,566779.136853285,650,230,135.321449323953,0,0
566779.136853285,566839.136853285,650,230,141.321449323953,0,0
566839.136853285,566899.136853285,650,230,147.321449323953,0,0
566899.136853285,566959.136853285,650,230,153.321449323953,0,0
566959.136853285,567019.136853285,650,230,159.321449323953,0,0
567019.136853285,567079.136853285,650,230,165.321449323953,0,0
567079.136853285,567139.136853285,650,230,171.321449323953,0,0
567139.136853285,567199.136853285,650,230,177.321449323953,0,0
567199.136853285,567259.136853285,650,230,183.321449323953,0,0
567259.136853285,567319.136853285,650,230,189.321449323953,0,0
567319.136853285,567379.136853285,650,230,195.321449323953,0,0
567379.136853285,567439.136853285,650,230,201.321449323953,0,0
567439.136853285,567499.136853285,650,230,207.321449323953,0,0
567499.136853285,567559.136853285,650,230,213.321449323953,0,0
567559.136853285,567619.136853285,650,230,219.321449323953,0,0
567619.136853285,567679.136853285,650,230,225.321449323953,0,0
567679.136853285,567739.136853285,650,230,231.321449323953,0,0
567739.136853285,567799.136853285,650,230,237.321449323953,0,0
567799.136853285,567859.136853285,650,230,243.321449323953,0,0
567859.136853285,567919.136853285,650,230,249.321449323953,0,0
567919.136853285,567979.136853285,650,230,255.321449323953,0,0
567979.136853285,568039.136853285,650,230,261.321449323953,0,0
568039.136853285,568099.136853285,650,230,267.321449323953,0,0
568099.136853285,568159.136853285,650,230,273.321449323953,0,0
568159.136853285,568160.288686465,650,230,273.436632641998,0,0
568160.288686465,568220.288686465,650,560,274.786632641998,0,1
568220.288686465,568280.288686465,650,560,276.136632641998,0,1
568280.288686465,568340.288686465,650,560,277.486632641998,0,1
568340.288686465,568400.288686465,650,560,278.836632641998,0,1
568400.288686465,568460.288686465,650,560,280.186632641998,0,1
568460.288686465,568520.288686465,650,560,281.536632641998,0,1
568520.288686465,568580.288686465,650,560,282.886632641998,0,1
568580.288686465,568640.288686465,650,560,284.236632641998,0,1
568640.288686465,568700.288686465,650,560,285.586632641998,0,1
568700.288686465,568760.288686465,650,560,286.936632641998,0,1
568760.288686465,568820.288686465,650,560,288.286632641998,0,1
568820.288686465,568880.288686465,650,560,289.636632641998,0,1
568880.288686465,568940.288686465,650,560,290.986632641998,0,1
568940.288686465,569000.288686465,650,560,292.336632641998,0,1
569000.288686465,569060.288686465,650,560,293.686632641998,0,1
569060.288686465,569120.288686465,650,560,295.036632641998,0,1
569120.288686465,569180.288686465,650,560,296.386632641999,0,1
569180.288686465,569240.288686465,650,560,297.736632641999,0,1
569240.288686465,569300.288686465,650,560,299.086632641999,0,1
569300.288686465,569360.288686465,650,560,300,0,1
569360.288686465,569420.288686465,650,560,300,0,1
569420.288686465,569480.288686465,650,560,300,0,1
569480.288686465,569540.288686465,650,560,300,0,1
569540.288686465,569600.288686465,650,560,300,0,1
569600.288686465,569660.288686465,650,560,300,0,1
569660.288686465,569720.288686465,650,560,300,0,1
569720.288686465,569780.288686465,650,560,300,0,1
569780.288686465,569840.288686465,650,560,300,0,1
569840.288686465,569900.288686465,650,560,300,0,1
569900.288686465,569960.288686465,650,560,300,0,1
569960.288686465,569961.440519645,650,560,300,0,1
569961.440519645,570021.440519645,0,560,289.62962962963,0,1
570021.440519645,570081.440519645,0,560,279.259259259259,0,1
570081.440519645,570141.440519645,0,560,268.888888888889,0,1
570141.440519645,570201.440519645,0,560,258.518518518518,0,1
570201.440519645,570261.440519645,0,560,248.148148148148,0,1
570261.440519645,570321.440519645,0,560,237.777777777778,0,1
570321.440519645,570381.440519645,0,560,227.407407407407,0,1
570381.440519645,570441.440519645,0,560,217.037037037037,0,1
570441.440519645,570501.440519645,0,560,206.666666666667,0,1
570501.440519645,570561.440519645,0,230,202.407407407407,0,0
570561.440519645,570621.440519645,0,230,198.148148148148,0,0
570621.440519645,570681.440519645,0,230,193.888888888889,0,0
570681.440519645,570741.440519645,0,230,189.62962962963,0,0
570741.440519645,570801.440519645,0,230,185.37037037037,0,0
570801.440519645,570861.440519645,0,230,181.111111111111,0,0
570861.440519645,570921.440519645,0,230,176.851851851852,0,0
570921.440519645,570981.440519645,0,230,172.592592592592,0,0
570981.440519645,571029.785093972,0,230,169.160724661972,0,0
571029.785093972,571089.785093972,0,230,164.901465402713,0,0
571089.785093972,571149.785093972,0,230,160.642206143454,0,0
571149.785093972,571209.785093972,0,230,156.382946884194,0,0
571209.785093972,571269.785093972,0,230,152.123687624935,0,0
571269.785093972,571329.785093972,0,230,147.864428365676,0,0
571329.785093972,571389.785093972,0,230,143.605169106417,0,0
571389.785093972,571449.785093972,0,230,139.345909847157,0,0
571449.785093972,571509.785093972,0,230,135.086650587898,0,0
571509.785093972,571569.785093972,0,230,130.827391328639,0,0
571569.785093972,571629.785093972,0,230,126.56813206938,0,0
571629.785093972,571689.785093972,0,230,122.30887281012,0,0
571689.785093972,571749.785093972,0,230,118.049613550861,0,0
571749.785093972,571809.785093972,0,230,113.790354291602,0,0
571809.785093972,571869.785093972,0,230,109.531095032342,0,0
571869.785093972,571929.785093972,0,230,105.271835773083,0,0
571929.785093972,571989.785093972,0,230,101.012576513824,0,0
571989.785093972,572049.785093972,0,230,96.7533172545646,0,0
572049.785093972,572098.129668299,0,230,93.3214493239526,0,0
572098.129668299,572158.129668299,650,230,99.3214493239526,0,0
572158.129668299,572218.129668299,650,230,105.321449323953,0,0
572218.129668299,572278.129668299,650,230,111.321449323953,0,0
572278.129668299,572338.129668299,650,230,117.321449323953,0,0
572338.129668299,572398.129668299,650,230,123.321449323953,0,0
572398.129668299,572458.129668299,650,230,129.321449323953,0,0
572458.129668299,572518.129668299,650,230,135.321449323953,0,0
572518.129668299,572578.129668299,650,230,141.321449323953,0,0
572578.129668299,572638.129668299,650,230,147.321449323953,0,0
572638.129668299,572698.129668299,650,230,153.321449323953,0,0
572698.129668299,572758.129668299,650,230,159.321449323953,0,0
572758.129668299,572818.129668299,650,230,165.321449323953,0,0
572818.129668299,572878.129668299,650,230,171.321449323953,0,0
572878.129668299,572938.129668299,650,230,177.321449323953,0,0
572938.129668299,572998.129668299,650,230,183.321449323953,0,0
572998.129668299,573058.129668299,650,230,189.321449323953,0,0
573058.129668299,573118.129668299,650,230,195.321449323953,0,0
573118.129668299,573178.129668299,650,230,201.321449323953,0,0
573178.129668299,573238.129668299,650,230,207.321449323953,0,0
573238.129668299,573298.129668299,650,230,213.321449323953,0,0
573298.129668299,573358.129668299,650,230,219.321449323953,0,0
573358.129668299,573418.129668299,650,230,225.321449323953,0,0
573418.129668299,573478.129668299,650,230,231.321449323953,0,0
573478.129668299,573538.129668299,650,230,237.321449323953,0,0
573538.129668299,573598.129668299,650,230,243.321449323953,0,0
573598.129668299,573658.129668299,650,230,249.321449323953,0,0
573658.129668299,573718.129668299,650,230,255.321449323953,0,0
573718.129668299,573778.129668299,650,230,261.321449323953,0,0
573778.129668299,573838.129668299,650,230,267.321449323953,0,0
573838.129668299,573898.129668299,650,230,273.321449323953,0,0
573898.129668299,573899.28150148,650,230,273.436632641998,0,0
573899.28150148,573959.28150148,650,560,274.786632641998,0,1
573959.28150148,574019.28150148,650,560,276.136632641998,0,1
574019.28150148,574079.28150148,650,560,277.486632641998,0,1
574079.28150148,574139.28150148,650,560,278.836632641998,0,1
574139.28150148,574199.28150148,650,560,280.186632641998,0,1
574199.28150148,574259.28150148,650,560,281.536632641998,0,1
574259.28150148,574319.28150148,650,560,282.886632641998,0,1
574319.28150148,574379.28150148,650,560,284.236632641998,0,1
574379.28150148,574439.28150148,650,560,285.586632641998,0,1
574439.28150148,574499.28150148,650,560,286.936632641998,0,1
574499.28150148,574559.28150148,650,560,288.286632641998,0,1
574559.28150148,574619.28150148,650,560,289.636632641998,0,1
574619.28150148,574679.28150148,650,560,290.986632641998,0,1
574679.28150148,574739.28150148,650,560,292.336632641998,0,1
574739.28150148,574799.28150148,650,560,293.686632641998,0,1
574799.28150148,574859.28150148,650,560,295.036632641998,0,1
574859.28150148,574919.28150148,650,560,296.386632641999,0,1
574919.28150148,574979.28150148,650,560,297.736632641999,0,1
574979.28150148,575039.28150148,650,560,299.086632641999,0,1
575039.28150148,575099.28150148,650,560,300,0,1
575099.28150148,575159.28150148,650,560,300,0,1
575159.28150148,575219.28150148,650,560,300,0,1
575219.28150148,575279.28150148,650,560,300,0,1
575279.28150148,575339.28150148,650,560,300,0,1
575339.28150148,575399.28150148,650,560,300,0,1
575399.28150148,575459.28150148,650,560,300,0,1
575459.28150148,575519.28150148,650,560,300,0,1
575519.28150148,575579.28150148,650,560,300,0,1
575579.28150148,575639.28150148,650,560,300,0,1
575639.28150148,575699.28150148,650,560,300,0,1
575699.28150148,575700.43333466,650,560,300,0,1
575700.43333466,575760.43333466,0,560,289.62962962963,0,1
575760.43333466,575820.43333466,0,560,279.259259259259,0,1
575820.43333466,575880.43333466,0,560,268.888888888889,0,1
575880.43333466,575940.43333466,0,560,258.518518518518,0,1
575940.43333466,576000.43333466,0,560,248.148148148148,0,1
576000.43333466,576060.43333466,0,560,237.777777777778,0,1
576060.43333466,576120.43333466,0,560,227.407407407407,0,1
576120.43333466,576180.43333466,0,560,217.037037037037,0,1
576180.43333466,576240.43333466,0,560,206.666666666667,0,1
576240.43333466,576300.43333466,0,230,202.407407407407,0,0
576300.43333466,576360.43333466,0,230,198.148148148148,0,0
576360.43333466,576420.43333466,0,230,193.888888888889,0,0
576420.43333466,576480.43333466,0,230,189.62962962963,0,0
576480.43333466,576540.43333466,0,230,185.37037037037,0,0
576540.43333466,576600.43333466,0,230,181.111111111111,0,0
576600.43333466,576660.43333466,0,230,176.851851851852,0,0
576660.43333466,576720.43333466,0,230,172.592592592592,0,0
576720.43333466,576768.777908987,0,230,169.160724661972,0,0
576768.777908987,576828.777908987,0,230,164.901465402713,0,0
576828.777908987,576888.777908987,0,230,160.642206143454,0,0
576888.777908987,576948.777908987,0,230,156.382946884194,0,0
576948.777908987,577008.777908987,0,230,152.123687624935,0,0
577008.777908987,577068.777908987,0,230,147.864428365676,0,0
577068.777908987,577128.777908987,0,230,143.605169106417,0,0
577128.777908987,577188.777908987,0,230,139.345909847157,0,0
577188.777908987,577248.777908987,0,230,135.086650587898,0,0
577248.777908987,577308.777908987,0,230,130.827391328639,0,0
577308.777908987,577368.777908987,0,230,126.56813206938,0,0
577368.777908987,577428.777908987,0,230,122.30887281012,0,0
577428.777908987,577488.777908987,0,230,118.049613550861,0,0
577488.777908987,577548.777908987,0,230,113.790354291602,0,0
577548.777908987,577608.777908987,0,230,109.531095032342,0,0
577608.777908987,577668.777908987,0,230,105.271835773083,0,0
577668.777908987,577728.777908987,0,230,101.012576513824,0,0
577728.777908987,577788.777908987,0,230,96.7533172545646,0,0
577788.777908987,577837.122483314,0,230,93.3214493239526,0,0
577837.122483314,577897.122483314,650,230,99.3214493239526,0,0
577897.122483314,577957.122483314,650,230,105.321449323953,0,0
577957.122483314,578017.122483314,650,230,111.321449323953,0,0
578017.122483314,578077.122483314,650,230,117.321449323953,0,0
578077.122483314,578137.122483314,650,230,123.321449323953,0,0
578137.122483314,578197.122483314,650,230,129.321449323953,0,0
578197.122483314,578257.122483314,650,230,135.321449323953,0,0
578257.122483314,578317.122483314,650,230,141.321449323953,0,0
578317.122483314,578377.122483314,650,230,147.321449323953,0,0
578377.122483314,578437.122483314,650,230,153.321449323953,0,0
578437.122483314,578497.122483314,650,230,159.321449323953,0,0
578497.122483314,578557.122483314,650,230,165.321449323953,0,0
578557.122483314,578617.122483314,650,230,171.321449323953,0,0
578617.122483314,578677.122483314,650,230,177.321449323953,0,0
578677.122483314,578737.122483314,650,230,183.321449323953,0,0
578737.122483314,578797.122483314,650,230,189.321449323953,0,0
578797.122483314,578857.122483314,650,230,195.321449323953,0,0
578857.122483314,578917.122483314,650,230,201.321449323953,0,0
578917.122483314,578977.122483314,650,230,207.321449323953,0,0
578977.122483314,579037.122483314,650,230,213.321449323953,0,0
579037.122483314,579097.122483314,650,230,219.321449323953,0,0
579097.122483314,579157.122483314,650,230,225.321449323953,0,0
579157.122483314,579217.122483314,650,230,231.321449323953,0,0
579217.122483314,579277.122483314,650,230,237.321449323953,0,0
579277.122483314,579337.122483314,650,230,243.321449323953,0,0
579337.122483314,579397.122483314,650,230,249.321449323953,0,0
579397.122483314,579457.122483314,650,230,255.321449323953,0,0
579457.122483314,579517.122483314,650,230,261.321449323953,0,0
579517.122483314,579577.122483314,650,230,267.321449323953,0,0
579577.122483314,579637.122483314,650,230,273.321449323953,0,0
579637.122483314,579638.274316495,650,230,273.436632641998,0,0
579638.274316495,579698.274316495,650,560,274.786632641998,0,1
579698.274316495,579758.274316495,650,560,276.136632641998,0,1
579758.274316495,579818.274316495,650,560,277.486632641998,0,1
579818.274316495,579878.274316495,650,560,278.836632641998,0,1
579878.274316495,579938.274316495,650,560,280.186632641998,0,1
579938.274316495,579998.274316495,650,560,281.536632641998,0,1
579998.274316495,580058.274316495,650,560,282.886632641998,0,1
580058.274316495,580118.274316495,650,560,284.236632641998,0,1
580118.274316495,580178.274316495,650,560,285.586632641998,0,1
580178.274316495,580238.274316495,650,560,286.936632641998,0,1
580238.274316495,580298.274316495,650,560,288.286632641998,0,1
580298.274316495,580358.274316495,650,560,289.636632641998,0,1
580358.274316495,580418.274316495,650,560,290.986632641998,0,1
580418.274316495,580478.274316495,650,560,292.336632641998,0,1
580478.274316495,580538.274316495,650,560,293.686632641998,0,1
580538.274316495,580598.274316495,650,560,295.036632641998,0,1
580598.274316495,580658.274316495,650,560,296.386632641999,0,1
580658.274316495,580718.274316495,650,560,297.736632641999,0,1
580718.274316495,580778.274316495,650,560,299.086632641999,0,1
580778.274316495,580838.274316495,650,560,300,0,1
580838.274316495,580898.274316495,650,560,300,0,1
580898.274316495,580958.274316495,650,560,300,0,1
580958.274316495,581018.274316495,650,560,300,0,1
581018.274316495,581078.274316495,650,560,300,0,1
581078.274316495,581138.274316495,650,560,300,0,1
581138.274316495,581198.274316495,650,560,300,0,1
581198.274316495,581258.274316495,650,560,300,0,1
581258.274316495,581318.274316495,650,560,300,0,1
581318.274316495,581378.274316495,650,560,300,0,1
581378.274316495,581438.274316495,650,560,300,0,1
581438.274316495,581439.426149675,650,560,300,0,1
581439.426149675,581499.426149675,0,560,289.62962962963,0,1
581499.426149675,581559.426149675,0,560,279.259259259259,0,1
581559.426149675,581619.426149675,0,560,268.888888888889,0,1
581619.426149675,581679.426149675,0,560,258.518518518518,0,1
581679.426149675,581739.426149675,0,560,248.148148148148,0,1
581739.426149675,581799.426149675,0,560,237.777777777778,0,1
581799.426149675,581859.426149675,0,560,227.407407407407,0,1
581859.426149675,581919.426149675,0,560,217.037037037037,0,1
581919.426149675,581979.426149675,0,560,206.666666666667,0,1
581979.426149675,582039.426149675,0,230,202.407407407407,0,0
582039.426149675,582099.426149675,0,230,198.148148148148,0,0
582099.426149675,582159.426149675,0,230,193.888888888889,0,0
582159.426149675,582219.426149675,0,230,189.62962962963,0,0
582219.426149675,582279.426149675,0,230,185.37037037037,0,0
582279.426149675,582339.426149675,0,230,181.111111111111,0,0
582339.426149675,582399.426149675,0,230,176.851851851852,0,0
582399.426149675,582459.426149675,0,230,172.592592592592,0,0
582459.426149675,582507.770724002,0,230,169.160724661972,0,0
582507.770724002,582567.770724002,0,230,164.901465402713,0,0
582567.770724002,582627.770724002,0,230,160.642206143454,0,0
582627.770724002,582687.770724002,0,230,156.382946884194,0,0
582687.770724002,582747.770724002,0,230,152.123687624935,0,0
582747.770724002,582807.770724002,0,230,147.864428365676,0,0
582807.770724002,582867.770724002,0,230,143.605169106417,0,0
582867.770724002,582927.770724002,0,230,139.345909847157,0,0
582927.770724002,582987.770724002,0,230,135.086650587898,0,0
582987.770724002,583047.770724002,0,230,130.827391328639,0,0
583047.770724002,583107.770724002,0,230,126.56813206938,0,0
583107.770724002,583167.770724002,0,230,122.30887281012,0,0
583167.770724002,583227.770724002,0,230,118.049613550861,0,0
583227.770724002,583287.770724002,0,230,113.790354291602,0,0
583287.770724002,583347.770724002,0,230,109.531095032342,0,0
583347.770724002,583407.770724002,0,230,105.271835773083,0,0
583407.770724002,583467.770724002,0,230,101.012576513824,0,0
583467.770724002,583527.770724002,0,230,96.7533172545646,0,0
583527.770724002,583576.115298329,0,230,93.3214493239526,0,0
583576.115298329,583636.115298329,650,230,99.3214493239526,0,0
583636.115298329,583696.115298329,650,230,105.321449323953,0,0
583696.115298329,583756.115298329,650,230,111.321449323953,0,0
583756.115298329,583816.115298329,650,230,117.321449323953,0,0
583816.115298329,583876.115298329,650,230,123.321449323953,0,0
583876.115298329,583936.115298329,650,230,129.321449323953,0,0
583936.115298329,583996.115298329,650,230,135.321449323953,0,0
583996.115298329,584056.115298329,650,230,141.321449323953,0,0
584056.115298329,584116.115298329,650,230,147.321449323953,0,0
584116.115298329,584176.115298329,650,230,153.321449323953,0,0
584176.115298329,584236.115298329,650,230,159.321449323953,0,0
584236.115298329,584296.115298329,650,230,165.321449323953,0,0
584296.115298329,584356.115298329,650,230,171.321449323953,0,0
584356.115298329,584416.115298329,650,230,177.321449323953,0,0
584416.115298329,584476.115298329,650,230,183.321449323953,0,0
584476.115298329,584536.115298329,650,230,189.321449323953,0,0
584536.115298329,584596.115298329,650,230,195.321449323953,0,0
584596.115298329,584656.115298329,650,230,201.321449323953,0,0
584656.115298329,584716.115298329,650,230,207.321449323953,0,0
584716.115298329,584776.115298329,650,230,213.321449323953,0,0
584776.115298329,584836.115298329,650,230,219.321449323953,0,0
584836.115298329,584896.115298329,650,230,225.321449323953,0,0
584896.115298329,584956.115298329,650,230,231.321449323953,0,0
584956.115298329,585016.115298329,650,230,237.321449323953,0,0
585016.115298329,585076.115298329,650,230,243.321449323953,0,0
585076.115298329,585136.115298329,650,230,249.321449323953,0,0
585136.115298329,585196.115298329,650,230,255.321449323953,0,0
585196.115298329,585256.115298329,650,230,261.321449323953,0,0
585256.115298329,585316.115298329,650,230,267.321449323953,0,0
585316.115298329,585376.115298329,650,230,273.321449323953,0,0
585376.115298329,585377.267131509,650,230,273.436632641998,0,0
585377.267131509,585437.267131509,650,560,274.786632641998,0,1
585437.267131509,585497.267131509,650,560,276.136632641998,0,1
585497.267131509,585557.267131509,650,560,277.486632641998,0,1
585557.267131509,585617.267131509,650,560,278.836632641998,0,1
585617.267131509,585677.267131509,650,560,280.186632641998,0,1
585677.267131509,585737.267131509,650,560,281.536632641998,0,1
585737.267131509,585797.267131509,650,560,282.886632641998,0,1
585797.267131509,585857.267131509,650,560,284.236632641998,0,1
585857.267131509,585917.267131509,650,560,285.586632641998,0,1
585917.267131509,585977.267131509,650,560,286.936632641998,0,1
585977.267131509,586037.267131509,650,560,288.286632641998,0,1
586037.267131509,586097.267131509,650,560,289.636632641998,0,1
586097.267131509,586157.267131509,650,560,290.986632641998,0,1
586157.267131509,586217.267131509,650,560,292.336632641998,0,1
586217.267131509,586277.267131509,650,560,293.686632641998,0,1
586277.267131509,586337.267131509,650,560,295.036632641998,0,1
586337.267131509,586397.267131509,650,560,296.386632641999,0,1
586397.267131509,586457.267131509,650,560,297.736632641999,0,1
586457.267131509,586517.267131509,650,560,299.086632641999,0,1
586517.267131509,586577.267131509,650,560,300,0,1
586577.267131509,586637.267131509,650,560,300,0,1
586637.267131509,586697.267131509,650,560,300,0,1
586697.267131509,586757.267131509,650,560,300,0,1
586757.267131509,586817.267131509,650,560,300,0,1
586817.267131509,586877.267131509,650,560,300,0,1
586877.267131509,586937.267131509,650,560,300,0,1
586937.267131509,586997.267131509,650,560,300,0,1
586997.267131509,587057.267131509,650,560,300,0,1
587057.267131509,587117.267131509,650,560,300,0,1
587117.267131509,587177.267131509,650,560,300,0,1
587177.267131509,587178.41896469,650,560,300,0,1
587178.41896469,587238.41896469,0,560,289.62962962963,0,1
587238.41896469,587298.41896469,0,560,279.259259259259,0,1
587298.41896469,587358.41896469,0,560,268.888888888889,0,1
587358.41896469,587418.41896469,0,560,258.518518518518,0,1
587418.41896469,587478.41896469,0,560,248.148148148148,0,1
587478.41896469,587538.41896469,0,560,237.777777777778,0,1
587538.41896469,587598.41896469,0,560,227.407407407407,0,1
587598.41896469,587658.41896469,0,560,217.037037037037,0,1
587658.41896469,587718.41896469,0,560,206.666666666667,0,1
587718.41896469,587778.41896469,0,230,202.407407407407,0,0
587778.41896469,587838.41896469,0,230,198.148148148148,0,0
587838.41896469,587898.41896469,0,230,193.888888888889,0,0
587898.41896469,587958.41896469,0,230,189.62962962963,0,0
587958.41896469,588018.41896469,0,230,185.37037037037,0,0
588018.41896469,588078.41896469,0,230,181.111111111111,0,0
588078.41896469,588138.41896469,0,230,176.851851851852,0,0
588138.41896469,588198.41896469,0,230,172.592592592592,0,0
588198.41896469,588246.763539017,0,230,169.160724661972,0,0
588246.763539017,588306.763539017,0,230,164.901465402713,0,0
588306.763539017,588366.763539017,0,230,160.642206143454,0,0
588366.763539017,588426.763539017,0,230,156.382946884194,0,0
588426.763539017,588486.763539017,0,230,152.123687624935,0,0
588486.763539017,588546.763539017,0,230,147.864428365676,0,0
588546.763539017,588606.763539017,0,230,143.605169106417,0,0
588606.763539017,588666.763539017,0,230,139.345909847157,0,0
588666.763539017,588726.763539017,0,230,135.086650587898,0,0
588726.763539017,588786.763539017,0,230,130.827391328639,0,0
588786.763539017,588846.763539017,0,230,126.56813206938,0,0
588846.763539017,588906.763539017,0,230,122.30887281012,0,0
588906.763539017,588966.763539017,0,230,118.049613550861,0,0
588966.763539017,589026.763539017,0,230,113.790354291602,0,0
589026.763539017,589086.763539017,0,230,109.531095032342,0,0
589086.763539017,589146.763539017,0,230,105.271835773083,0,0
589146.763539017,589206.763539017,0,230,101.012576513824,0,0
589206.763539017,589266.763539017,0,230,96.7533172545646,0,0
589266.763539017,589315.108113344,0,230,93.3214493239526,0,0
589315.108113344,589375.108113344,650,230,99.3214493239526,0,0
589375.108113344,589435.108113344,650,230,105.321449323953,0,0
589435.108113344,589495.108113344,650,230,111.321449323953,0,0
589495.108113344,589555.108113344,650,230,117.321449323953,0,0
589555.108113344,589615.108113344,650,230,123.321449323953,0,0
589615.108113344,589675.108113344,650,230,129.321449323953,0,0
589675.108113344,589735.108113344,650,230,135.321449323953,0,0
589735.108113344,589795.108113344,650,230,141.321449323953,0,0
589795.108113344,589855.108113344,650,230,147.321449323953,0,0
589855.108113344,589915.108113344,650,230,153.321449323953,0,0
589915.108113344,589975.108113344,650,230,159.321449323953,0,0
589975.108113344,590035.108113344,650,230,165.321449323953,0,0
590035.108113344,590095.108113344,650,230,171.321449323953,0,0
590095.108113344,590155.108113344,650,230,177.321449323953,0,0
590155.108113344,590215.108113344,650,230,183.321449323953,0,0
590215.108113344,590275.108113344,650,230,189.321449323953,0,0
590275.108113344,590335.108113344,650,230,195.321449323953,0,0
590335.108113344,590395.108113344,650,230,201.321449323953,0,0
590395.108113344,590455.108113344,650,230,207.321449323953,0,0
590455.108113344,590515.108113344,650,230,213.321449323953,0,0
590515.108113344,590575.108113344,650,230,219.321449323953,0,0
590575.108113344,590635.108113344,650,230,225.321449323953,0,0
590635.108113344,590695.108113344,650,230,231.321449323953,0,0
590695.108113344,590755.108113344,650,230,237.321449323953,0,0
590755.108113344,590815.108113344,650,230,243.321449323953,0,0
590815.108113344,590875.108113344,650,230,249.321449323953,0,0
590875.108113344,590935.108113344,650,230,255.321449323953,0,0
590935.108113344,590995.108113344,650,230,261.321449323953,0,0
590995.108113344,591055.108113344,650,230,267.321449323953,0,0
591055.108113344,591115.108113344,650,230,273.321449323953,0,0
591115.108113344,591116.259946524,650,230,273.436632641998,0,0
591116.259946524,591176.259946524,650,560,274.786632641998,0,1
591176.259946524,591236.259946524,650,560,276.136632641998,0,1
591236.259946524,591296.259946524,650,560,277.486632641998,0,1
591296.259946524,591356.259946524,650,560,278.836632641998,0,1
591356.259946524,591416.259946524,650,560,280.186632641998,0,1
591416.259946524,591476.259946524,650,560,281.536632641998,0,1
591476.259946524,591536.259946524,650,560,282.886632641998,0,1
591536.259946524,591596.259946524,650,560,284.236632641998,0,1
591596.259946524,591656.259946524,650,560,285.586632641998,0,1
591656.259946524,591716.259946524,650,560,286.936632641998,0,1
591716.259946524,591776.259946524,650,560,288.286632641998,0,1
591776.259946524,591836.259946524,650,560,289.636632641998,0,1
591836.259946524,591896.259946524,650,560,290.986632641998,0,1
591896.259946524,591956.259946524,650,560,292.336632641998,0,1
591956.259946524,592016.259946524,650,560,293.686632641998,0,1
592016.259946524,592076.259946524,650,560,295.036632641998,0,1
592076.259946524,592136.259946524,650,560,296.386632641999,0,1
592136.259946524,592196.259946524,650,560,297.736632641999,0,1
592196.259946524,592256.259946524,650,560,299.086632641999,0,1
592256.259946524,592316.259946524,650,560,300,0,1
592316.259946524,592376.259946524,650,560,300,0,1
592376.259946524,592436.259946524,650,560,300,0,1
592436.259946524,592496.259946524,650,560,300,0,1
592496.259946524,592556.259946524,650,560,300,0,1
592556.259946524,592616.259946524,650,560,300,0,1
592616.259946524,592676.259946524,650,560,300,0,1
592676.259946524,592736.259946524,650,560,300,0,1
592736.259946524,592796.259946524,650,560,300,0,1
592796.259946524,592856.259946524,650,560,300,0,1
592856.259946524,592916.259946524,650,560,300,0,1
592916.259946524,592917.411779705,650,560,300,0,1
592917.411779705,592977.411779705,0,560,289.62962962963,0,1
592977.411779705,593037.411779705,0,560,279.259259259259,0,1
593037.411779705,593097.411779705,0,560,268.888888888889,0,1
593097.411779705,593157.411779705,0,560,258.518518518518,0,1
593157.411779705,593217.411779705,0,560,248.148148148148,0,1
593217.411779705,593277.411779705,0,560,237.777777777778,0,1
593277.411779705,593337.411779705,0,560,227.407407407407,0,1
593337.411779705,593397.411779705,0,560,217.037037037037,0,1
593397.411779705,593457.411779705,0,560,206.666666666667,0,1
593457.411779705,593517.411779705,0,230,202.407407407407,0,0
593517.411779705,593577.411779705,0,230,198.148148148148,0,0
593577.411779705,593637.411779705,0,230,193.888888888889,0,0
593637.411779705,593697.411779705,0,230,189.62962962963,0,0
593697.411779705,593757.411779705,0,230,185.37037037037,0,0
593757.411779705,593817.411779705,0,230,181.111111111111,0,0
593817.411779705,593877.411779705,0,230,176.851851851852,0,0
593877.411779705,593937.411779705,0,230,172.592592592592,0,0
593937.411779705,593985.756354032,0,230,169.160724661972,0,0
593985.756354032,594045.756354032,0,230,164.901465402713,0,0
594045.756354032,594105.756354032,0,230,160.642206143454,0,0
594105.756354032,594165.756354032,0,230,156.382946884194,0,0
594165.756354032,594225.756354032,0,230,152.123687624935,0,0
594225.756354032,594285.756354032,0,230,147.864428365676,0,0
594285.756354032,594345.756354032,0,230,143.605169106417,0,0
594345.756354032,594405.756354032,0,230,139.345909847157,0,0
594405.756354032,594465.756354032,0,230,135.086650587898,0,0
594465.756354032,594525.756354032,0,230,130.827391328639,0,0
594525.756354032,594585.756354032,0,230,126.56813206938,0,0
594585.756354032,594645.756354032,0,230,122.30887281012,0,0
594645.756354032,594705.756354032,0,230,118.049613550861,0,0
594705.756354032,594765.756354032,0,230,113.790354291602,0,0
594765.756354032,594825.756354032,0,230,109.531095032342,0,0
594825.756354032,594885.756354032,0,230,105.271835773083,0,0
594885.756354032,594945.756354032,0,230,101.012576513824,0,0
594945.756354032,595005.756354032,0,230,96.7533172545646,0,0
595005.756354032,595054.100928359,0,230,93.3214493239526,0,0
595054.100928359,595114.100928359,650,230,99.3214493239526,0,0
595114.100928359,595174.100928359,650,230,105.321449323953,0,0
595174.100928359,595234.100928359,650,230,111.321449323953,0,0
595234.100928359,595294.100928359,650,230,117.321449323953,0,0
595294.100928359,595354.100928359,650,230,123.321449323953,0,0
595354.100928359,595414.100928359,650,230,129.321449323953,0,0
595414.100928359,595474.100928359,650,230,135.321449323953,0,0
595474.100928359,595534.100928359,650,230,141.321449323953,0,0
595534.100928359,595594.100928359,650,230,147.321449323953,0,0
595594.100928359,595654.100928359,650,230,153.321449323953,0,0
595654.100928359,595714.100928359,650,230,159.321449323953,0,0
595714.100928359,595774.100928359,650,230,165.321449323953,0,0
595774.100928359,595834.100928359,650,230,171.321449323953,0,0
595834.100928359,595894.100928359,650,230,177.321449323953,0,0
595894.100928359,595954.100928359,650,230,183.321449323953,0,0
595954.100928359,596014.100928359,650,230,189.321449323953,0,0
596014.100928359,596074.100928359,650,230,195.321449323953,0,0
596074.100928359,596134.100928359,650,230,201.321449323953,0,0
596134.100928359,596194.100928359,650,230,207.321449323953,0,0
596194.100928359,596254.100928359,650,230,213.321449323953,0,0
596254.100928359,596314.100928359,650,230,219.321449323953,0,0
596314.100928359,596374.100928359,650,230,225.321449323953,0,0
596374.100928359,596434.100928359,650,230,231.321449323953,0,0
596434.100928359,596494.100928359,650,230,237.321449323953,0,0
596494.100928359,596554.100928359,650,230,243.321449323953,0,0
596554.100928359,596614.100928359,650,230,249.321449323953,0,0
596614.100928359,596674.100928359,650,230,255.321449323953,0,0
596674.100928359,596734.100928359,650,230,261.321449323953,0,0
596734.100928359,596794.100928359,650,230,267.321449323953,0,0
596794.100928359,596854.100928359,650,230,273.321449323953,0,0
596854.100928359,596855.252761539,650,230,273.436632641998,0,0
596855.252761539,596915.252761539,650,560,274.786632641998,0,1
596915.252761539,596975.252761539,650,560,276.136632641998,0,1
596975.252761539,597035.252761539,650,560,277.486632641998,0,1
597035.252761539,597095.252761539,650,560,278.836632641998,0,1
597095.252761539,597155.252761539,650,560,280.186632641998,0,1
597155.252761539,597215.252761539,650,560,281.536632641998,0,1
597215.252761539,597275.252761539,650,560,282.886632641998,0,1
597275.252761539,597335.252761539,650,560,284.236632641998,0,1
597335.252761539,597395.252761539,650,560,285.586632641998,0,1
597395.252761539,597455.252761539,650,560,286.936632641998,0,1
597455.252761539,597515.252761539,650,560,288.286632641998,0,1
597515.252761539,597575.252761539,650,560,289.636632641998,0,1
597575.252761539,597635.252761539,650,560,290.986632641998,0,1
597635.252761539,597695.252761539,650,560,292.336632641998,0,1
597695.252761539,597755.252761539,650,560,293.686632641998,0,1
597755.252761539,597815.252761539,650,560,295.036632641998,0,1
597815.252761539,597875.252761539,650,560,296.386632641999,0,1
597875.252761539,597935.252761539,650,560,297.736632641999,0,1
597935.252761539,597995.252761539,650,560,299.086632641999,0,1
597995.252761539,598055.252761539,650,560,300,0,1
598055.252761539,598115.252761539,650,560,300,0,1
598115.252761539,598175.252761539,650,560,300,0,1
598175.252761539,598235.252761539,650,560,300,0,1
598235.252761539,598295.252761539,650,560,300,0,1
598295.252761539,598355.252761539,650,560,300,0,1
598355.252761539,598415.252761539,650,560,300,0,1
598415.252761539,598475.252761539,650,560,300,0,1
598475.252761539,598535.252761539,650,560,300,0,1
598535.252761539,598595.252761539,650,560,300,0,1
598595.252761539,598655.252761539,650,560,300,0,1
598655.252761539,598656.404594719,650,560,300,0,1
598656.404594719,598716.404594719,0,560,289.62962962963,0,1
598716.404594719,598776.404594719,0,560,279.259259259259,0,1
598776.404594719,598836.404594719,0,560,268.888888888889,0,1
598836.404594719,598896.404594719,0,560,258.518518518518,0,1
598896.404594719,598956.404594719,0,560,248.148148148148,0,1
598956.404594719,599016.404594719,0,560,237.777777777778,0,1
599016.404594719,599076.404594719,0,560,227.407407407407,0,1
599076.404594719,599136.404594719,0,560,217.037037037037,0,1
599136.404594719,599196.404594719,0,560,206.666666666667,0,1
599196.404594719,599256.404594719,0,230,202.407407407407,0,0
599256.404594719,599316.404594719,0,230,198.148148148148,0,0
599316.404594719,599376.404594719,0,230,193.888888888889,0,0
599376.404594719,599436.404594719,0,230,189.62962962963,0,0
599436.404594719,599496.404594719,0,230,185.37037037037,0,0
599496.404594719,599556.404594719,0,230,181.111111111111,0,0
599556.404594719,599616.404594719,0,230,176.851851851852,0,0
599616.404594719,599676.404594719,0,230,172.592592592592,0,0
599676.404594719,599724.749169046,0,230,169.160724661972,0,0
599724.749169046,599784.749169046,0,230,164.901465402713,0,0
599784.749169046,599844.749169046,0,230,160.642206143454,0,0
599844.749169046,599904.749169046,0,230,156.382946884194,0,0
599904.749169046,599964.749169046,0,230,152.123687624935,0,0
599964.749169046,600024.749169046,0,230,147.864428365676,0,0
600024.749169046,600084.749169046,0,230,143.605169106417,0,0
600084.749169046,600144.749169046,0,230,139.345909847157,0,0
600144.749169046,600204.749169046,0,230,135.086650587898,0,0
600204.749169046,600264.749169046,0,230,130.827391328639,0,0
600264.749169046,600324.749169046,0,230,126.56813206938,0,0
600324.749169046,600384.749169046,0,230,122.30887281012,0,0
600384.749169046,600444.749169046,0,230,118.049613550861,0,0
600444.749169046,600504.749169046,0,230,113.790354291602,0,0
600504.749169046,600564.749169046,0,230,109.531095032342,0,0
600564.749169046,600624.749169046,0,230,105.271835773083,0,0
600624.749169046,600684.749169046,0,230,101.012576513824,0,0
600684.749169046,600744.749169046,0,230,96.7533172545646,0,0
600744.749169046,600793.093743373,0,230,93.3214493239526,0,0
600793.093743373,600853.093743373,650,230,99.3214493239526,0,0
600853.093743373,600913.093743373,650,230,105.321449323953,0,0
600913.093743373,600973.093743373,650,230,111.321449323953,0,0
600973.093743373,601033.093743373,650,230,117.321449323953,0,0
601033.093743373,601093.093743373,650,230,123.321449323953,0,0
601093.093743373,601153.093743373,650,230,129.321449323953,0,0
601153.093743373,601213.093743373,650,230,135.321449323953,0,0
601213.093743373,601273.093743373,650,230,141.321449323953,0,0
601273.093743373,601333.093743373,650,230,147.321449323953,0,0
601333.093743373,601393.093743373,650,230,153.321449323953,0,0
601393.093743373,601453.093743373,650,230,159.321449323953,0,0
601453.093743373,601513.093743373,650,230,165.321449323953,0,0
601513.093743373,601573.093743373,650,230,171.321449323953,0,0
601573.093743373,601633.093743373,650,230,177.321449323953,0,0
601633.093743373,601693.093743373,650,230,183.321449323953,0,0
601693.093743373,601753.093743373,650,230,189.321449323953,0,0
601753.093743373,601813.093743373,650,230,195.321449323953,0,0
601813.093743373,601873.093743373,650,230,201.321449323953,0,0
601873.093743373,601933.093743373,650,230,207.321449323953,0,0
601933.093743373,601993.093743373,650,230,213.321449323953,0,0
601993.093743373,602053.093743373,650,230,219.321449323953,0,0
602053.093743373,602113.093743373,650,230,225.321449323953,0,0
602113.093743373,602173.093743373,650,230,231.321449323953,0,0
602173.093743373,602233.093743373,650,230,237.321449323953,0,0
602233.093743373,602293.093743373,650,230,243.321449323953,0,0
602293.093743373,602353.093743373,650,230,249.321449323953,0,0
602353.093743373,602413.093743373,650,230,255.321449323953,0,0
602413.093743373,602473.093743373,650,230,261.321449323953,0,0
602473.093743373,602533.093743373,650,230,267.321449323953,0,0
602533.093743373,602593.093743373,650,230,273.321449323953,0,0
602593.093743373,602594.245576554,650,230,273.436632641998,0,0
602594.245576554,602594.245577128,650,230,273.436632699391,0,0
602594.245577128,602654.245577128,650,560,274.786632699391,0,1
602654.245577128,602714.245577128,650,560,276.136632699391,0,1
602714.245577128,602774.245577128,650,560,277.486632699391,0,1
602774.245577128,602834.245577128,650,560,278.836632699391,0,1
602834.245577128,602894.245577128,650,560,280.186632699391,0,1
602894.245577128,602954.245577128,650,560,281.536632699391,0,1
602954.245577128,603014.245577128,650,560,282.886632699391,0,1
603014.245577128,603074.245577128,650,560,284.236632699391,0,1
603074.245577128,603134.245577128,650,560,285.586632699391,0,1
603134.245577128,603194.245577128,650,560,286.936632699391,0,1
603194.245577128,603254.245577128,650,560,288.286632699391,0,1
603254.245577128,603314.245577128,650,560,289.636632699391,0,1
603314.245577128,603374.245577128,650,560,290.986632699391,0,1
603374.245577128,603434.245577128,650,560,292.336632699391,0,1
603434.245577128,603494.245577128,650,560,293.686632699391,0,1
603494.245577128,603554.245577128,650,560,295.036632699391,0,1
603554.245577128,603614.245577128,650,560,296.386632699391,0,1
603614.245577128,603674.245577128,650,560,297.736632699391,0,1
603674.245577128,603734.245577128,650,560,299.086632699391,0,1
603734.245577128,603794.245577128,650,560,300,0,1
603794.245577128,603854.245577128,650,560,300,0,1
603854.245577128,603914.245577128,650,560,300,0,1
603914.245577128,603974.245577128,650,560,300,0,1
603974.245577128,604034.245577128,650,560,300,0,1
604034.245577128,604094.245577128,650,560,300,0,1
604094.245577128,604154.245577128,650,560,300,0,1
604154.245577128,604214.245577128,650,560,300,0,1
604214.245577128,604274.245577128,650,560,300,0,1
604274.245577128,604334.245577128,650,560,300,0,1
604334.245577128,604394.245577128,650,560,300,0,1
604394.245577128,604395.397409734,650,560,300,0,1
604395.397409734,604455.397409734,0,560,289.62962962963,0,1
604455.397409734,604515.397409734,0,560,279.259259259259,0,1
604515.397409734,604575.397409734,0,560,268.888888888889,0,1
604575.397409734,604635.397409734,0,560,258.518518518518,0,1
604635.397409734,604695.397409734,0,560,248.148148148148,0,1
604695.397409734,604755.397409734,0,560,237.777777777778,0,1
604755.397409734,604815.397409734,0,560,227.407407407407,0,1
604815.397409734,604875.397409734,0,560,217.037037037037,0,1
604875.397409734,604935.397409734,0,560,206.666666666667,0,1
604935.397409734,604995.397409734,0,230,202.407407407407,0,0
604995.397409734,605055.397409734,0,230,198.148148148148,0,0
605055.397409734,605115.397409734,0,230,193.888888888889,0,0
605115.397409734,605175.397409734,0,230,189.62962962963,0,0
605175.397409734,605235.397409734,0,230,185.37037037037,0,0
605235.397409734,605295.397409734,0,230,181.111111111111,0,0
605295.397409734,605355.397409734,0,230,176.851851851852,0,0
605355.397409734,605415.397409734,0,230,172.592592592592,0,0
605415.397409734,605463.741984061,0,230,169.160724661972,0,0
605463.741984061,605523.741984061,0,230,164.901465402713,0,0
605523.741984061,605583.741984061,0,230,160.642206143454,0,0
605583.741984061,605643.741984061,0,230,156.382946884194,0,0
605643.741984061,605703.741984061,0,230,152.123687624935,0,0
605703.741984061,605763.741984061,0,230,147.864428365676,0,0
605763.741984061,605823.741984061,0,230,143.605169106417,0,0
605823.741984061,605883.741984061,0,230,139.345909847157,0,0
605883.741984061,605943.741984061,0,230,135.086650587898,0,0
605943.741984061,606003.741984061,0,230,130.827391328639,0,0
606003.741984061,606063.741984061,0,230,126.56813206938,0,0
606063.741984061,606123.741984061,0,230,122.30887281012,0,0
606123.741984061,606183.741984061,0,230,118.049613550861,0,0
606183.741984061,606243.741984061,0,230,113.790354291602,0,0
606243.741984061,606303.741984061,0,230,109.531095032342,0,0
606303.741984061,606363.741984061,0,230,105.271835773083,0,0
606363.741984061,606423.741984061,0,230,101.012576513824,0,0
606423.741984061,606483.741984061,0,230,96.7533172545646,0,0
606483.741984061,606532.086558388,0,230,93.3214493239526,0,0
606532.086558388,606592.086558388,650,230,99.3214493239526,0,0
606592.086558388,606652.086558388,650,230,105.321449323953,0,0
606652.086558388,606712.086558388,650,230,111.321449323953,0,0
606712.086558388,606772.086558388,650,230,117.321449323953,0,0
606772.086558388,606832.086558388,650,230,123.321449323953,0,0
606832.086558388,606892.086558388,650,230,129.321449323953,0,0
606892.086558388,606952.086558388,650,230,135.321449323953,0,0
606952.086558388,607012.086558388,650,230,141.321449323953,0,0
607012.086558388,607072.086558388,650,230,147.321449323953,0,0
607072.086558388,607132.086558388,650,230,153.321449323953,0,0
607132.086558388,607192.086558388,650,230,159.321449323953,0,0
607192.086558388,607252.086558388,650,230,165.321449323953,0,0
607252.086558388,607312.086558388,650,230,171.321449323953,0,0
607312.086558388,607372.086558388,650,230,177.321449323953,0,0
607372.086558388,607432.086558388,650,230,183.321449323953,0,0
607432.086558388,607492.086558388,650,230,189.321449323953,0,0
607492.086558388,607552.086558388,650,230,195.321449323953,0,0
607552.086558388,607612.086558388,650,230,201.321449323953,0,0
607612.086558388,607672.086558388,650,230,207.321449323953,0,0
607672.086558388,607732.086558388,650,230,213.321449323953,0,0
607732.086558388,607792.086558388,650,230,219.321449323953,0,0
607792.086558388,607852.086558388,650,230,225.321449323953,0,0
607852.086558388,607912.086558388,650,230,231.321449323953,0,0
607912.086558388,607972.086558388,650,230,237.321449323953,0,0
607972.086558388,608032.086558388,650,230,243.321449323953,0,0
608032.086558388,608092.086558388,650,230,249.321449323953,0,0
608092.086558388,608152.086558388,650,230,255.321449323953,0,0
608152.086558388,608212.086558388,650,230,261.321449323953,0,0
608212.086558388,608272.086558388,650,230,267.321449323953,0,0
608272.086558388,608332.086558388,650,230,273.321449323953,0,0
608332.086558388,608333.238391569,650,230,273.436632641998,0,0
608333.238391569,608333.238392142,650,230,273.436632699391,0,0
608333.238392142,608393.238392142,650,560,274.786632699391,0,1
608393.238392142,608453.238392142,650,560,276.136632699391,0,1
608453.238392142,608513.238392142,650,560,277.486632699391,0,1
608513.238392142,608573.238392142,650,560,278.836632699391,0,1
608573.238392142,608633.238392142,650,560,280.186632699391,0,1
608633.238392142,608693.238392142,650,560,281.536632699391,0,1
608693.238392142,608753.238392142,650,560,282.886632699391,0,1
608753.238392142,608813.238392142,650,560,284.236632699391,0,1
608813.238392142,608873.238392142,650,560,285.586632699391,0,1
608873.238392142,608933.238392142,650,560,286.936632699391,0,1
608933.238392142,608993.238392142,650,560,288.286632699391,0,1
608993.238392142,609053.238392142,650,560,289.636632699391,0,1
609053.238392142,609113.238392142,650,560,290.986632699391,0,1
609113.238392142,609173.238392142,650,560,292.336632699391,0,1
609173.238392142,609233.238392142,650,560,293.686632699391,0,1
609233.238392142,609293.238392142,650,560,295.036632699391,0,1
609293.238392142,609353.238392142,650,560,296.386632699391,0,1
609353.238392142,609413.238392142,650,560,297.736632699391,0,1
609413.238392142,609473.238392142,650,560,299.086632699391,0,1
609473.238392142,609533.238392142,650,560,300,0,1
609533.238392142,609593.238392142,650,560,300,0,1
609593.238392142,609653.238392142,650,560,300,0,1
609653.238392142,609713.238392142,650,560,300,0,1
609713.238392142,609773.238392142,650,560,300,0,1
609773.238392142,609833.238392142,650,560,300,0,1
609833.238392142,609893.238392142,650,560,300,0,1
609893.238392142,609953.238392142,650,560,300,0,1
609953.238392142,610013.238392142,650,560,300,0,1
610013.238392142,610073.238392142,650,560,300,0,1
610073.238392142,610133.238392142,650,560,300,0,1
610133.238392142,610134.390224749,650,560,300,0,1
610134.390224749,610194.390224749,0,560,289.62962962963,0,1
610194.390224749,610254.390224749,0,560,279.259259259259,0,1
610254.390224749,610314.390224749,0,560,268.888888888889,0,1
610314.390224749,610374.390224749,0,560,258.518518518518,0,1
610374.390224749,610434.390224749,0,560,248.148148148148,0,1
610434.390224749,610494.390224749,0,560,237.777777777778,0,1
610494.390224749,610554.390224749,0,560,227.407407407407,0,1
610554.390224749,610614.390224749,0,560,217.037037037037,0,1
610614.390224749,610674.390224749,0,560,206.666666666667,0,1
610674.390224749,610734.390224749,0,230,202.407407407407,0,0
610734.390224749,610794.390224749,0,230,198.148148148148,0,0
610794.390224749,610854.390224749,0,230,193.888888888889,0,0
610854.390224749,610914.390224749,0,230,189.62962962963,0,0
610914.390224749,610974.390224749,0,230,185.37037037037,0,0
610974.390224749,611034.390224749,0,230,181.111111111111,0,0
611034.390224749,611094.390224749,0,230,176.851851851852,0,0
611094.390224749,611154.390224749,0,230,172.592592592592,0,0
611154.390224749,611202.734799076,0,230,169.160724661972,0,0
611202.734799076,611262.734799076,0,230,164.901465402713,0,0
611262.734799076,611322.734799076,0,230,160.642206143454,0,0
611322.734799076,611382.734799076,0,230,156.382946884194,0,0
611382.734799076,611442.734799076,0,230,152.123687624935,0,0
611442.734799076,611502.734799076,0,230,147.864428365676,0,0
611502.734799076,611562.734799076,0,230,143.605169106417,0,0
611562.734799076,611622.734799076,0,230,139.345909847157,0,0
611622.734799076,611682.734799076,0,230,135.086650587898,0,0
611682.734799076,611742.734799076,0,230,130.827391328639,0,0
611742.734799076,611802.734799076,0,230,126.56813206938,0,0
611802.734799076,611862.734799076,0,230,122.30887281012,0,0
611862.734799076,611922.734799076,0,230,118.049613550861,0,0
611922.734799076,611982.734799076,0,230,113.790354291602,0,0
611982.734799076,612042.734799076,0,230,109.531095032342,0,0
612042.734799076,612102.734799076,0,230,105.271835773083,0,0
612102.734799076,612162.734799076,0,230,101.012576513824,0,0
612162.734799076,612222.734799076,0,230,96.7533172545646,0,0
612222.734799076,612271.079373403,0,230,93.3214493239526,0,0
612271.079373403,612331.079373403,650,230,99.3214493239526,0,0
612331.079373403,612391.079373403,650,230,105.321449323953,0,0
612391.079373403,612451.079373403,650,230,111.321449323953,0,0
612451.079373403,612511.079373403,650,230,117.321449323953,0,0
612511.079373403,612571.079373403,650,230,123.321449323953,0,0
612571.079373403,612631.079373403,650,230,129.321449323953,0,0
612631.079373403,612691.079373403,650,230,135.321449323953,0,0
612691.079373403,612751.079373403,650,230,141.321449323953,0,0
612751.079373403,612811.079373403,650,230,147.321449323953,0,0
612811.079373403,612871.079373403,650,230,153.321449323953,0,0
612871.079373403,612931.079373403,650,230,159.321449323953,0,0
612931.079373403,612991.079373403,650,230,165.321449323953,0,0
612991.079373403,613051.079373403,650,230,171.321449323953,0,0
613051.079373403,613111.079373403,650,230,177.321449323953,0,0
613111.079373403,613171.079373403,650,230,183.321449323953,0,0
613171.079373403,613231.079373403,650,230,189.321449323953,0,0
613231.079373403,613291.079373403,650,230,195.321449323953,0,0
613291.079373403,613351.079373403,650,230,201.321449323953,0,0
613351.079373403,613411.079373403,650,230,207.321449323953,0,0
613411.079373403,613471.079373403,650,230,213.321449323953,0,0
613471.079373403,613531.079373403,650,230,219.321449323953,0,0
613531.079373403,613591.079373403,650,230,225.321449323953,0,0
613591.079373403,613651.079373403,650,230,231.321449323953,0,0
613651.079373403,613711.079373403,650,230,237.321449323953,0,0
613711.079373403,613771.079373403,650,230,243.321449323953,0,0
613771.079373403,613831.079373403,650,230,249.321449323953,0,0
613831.079373403,613891.079373403,650,230,255.321449323953,0,0
613891.079373403,613951.079373403,650,230,261.321449323953,0,0
613951.079373403,614011.079373403,650,230,267.321449323953,0,0
614011.079373403,614071.079373403,650,230,273.321449323953,0,0
614071.079373403,614072.231206583,650,230,273.436632641998,0,0
614072.231206583,614072.231780483,650,230,273.436690031923,0,0
614072.231780483,614132.231780483,650,560,274.786690031923,0,1
614132.231780483,614192.231780483,650,560,276.136690031923,0,1
614192.231780483,614252.231780483,650,560,277.486690031923,0,1
614252.231780483,614312.231780483,650,560,278.836690031923,0,1
614312.231780483,614372.231780483,650,560,280.186690031923,0,1
614372.231780483,614432.231780483,650,560,281.536690031923,0,1
614432.231780483,614492.231780483,650,560,282.886690031923,0,1
614492.231780483,614552.231780483,650,560,284.236690031923,0,1
614552.231780483,614612.231780483,650,560,285.586690031923,0,1
614612.231780483,614672.231780483,650,560,286.936690031923,0,1
614672.231780483,614732.231780483,650,560,288.286690031923,0,1
614732.231780483,614792.231780483,650,560,289.636690031923,0,1
614792.231780483,614852.231780483,650,560,290.986690031923,0,1
614852.231780483,614912.231780483,650,560,292.336690031923,0,1
614912.231780483,614972.231780483,650,560,293.686690031923,0,1
614972.231780483,615032.231780483,650,560,295.036690031923,0,1
615032.231780483,615092.231780483,650,560,296.386690031923,0,1
615092.231780483,615152.231780483,650,560,297.736690031923,0,1
615152.231780483,615212.231780483,650,560,299.086690031923,0,1
615212.231780483,615272.231780483,650,560,300,0,1
615272.231780483,615332.231780483,650,560,300,0,1
615332.231780483,615392.231780483,650,560,300,0,1
615392.231780483,615452.231780483,650,560,300,0,1
615452.231780483,615512.231780483,650,560,300,0,1
615512.231780483,615572.231780483,650,560,300,0,1
615572.231780483,615632.231780483,650,560,300,0,1
615632.231780483,615692.231780483,650,560,300,0,1
615692.231780483,615752.231780483,650,560,300,0,1
615752.231780483,615812.231780483,650,560,300,0,1
615812.231780483,615872.231780483,650,560,300,0,1
615872.231780483,615873.383039764,650,560,300,0,1
615873.383039764,615933.383039764,0,560,289.62962962963,0,1
615933.383039764,615993.383039764,0,560,279.259259259259,0,1
615993.383039764,616053.383039764,0,560,268.888888888889,0,1
616053.383039764,616113.383039764,0,560,258.518518518518,0,1
616113.383039764,616173.383039764,0,560,248.148148148148,0,1
616173.383039764,616233.383039764,0,560,237.777777777778,0,1
616233.383039764,616293.383039764,0,560,227.407407407407,0,1
616293.383039764,616353.383039764,0,560,217.037037037037,0,1
616353.383039764,616413.383039764,0,560,206.666666666667,0,1
616413.383039764,616473.383039764,0,230,202.407407407407,0,0
616473.383039764,616533.383039764,0,230,198.148148148148,0,0
616533.383039764,616593.383039764,0,230,193.888888888889,0,0
616593.383039764,616653.383039764,0,230,189.62962962963,0,0
616653.383039764,616713.383039764,0,230,185.37037037037,0,0
616713.383039764,616773.383039764,0,230,181.111111111111,0,0
616773.383039764,616833.383039764,0,230,176.851851851852,0,0
616833.383039764,616893.383039764,0,230,172.592592592592,0,0
616893.383039764,616941.727614091,0,230,169.160724661972,0,0
616941.727614091,617001.727614091,0,230,164.901465402713,0,0
617001.727614091,617061.727614091,0,230,160.642206143454,0,0
617061.727614091,617121.727614091,0,230,156.382946884194,0,0
617121.727614091,617181.727614091,0,230,152.123687624935,0,0
617181.727614091,617241.727614091,0,230,147.864428365676,0,0
617241.727614091,617301.727614091,0,230,143.605169106417,0,0
617301.727614091,617361.727614091,0,230,139.345909847157,0,0
617361.727614091,617421.727614091,0,230,135.086650587898,0,0
617421.727614091,617481.727614091,0,230,130.827391328639,0,0
617481.727614091,617541.727614091,0,230,126.56813206938,0,0
617541.727614091,617601.727614091,0,230,122.30887281012,0,0
617601.727614091,617661.727614091,0,230,118.049613550861,0,0
617661.727614091,617721.727614091,0,230,113.790354291602,0,0
617721.727614091,617781.727614091,0,230,109.531095032342,0,0
617781.727614091,617841.727614091,0,230,105.271835773083,0,0
617841.727614091,617901.727614091,0,230,101.012576513824,0,0
617901.727614091,617961.727614091,0,230,96.7533172545646,0,0
617961.727614091,618010.072188418,0,230,93.3214493239526,0,0
618010.072188418,618070.072188418,650,230,99.3214493239526,0,0
618070.072188418,618130.072188418,650,230,105.321449323953,0,0
618130.072188418,618190.072188418,650,230,111.321449323953,0,0
618190.072188418,618250.072188418,650,230,117.321449323953,0,0
618250.072188418,618310.072188418,650,230,123.321449323953,0,0
618310.072188418,618370.072188418,650,230,129.321449323953,0,0
618370.072188418,618430.072188418,650,230,135.321449323953,0,0
618430.072188418,618490.072188418,650,230,141.321449323953,0,0
618490.072188418,618550.072188418,650,230,147.321449323953,0,0
618550.072188418,618610.072188418,650,230,153.321449323953,0,0
618610.072188418,618670.072188418,650,230,159.321449323953,0,0
618670.072188418,618730.072188418,650,230,165.321449323953,0,0
618730.072188418,618790.072188418,650,230,171.321449323953,0,0
618790.072188418,618850.072188418,650,230,177.321449323953,0,0
618850.072188418,618910.072188418,650,230,183.321449323953,0,0
618910.072188418,618970.072188418,650,230,189.321449323953,0,0
618970.072188418,619030.072188418,650,230,195.321449323953,0,0
619030.072188418,619090.072188418,650,230,201.321449323953,0,0
619090.072188418,619150.072188418,650,230,207.321449323953,0,0
619150.072188418,619210.072188418,650,230,213.321449323953,0,0
619210.072188418,619270.072188418,650,230,219.321449323953,0,0
619270.072188418,619330.072188418,650,230,225.321449323953,0,0
619330.072188418,619390.072188418,650,230,231.321449323953,0,0
619390.072188418,619450.072188418,650,230,237.321449323953,0,0
619450.072188418,619510.072188418,650,230,243.321449323953,0,0
619510.072188418,619570.072188418,650,230,249.321449323953,0,0
619570.072188418,619630.072188418,650,230,255.321449323953,0,0
619630.072188418,619690.072188418,650,230,261.321449323953,0,0
619690.072188418,619750.072188418,650,230,267.321449323953,0,0
619750.072188418,619810.072188418,650,230,273.321449323953,0,0
619810.072188418,619811.224021598,650,230,273.436632641998,0,0
619811.224021598,619871.224021598,650,560,274.786632641998,0,1
619871.224021598,619931.224021598,650,560,276.136632641998,0,1
619931.224021598,619991.224021598,650,560,277.486632641998,0,1
619991.224021598,620051.224021598,650,560,278.836632641998,0,1
620051.224021598,620111.224021598,650,560,280.186632641998,0,1
620111.224021598,620171.224021598,650,560,281.536632641998,0,1
620171.224021598,620231.224021598,650,560,282.886632641998,0,1
620231.224021598,620291.224021598,650,560,284.236632641998,0,1
620291.224021598,620351.224021598,650,560,285.586632641998,0,1
620351.224021598,620411.224021598,650,560,286.936632641998,0,1
620411.224021598,620471.224021598,650,560,288.286632641998,0,1
620471.224021598,620531.224021598,650,560,289.636632641998,0,1
620531.224021598,620591.224021598,650,560,290.986632641998,0,1
620591.224021598,620651.224021598,650,560,292.336632641998,0,1
620651.224021598,620711.224021598,650,560,293.686632641998,0,1
620711.224021598,620771.224021598,650,560,295.036632641998,0,1
620771.224021598,620831.224021598,650,560,296.386632641999,0,1
620831.224021598,620891.224021598,650,560,297.736632641999,0,1
620891.224021598,620951.224021598,650,560,299.086632641999,0,1
620951.224021598,621011.224021598,650,560,300,0,1
621011.224021598,621071.224021598,650,560,300,0,1
621071.224021598,621131.224021598,650,560,300,0,1
621131.224021598,621191.224021598,650,560,300,0,1
621191.224021598,621251.224021598,650,560,300,0,1
621251.224021598,621311.224021598,650,560,300,0,1
621311.224021598,621371.224021598,650,560,300,0,1
621371.224021598,621431.224021598,650,560,300,0,1
621431.224021598,621491.224021598,650,560,300,0,1
621491.224021598,621551.224021598,650,560,300,0,1
621551.224021598,621611.224021598,650,560,300,0,1
621611.224021598,621612.375854779,650,560,300,0,1
621612.375854779,621672.375854779,0,560,289.62962962963,0,1
621672.375854779,621732.375854779,0,560,279.259259259259,0,1
621732.375854779,621792.375854779,0,560,268.888888888889,0,1
621792.375854779,621852.375854779,0,560,258.518518518518,0,1
621852.375854779,621912.375854779,0,560,248.148148148148,0,1
621912.375854779,621972.375854779,0,560,237.777777777778,0,1
621972.375854779,622032.375854779,0,560,227.407407407407,0,1
622032.375854779,622092.375854779,0,560,217.037037037037,0,1
622092.375854779,622152.375854779,0,560,206.666666666667,0,1
622152.375854779,622212.375854779,0,230,202.407407407407,0,0
622212.375854779,622272.375854779,0,230,198.148148148148,0,0
622272.375854779,622332.375854779,0,230,193.888888888889,0,0
622332.375854779,622392.375854779,0,230,189.62962962963,0,0
622392.375854779,622452.375854779,0,230,185.37037037037,0,0
622452.375854779,622512.375854779,0,230,181.111111111111,0,0
622512.375854779,622572.375854779,0,230,176.851851851852,0,0
622572.375854779,622632.375854779,0,230,172.592592592592,0,0
622632.375854779,622680.720429106,0,230,169.160724661972,0,0
622680.720429106,622740.720429106,0,230,164.901465402713,0,0
622740.720429106,622800.720429106,0,230,160.642206143454,0,0
622800.720429106,622860.720429106,0,230,156.382946884194,0,0
622860.720429106,622920.720429106,0,230,152.123687624935,0,0
622920.720429106,622980.720429106,0,230,147.864428365676,0,0
622980.720429106,623040.720429106,0,230,143.605169106417,0,0
623040.720429106,623100.720429106,0,230,139.345909847157,0,0
623100.720429106,623160.720429106,0,230,135.086650587898,0,0
623160.720429106,623220.720429106,0,230,130.827391328639,0,0
623220.720429106,623280.720429106,0,230,126.56813206938,0,0
623280.720429106,623340.720429106,0,230,122.30887281012,0,0
623340.720429106,623400.720429106,0,230,118.049613550861,0,0
623400.720429106,623460.720429106,0,230,113.790354291602,0,0
623460.720429106,623520.720429106,0,230,109.531095032342,0,0
623520.720429106,623580.720429106,0,230,105.271835773083,0,0
623580.720429106,623640.720429106,0,230,101.012576513824,0,0
623640.720429106,623700.720429106,0,230,96.7533172545646,0,0
623700.720429106,623749.065003433,0,230,93.3214493239526,0,0
623749.065003433,623809.065003433,650,230,99.3214493239526,0,0
623809.065003433,623869.065003433,650,230,105.321449323953,0,0
623869.065003433,623929.065003433,650,230,111.321449323953,0,0
623929.065003433,623989.065003433,650,230,117.321449323953,0,0
623989.065003433,624049.065003433,650,230,123.321449323953,0,0
624049.065003433,624109.065003433,650,230,129.321449323953,0,0
624109.065003433,624169.065003433,650,230,135.321449323953,0,0
624169.065003433,624229.065003433,650,230,141.321449323953,0,0
624229.065003433,624289.065003433,650,230,147.321449323953,0,0
624289.065003433,624349.065003433,650,230,153.321449323953,0,0
624349.065003433,624409.065003433,650,230,159.321449323953,0,0
624409.065003433,624469.065003433,650,230,165.321449323953,0,0
624469.065003433,624529.065003433,650,230,171.321449323953,0,0
624529.065003433,624589.065003433,650,230,177.321449323953,0,0
624589.065003433,624649.065003433,650,230,183.321449323953,0,0
624649.065003433,624709.065003433,650,230,189.321449323953,0,0
624709.065003433,624769.065003433,650,230,195.321449323953,0,0
624769.065003433,624829.065003433,650,230,201.321449323953,0,0
624829.065003433,624889.065003433,650,230,207.321449323953,0,0
624889.065003433,624949.065003433,650,230,213.321449323953,0,0
624949.065003433,625009.065003433,650,230,219.321449323953,0,0
625009.065003433,625069.065003433,650,230,225.321449323953,0,0
625069.065003433,625129.065003433,650,230,231.321449323953,0,0
625129.065003433,625189.065003433,650,230,237.321449323953,0,0
625189.065003433,625249.065003433,650,230,243.321449323953,0,0
625249.065003433,625309.065003433,650,230,249.321449323953,0,0
625309.065003433,625369.065003433,650,230,255.321449323953,0,0
625369.065003433,625429.065003433,650,230,261.321449323953,0,0
625429.065003433,625489.065003433,650,230,267.321449323953,0,0
625489.065003433,625549.065003433,650,230,273.321449323953,0,0
625549.065003433,625550.216836613,650,230,273.436632641998,0,0
625550.216836613,625610.216836613,650,560,274.786632641998,0,1
625610.216836613,625670.216836613,650,560,276.136632641998,0,1
625670.216836613,625730.216836613,650,560,277.486632641998,0,1
625730.216836613,625790.216836613,650,560,278.836632641998,0,1
625790.216836613,625850.216836613,650,560,280.186632641998,0,1
625850.216836613,625910.216836613,650,560,281.536632641998,0,1
625910.216836613,625970.216836613,650,560,282.886632641998,0,1
625970.216836613,626030.216836613,650,560,284.236632641998,0,1
626030.216836613,626090.216836613,650,560,285.586632641998,0,1
626090.216836613,626150.216836613,650,560,286.936632641998,0,1
626150.216836613,626210.216836613,650,560,288.286632641998,0,1
626210.216836613,626270.216836613,650,560,289.636632641998,0,1
626270.216836613,626330.216836613,650,560,290.986632641998,0,1
626330.216836613,626390.216836613,650,560,292.336632641998,0,1
626390.216836613,626450.216836613,650,560,293.686632641998,0,1
626450.216836613,626510.216836613,650,560,295.036632641998,0,1
626510.216836613,626570.216836613,650,560,296.386632641999,0,1
626570.216836613,626630.216836613,650,560,297.736632641999,0,1
626630.216836613,626690.216836613,650,560,299.086632641999,0,1
626690.216836613,626750.216836613,650,560,300,0,1
626750.216836613,626810.216836613,650,560,300,0,1
626810.216836613,626870.216836613,650,560,300,0,1
626870.216836613,626930.216836613,650,560,300,0,1
626930.216836613,626990.216836613,650,560,300,0,1
626990.216836613,627050.216836613,650,560,300,0,1
627050.216836613,627110.216836613,650,560,300,0,1
627110.216836613,627170.216836613,650,560,300,0,1
627170.216836613,627230.216836613,650,560,300,0,1
627230.216836613,627290.216836613,650,560,300,0,1
627290.216836613,627350.216836613,650,560,300,0,1
627350.216836613,627351.368669793,650,560,300,0,1
627351.368669793,627411.368669793,0,560,289.62962962963,0,1
627411.368669793,627471.368669793,0,560,279.259259259259,0,1
627471.368669793,627531.368669793,0,560,268.888888888889,0,1
627531.368669793,627591.368669793,0,560,258.518518518518,0,1
627591.368669793,627651.368669793,0,560,248.148148148148,0,1
627651.368669793,627711.368669793,0,560,237.777777777778,0,1
627711.368669793,627771.368669793,0,560,227.407407407407,0,1
627771.368669793,627831.368669793,0,560,217.037037037037,0,1
627831.368669793,627891.368669793,0,560,206.666666666667,0,1
627891.368669793,627951.368669793,0,230,202.407407407407,0,0
627951.368669793,628011.368669793,0,230,198.148148148148,0,0
628011.368669793,628071.368669793,0,230,193.888888888889,0,0
628071.368669793,628131.368669793,0,230,189.62962962963,0,0
628131.368669793,628191.368669793,0,230,185.37037037037,0,0
628191.368669793,628251.368669793,0,230,181.111111111111,0,0
628251.368669793,628311.368669793,0,230,176.851851851852,0,0
628311.368669793,628371.368669793,0,230,172.592592592592,0,0
628371.368669793,628419.71324412,0,230,169.160724661972,0,0
628419.71324412,628479.71324412,0,230,164.901465402713,0,0
628479.71324412,628539.71324412,0,230,160.642206143454,0,0
628539.71324412,628599.71324412,0,230,156.382946884194,0,0
628599.71324412,628659.71324412,0,230,152.123687624935,0,0
628659.71324412,628719.71324412,0,230,147.864428365676,0,0
628719.71324412,628779.71324412,0,230,143.605169106417,0,0
628779.71324412,628839.71324412,0,230,139.345909847157,0,0
628839.71324412,628899.71324412,0,230,135.086650587898,0,0
628899.71324412,628959.71324412,0,230,130.827391328639,0,0
628959.71324412,629019.71324412,0,230,126.56813206938,0,0
629019.71324412,629079.71324412,0,230,122.30887281012,0,0
629079.71324412,629139.71324412,0,230,118.049613550861,0,0
629139.71324412,629199.71324412,0,230,113.790354291602,0,0
629199.71324412,629259.71324412,0,230,109.531095032342,0,0
629259.71324412,629319.71324412,0,230,105.271835773083,0,0
629319.71324412,629379.71324412,0,230,101.012576513824,0,0
629379.71324412,629439.71324412,0,230,96.7533172545646,0,0
629439.71324412,629488.057818447,0,230,93.3214493239526,0,0
629488.057818447,629548.057818447,650,230,99.3214493239526,0,0
629548.057818447,629608.057818447,650,230,105.321449323953,0,0
629608.057818447,629668.057818447,650,230,111.321449323953,0,0
629668.057818447,629728.057818447,650,230,117.321449323953,0,0
629728.057818447,629788.057818447,650,230,123.321449323953,0,0
629788.057818447,629848.057818447,650,230,129.321449323953,0,0
629848.057818447,629908.057818447,650,230,135.321449323953,0,0
629908.057818447,629968.057818447,650,230,141.321449323953,0,0
629968.057818447,630028.057818447,650,230,147.321449323953,0,0
630028.057818447,630088.057818447,650,230,153.321449323953,0,0
630088.057818447,630148.057818447,650,230,159.321449323953,0,0
630148.057818447,630208.057818447,650,230,165.321449323953,0,0
630208.057818447,630268.057818447,650,230,171.321449323953,0,0
630268.057818447,630328.057818447,650,230,177.321449323953,0,0
630328.057818447,630388.057818447,650,230,183.321449323953,0,0
630388.057818447,630448.057818447,650,230,189.321449323953,0,0
630448.057818447,630508.057818447,650,230,195.321449323953,0,0
630508.057818447,630568.057818447,650,230,201.321449323953,0,0
630568.057818447,630628.057818447,650,230,207.321449323953,0,0
630628.057818447,630688.057818447,650,230,213.321449323953,0,0
630688.057818447,630748.057818447,650,230,219.321449323953,0,0
630748.057818447,630808.057818447,650,230,225.321449323953,0,0
630808.057818447,630868.057818447,650,230,231.321449323953,0,0
630868.057818447,630928.057818447,650,230,237.321449323953,0,0
630928.057818447,630988.057818447,650,230,243.321449323953,0,0
630988.057818447,631048.057818447,650,230,249.321449323953,0,0
631048.057818447,631108.057818447,650,230,255.321449323953,0,0
631108.057818447,631168.057818447,650,230,261.321449323953,0,0
631168.057818447,631228.057818447,650,230,267.321449323953,0,0
631228.057818447,631288.057818447,650,230,273.321449323953,0,0
631288.057818447,631289.209651628,650,230,273.436632641998,0,0
631289.209651628,631349.209651628,650,560,274.786632641998,0,1
631349.209651628,631409.209651628,650,560,276.136632641998,0,1
631409.209651628,631469.209651628,650,560,277.486632641998,0,1
631469.209651628,631529.209651628,650,560,278.836632641998,0,1
631529.209651628,631589.209651628,650,560,280.186632641998,0,1
631589.209651628,631649.209651628,650,560,281.536632641998,0,1
631649.209651628,631709.209651628,650,560,282.886632641998,0,1
631709.209651628,631769.209651628,650,560,284.236632641998,0,1
631769.209651628,631829.209651628,650,560,285.586632641998,0,1
631829.209651628,631889.209651628,650,560,286.936632641998,0,1
631889.209651628,631949.209651628,650,560,288.286632641998,0,1
631949.209651628,632009.209651628,650,560,289.636632641998,0,1
632009.209651628,632069.209651628,650,560,290.986632641998,0,1
632069.209651628,632129.209651628,650,560,292.336632641998,0,1
632129.209651628,632189.209651628,650,560,293.686632641998,0,1
632189.209651628,632249.209651628,650,560,295.036632641998,0,1
632249.209651628,632309.209651628,650,560,296.386632641999,0,1
632309.209651628,632369.209651628,650,560,297.736632641999,0,1
632369.209651628,632429.209651628,650,560,299.086632641999,0,1
632429.209651628,632489.209651628,650,560,300,0,1
632489.209651628,632549.209651628,650,560,300,0,1
632549.209651628,632609.209651628,650,560,300,0,1
632609.209651628,632669.209651628,650,560,300,0,1
632669.209651628,632729.209651628,650,560,300,0,1
632729.209651628,632789.209651628,650,560,300,0,1
632789.209651628,632849.209651628,650,560,300,0,1
632849.209651628,632909.209651628,650,560,300,0,1
632909.209651628,632969.209651628,650,560,300,0,1
632969.209651628,633029.209651628,650,560,300,0,1
633029.209651628,633089.209651628,650,560,300,0,1
633089.209651628,633090.361484808,650,560,300,0,1
633090.361484808,633150.361484808,0,560,289.62962962963,0,1
633150.361484808,633210.361484808,0,560,279.259259259259,0,1
633210.361484808,633270.361484808,0,560,268.888888888889,0,1
633270.361484808,633330.361484808,0,560,258.518518518518,0,1
633330.361484808,633390.361484808,0,560,248.148148148148,0,1
633390.361484808,633450.361484808,0,560,237.777777777778,0,1
633450.361484808,633510.361484808,0,560,227.407407407407,0,1
633510.361484808,633570.361484808,0,560,217.037037037037,0,1
633570.361484808,633630.361484808,0,560,206.666666666667,0,1
633630.361484808,633690.361484808,0,230,202.407407407407,0,0
633690.361484808,633750.361484808,0,230,198.148148148148,0,0
633750.361484808,633810.361484808,0,230,193.888888888889,0,0
633810.361484808,633870.361484808,0,230,189.62962962963,0,0
633870.361484808,633930.361484808,0,230,185.37037037037,0,0
633930.361484808,633990.361484808,0,230,181.111111111111,0,0
633990.361484808,634050.361484808,0,230,176.851851851852,0,0
634050.361484808,634110.361484808,0,230,172.592592592592,0,0
634110.361484808,634158.706059135,0,230,169.160724661972,0,0
634158.706059135,634218.706059135,0,230,164.901465402713,0,0
634218.706059135,634278.706059135,0,230,160.642206143454,0,0
634278.706059135,634338.706059135,0,230,156.382946884194,0,0
634338.706059135,634398.706059135,0,230,152.123687624935,0,0
634398.706059135,634458.706059135,0,230,147.864428365676,0,0
634458.706059135,634518.706059135,0,230,143.605169106417,0,0
634518.706059135,634578.706059135,0,230,139.345909847157,0,0
634578.706059135,634638.706059135,0,230,135.086650587898,0,0
634638.706059135,634698.706059135,0,230,130.827391328639,0,0
634698.706059135,634758.706059135,0,230,126.56813206938,0,0
634758.706059135,634818.706059135,0,230,122.30887281012,0,0
634818.706059135,634878.706059135,0,230,118.049613550861,0,0
634878.706059135,634938.706059135,0,230,113.790354291602,0,0
634938.706059135,634998.706059135,0,230,109.531095032342,0,0
634998.706059135,635058.706059135,0,230,105.271835773083,0,0
635058.706059135,635118.706059135,0,230,101.012576513824,0,0
635118.706059135,635178.706059135,0,230,96.7533172545646,0,0
635178.706059135,635203.910466919,0,230,94.9641154674343,0,0
635203.910466919,635227.050633462,0,215,93.4285797246145,0,0
635227.050633462,635287.050633462,650,215,99.4285797246145,0,0
635287.050633462,635347.050633462,650,215,105.428579724614,0,0
635347.050633462,635407.050633462,650,215,111.428579724614,0,0
635407.050633462,635467.050633462,650,215,117.428579724614,0,0
635467.050633462,635527.050633462,650,215,123.428579724614,0,0
635527.050633462,635587.050633462,650,215,129.428579724615,0,0
635587.050633462,635647.050633462,650,215,135.428579724615,0,0
635647.050633462,635707.050633462,650,215,141.428579724615,0,0
635707.050633462,635767.050633462,650,215,147.428579724615,0,0
635767.050633462,635827.050633462,650,215,153.428579724615,0,0
635827.050633462,635887.050633462,650,215,159.428579724615,0,0
635887.050633462,635947.050633462,650,215,165.428579724615,0,0
635947.050633462,636007.050633462,650,215,171.428579724615,0,0
636007.050633462,636067.050633462,650,215,177.428579724615,0,0
636067.050633462,636127.050633462,650,215,183.428579724615,0,0
636127.050633462,636187.050633462,650,215,189.428579724615,0,0
636187.050633462,636247.050633462,650,215,195.428579724615,0,0
636247.050633462,636307.050633462,650,215,201.428579724615,0,0
636307.050633462,636367.050633462,650,215,207.428579724615,0,0
636367.050633462,636427.050633462,650,215,213.428579724615,0,0
636427.050633462,636487.050633462,650,215,219.428579724615,0,0
636487.050633462,636547.050633462,650,215,225.428579724615,0,0
636547.050633462,636607.050633462,650,215,231.428579724615,0,0
636607.050633462,636667.050633462,650,215,237.428579724615,0,0
636667.050633462,636727.050633462,650,215,243.428579724615,0,0
636727.050633462,636787.050633462,650,215,249.428579724615,0,0
636787.050633462,636847.050633462,650,215,255.428579724615,0,0
636847.050633462,636907.050633462,650,215,261.428579724615,0,0
636907.050633462,636967.050633462,650,215,267.428579724615,0,0
636967.050633462,637027.050633462,650,215,273.428579724615,0,0
637027.050633462,637028.202466643,650,215,273.54376304266,0,0
637028.202466643,637088.202466643,650,215,279.54376304266,0,0
637088.202466643,637148.202466643,650,215,285.54376304266,0,0
637148.202466643,637208.202466643,650,215,291.54376304266,0,0
637208.202466643,637268.202466643,650,215,297.54376304266,0,0
637268.202466643,637328.202466643,650,215,300,0,0
637328.202466643,637388.202466643,650,215,300,0,0
637388.202466643,637448.202466643,650,215,300,0,0
637448.202466643,637508.202466643,650,215,300,0,0
637508.202466643,637568.202466643,650,215,300,0,0
637568.202466643,637628.202466643,650,215,300,0,0
637628.202466643,637688.202466643,650,215,300,0,0
637688.202466643,637748.202466643,650,215,300,0,0
637748.202466643,637808.202466643,650,215,300,0,0
637808.202466643,637868.202466643,650,215,300,0,0
637868.202466643,637928.202466643,650,215,300,0,0
637928.202466643,637988.202466643,650,215,300,0,0
637988.202466643,638048.202466643,650,215,300,0,0
638048.202466643,638108.202466643,650,215,300,0,0
638108.202466643,638168.202466643,650,215,300,0,0
638168.202466643,638228.202466643,650,215,300,0,0
638228.202466643,638288.202466643,650,215,300,0,0
638288.202466643,638348.202466643,650,215,300,0,0
638348.202466643,638408.202466643,650,215,300,0,0
638408.202466643,638468.202466643,650,215,300,0,0
638468.202466643,638528.202466643,650,215,300,0,0
638528.202466643,638588.202466643,650,215,300,0,0
638588.202466643,638648.202466643,650,215,300,0,0
638648.202466643,638708.202466643,650,215,300,0,0
638708.202466643,638768.202466643,650,215,300,0,0
638768.202466643,638828.202466643,650,215,300,0,0
638828.202466643,638829.354299823,650,215,300,0,0
638829.354299823,638889.354299823,0,215,296.018518518519,0,0
638889.354299823,638949.354299823,0,215,292.037037037037,0,0
638949.354299823,639009.354299823,0,215,288.055555555556,0,0
639009.354299823,639069.354299823,0,215,284.074074074074,0,0
639069.354299823,639129.354299823,0,215,280.092592592593,0,0
639129.354299823,639189.354299823,0,215,276.111111111111,0,0
639189.354299823,639249.354299823,0,215,272.12962962963,0,0
639249.354299823,639309.354299823,0,215,268.148148148148,0,0
639309.354299823,639369.354299823,0,215,264.166666666667,0,0
639369.354299823,639429.354299823,0,215,260.185185185185,0,0
639429.354299823,639489.354299823,0,215,256.203703703704,0,0
639489.354299823,639549.354299823,0,215,252.222222222222,0,0
639549.354299823,639609.354299823,0,215,248.240740740741,0,0
639609.354299823,639669.354299823,0,215,244.259259259259,0,0
639669.354299823,639729.354299823,0,215,240.277777777778,0,0
639729.354299823,639789.354299823,0,215,236.296296296296,0,0
639789.354299823,639849.354299823,0,215,232.314814814815,0,0
639849.354299823,639897.69887415,0,215,229.106764357931,0,0
639897.69887415,639957.69887415,0,215,225.125282876449,0,0
639957.69887415,640017.69887415,0,215,221.143801394968,0,0
640017.69887415,640077.69887415,0,215,217.162319913486,0,0
640077.69887415,640137.69887415,0,215,213.180838432005,0,0
640137.69887415,640197.69887415,0,215,209.199356950523,0,0
640197.69887415,640257.69887415,0,215,205.217875469042,0,0
640257.69887415,640317.69887415,0,215,201.23639398756,0,0
640317.69887415,640377.69887415,0,215,197.254912506079,0,0
640377.69887415,640437.69887415,0,215,193.273431024597,0,0
640437.69887415,640497.69887415,0,215,189.291949543116,0,0
640497.69887415,640557.69887415,0,215,185.310468061634,0,0
640557.69887415,640617.69887415,0,215,181.328986580153,0,0
640617.69887415,640677.69887415,0,215,177.347505098671,0,0
640677.69887415,640737.69887415,0,215,173.36602361719,0,0
640737.69887415,640797.69887415,0,215,169.384542135708,0,0
640797.69887415,640857.69887415,0,215,165.403060654227,0,0
640857.69887415,640917.69887415,0,215,161.421579172745,0,0
640917.69887415,640966.043448477,0,215,158.213528715869,0,0
640966.043448477,641026.043448477,650,215,164.213528715869,0,0
641026.043448477,641086.043448477,650,215,170.213528715869,0,0
641086.043448477,641146.043448477,650,215,176.213528715869,0,0
641146.043448477,641206.043448477,650,215,182.213528715869,0,0
641206.043448477,641266.043448477,650,215,188.213528715869,0,0
641266.043448477,641326.043448477,650,215,194.213528715869,0,0
641326.043448477,641386.043448477,650,215,200.213528715869,0,0
641386.043448477,641446.043448477,650,215,206.213528715869,0,0
641446.043448477,641506.043448477,650,215,212.213528715869,0,0
641506.043448477,641566.043448477,650,215,218.213528715869,0,0
641566.043448477,641626.043448477,650,215,224.213528715869,0,0
641626.043448477,641686.043448477,650,215,230.213528715869,0,0
641686.043448477,641746.043448477,650,215,236.213528715869,0,0
641746.043448477,641806.043448477,650,215,242.213528715869,0,0
641806.043448477,641866.043448477,650,215,248.213528715869,0,0
641866.043448477,641926.043448477,650,215,254.213528715869,0,0
641926.043448477,641986.043448477,650,215,260.213528715869,0,0
641986.043448477,642046.043448477,650,215,266.213528715869,0,0
642046.043448477,642106.043448477,650,215,272.213528715869,0,0
642106.043448477,642166.043448477,650,215,278.213528715869,0,0
642166.043448477,642226.043448477,650,215,284.213528715869,0,0
642226.043448477,642286.043448477,650,215,290.213528715869,0,0
642286.043448477,642346.043448477,650,215,296.213528715869,0,0
642346.043448477,642406.043448477,650,215,300,0,0
642406.043448477,642466.043448477,650,215,300,0,0
642466.043448477,642526.043448477,650,215,300,0,0
642526.043448477,642586.043448477,650,215,300,0,0
642586.043448477,642646.043448477,650,215,300,0,0
642646.043448477,642706.043448477,650,215,300,0,0
642706.043448477,642766.043448477,650,215,300,0,0
642766.043448477,642767.195281657,650,215,300,0,0
642767.195281657,642827.195281657,650,215,300,0,0
642827.195281657,642887.195281657,650,215,300,0,0
642887.195281657,642947.195281657,650,215,300,0,0
642947.195281657,643007.195281657,650,215,300,0,0
643007.195281657,643067.195281657,650,215,300,0,0
643067.195281657,643127.195281657,650,215,300,0,0
643127.195281657,643187.195281657,650,215,300,0,0
643187.195281657,643247.195281657,650,215,300,0,0
643247.195281657,643307.195281657,650,215,300,0,0
643307.195281657,643367.195281657,650,215,300,0,0
643367.195281657,643427.195281657,650,215,300,0,0
643427.195281657,643487.195281657,650,215,300,0,0
643487.195281657,643547.195281657,650,215,300,0,0
643547.195281657,643607.195281657,650,215,300,0,0
643607.195281657,643667.195281657,650,215,300,0,0
643667.195281657,643727.195281657,650,215,300,0,0
643727.195281657,643787.195281657,650,215,300,0,0
643787.195281657,643847.195281657,650,215,300,0,0
643847.195281657,643907.195281657,650,215,300,0,0
643907.195281657,643967.195281657,650,215,300,0,0
643967.195281657,644027.195281657,650,215,300,0,0
644027.195281657,644087.195281657,650,215,300,0,0
644087.195281657,644147.195281657,650,215,300,0,0
644147.195281657,644207.195281657,650,215,300,0,0
644207.195281657,644267.195281657,650,215,300,0,0
644267.195281657,644327.195281657,650,215,300,0,0
644327.195281657,644387.195281657,650,215,300,0,0
644387.195281657,644447.195281657,650,215,300,0,0
644447.195281657,644507.195281657,650,215,300,0,0
644507.195281657,644567.195281657,650,215,300,0,0
644567.195281657,644568.347114838,650,215,300,0,0
644568.347114838,644628.347114838,0,215,296.018518518519,0,0
644628.347114838,644688.347114838,0,215,292.037037037037,0,0
644688.347114838,644748.347114838,0,215,288.055555555556,0,0
644748.347114838,644808.347114838,0,215,284.074074074074,0,0
644808.347114838,644868.347114838,0,215,280.092592592593,0,0
644868.347114838,644928.347114838,0,215,276.111111111111,0,0
644928.347114838,644988.347114838,0,215,272.12962962963,0,0
644988.347114838,645048.347114838,0,215,268.148148148148,0,0
645048.347114838,645108.347114838,0,215,264.166666666667,0,0
645108.347114838,645168.347114838,0,215,260.185185185185,0,0
645168.347114838,645228.347114838,0,215,256.203703703704,0,0
645228.347114838,645288.347114838,0,215,252.222222222222,0,0
645288.347114838,645348.347114838,0,215,248.240740740741,0,0
645348.347114838,645408.347114838,0,215,244.259259259259,0,0
645408.347114838,645468.347114838,0,215,240.277777777778,0,0
645468.347114838,645528.347114838,0,215,236.296296296296,0,0
645528.347114838,645588.347114838,0,215,232.314814814815,0,0
645588.347114838,645636.691689165,0,215,229.106764357931,0,0
645636.691689165,645696.691689165,0,215,225.125282876449,0,0
645696.691689165,645756.691689165,0,215,221.143801394968,0,0
645756.691689165,645816.691689165,0,215,217.162319913486,0,0
645816.691689165,645876.691689165,0,215,213.180838432005,0,0
645876.691689165,645936.691689165,0,215,209.199356950523,0,0
645936.691689165,645996.691689165,0,215,205.217875469042,0,0
645996.691689165,646056.691689165,0,215,201.23639398756,0,0
646056.691689165,646116.691689165,0,215,197.254912506079,0,0
646116.691689165,646176.691689165,0,215,193.273431024597,0,0
646176.691689165,646236.691689165,0,215,189.291949543116,0,0
646236.691689165,646296.691689165,0,215,185.310468061634,0,0
646296.691689165,646356.691689165,0,215,181.328986580153,0,0
646356.691689165,646416.691689165,0,215,177.347505098671,0,0
646416.691689165,646476.691689165,0,215,173.36602361719,0,0
646476.691689165,646536.691689165,0,215,169.384542135708,0,0
646536.691689165,646596.691689165,0,215,165.403060654227,0,0
646596.691689165,646656.691689165,0,215,161.421579172745,0,0
646656.691689165,646705.036263492,0,215,158.213528715869,0,0
646705.036263492,646765.036263492,650,215,164.213528715869,0,0
646765.036263492,646825.036263492,650,215,170.213528715869,0,0
646825.036263492,646885.036263492,650,215,176.213528715869,0,0
646885.036263492,646945.036263492,650,215,182.213528715869,0,0
646945.036263492,647005.036263492,650,215,188.213528715869,0,0
647005.036263492,647065.036263492,650,215,194.213528715869,0,0
647065.036263492,647125.036263492,650,215,200.213528715869,0,0
647125.036263492,647185.036263492,650,215,206.213528715869,0,0
647185.036263492,647245.036263492,650,215,212.213528715869,0,0
647245.036263492,647305.036263492,650,215,218.213528715869,0,0
647305.036263492,647365.036263492,650,215,224.213528715869,0,0
647365.036263492,647425.036263492,650,215,230.213528715869,0,0
647425.036263492,647485.036263492,650,215,236.213528715869,0,0
647485.036263492,647545.036263492,650,215,242.213528715869,0,0
647545.036263492,647605.036263492,650,215,248.213528715869,0,0
647605.036263492,647665.036263492,650,215,254.213528715869,0,0
647665.036263492,647725.036263492,650,215,260.213528715869,0,0
647725.036263492,647785.036263492,650,215,266.213528715869,0,0
647785.036263492,647845.036263492,650,215,272.213528715869,0,0
647845.036263492,647905.036263492,650,215,278.213528715869,0,0
647905.036263492,647965.036263492,650,215,284.213528715869,0,0
647965.036263492,648025.036263492,650,215,290.213528715869,0,0
648025.036263492,648085.036263492,650,215,296.213528715869,0,0
648085.036263492,648145.036263492,650,215,300,0,0
648145.036263492,648205.036263492,650,215,300,0,0
648205.036263492,648265.036263492,650,215,300,0,0
648265.036263492,648325.036263492,650,215,300,0,0
648325.036263492,648385.036263492,650,215,300,0,0
648385.036263492,648445.036263492,650,215,300,0,0
648445.036263492,648505.036263492,650,215,300,0,0
648505.036263492,648506.188096672,650,215,300,0,0
648506.188096672,648566.188096672,650,215,300,0,0
648566.188096672,648626.188096672,650,215,300,0,0
648626.188096672,648686.188096672,650,215,300,0,0
648686.188096672,648746.188096672,650,215,300,0,0
648746.188096672,648806.188096672,650,215,300,0,0
648806.188096672,648866.188096672,650,215,300,0,0
648866.188096672,648926.188096672,650,215,300,0,0
648926.188096672,648986.188096672,650,215,300,0,0
648986.188096672,649046.188096672,650,215,300,0,0
649046.188096672,649106.188096672,650,215,300,0,0
649106.188096672,649166.188096672,650,215,300,0,0
649166.188096672,649226.188096672,650,215,300,0,0
649226.188096672,649286.188096672,650,215,300,0,0
649286.188096672,649346.188096672,650,215,300,0,0
649346.188096672,649406.188096672,650,215,300,0,0
649406.188096672,649466.188096672,650,215,300,0,0
649466.188096672,649526.188096672,650,215,300,0,0
649526.188096672,649586.188096672,650,215,300,0,0
649586.188096672,649646.188096672,650,215,300,0,0
649646.188096672,649706.188096672,650,215,300,0,0
649706.188096672,649766.188096672,650,215,300,0,0
649766.188096672,649826.188096672,650,215,300,0,0
649826.188096672,649886.188096672,650,215,300,0,0
649886.188096672,649946.188096672,650,215,300,0,0
649946.188096672,650006.188096672,650,215,300,0,0
650006.188096672,650066.188096672,650,215,300,0,0
650066.188096672,650126.188096672,650,215,300,0,0
650126.188096672,650186.188096672,650,215,300,0,0
650186.188096672,650246.188096672,650,215,300,0,0
650246.188096672,650306.188096672,650,215,300,0,0
650306.188096672,650307.339929853,650,215,300,0,0
650307.339929853,650367.339929853,0,215,296.018518518519,0,0
650367.339929853,650427.339929853,0,215,292.037037037037,0,0
650427.339929853,650487.339929853,0,215,288.055555555556,0,0
650487.339929853,650547.339929853,0,215,284.074074074074,0,0
650547.339929853,650607.339929853,0,215,280.092592592593,0,0
650607.339929853,650667.339929853,0,215,276.111111111111,0,0
650667.339929853,650727.339929853,0,215,272.12962962963,0,0
650727.339929853,650787.339929853,0,215,268.148148148148,0,0
650787.339929853,650847.339929853,0,215,264.166666666667,0,0
650847.339929853,650907.339929853,0,215,260.185185185185,0,0
650907.339929853,650967.339929853,0,215,256.203703703704,0,0
650967.339929853,651027.339929853,0,215,252.222222222222,0,0
651027.339929853,651087.339929853,0,215,248.240740740741,0,0
651087.339929853,651147.339929853,0,215,244.259259259259,0,0
651147.339929853,651207.339929853,0,215,240.277777777778,0,0
651207.339929853,651267.339929853,0,215,236.296296296296,0,0
651267.339929853,651327.339929853,0,215,232.314814814815,0,0
651327.339929853,651375.68450418,0,215,229.106764357931,0,0
651375.68450418,651435.68450418,0,215,225.125282876449,0,0
651435.68450418,651495.68450418,0,215,221.143801394968,0,0
651495.68450418,651555.68450418,0,215,217.162319913486,0,0
651555.68450418,651615.68450418,0,215,213.180838432005,0,0
651615.68450418,651675.68450418,0,215,209.199356950523,0,0
651675.68450418,651735.68450418,0,215,205.217875469042,0,0
651735.68450418,651795.68450418,0,215,201.23639398756,0,0
651795.68450418,651855.68450418,0,215,197.254912506079,0,0
651855.68450418,651915.68450418,0,215,193.273431024597,0,0
651915.68450418,651975.68450418,0,215,189.291949543116,0,0
651975.68450418,652035.68450418,0,215,185.310468061634,0,0
652035.68450418,652095.68450418,0,215,181.328986580153,0,0
652095.68450418,652155.68450418,0,215,177.347505098671,0,0
652155.68450418,652215.68450418,0,215,173.36602361719,0,0
652215.68450418,652275.68450418,0,215,169.384542135708,0,0
652275.68450418,652335.68450418,0,215,165.403060654227,0,0
652335.68450418,652395.68450418,0,215,161.421579172745,0,0
652395.68450418,652444.029078507,0,215,158.213528715869,0,0
652444.029078507,652504.029078507,650,215,164.213528715869,0,0
652504.029078507,652564.029078507,650,215,170.213528715869,0,0
652564.029078507,652624.029078507,650,215,176.213528715869,0,0
652624.029078507,652684.029078507,650,215,182.213528715869,0,0
652684.029078507,652744.029078507,650,215,188.213528715869,0,0
652744.029078507,652804.029078507,650,215,194.213528715869,0,0
652804.029078507,652864.029078507,650,215,200.213528715869,0,0
652864.029078507,652924.029078507,650,215,206.213528715869,0,0
652924.029078507,652984.029078507,650,215,212.213528715869,0,0
652984.029078507,653044.029078507,650,215,218.213528715869,0,0
653044.029078507,653104.029078507,650,215,224.213528715869,0,0
653104.029078507,653164.029078507,650,215,230.213528715869,0,0
653164.029078507,653224.029078507,650,215,236.213528715869,0,0
653224.029078507,653284.029078507,650,215,242.213528715869,0,0
653284.029078507,653344.029078507,650,215,248.213528715869,0,0
653344.029078507,653404.029078507,650,215,254.213528715869,0,0
653404.029078507,653464.029078507,650,215,260.213528715869,0,0
653464.029078507,653524.029078507,650,215,266.213528715869,0,0
653524.029078507,653584.029078507,650,215,272.213528715869,0,0
653584.029078507,653644.029078507,650,215,278.213528715869,0,0
653644.029078507,653704.029078507,650,215,284.213528715869,0,0
653704.029078507,653764.029078507,650,215,290.213528715869,0,0
653764.029078507,653824.029078507,650,215,296.213528715869,0,0
653824.029078507,653884.029078507,650,215,300,0,0
653884.029078507,653944.029078507,650,215,300,0,0
653944.029078507,654004.029078507,650,215,300,0,0
654004.029078507,654064.029078507,650,215,300,0,0
654064.029078507,654124.029078507,650,215,300,0,0
654124.029078507,654184.029078507,650,215,300,0,0
654184.029078507,654244.029078507,650,215,300,0,0
654244.029078507,654245.180911687,650,215,300,0,0
654245.180911687,654305.180911687,650,215,300,0,0
654305.180911687,654365.180911687,650,215,300,0,0
654365.180911687,654425.180911687,650,215,300,0,0
654425.180911687,654485.180911687,650,215,300,0,0
654485.180911687,654545.180911687,650,215,300,0,0
654545.180911687,654605.180911687,650,215,300,0,0
654605.180911687,654665.180911687,650,215,300,0,0
654665.180911687,654725.180911687,650,215,300,0,0
654725.180911687,654785.180911687,650,215,300,0,0
654785.180911687,654845.180911687,650,215,300,0,0
654845.180911687,654905.180911687,650,215,300,0,0
654905.180911687,654965.180911687,650,215,300,0,0
654965.180911687,655025.180911687,650,215,300,0,0
655025.180911687,655085.180911687,650,215,300,0,0
655085.180911687,655145.180911687,650,215,300,0,0
655145.180911687,655205.180911687,650,215,300,0,0
655205.180911687,655265.180911687,650,215,300,0,0
655265.180911687,655325.180911687,650,215,300,0,0
655325.180911687,655385.180911687,650,215,300,0,0
655385.180911687,655445.180911687,650,215,300,0,0
655445.180911687,655505.180911687,650,215,300,0,0
655505.180911687,655565.180911687,650,215,300,0,0
655565.180911687,655625.180911687,650,215,300,0,0
655625.180911687,655685.180911687,650,215,300,0,0
655685.180911687,655745.180911687,650,215,300,0,0
655745.180911687,655805.180911687,650,215,300,0,0
655805.180911687,655865.180911687,650,215,300,0,0
655865.180911687,655925.180911687,650,215,300,0,0
655925.180911687,655985.180911687,650,215,300,0,0
655985.180911687,656045.180911687,650,215,300,0,0
656045.180911687,656046.332744867,650,215,300,0,0
656046.332744867,656106.332744867,0,215,296.018518518519,0,0
656106.332744867,656166.332744867,0,215,292.037037037037,0,0
656166.332744867,656226.332744867,0,215,288.055555555556,0,0
656226.332744867,656286.332744867,0,215,284.074074074074,0,0
656286.332744867,656346.332744867,0,215,280.092592592593,0,0
656346.332744867,656406.332744867,0,215,276.111111111111,0,0
656406.332744867,656466.332744867,0,215,272.12962962963,0,0
656466.332744867,656526.332744867,0,215,268.148148148148,0,0
656526.332744867,656586.332744867,0,215,264.166666666667,0,0
656586.332744867,656646.332744867,0,215,260.185185185185,0,0
656646.332744867,656706.332744867,0,215,256.203703703704,0,0
656706.332744867,656766.332744867,0,215,252.222222222222,0,0
656766.332744867,656826.332744867,0,215,248.240740740741,0,0
656826.332744867,656886.332744867,0,215,244.259259259259,0,0
656886.332744867,656946.332744867,0,215,240.277777777778,0,0
656946.332744867,657006.332744867,0,215,236.296296296296,0,0
657006.332744867,657066.332744867,0,215,232.314814814815,0,0
657066.332744867,657114.677319194,0,215,229.106764357931,0,0
657114.677319194,657174.677319194,0,215,225.125282876449,0,0
657174.677319194,657234.677319194,0,215,221.143801394968,0,0
657234.677319194,657294.677319194,0,215,217.162319913486,0,0
657294.677319194,657354.677319194,0,215,213.180838432005,0,0
657354.677319194,657414.677319194,0,215,209.199356950523,0,0
657414.677319194,657474.677319194,0,215,205.217875469042,0,0
657474.677319194,657534.677319194,0,215,201.23639398756,0,0
657534.677319194,657594.677319194,0,215,197.254912506079,0,0
657594.677319194,657654.677319194,0,215,193.273431024597,0,0
657654.677319194,657714.677319194,0,215,189.291949543116,0,0
657714.677319194,657774.677319194,0,215,185.310468061634,0,0
657774.677319194,657834.677319194,0,215,181.328986580153,0,0
657834.677319194,657894.677319194,0,215,177.347505098671,0,0
657894.677319194,657954.677319194,0,215,173.36602361719,0,0
657954.677319194,658014.677319194,0,215,169.384542135708,0,0
658014.677319194,658074.677319194,0,215,165.403060654227,0,0
658074.677319194,658134.677319194,0,215,161.421579172745,0,0
658134.677319194,658183.021893521,0,215,158.213528715869,0,0
658183.021893521,658243.021893521,650,215,164.213528715869,0,0
658243.021893521,658303.021893521,650,215,170.213528715869,0,0
658303.021893521,658363.021893521,650,215,176.213528715869,0,0
658363.021893521,658423.021893521,650,215,182.213528715869,0,0
658423.021893521,658483.021893521,650,215,188.213528715869,0,0
658483.021893521,658543.021893521,650,215,194.213528715869,0,0
658543.021893521,658603.021893521,650,215,200.213528715869,0,0
658603.021893521,658663.021893521,650,215,206.213528715869,0,0
658663.021893521,658723.021893521,650,215,212.213528715869,0,0
658723.021893521,658783.021893521,650,215,218.213528715869,0,0
658783.021893521,658843.021893521,650,215,224.213528715869,0,0
658843.021893521,658903.021893521,650,215,230.213528715869,0,0
658903.021893521,658963.021893521,650,215,236.213528715869,0,0
658963.021893521,659023.021893521,650,215,242.213528715869,0,0
659023.021893521,659083.021893521,650,215,248.213528715869,0,0
659083.021893521,659143.021893521,650,215,254.213528715869,0,0
659143.021893521,659203.021893521,650,215,260.213528715869,0,0
659203.021893521,659263.021893521,650,215,266.213528715869,0,0
659263.021893521,659323.021893521,650,215,272.213528715869,0,0
659323.021893521,659383.021893521,650,215,278.213528715869,0,0
659383.021893521,659443.021893521,650,215,284.213528715869,0,0
659443.021893521,659503.021893521,650,215,290.213528715869,0,0
659503.021893521,659563.021893521,650,215,296.213528715869,0,0
659563.021893521,659623.021893521,650,215,300,0,0
659623.021893521,659683.021893521,650,215,300,0,0
659683.021893521,659743.021893521,650,215,300,0,0
659743.021893521,659803.021893521,650,215,300,0,0
659803.021893521,659863.021893521,650,215,300,0,0
659863.021893521,659923.021893521,650,215,300,0,0
659923.021893521,659983.021893521,650,215,300,0,0
659983.021893521,659984.173726702,650,215,300,0,0
659984.173726702,660044.173726702,650,215,300,0,0
660044.173726702,660104.173726702,650,215,300,0,0
660104.173726702,660164.173726702,650,215,300,0,0
660164.173726702,660224.173726702,650,215,300,0,0
660224.173726702,660284.173726702,650,215,300,0,0
660284.173726702,660344.173726702,650,215,300,0,0
660344.173726702,660404.173726702,650,215,300,0,0
660404.173726702,660464.173726702,650,215,300,0,0
660464.173726702,660524.173726702,650,215,300,0,0
660524.173726702,660584.173726702,650,215,300,0,0
660584.173726702,660644.173726702,650,215,300,0,0
660644.173726702,660704.173726702,650,215,300,0,0
660704.173726702,660764.173726702,650,215,300,0,0
660764.173726702,660824.173726702,650,215,300,0,0
660824.173726702,660884.173726702,650,215,300,0,0
660884.173726702,660944.173726702,650,215,300,0,0
660944.173726702,661004.173726702,650,215,300,0,0
661004.173726702,661064.173726702,650,215,300,0,0
661064.173726702,661124.173726702,650,215,300,0,0
661124.173726702,661184.173726702,650,215,300,0,0
661184.173726702,661244.173726702,650,215,300,0,0
661244.173726702,661304.173726702,650,215,300,0,0
661304.173726702,661364.173726702,650,215,300,0,0
661364.173726702,661424.173726702,650,215,300,0,0
661424.173726702,661484.173726702,650,215,300,0,0
661484.173726702,661544.173726702,650,215,300,0,0
661544.173726702,661604.173726702,650,215,300,0,0
661604.173726702,661664.173726702,650,215,300,0,0
661664.173726702,661724.173726702,650,215,300,0,0
661724.173726702,661784.173726702,650,215,300,0,0
661784.173726702,661785.325559882,650,215,300,0,0
661785.325559882,661845.325559882,0,215,296.018518518519,0,0
661845.325559882,661905.325559882,0,215,292.037037037037,0,0
661905.325559882,661965.325559882,0,215,288.055555555556,0,0
661965.325559882,662025.325559882,0,215,284.074074074074,0,0
662025.325559882,662085.325559882,0,215,280.092592592593,0,0
662085.325559882,662145.325559882,0,215,276.111111111111,0,0
662145.325559882,662205.325559882,0,215,272.12962962963,0,0
662205.325559882,662265.325559882,0,215,268.148148148148,0,0
662265.325559882,662325.325559882,0,215,264.166666666667,0,0
662325.325559882,662385.325559882,0,215,260.185185185185,0,0
662385.325559882,662445.325559882,0,215,256.203703703704,0,0
662445.325559882,662505.325559882,0,215,252.222222222222,0,0
662505.325559882,662565.325559882,0,215,248.240740740741,0,0
662565.325559882,662625.325559882,0,215,244.259259259259,0,0
662625.325559882,662685.325559882,0,215,240.277777777778,0,0
662685.325559882,662745.325559882,0,215,236.296296296296,0,0
662745.325559882,662805.325559882,0,215,232.314814814815,0,0
662805.325559882,662853.670134209,0,215,229.106764357931,0,0
662853.670134209,662913.670134209,0,215,225.125282876449,0,0
662913.670134209,662973.670134209,0,215,221.143801394968,0,0
662973.670134209,663033.670134209,0,215,217.162319913486,0,0
663033.670134209,663093.670134209,0,215,213.180838432005,0,0
663093.670134209,663153.670134209,0,215,209.199356950523,0,0
663153.670134209,663213.670134209,0,215,205.217875469042,0,0
663213.670134209,663273.670134209,0,215,201.23639398756,0,0
663273.670134209,663333.670134209,0,215,197.254912506079,0,0
663333.670134209,663393.670134209,0,215,193.273431024597,0,0
663393.670134209,663453.670134209,0,215,189.291949543116,0,0
663453.670134209,663513.670134209,0,215,185.310468061634,0,0
663513.670134209,663573.670134209,0,215,181.328986580153,0,0
663573.670134209,663633.670134209,0,215,177.347505098671,0,0
663633.670134209,663693.670134209,0,215,173.36602361719,0,0
663693.670134209,663753.670134209,0,215,169.384542135708,0,0
663753.670134209,663813.670134209,0,215,165.403060654227,0,0
663813.670134209,663873.670134209,0,215,161.421579172745,0,0
663873.670134209,663922.014708536,0,215,158.213528715869,0,0
663922.014708536,663982.014708536,650,215,164.213528715869,0,0
663982.014708536,664042.014708536,650,215,170.213528715869,0,0
664042.014708536,664102.014708536,650,215,176.213528715869,0,0
664102.014708536,664162.014708536,650,215,182.213528715869,0,0
664162.014708536,664222.014708536,650,215,188.213528715869,0,0
664222.014708536,664282.014708536,650,215,194.213528715869,0,0
664282.014708536,664342.014708536,650,215,200.213528715869,0,0
664342.014708536,664402.014708536,650,215,206.213528715869,0,0
664402.014708536,664462.014708536,650,215,212.213528715869,0,0
664462.014708536,664522.014708536,650,215,218.213528715869,0,0
664522.014708536,664582.014708536,650,215,224.213528715869,0,0
664582.014708536,664642.014708536,650,215,230.213528715869,0,0
664642.014708536,664702.014708536,650,215,236.213528715869,0,0
664702.014708536,664762.014708536,650,215,242.213528715869,0,0
664762.014708536,664822.014708536,650,215,248.213528715869,0,0
664822.014708536,664882.014708536,650,215,254.213528715869,0,0
664882.014708536,664942.014708536,650,215,260.213528715869,0,0
664942.014708536,665002.014708536,650,215,266.213528715869,0,0
665002.014708536,665062.014708536,650,215,272.213528715869,0,0
665062.014708536,665122.014708536,650,215,278.213528715869,0,0
665122.014708536,665182.014708536,650,215,284.213528715869,0,0
665182.014708536,665242.014708536,650,215,290.213528715869,0,0
665242.014708536,665302.014708536,650,215,296.213528715869,0,0
665302.014708536,665362.014708536,650,215,300,0,0
665362.014708536,665422.014708536,650,215,300,0,0
665422.014708536,665482.014708536,650,215,300,0,0
665482.014708536,665542.014708536,650,215,300,0,0
665542.014708536,665602.014708536,650,215,300,0,0
665602.014708536,665662.014708536,650,215,300,0,0
665662.014708536,665722.014708536,650,215,300,0,0
665722.014708536,665723.166541717,650,215,300,0,0
665723.166541717,665783.166541717,650,215,300,0,0
665783.166541717,665843.166541717,650,215,300,0,0
665843.166541717,665903.166541717,650,215,300,0,0
665903.166541717,665963.166541717,650,215,300,0,0
665963.166541717,666023.166541717,650,215,300,0,0
666023.166541717,666083.166541717,650,215,300,0,0
666083.166541717,666143.166541717,650,215,300,0,0
666143.166541717,666203.166541717,650,215,300,0,0
666203.166541717,666263.166541717,650,215,300,0,0
666263.166541717,666323.166541717,650,215,300,0,0
666323.166541717,666383.166541717,650,215,300,0,0
666383.166541717,666443.166541717,650,215,300,0,0
666443.166541717,666503.166541717,650,215,300,0,0
666503.166541717,666563.166541717,650,215,300,0,0
666563.166541717,666623.166541717,650,215,300,0,0
666623.166541717,666683.166541717,650,215,300,0,0
666683.166541717,666743.166541717,650,215,300,0,0
666743.166541717,666803.166541717,650,215,300,0,0
666803.166541717,666863.166541717,650,215,300,0,0
666863.166541717,666923.166541717,650,215,300,0,0
666923.166541717,666983.166541717,650,215,300,0,0
666983.166541717,667043.166541717,650,215,300,0,0
667043.166541717,667103.166541717,650,215,300,0,0
667103.166541717,667163.166541717,650,215,300,0,0
667163.166541717,667223.166541717,650,215,300,0,0
667223.166541717,667283.166541717,650,215,300,0,0
667283.166541717,667343.166541717,650,215,300,0,0
667343.166541717,667403.166541717,650,215,300,0,0
667403.166541717,667463.166541717,650,215,300,0,0
667463.166541717,667523.166541717,650,215,300,0,0
667523.166541717,667524.318374897,650,215,300,0,0
667524.318374897,667584.318374897,0,215,296.018518518519,0,0
667584.318374897,667644.318374897,0,215,292.037037037037,0,0
667644.318374897,667704.318374897,0,215,288.055555555556,0,0
667704.318374897,667764.318374897,0,215,284.074074074074,0,0
667764.318374897,667824.318374897,0,215,280.092592592593,0,0
667824.318374897,667884.318374897,0,215,276.111111111111,0,0
667884.318374897,667944.318374897,0,215,272.12962962963,0,0
667944.318374897,668004.318374897,0,215,268.148148148148,0,0
668004.318374897,668064.318374897,0,215,264.166666666667,0,0
668064.318374897,668124.318374897,0,215,260.185185185185,0,0
668124.318374897,668184.318374897,0,215,256.203703703704,0,0
668184.318374897,668244.318374897,0,215,252.222222222222,0,0
668244.318374897,668304.318374897,0,215,248.240740740741,0,0
668304.318374897,668364.318374897,0,215,244.259259259259,0,0
668364.318374897,668424.318374897,0,215,240.277777777778,0,0
668424.318374897,668484.318374897,0,215,236.296296296296,0,0
668484.318374897,668544.318374897,0,215,232.314814814815,0,0
668544.318374897,668592.662949224,0,215,229.106764357931,0,0
668592.662949224,668652.662949224,0,215,225.125282876449,0,0
668652.662949224,668712.662949224,0,215,221.143801394968,0,0
668712.662949224,668772.662949224,0,215,217.162319913486,0,0
668772.662949224,668832.662949224,0,215,213.180838432005,0,0
668832.662949224,668892.662949224,0,215,209.199356950523,0,0
668892.662949224,668952.662949224,0,215,205.217875469042,0,0
668952.662949224,669012.662949224,0,215,201.23639398756,0,0
669012.662949224,669072.662949224,0,215,197.254912506079,0,0
669072.662949224,669132.662949224,0,215,193.273431024597,0,0
669132.662949224,669192.662949224,0,215,189.291949543116,0,0
669192.662949224,669252.662949224,0,215,185.310468061634,0,0
669252.662949224,669312.662949224,0,215,181.328986580153,0,0
669312.662949224,669372.662949224,0,215,177.347505098671,0,0
669372.662949224,669432.662949224,0,215,173.36602361719,0,0
669432.662949224,669492.662949224,0,215,169.384542135708,0,0
669492.662949224,669552.662949224,0,215,165.403060654227,0,0
669552.662949224,669612.662949224,0,215,161.421579172745,0,0
669612.662949224,669661.007523551,0,215,158.213528715869,0,0
669661.007523551,669721.007523551,650,215,164.213528715869,0,0
669721.007523551,669781.007523551,650,215,170.213528715869,0,0
669781.007523551,669841.007523551,650,215,176.213528715869,0,0
669841.007523551,669901.007523551,650,215,182.213528715869,0,0
669901.007523551,669961.007523551,650,215,188.213528715869,0,0
669961.007523551,670021.007523551,650,215,194.213528715869,0,0
670021.007523551,670081.007523551,650,215,200.213528715869,0,0
670081.007523551,670141.007523551,650,215,206.213528715869,0,0
670141.007523551,670201.007523551,650,215,212.213528715869,0,0
670201.007523551,670261.007523551,650,215,218.213528715869,0,0
670261.007523551,670321.007523551,650,215,224.213528715869,0,0
670321.007523551,670381.007523551,650,215,230.213528715869,0,0
670381.007523551,670441.007523551,650,215,236.213528715869,0,0
670441.007523551,670501.007523551,650,215,242.213528715869,0,0
670501.007523551,670561.007523551,650,215,248.213528715869,0,0
670561.007523551,670621.007523551,650,215,254.213528715869,0,0
670621.007523551,670681.007523551,650,215,260.213528715869,0,0
670681.007523551,670741.007523551,650,215,266.213528715869,0,0
670741.007523551,670801.007523551,650,215,272.213528715869,0,0
670801.007523551,670861.007523551,650,215,278.213528715869,0,0
670861.007523551,670921.007523551,650,215,284.213528715869,0,0
670921.007523551,670981.007523551,650,215,290.213528715869,0,0
670981.007523551,671041.007523551,650,215,296.213528715869,0,0
671041.007523551,671101.007523551,650,215,300,0,0
671101.007523551,671161.007523551,650,215,300,0,0
671161.007523551,671221.007523551,650,215,300,0,0
671221.007523551,671281.007523551,650,215,300,0,0
671281.007523551,671341.007523551,650,215,300,0,0
671341.007523551,671401.007523551,650,215,300,0,0
671401.007523551,671461.007523551,650,215,300,0,0
671461.007523551,671462.159356731,650,215,300,0,0
671462.159356731,671522.159356731,650,215,300,0,0
671522.159356731,671582.159356731,650,215,300,0,0
671582.159356731,671642.159356731,650,215,300,0,0
671642.159356731,671702.159356731,650,215,300,0,0
671702.159356731,671762.159356731,650,215,300,0,0
671762.159356731,671822.159356731,650,215,300,0,0
671822.159356731,671882.159356731,650,215,300,0,0
671882.159356731,671942.159356731,650,215,300,0,0
671942.159356731,672002.159356731,650,215,300,0,0
672002.159356731,672062.159356731,650,215,300,0,0
672062.159356731,672122.159356731,650,215,300,0,0
672122.159356731,672182.159356731,650,215,300,0,0
672182.159356731,672242.159356731,650,215,300,0,0
672242.159356731,672302.159356731,650,215,300,0,0
672302.159356731,672362.159356731,650,215,300,0,0
672362.159356731,672422.159356731,650,215,300,0,0
672422.159356731,672482.159356731,650,215,300,0,0
672482.159356731,672542.159356731,650,215,300,0,0
672542.159356731,672602.159356731,650,215,300,0,0
672602.159356731,672662.159356731,650,215,300,0,0
672662.159356731,672722.159356731,650,215,300,0,0
672722.159356731,672782.159356731,650,215,300,0,0
672782.159356731,672842.159356731,650,215,300,0,0
672842.159356731,672902.159356731,650,215,300,0,0
672902.159356731,672962.159356731,650,215,300,0,0
672962.159356731,673022.159356731,650,215,300,0,0
673022.159356731,673082.159356731,650,215,300,0,0
673082.159356731,673142.159356731,650,215,300,0,0
673142.159356731,673202.159356731,650,215,300,0,0
673202.159356731,673262.159356731,650,215,300,0,0
673262.159356731,673263.311189912,650,215,300,0,0
673263.311189912,673323.311189912,0,215,296.018518518519,0,0
673323.311189912,673383.311189912,0,215,292.037037037037,0,0
673383.311189912,673443.311189912,0,215,288.055555555556,0,0
673443.311189912,673503.311189912,0,215,284.074074074074,0,0
673503.311189912,673563.311189912,0,215,280.092592592593,0,0
673563.311189912,673623.311189912,0,215,276.111111111111,0,0
673623.311189912,673683.311189912,0,215,272.12962962963,0,0
673683.311189912,673743.311189912,0,215,268.148148148148,0,0
673743.311189912,673803.311189912,0,215,264.166666666667,0,0
673803.311189912,673863.311189912,0,215,260.185185185185,0,0
673863.311189912,673923.311189912,0,215,256.203703703704,0,0
673923.311189912,673983.311189912,0,215,252.222222222222,0,0
673983.311189912,674043.311189912,0,215,248.240740740741,0,0
674043.311189912,674103.311189912,0,215,244.259259259259,0,0
674103.311189912,674163.311189912,0,215,240.277777777778,0,0
674163.311189912,674223.311189912,0,215,236.296296296296,0,0
674223.311189912,674283.311189912,0,215,232.314814814815,0,0
674283.311189912,674331.655764239,0,215,229.106764357931,0,0
674331.655764239,674391.655764239,0,215,225.125282876449,0,0
674391.655764239,674451.655764239,0,215,221.143801394968,0,0
674451.655764239,674511.655764239,0,215,217.162319913486,0,0
674511.655764239,674571.655764239,0,215,213.180838432005,0,0
674571.655764239,674631.655764239,0,215,209.199356950523,0,0
674631.655764239,674691.655764239,0,215,205.217875469042,0,0
674691.655764239,674751.655764239,0,215,201.23639398756,0,0
674751.655764239,674811.655764239,0,215,197.254912506079,0,0
674811.655764239,674871.655764239,0,215,193.273431024597,0,0
674871.655764239,674931.655764239,0,215,189.291949543116,0,0
674931.655764239,674991.655764239,0,215,185.310468061634,0,0
674991.655764239,675051.655764239,0,215,181.328986580153,0,0
675051.655764239,675111.655764239,0,215,177.347505098671,0,0
675111.655764239,675171.655764239,0,215,173.36602361719,0,0
675171.655764239,675231.655764239,0,215,169.384542135708,0,0
675231.655764239,675291.655764239,0,215,165.403060654227,0,0
675291.655764239,675351.655764239,0,215,161.421579172745,0,0
675351.655764239,675400.000338566,0,215,158.213528715869,0,0
675400.000338566,675460.000338566,650,215,164.213528715869,0,0
675460.000338566,675520.000338566,650,215,170.213528715869,0,0
675520.000338566,675580.000338566,650,215,176.213528715869,0,0
675580.000338566,675640.000338566,650,215,182.213528715869,0,0
675640.000338566,675700.000338566,650,215,188.213528715869,0,0
675700.000338566,675760.000338566,650,215,194.213528715869,0,0
675760.000338566,675820.000338566,650,215,200.213528715869,0,0
675820.000338566,675880.000338566,650,215,206.213528715869,0,0
675880.000338566,675940.000338566,650,215,212.213528715869,0,0
675940.000338566,676000.000338566,650,215,218.213528715869,0,0
676000.000338566,676060.000338566,650,215,224.213528715869,0,0
676060.000338566,676120.000338566,650,215,230.213528715869,0,0
676120.000338566,676180.000338566,650,215,236.213528715869,0,0
676180.000338566,676240.000338566,650,215,242.213528715869,0,0
676240.000338566,676300.000338566,650,215,248.213528715869,0,0
676300.000338566,676360.000338566,650,215,254.213528715869,0,0
676360.000338566,676420.000338566,650,215,260.213528715869,0,0
676420.000338566,676480.000338566,650,215,266.213528715869,0,0
676480.000338566,676540.000338566,650,215,272.213528715869,0,0
676540.000338566,676600.000338566,650,215,278.213528715869,0,0
676600.000338566,676660.000338566,650,215,284.213528715869,0,0
676660.000338566,676720.000338566,650,215,290.213528715869,0,0
676720.000338566,676780.000338566,650,215,296.213528715869,0,0
676780.000338566,676840.000338566,650,215,300,0,0
676840.000338566,676900.000338566,650,215,300,0,0
676900.000338566,676960.000338566,650,215,300,0,0
676960.000338566,677020.000338566,650,215,300,0,0
677020.000338566,677080.000338566,650,215,300,0,0
677080.000338566,677140.000338566,650,215,300,0,0
677140.000338566,677200.000338566,650,215,300,0,0
677200.000338566,677201.152171746,650,215,300,0,0
677201.152171746,677261.152171746,650,215,300,0,0
677261.152171746,677321.152171746,650,215,300,0,0
677321.152171746,677381.152171746,650,215,300,0,0
677381.152171746,677441.152171746,650,215,300,0,0
677441.152171746,677501.152171746,650,215,300,0,0
677501.152171746,677561.152171746,650,215,300,0,0
677561.152171746,677621.152171746,650,215,300,0,0
677621.152171746,677681.152171746,650,215,300,0,0
677681.152171746,677741.152171746,650,215,300,0,0
677741.152171746,677801.152171746,650,215,300,0,0
677801.152171746,677861.152171746,650,215,300,0,0
677861.152171746,677921.152171746,650,215,300,0,0
677921.152171746,677981.152171746,650,215,300,0,0
677981.152171746,678041.152171746,650,215,300,0,0
678041.152171746,678101.152171746,650,215,300,0,0
678101.152171746,678161.152171746,650,215,300,0,0
678161.152171746,678221.152171746,650,215,300,0,0
678221.152171746,678281.152171746,650,215,300,0,0
678281.152171746,678341.152171746,650,215,300,0,0
678341.152171746,678401.152171746,650,215,300,0,0
678401.152171746,678461.152171746,650,215,300,0,0
678461.152171746,678521.152171746,650,215,300,0,0
678521.152171746,678581.152171746,650,215,300,0,0
678581.152171746,678641.152171746,650,215,300,0,0
678641.152171746,678701.152171746,650,215,300,0,0
678701.152171746,678761.152171746,650,215,300,0,0
678761.152171746,678821.152171746,650,215,300,0,0
678821.152171746,678881.152171746,650,215,300,0,0
678881.152171746,678941.152171746,650,215,300,0,0
678941.152171746,679001.152171746,650,215,300,0,0
679001.152171746,679002.304004927,650,215,300,0,0
679002.304004927,679062.304004927,0,215,296.018518518519,0,0
679062.304004927,679122.304004927,0,215,292.037037037037,0,0
679122.304004927,679182.304004927,0,215,288.055555555556,0,0
679182.304004927,679242.304004927,0,215,284.074074074074,0,0
679242.304004927,679302.304004927,0,215,280.092592592593,0,0
679302.304004927,679362.304004927,0,215,276.111111111111,0,0
679362.304004927,679422.304004927,0,215,272.12962962963,0,0
679422.304004927,679482.304004927,0,215,268.148148148148,0,0
679482.304004927,679542.304004927,0,215,264.166666666667,0,0
679542.304004927,679602.304004927,0,215,260.185185185185,0,0
679602.304004927,679662.304004927,0,215,256.203703703704,0,0
679662.304004927,679722.304004927,0,215,252.222222222222,0,0
679722.304004927,679782.304004927,0,215,248.240740740741,0,0
679782.304004927,679842.304004927,0,215,244.259259259259,0,0
679842.304004927,679902.304004927,0,215,240.277777777778,0,0
679902.304004927,679962.304004927,0,215,236.296296296296,0,0
679962.304004927,680022.304004927,0,215,232.314814814815,0,0
680022.304004927,680070.648579254,0,215,229.106764357931,0,0
680070.648579254,680130.648579254,0,215,225.125282876449,0,0
680130.648579254,680190.648579254,0,215,221.143801394968,0,0
680190.648579254,680250.648579254,0,215,217.162319913486,0,0
680250.648579254,680310.648579254,0,215,213.180838432005,0,0
680310.648579254,680370.648579254,0,215,209.199356950523,0,0
680370.648579254,680430.648579254,0,215,205.217875469042,0,0
680430.648579254,680490.648579254,0,215,201.23639398756,0,0
680490.648579254,680550.648579254,0,215,197.254912506079,0,0
680550.648579254,680610.648579254,0,215,193.273431024597,0,0
680610.648579254,680670.648579254,0,215,189.291949543116,0,0
680670.648579254,680730.648579254,0,215,185.310468061634,0,0
680730.648579254,680790.648579254,0,215,181.328986580153,0,0
680790.648579254,680850.648579254,0,215,177.347505098671,0,0
680850.648579254,680910.648579254,0,215,173.36602361719,0,0
680910.648579254,680970.648579254,0,215,169.384542135708,0,0
680970.648579254,681030.648579254,0,215,165.403060654227,0,0
681030.648579254,681090.648579254,0,215,161.421579172745,0,0
681090.648579254,681138.99315358,0,215,158.213528715869,0,0
681138.99315358,681198.99315358,650,215,164.213528715869,0,0
681198.99315358,681258.99315358,650,215,170.213528715869,0,0
681258.99315358,681318.99315358,650,215,176.213528715869,0,0
681318.99315358,681378.99315358,650,215,182.213528715869,0,0
681378.99315358,681438.99315358,650,215,188.213528715869,0,0
681438.99315358,681498.99315358,650,215,194.213528715869,0,0
681498.99315358,681558.99315358,650,215,200.213528715869,0,0
681558.99315358,681618.99315358,650,215,206.213528715869,0,0
681618.99315358,681678.99315358,650,215,212.213528715869,0,0
681678.99315358,681738.99315358,650,215,218.213528715869,0,0
681738.99315358,681798.99315358,650,215,224.213528715869,0,0
681798.99315358,681858.99315358,650,215,230.213528715869,0,0
681858.99315358,681918.99315358,650,215,236.213528715869,0,0
681918.99315358,681978.99315358,650,215,242.213528715869,0,0
681978.99315358,682038.99315358,650,215,248.213528715869,0,0
682038.99315358,682098.99315358,650,215,254.213528715869,0,0
682098.99315358,682158.99315358,650,215,260.213528715869,0,0
682158.99315358,682218.99315358,650,215,266.213528715869,0,0
682218.99315358,682278.99315358,650,215,272.213528715869,0,0
682278.99315358,682338.99315358,650,215,278.213528715869,0,0
682338.99315358,682398.99315358,650,215,284.213528715869,0,0
682398.99315358,682458.99315358,650,215,290.213528715869,0,0
682458.99315358,682518.99315358,650,215,296.213528715869,0,0
682518.99315358,682578.99315358,650,215,300,0,0
682578.99315358,682638.99315358,650,215,300,0,0
682638.99315358,682698.99315358,650,215,300,0,0
682698.99315358,682758.99315358,650,215,300,0,0
682758.99315358,682818.99315358,650,215,300,0,0
682818.99315358,682878.99315358,650,215,300,0,0
682878.99315358,682938.99315358,650,215,300,0,0
682938.99315358,682940.144986761,650,215,300,0,0
682940.144986761,682940.144987335,650,215,300,0,0
682940.144987335,683000.144987335,650,215,300,0,0
683000.144987335,683060.144987335,650,215,300,0,0
683060.144987335,683120.144987335,650,215,300,0,0
683120.144987335,683180.144987335,650,215,300,0,0
683180.144987335,683240.144987335,650,215,300,0,0
683240.144987335,683300.144987335,650,215,300,0,0
683300.144987335,683360.144987335,650,215,300,0,0
683360.144987335,683420.144987335,650,215,300,0,0
683420.144987335,683480.144987335,650,215,300,0,0
683480.144987335,683540.144987335,650,215,300,0,0
683540.144987335,683600.144987335,650,215,300,0,0
683600.144987335,683660.144987335,650,215,300,0,0
683660.144987335,683720.144987335,650,215,300,0,0
683720.144987335,683780.144987335,650,215,300,0,0
683780.144987335,683840.144987335,650,215,300,0,0
683840.144987335,683900.144987335,650,215,300,0,0
683900.144987335,683960.144987335,650,215,300,0,0
683960.144987335,684020.144987335,650,215,300,0,0
684020.144987335,684080.144987335,650,215,300,0,0
684080.144987335,684140.144987335,650,215,300,0,0
684140.144987335,684200.144987335,650,215,300,0,0
684200.144987335,684260.144987335,650,215,300,0,0
684260.144987335,684320.144987335,650,215,300,0,0
684320.144987335,684380.144987335,650,215,300,0,0
684380.144987335,684440.144987335,650,215,300,0,0
684440.144987335,684500.144987335,650,215,300,0,0
684500.144987335,684560.144987335,650,215,300,0,0
684560.144987335,684620.144987335,650,215,300,0,0
684620.144987335,684680.144987335,650,215,300,0,0
684680.144987335,684740.144987335,650,215,300,0,0
684740.144987335,684741.296819941,650,215,300,0,0
684741.296819941,684801.296819941,0,215,296.018518518519,0,0
684801.296819941,684861.296819941,0,215,292.037037037037,0,0
684861.296819941,684921.296819941,0,215,288.055555555556,0,0
684921.296819941,684981.296819941,0,215,284.074074074074,0,0
684981.296819941,685041.296819941,0,215,280.092592592593,0,0
685041.296819941,685101.296819941,0,215,276.111111111111,0,0
685101.296819941,685161.296819941,0,215,272.12962962963,0,0
685161.296819941,685221.296819941,0,215,268.148148148148,0,0
685221.296819941,685281.296819941,0,215,264.166666666667,0,0
685281.296819941,685341.296819941,0,215,260.185185185185,0,0
685341.296819941,685401.296819941,0,215,256.203703703704,0,0
685401.296819941,685461.296819941,0,215,252.222222222222,0,0
685461.296819941,685521.296819941,0,215,248.240740740741,0,0
685521.296819941,685581.296819941,0,215,244.259259259259,0,0
685581.296819941,685641.296819941,0,215,240.277777777778,0,0
685641.296819941,685701.296819941,0,215,236.296296296296,0,0
685701.296819941,685761.296819941,0,215,232.314814814815,0,0
685761.296819941,685809.641394268,0,215,229.106764357931,0,0
685809.641394268,685869.641394268,0,215,225.125282876449,0,0
685869.641394268,685929.641394268,0,215,221.143801394968,0,0
685929.641394268,685989.641394268,0,215,217.162319913486,0,0
685989.641394268,686049.641394268,0,215,213.180838432005,0,0
686049.641394268,686109.641394268,0,215,209.199356950523,0,0
686109.641394268,686169.641394268,0,215,205.217875469042,0,0
686169.641394268,686229.641394268,0,215,201.23639398756,0,0
686229.641394268,686289.641394268,0,215,197.254912506079,0,0
686289.641394268,686349.641394268,0,215,193.273431024597,0,0
686349.641394268,686409.641394268,0,215,189.291949543116,0,0
686409.641394268,686469.641394268,0,215,185.310468061634,0,0
686469.641394268,686529.641394268,0,215,181.328986580153,0,0
686529.641394268,686589.641394268,0,215,177.347505098671,0,0
686589.641394268,686649.641394268,0,215,173.36602361719,0,0
686649.641394268,686709.641394268,0,215,169.384542135708,0,0
686709.641394268,686769.641394268,0,215,165.403060654227,0,0
686769.641394268,686829.641394268,0,215,161.421579172745,0,0
686829.641394268,686877.985968595,0,215,158.213528715869,0,0
686877.985968595,686937.985968595,650,215,164.213528715869,0,0
686937.985968595,686997.985968595,650,215,170.213528715869,0,0
686997.985968595,687057.985968595,650,215,176.213528715869,0,0
687057.985968595,687117.985968595,650,215,182.213528715869,0,0
687117.985968595,687177.985968595,650,215,188.213528715869,0,0
687177.985968595,687237.985968595,650,215,194.213528715869,0,0
687237.985968595,687297.985968595,650,215,200.213528715869,0,0
687297.985968595,687357.985968595,650,215,206.213528715869,0,0
687357.985968595,687417.985968595,650,215,212.213528715869,0,0
687417.985968595,687477.985968595,650,215,218.213528715869,0,0
687477.985968595,687537.985968595,650,215,224.213528715869,0,0
687537.985968595,687597.985968595,650,215,230.213528715869,0,0
687597.985968595,687657.985968595,650,215,236.213528715869,0,0
687657.985968595,687717.985968595,650,215,242.213528715869,0,0
687717.985968595,687777.985968595,650,215,248.213528715869,0,0
687777.985968595,687837.985968595,650,215,254.213528715869,0,0
687837.985968595,687897.985968595,650,215,260.213528715869,0,0
687897.985968595,687957.985968595,650,215,266.213528715869,0,0
687957.985968595,688017.985968595,650,215,272.213528715869,0,0
688017.985968595,688077.985968595,650,215,278.213528715869,0,0
688077.985968595,688137.985968595,650,215,284.213528715869,0,0
688137.985968595,688197.985968595,650,215,290.213528715869,0,0
688197.985968595,688257.985968595,650,215,296.213528715869,0,0
688257.985968595,688317.985968595,650,215,300,0,0
688317.985968595,688377.985968595,650,215,300,0,0
688377.985968595,688437.985968595,650,215,300,0,0
688437.985968595,688497.985968595,650,215,300,0,0
688497.985968595,688557.985968595,650,215,300,0,0
688557.985968595,688617.985968595,650,215,300,0,0
688617.985968595,688677.985968595,650,215,300,0,0
688677.985968595,688679.137801776,650,215,300,0,0
688679.137801776,688679.13780235,650,215,300,0,0
688679.13780235,688739.13780235,650,215,300,0,0
688739.13780235,688799.13780235,650,215,300,0,0
688799.13780235,688859.13780235,650,215,300,0,0
688859.13780235,688919.13780235,650,215,300,0,0
688919.13780235,688979.13780235,650,215,300,0,0
688979.13780235,689039.13780235,650,215,300,0,0
689039.13780235,689099.13780235,650,215,300,0,0
689099.13780235,689159.13780235,650,215,300,0,0
689159.13780235,689219.13780235,650,215,300,0,0
689219.13780235,689279.13780235,650,215,300,0,0
689279.13780235,689339.13780235,650,215,300,0,0
689339.13780235,689399.13780235,650,215,300,0,0
689399.13780235,689459.13780235,650,215,300,0,0
689459.13780235,689519.13780235,650,215,300,0,0
689519.13780235,689579.13780235,650,215,300,0,0
689579.13780235,689639.13780235,650,215,300,0,0
689639.13780235,689699.13780235,650,215,300,0,0
689699.13780235,689759.13780235,650,215,300,0,0
689759.13780235,689819.13780235,650,215,300,0,0
689819.13780235,689879.13780235,650,215,300,0,0
689879.13780235,689939.13780235,650,215,300,0,0
689939.13780235,689999.13780235,650,215,300,0,0
689999.13780235,690059.13780235,650,215,300,0,0
690059.13780235,690119.13780235,650,215,300,0,0
690119.13780235,690179.13780235,650,215,300,0,0
690179.13780235,690239.13780235,650,215,300,0,0
690239.13780235,690299.13780235,650,215,300,0,0
690299.13780235,690359.13780235,650,215,300,0,0
690359.13780235,690419.13780235,650,215,300,0,0
690419.13780235,690479.13780235,650,215,300,0,0
690479.13780235,690480.289634956,650,215,300,0,0
690480.289634956,690540.289634956,0,215,296.018518518519,0,0
690540.289634956,690600.289634956,0,215,292.037037037037,0,0
690600.289634956,690660.289634956,0,215,288.055555555556,0,0
690660.289634956,690720.289634956,0,215,284.074074074074,0,0
690720.289634956,690780.289634956,0,215,280.092592592593,0,0
690780.289634956,690840.289634956,0,215,276.111111111111,0,0
690840.289634956,690900.289634956,0,215,272.12962962963,0,0
690900.289634956,690960.289634956,0,215,268.148148148148,0,0
690960.289634956,691020.289634956,0,215,264.166666666667,0,0
691020.289634956,691080.289634956,0,215,260.185185185185,0,0
691080.289634956,691140.289634956,0,215,256.203703703704,0,0
691140.289634956,691200.289634956,0,215,252.222222222222,0,0
691200.289634956,691260.289634956,0,215,248.240740740741,0,0
691260.289634956,691320.289634956,0,215,244.259259259259,0,0
691320.289634956,691380.289634956,0,215,240.277777777778,0,0
691380.289634956,691440.289634956,0,215,236.296296296296,0,0
691440.289634956,691500.289634956,0,215,232.314814814815,0,0
691500.289634956,691548.634209283,0,215,229.106764357931,0,0
691548.634209283,691608.634209283,0,215,225.125282876449,0,0
691608.634209283,691668.634209283,0,215,221.143801394968,0,0
691668.634209283,691728.634209283,0,215,217.162319913486,0,0
691728.634209283,691788.634209283,0,215,213.180838432005,0,0
691788.634209283,691848.634209283,0,215,209.199356950523,0,0
691848.634209283,691908.634209283,0,215,205.217875469042,0,0
691908.634209283,691968.634209283,0,215,201.23639398756,0,0
691968.634209283,692028.634209283,0,215,197.254912506079,0,0
692028.634209283,692088.634209283,0,215,193.273431024597,0,0
692088.634209283,692148.634209283,0,215,189.291949543116,0,0
692148.634209283,692208.634209283,0,215,185.310468061634,0,0
692208.634209283,692268.634209283,0,215,181.328986580153,0,0
692268.634209283,692328.634209283,0,215,177.347505098671,0,0
692328.634209283,692388.634209283,0,215,173.36602361719,0,0
692388.634209283,692448.634209283,0,215,169.384542135708,0,0
692448.634209283,692508.634209283,0,215,165.403060654227,0,0
692508.634209283,692568.634209283,0,215,161.421579172745,0,0
692568.634209283,692616.97878361,0,215,158.213528715869,0,0
692616.97878361,692676.97878361,650,215,164.213528715869,0,0
692676.97878361,692736.97878361,650,215,170.213528715869,0,0
692736.97878361,692796.97878361,650,215,176.213528715869,0,0
692796.97878361,692856.97878361,650,215,182.213528715869,0,0
692856.97878361,692916.97878361,650,215,188.213528715869,0,0
692916.97878361,692976.97878361,650,215,194.213528715869,0,0
692976.97878361,693036.97878361,650,215,200.213528715869,0,0
693036.97878361,693096.97878361,650,215,206.213528715869,0,0
693096.97878361,693156.97878361,650,215,212.213528715869,0,0
693156.97878361,693216.97878361,650,215,218.213528715869,0,0
693216.97878361,693276.97878361,650,215,224.213528715869,0,0
693276.97878361,693336.97878361,650,215,230.213528715869,0,0
693336.97878361,693396.97878361,650,215,236.213528715869,0,0
693396.97878361,693456.97878361,650,215,242.213528715869,0,0
693456.97878361,693516.97878361,650,215,248.213528715869,0,0
693516.97878361,693576.97878361,650,215,254.213528715869,0,0
693576.97878361,693636.97878361,650,215,260.213528715869,0,0
693636.97878361,693696.97878361,650,215,266.213528715869,0,0
693696.97878361,693756.97878361,650,215,272.213528715869,0,0
693756.97878361,693816.97878361,650,215,278.213528715869,0,0
693816.97878361,693876.97878361,650,215,284.213528715869,0,0
693876.97878361,693936.97878361,650,215,290.213528715869,0,0
693936.97878361,693996.97878361,650,215,296.213528715869,0,0
693996.97878361,694056.97878361,650,215,300,0,0
694056.97878361,694116.97878361,650,215,300,0,0
694116.97878361,694176.97878361,650,215,300,0,0
694176.97878361,694236.97878361,650,215,300,0,0
694236.97878361,694296.97878361,650,215,300,0,0
694296.97878361,694356.97878361,650,215,300,0,0
694356.97878361,694416.97878361,650,215,300,0,0
694416.97878361,694418.13061679,650,215,300,0,0
694418.13061679,694418.13119069,650,215,300,0,0
694418.13119069,694478.13119069,650,215,300,0,0
694478.13119069,694538.13119069,650,215,300,0,0
694538.13119069,694598.13119069,650,215,300,0,0
694598.13119069,694658.13119069,650,215,300,0,0
694658.13119069,694718.13119069,650,215,300,0,0
694718.13119069,694778.13119069,650,215,300,0,0
694778.13119069,694838.13119069,650,215,300,0,0
694838.13119069,694898.13119069,650,215,300,0,0
694898.13119069,694958.13119069,650,215,300,0,0
694958.13119069,695018.13119069,650,215,300,0,0
695018.13119069,695078.13119069,650,215,300,0,0
695078.13119069,695138.13119069,650,215,300,0,0
695138.13119069,695198.13119069,650,215,300,0,0
695198.13119069,695258.13119069,650,215,300,0,0
695258.13119069,695318.13119069,650,215,300,0,0
695318.13119069,695378.13119069,650,215,300,0,0
695378.13119069,695438.13119069,650,215,300,0,0
695438.13119069,695498.13119069,650,215,300,0,0
695498.13119069,695558.13119069,650,215,300,0,0
695558.13119069,695618.13119069,650,215,300,0,0
695618.13119069,695678.13119069,650,215,300,0,0
695678.13119069,695738.13119069,650,215,300,0,0
695738.13119069,695798.13119069,650,215,300,0,0
695798.13119069,695858.13119069,650,215,300,0,0
695858.13119069,695918.13119069,650,215,300,0,0
695918.13119069,695978.13119069,650,215,300,0,0
695978.13119069,696038.13119069,650,215,300,0,0
696038.13119069,696098.13119069,650,215,300,0,0
696098.13119069,696158.13119069,650,215,300,0,0
696158.13119069,696218.13119069,650,215,300,0,0
696218.13119069,696219.282449971,650,215,300,0,0
696219.282449971,696279.282449971,0,215,296.018518518519,0,0
696279.282449971,696339.282449971,0,215,292.037037037037,0,0
696339.282449971,696399.282449971,0,215,288.055555555556,0,0
696399.282449971,696459.282449971,0,215,284.074074074074,0,0
696459.282449971,696519.282449971,0,215,280.092592592593,0,0
696519.282449971,696579.282449971,0,215,276.111111111111,0,0
696579.282449971,696639.282449971,0,215,272.12962962963,0,0
696639.282449971,696699.282449971,0,215,268.148148148148,0,0
696699.282449971,696759.282449971,0,215,264.166666666667,0,0
696759.282449971,696819.282449971,0,215,260.185185185185,0,0
696819.282449971,696879.282449971,0,215,256.203703703704,0,0
696879.282449971,696939.282449971,0,215,252.222222222222,0,0
696939.282449971,696999.282449971,0,215,248.240740740741,0,0
696999.282449971,697059.282449971,0,215,244.259259259259,0,0
697059.282449971,697119.282449971,0,215,240.277777777778,0,0
697119.282449971,697179.282449971,0,215,236.296296296296,0,0
697179.282449971,697239.282449971,0,215,232.314814814815,0,0
697239.282449971,697287.627024298,0,215,229.106764357931,0,0
697287.627024298,697347.627024298,0,215,225.125282876449,0,0
697347.627024298,697407.627024298,0,215,221.143801394968,0,0
697407.627024298,697467.627024298,0,215,217.162319913486,0,0
697467.627024298,697527.627024298,0,215,213.180838432005,0,0
697527.627024298,697587.627024298,0,215,209.199356950523,0,0
697587.627024298,697647.627024298,0,215,205.217875469042,0,0
697647.627024298,697707.627024298,0,215,201.23639398756,0,0
697707.627024298,697767.627024298,0,215,197.254912506079,0,0
697767.627024298,697827.627024298,0,215,193.273431024597,0,0
697827.627024298,697887.627024298,0,215,189.291949543116,0,0
697887.627024298,697947.627024298,0,215,185.310468061634,0,0
697947.627024298,698007.627024298,0,215,181.328986580153,0,0
698007.627024298,698067.627024298,0,215,177.347505098671,0,0
698067.627024298,698127.627024298,0,215,173.36602361719,0,0
698127.627024298,698187.627024298,0,215,169.384542135708,0,0
698187.627024298,698247.627024298,0,215,165.403060654227,0,0
698247.627024298,698307.627024298,0,215,161.421579172745,0,0
698307.627024298,698355.971598625,0,215,158.213528715869,0,0
698355.971598625,698415.971598625,650,215,164.213528715869,0,0
698415.971598625,698475.971598625,650,215,170.213528715869,0,0
698475.971598625,698535.971598625,650,215,176.213528715869,0,0
698535.971598625,698595.971598625,650,215,182.213528715869,0,0
698595.971598625,698655.971598625,650,215,188.213528715869,0,0
698655.971598625,698715.971598625,650,215,194.213528715869,0,0
698715.971598625,698775.971598625,650,215,200.213528715869,0,0
698775.971598625,698835.971598625,650,215,206.213528715869,0,0
698835.971598625,698895.971598625,650,215,212.213528715869,0,0
698895.971598625,698955.971598625,650,215,218.213528715869,0,0
698955.971598625,699015.971598625,650,215,224.213528715869,0,0
699015.971598625,699075.971598625,650,215,230.213528715869,0,0
699075.971598625,699135.971598625,650,215,236.213528715869,0,0
699135.971598625,699195.971598625,650,215,242.213528715869,0,0
699195.971598625,699255.971598625,650,215,248.213528715869,0,0
699255.971598625,699315.971598625,650,215,254.213528715869,0,0
699315.971598625,699375.971598625,650,215,260.213528715869,0,0
699375.971598625,699435.971598625,650,215,266.213528715869,0,0
699435.971598625,699495.971598625,650,215,272.213528715869,0,0
699495.971598625,699555.971598625,650,215,278.213528715869,0,0
699555.971598625,699615.971598625,650,215,284.213528715869,0,0
699615.971598625,699675.971598625,650,215,290.213528715869,0,0
699675.971598625,699735.971598625,650,215,296.213528715869,0,0
699735.971598625,699795.971598625,650,215,300,0,0
699795.971598625,699855.971598625,650,215,300,0,0
699855.971598625,699915.971598625,650,215,300,0,0
699915.971598625,699975.971598625,650,215,300,0,0
699975.971598625,700035.971598625,650,215,300,0,0
700035.971598625,700095.971598625,650,215,300,0,0
700095.971598625,700155.971598625,650,215,300,0,0
700155.971598625,700157.123431805,650,215,300,0,0
700157.123431805,700217.123431805,650,215,300,0,0
700217.123431805,700277.123431805,650,215,300,0,0
700277.123431805,700337.123431805,650,215,300,0,0
700337.123431805,700397.123431805,650,215,300,0,0
700397.123431805,700457.123431805,650,215,300,0,0
700457.123431805,700517.123431805,650,215,300,0,0
700517.123431805,700577.123431805,650,215,300,0,0
700577.123431805,700637.123431805,650,215,300,0,0
700637.123431805,700697.123431805,650,215,300,0,0
700697.123431805,700757.123431805,650,215,300,0,0
700757.123431805,700817.123431805,650,215,300,0,0
700817.123431805,700877.123431805,650,215,300,0,0
700877.123431805,700937.123431805,650,215,300,0,0
700937.123431805,700997.123431805,650,215,300,0,0
700997.123431805,701057.123431805,650,215,300,0,0
701057.123431805,701117.123431805,650,215,300,0,0
701117.123431805,701177.123431805,650,215,300,0,0
701177.123431805,701237.123431805,650,215,300,0,0
701237.123431805,701297.123431805,650,215,300,0,0
701297.123431805,701357.123431805,650,215,300,0,0
701357.123431805,701417.123431805,650,215,300,0,0
701417.123431805,701477.123431805,650,215,300,0,0
701477.123431805,701537.123431805,650,215,300,0,0
701537.123431805,701597.123431805,650,215,300,0,0
701597.123431805,701657.123431805,650,215,300,0,0
701657.123431805,701717.123431805,650,215,300,0,0
701717.123431805,701777.123431805,650,215,300,0,0
701777.123431805,701837.123431805,650,215,300,0,0
701837.123431805,701897.123431805,650,215,300,0,0
701897.123431805,701957.123431805,650,215,300,0,0
701957.123431805,701958.275264986,650,215,300,0,0
701958.275264986,702018.275264986,0,215,296.018518518519,0,0
702018.275264986,702078.275264986,0,215,292.037037037037,0,0
702078.275264986,702138.275264986,0,215,288.055555555556,0,0
702138.275264986,702198.275264986,0,215,284.074074074074,0,0
702198.275264986,702258.275264986,0,215,280.092592592593,0,0
702258.275264986,702318.275264986,0,215,276.111111111111,0,0
702318.275264986,702378.275264986,0,215,272.12962962963,0,0
702378.275264986,702438.275264986,0,215,268.148148148148,0,0
702438.275264986,702498.275264986,0,215,264.166666666667,0,0
702498.275264986,702558.275264986,0,215,260.185185185185,0,0
702558.275264986,702618.275264986,0,215,256.203703703704,0,0
702618.275264986,702678.275264986,0,215,252.222222222222,0,0
702678.275264986,702738.275264986,0,215,248.240740740741,0,0
702738.275264986,702798.275264986,0,215,244.259259259259,0,0
702798.275264986,702858.275264986,0,215,240.277777777778,0,0
702858.275264986,702918.275264986,0,215,236.296296296296,0,0
702918.275264986,702978.275264986,0,215,232.314814814815,0,0
702978.275264986,703026.619839313,0,215,229.106764357931,0,0
703026.619839313,703086.619839313,0,215,225.125282876449,0,0
703086.619839313,703146.619839313,0,215,221.143801394968,0,0
703146.619839313,703206.619839313,0,215,217.162319913486,0,0
703206.619839313,703266.619839313,0,215,213.180838432005,0,0
703266.619839313,703326.619839313,0,215,209.199356950523,0,0
703326.619839313,703386.619839313,0,215,205.217875469042,0,0
703386.619839313,703446.619839313,0,215,201.23639398756,0,0
703446.619839313,703506.619839313,0,215,197.254912506079,0,0
703506.619839313,703566.619839313,0,215,193.273431024597,0,0
703566.619839313,703626.619839313,0,215,189.291949543116,0,0
703626.619839313,703686.619839313,0,215,185.310468061634,0,0
703686.619839313,703746.619839313,0,215,181.328986580153,0,0
703746.619839313,703806.619839313,0,215,177.347505098671,0,0
703806.619839313,703866.619839313,0,215,173.36602361719,0,0
703866.619839313,703926.619839313,0,215,169.384542135708,0,0
703926.619839313,703986.619839313,0,215,165.403060654227,0,0
703986.619839313,704046.619839313,0,215,161.421579172745,0,0
704046.619839313,704094.96441364,0,215,158.213528715869,0,0
704094.96441364,704154.96441364,650,215,164.213528715869,0,0
704154.96441364,704214.96441364,650,215,170.213528715869,0,0
704214.96441364,704274.96441364,650,215,176.213528715869,0,0
704274.96441364,704334.96441364,650,215,182.213528715869,0,0
704334.96441364,704394.96441364,650,215,188.213528715869,0,0
704394.96441364,704454.96441364,650,215,194.213528715869,0,0
704454.96441364,704514.96441364,650,215,200.213528715869,0,0
704514.96441364,704574.96441364,650,215,206.213528715869,0,0
704574.96441364,704634.96441364,650,215,212.213528715869,0,0
704634.96441364,704694.96441364,650,215,218.213528715869,0,0
704694.96441364,704754.96441364,650,215,224.213528715869,0,0
704754.96441364,704814.96441364,650,215,230.213528715869,0,0
704814.96441364,704874.96441364,650,215,236.213528715869,0,0
704874.96441364,704934.96441364,650,215,242.213528715869,0,0
704934.96441364,704994.96441364,650,215,248.213528715869,0,0
704994.96441364,705054.96441364,650,215,254.213528715869,0,0
705054.96441364,705114.96441364,650,215,260.213528715869,0,0
705114.96441364,705174.96441364,650,215,266.213528715869,0,0
705174.96441364,705234.96441364,650,215,272.213528715869,0,0
705234.96441364,705294.96441364,650,215,278.213528715869,0,0
705294.96441364,705354.96441364,650,215,284.213528715869,0,0
705354.96441364,705414.96441364,650,215,290.213528715869,0,0
705414.96441364,705474.96441364,650,215,296.213528715869,0,0
705474.96441364,705534.96441364,650,215,300,0,0
705534.96441364,705594.96441364,650,215,300,0,0
705594.96441364,705654.96441364,650,215,300,0,0
705654.96441364,705714.96441364,650,215,300,0,0
705714.96441364,705774.96441364,650,215,300,0,0
705774.96441364,705834.96441364,650,215,300,0,0
705834.96441364,705894.96441364,650,215,300,0,0
705894.96441364,705896.11624682,650,215,300,0,0
705896.11624682,705956.11624682,650,215,300,0,0
705956.11624682,706016.11624682,650,215,300,0,0
706016.11624682,706076.11624682,650,215,300,0,0
706076.11624682,706136.11624682,650,215,300,0,0
706136.11624682,706196.11624682,650,215,300,0,0
706196.11624682,706256.11624682,650,215,300,0,0
706256.11624682,706316.11624682,650,215,300,0,0
706316.11624682,706376.11624682,650,215,300,0,0
706376.11624682,706436.11624682,650,215,300,0,0
706436.11624682,706496.11624682,650,215,300,0,0
706496.11624682,706556.11624682,650,215,300,0,0
706556.11624682,706616.11624682,650,215,300,0,0
706616.11624682,706676.11624682,650,215,300,0,0
706676.11624682,706736.11624682,650,215,300,0,0
706736.11624682,706796.11624682,650,215,300,0,0
706796.11624682,706856.11624682,650,215,300,0,0
706856.11624682,706916.11624682,650,215,300,0,0
706916.11624682,706976.11624682,650,215,300,0,0
706976.11624682,707036.11624682,650,215,300,0,0
707036.11624682,707096.11624682,650,215,300,0,0
707096.11624682,707156.11624682,650,215,300,0,0
707156.11624682,707216.11624682,650,215,300,0,0
707216.11624682,707276.11624682,650,215,300,0,0
707276.11624682,707336.11624682,650,215,300,0,0
707336.11624682,707396.11624682,650,215,300,0,0
707396.11624682,707456.11624682,650,215,300,0,0
707456.11624682,707516.11624682,650,215,300,0,0
707516.11624682,707576.11624682,650,215,300,0,0
707576.11624682,707636.11624682,650,215,300,0,0
707636.11624682,707696.11624682,650,215,300,0,0
707696.11624682,707697.268080001,650,215,300,0,0
707697.268080001,707757.268080001,0,215,296.018518518519,0,0
707757.268080001,707817.268080001,0,215,292.037037037037,0,0
707817.268080001,707877.268080001,0,215,288.055555555556,0,0
707877.268080001,707937.268080001,0,215,284.074074074074,0,0
707937.268080001,707997.268080001,0,215,280.092592592593,0,0
707997.268080001,708057.268080001,0,215,276.111111111111,0,0
708057.268080001,708117.268080001,0,215,272.12962962963,0,0
708117.268080001,708177.268080001,0,215,268.148148148148,0,0
708177.268080001,708237.268080001,0,215,264.166666666667,0,0
708237.268080001,708297.268080001,0,215,260.185185185185,0,0
708297.268080001,708357.268080001,0,215,256.203703703704,0,0
708357.268080001,708417.268080001,0,215,252.222222222222,0,0
708417.268080001,708477.268080001,0,215,248.240740740741,0,0
708477.268080001,708537.268080001,0,215,244.259259259259,0,0
708537.268080001,708597.268080001,0,215,240.277777777778,0,0
708597.268080001,708657.268080001,0,215,236.296296296296,0,0
708657.268080001,708717.268080001,0,215,232.314814814815,0,0
708717.268080001,708765.612654328,0,215,229.106764357931,0,0
708765.612654328,708825.612654328,0,215,225.125282876449,0,0
708825.612654328,708885.612654328,0,215,221.143801394968,0,0
708885.612654328,708945.612654328,0,215,217.162319913486,0,0
708945.612654328,709005.612654328,0,215,213.180838432005,0,0
709005.612654328,709065.612654328,0,215,209.199356950523,0,0
709065.612654328,709125.612654328,0,215,205.217875469042,0,0
709125.612654328,709185.612654328,0,215,201.23639398756,0,0
709185.612654328,709245.612654328,0,215,197.254912506079,0,0
709245.612654328,709305.612654328,0,215,193.273431024597,0,0
709305.612654328,709365.612654328,0,215,189.291949543116,0,0
709365.612654328,709425.612654328,0,215,185.310468061634,0,0
709425.612654328,709485.612654328,0,215,181.328986580153,0,0
709485.612654328,709545.612654328,0,215,177.347505098671,0,0
709545.612654328,709605.612654328,0,215,173.36602361719,0,0
709605.612654328,709665.612654328,0,215,169.384542135708,0,0
709665.612654328,709725.612654328,0,215,165.403060654227,0,0
709725.612654328,709785.612654328,0,215,161.421579172745,0,0
709785.612654328,709833.957228655,0,215,158.213528715869,0,0
709833.957228655,709893.957228655,650,215,164.213528715869,0,0
709893.957228655,709953.957228655,650,215,170.213528715869,0,0
709953.957228655,710013.957228655,650,215,176.213528715869,0,0
710013.957228655,710073.957228655,650,215,182.213528715869,0,0
710073.957228655,710133.957228655,650,215,188.213528715869,0,0
710133.957228655,710193.957228655,650,215,194.213528715869,0,0
710193.957228655,710253.957228655,650,215,200.213528715869,0,0
710253.957228655,710313.957228655,650,215,206.213528715869,0,0
710313.957228655,710373.957228655,650,215,212.213528715869,0,0
710373.957228655,710433.957228655,650,215,218.213528715869,0,0
710433.957228655,710493.957228655,650,215,224.213528715869,0,0
710493.957228655,710553.957228655,650,215,230.213528715869,0,0
710553.957228655,710613.957228655,650,215,236.213528715869,0,0
710613.957228655,710673.957228655,650,215,242.213528715869,0,0
710673.957228655,710733.957228655,650,215,248.213528715869,0,0
710733.957228655,710793.957228655,650,215,254.213528715869,0,0
710793.957228655,710853.957228655,650,215,260.213528715869,0,0
710853.957228655,710913.957228655,650,215,266.213528715869,0,0
710913.957228655,710973.957228655,650,215,272.213528715869,0,0
710973.957228655,711033.957228655,650,215,278.213528715869,0,0
711033.957228655,711093.957228655,650,215,284.213528715869,0,0
711093.957228655,711153.957228655,650,215,290.213528715869,0,0
711153.957228655,711213.957228655,650,215,296.213528715869,0,0
711213.957228655,711273.957228655,650,215,300,0,0
711273.957228655,711333.957228655,650,215,300,0,0
711333.957228655,711393.957228655,650,215,300,0,0
711393.957228655,711453.957228655,650,215,300,0,0
711453.957228655,711513.957228655,650,215,300,0,0
711513.957228655,711573.957228655,650,215,300,0,0
711573.957228655,711633.957228655,650,215,300,0,0
711633.957228655,711635.109061835,650,215,300,0,0
711635.109061835,711695.109061835,650,215,300,0,0
711695.109061835,711755.109061835,650,215,300,0,0
711755.109061835,711815.109061835,650,215,300,0,0
711815.109061835,711875.109061835,650,215,300,0,0
711875.109061835,711935.109061835,650,215,300,0,0
711935.109061835,711995.109061835,650,215,300,0,0
711995.109061835,712055.109061835,650,215,300,0,0
712055.109061835,712115.109061835,650,215,300,0,0
712115.109061835,712175.109061835,650,215,300,0,0
712175.109061835,712235.109061835,650,215,300,0,0
712235.109061835,712295.109061835,650,215,300,0,0
712295.109061835,712355.109061835,650,215,300,0,0
712355.109061835,712415.109061835,650,215,300,0,0
712415.109061835,712475.109061835,650,215,300,0,0
712475.109061835,712535.109061835,650,215,300,0,0
712535.109061835,712595.109061835,650,215,300,0,0
712595.109061835,712655.109061835,650,215,300,0,0
712655.109061835,712715.109061835,650,215,300,0,0
712715.109061835,712775.109061835,650,215,300,0,0
712775.109061835,712835.109061835,650,215,300,0,0
712835.109061835,712895.109061835,650,215,300,0,0
712895.109061835,712955.109061835,650,215,300,0,0
712955.109061835,713015.109061835,650,215,300,0,0
713015.109061835,713075.109061835,650,215,300,0,0
713075.109061835,713135.109061835,650,215,300,0,0
713135.109061835,713195.109061835,650,215,300,0,0
713195.109061835,713255.109061835,650,215,300,0,0
713255.109061835,713315.109061835,650,215,300,0,0
713315.109061835,713375.109061835,650,215,300,0,0
713375.109061835,713435.109061835,650,215,300,0,0
713435.109061835,713436.260895015,650,215,300,0,0
713436.260895015,713496.260895015,0,215,296.018518518519,0,0
713496.260895015,713556.260895015,0,215,292.037037037037,0,0
713556.260895015,713616.260895015,0,215,288.055555555556,0,0
713616.260895015,713676.260895015,0,215,284.074074074074,0,0
713676.260895015,713736.260895015,0,215,280.092592592593,0,0
713736.260895015,713796.260895015,0,215,276.111111111111,0,0
713796.260895015,713856.260895015,0,215,272.12962962963,0,0
713856.260895015,713916.260895015,0,215,268.148148148148,0,0
713916.260895015,713976.260895015,0,215,264.166666666667,0,0
713976.260895015,714036.260895015,0,215,260.185185185185,0,0
714036.260895015,714096.260895015,0,215,256.203703703704,0,0
714096.260895015,714156.260895015,0,215,252.222222222222,0,0
714156.260895015,714216.260895015,0,215,248.240740740741,0,0
714216.260895015,714276.260895015,0,215,244.259259259259,0,0
714276.260895015,714336.260895015,0,215,240.277777777778,0,0
714336.260895015,714396.260895015,0,215,236.296296296296,0,0
714396.260895015,714456.260895015,0,215,232.314814814815,0,0
714456.260895015,714504.605469342,0,215,229.106764357931,0,0
714504.605469342,714564.605469342,0,215,225.125282876449,0,0
714564.605469342,714624.605469342,0,215,221.143801394968,0,0
714624.605469342,714684.605469342,0,215,217.162319913486,0,0
714684.605469342,714744.605469342,0,215,213.180838432005,0,0
714744.605469342,714804.605469342,0,215,209.199356950523,0,0
714804.605469342,714864.605469342,0,215,205.217875469042,0,0
714864.605469342,714924.605469342,0,215,201.23639398756,0,0
714924.605469342,714984.605469342,0,215,197.254912506079,0,0
714984.605469342,715044.605469342,0,215,193.273431024597,0,0
715044.605469342,715104.605469342,0,215,189.291949543116,0,0
715104.605469342,715164.605469342,0,215,185.310468061634,0,0
715164.605469342,715224.605469342,0,215,181.328986580153,0,0
715224.605469342,715284.605469342,0,215,177.347505098671,0,0
715284.605469342,715344.605469342,0,215,173.36602361719,0,0
715344.605469342,715404.605469342,0,215,169.384542135708,0,0
715404.605469342,715464.605469342,0,215,165.403060654227,0,0
715464.605469342,715524.605469342,0,215,161.421579172745,0,0
715524.605469342,715572.950043669,0,215,158.213528715869,0,0
715572.950043669,715632.950043669,650,215,164.213528715869,0,0
715632.950043669,715692.950043669,650,215,170.213528715869,0,0
715692.950043669,715752.950043669,650,215,176.213528715869,0,0
715752.950043669,715812.950043669,650,215,182.213528715869,0,0
715812.950043669,715872.950043669,650,215,188.213528715869,0,0
715872.950043669,715932.950043669,650,215,194.213528715869,0,0
715932.950043669,715992.950043669,650,215,200.213528715869,0,0
715992.950043669,716052.950043669,650,215,206.213528715869,0,0
716052.950043669,716112.950043669,650,215,212.213528715869,0,0
716112.950043669,716172.950043669,650,215,218.213528715869,0,0
716172.950043669,716232.950043669,650,215,224.213528715869,0,0
716232.950043669,716292.950043669,650,215,230.213528715869,0,0
716292.950043669,716352.950043669,650,215,236.213528715869,0,0
716352.950043669,716412.950043669,650,215,242.213528715869,0,0
716412.950043669,716472.950043669,650,215,248.213528715869,0,0
716472.950043669,716532.950043669,650,215,254.213528715869,0,0
716532.950043669,716592.950043669,650,215,260.213528715869,0,0
716592.950043669,716652.950043669,650,215,266.213528715869,0,0
716652.950043669,716712.950043669,650,215,272.213528715869,0,0
716712.950043669,716772.950043669,650,215,278.213528715869,0,0
716772.950043669,716832.950043669,650,215,284.213528715869,0,0
716832.950043669,716892.950043669,650,215,290.213528715869,0,0
716892.950043669,716952.950043669,650,215,296.213528715869,0,0
716952.950043669,717012.950043669,650,215,300,0,0
717012.950043669,717072.950043669,650,215,300,0,0
717072.950043669,717132.950043669,650,215,300,0,0
717132.950043669,717192.950043669,650,215,300,0,0
717192.950043669,717252.950043669,650,215,300,0,0
717252.950043669,717312.950043669,650,215,300,0,0
717312.950043669,717372.950043669,650,215,300,0,0
717372.950043669,717374.10187685,650,215,300,0,0
717374.10187685,717434.10187685,650,215,300,0,0
717434.10187685,717494.10187685,650,215,300,0,0
717494.10187685,717554.10187685,650,215,300,0,0
717554.10187685,717614.10187685,650,215,300,0,0
717614.10187685,717674.10187685,650,215,300,0,0
717674.10187685,717734.10187685,650,215,300,0,0
717734.10187685,717794.10187685,650,215,300,0,0
717794.10187685,717854.10187685,650,215,300,0,0
717854.10187685,717914.10187685,650,215,300,0,0
717914.10187685,717974.10187685,650,215,300,0,0
717974.10187685,718034.10187685,650,215,300,0,0
718034.10187685,718094.10187685,650,215,300,0,0
718094.10187685,718154.10187685,650,215,300,0,0
718154.10187685,718214.10187685,650,215,300,0,0
718214.10187685,718274.10187685,650,215,300,0,0
718274.10187685,718334.10187685,650,215,300,0,0
718334.10187685,718394.10187685,650,215,300,0,0
718394.10187685,718454.10187685,650,215,300,0,0
718454.10187685,718514.10187685,650,215,300,0,0
718514.10187685,718574.10187685,650,215,300,0,0
718574.10187685,718634.10187685,650,215,300,0,0
718634.10187685,718694.10187685,650,215,300,0,0
718694.10187685,718754.10187685,650,215,300,0,0
718754.10187685,718814.10187685,650,215,300,0,0
718814.10187685,718874.10187685,650,215,300,0,0
718874.10187685,718934.10187685,650,215,300,0,0
718934.10187685,718994.10187685,650,215,300,0,0
718994.10187685,719054.10187685,650,215,300,0,0
719054.10187685,719114.10187685,650,215,300,0,0
719114.10187685,719174.10187685,650,215,300,0,0
719174.10187685,719175.25371003,650,215,300,0,0
719175.25371003,719235.25371003,0,215,296.018518518519,0,0
719235.25371003,719295.25371003,0,215,292.037037037037,0,0
719295.25371003,719355.25371003,0,215,288.055555555556,0,0
719355.25371003,719415.25371003,0,215,284.074074074074,0,0
719415.25371003,719475.25371003,0,215,280.092592592593,0,0
719475.25371003,719535.25371003,0,215,276.111111111111,0,0
719535.25371003,719595.25371003,0,215,272.12962962963,0,0
719595.25371003,719655.25371003,0,215,268.148148148148,0,0
719655.25371003,719715.25371003,0,215,264.166666666667,0,0
719715.25371003,719775.25371003,0,215,260.185185185185,0,0
719775.25371003,719835.25371003,0,215,256.203703703704,0,0
719835.25371003,719895.25371003,0,215,252.222222222222,0,0
719895.25371003,719955.25371003,0,215,248.240740740741,0,0
719955.25371003,720015.25371003,0,215,244.259259259259,0,0
720015.25371003,720075.25371003,0,215,240.277777777778,0,0
720075.25371003,720135.25371003,0,215,236.296296296296,0,0
720135.25371003,720195.25371003,0,215,232.314814814815,0,0
720195.25371003,720243.598284357,0,215,229.106764357931,0,0
720243.598284357,720303.598284357,0,215,225.125282876449,0,0
720303.598284357,720363.598284357,0,215,221.143801394968,0,0
720363.598284357,720423.598284357,0,215,217.162319913486,0,0
720423.598284357,720483.598284357,0,215,213.180838432005,0,0
720483.598284357,720543.598284357,0,215,209.199356950523,0,0
720543.598284357,720603.598284357,0,215,205.217875469042,0,0
720603.598284357,720663.598284357,0,215,201.23639398756,0,0
720663.598284357,720723.598284357,0,215,197.254912506079,0,0
720723.598284357,720783.598284357,0,215,193.273431024597,0,0
720783.598284357,720843.598284357,0,215,189.291949543116,0,0
720843.598284357,720903.598284357,0,215,185.310468061634,0,0
720903.598284357,720963.598284357,0,215,181.328986580153,0,0
720963.598284357,721023.598284357,0,215,177.347505098671,0,0
721023.598284357,721083.598284357,0,215,173.36602361719,0,0
721083.598284357,721143.598284357,0,215,169.384542135708,0,0
721143.598284357,721203.598284357,0,215,165.403060654227,0,0
721203.598284357,721263.598284357,0,215,161.421579172745,0,0
721263.598284357,721311.942858684,0,215,158.213528715869,0,0
721311.942858684,721371.942858684,650,215,164.213528715869,0,0
721371.942858684,721431.942858684,650,215,170.213528715869,0,0
721431.942858684,721491.942858684,650,215,176.213528715869,0,0
721491.942858684,721551.942858684,650,215,182.213528715869,0,0
721551.942858684,721611.942858684,650,215,188.213528715869,0,0
721611.942858684,721671.942858684,650,215,194.213528715869,0,0
721671.942858684,721731.942858684,650,215,200.213528715869,0,0
721731.942858684,721791.942858684,650,215,206.213528715869,0,0
721791.942858684,721851.942858684,650,215,212.213528715869,0,0
721851.942858684,721911.942858684,650,215,218.213528715869,0,0
721911.942858684,721971.942858684,650,215,224.213528715869,0,0
721971.942858684,722031.942858684,650,215,230.213528715869,0,0
722031.942858684,722091.942858684,650,215,236.213528715869,0,0
722091.942858684,722151.942858684,650,215,242.213528715869,0,0
722151.942858684,722211.942858684,650,215,248.213528715869,0,0
722211.942858684,722271.942858684,650,215,254.213528715869,0,0
722271.942858684,722331.942858684,650,215,260.213528715869,0,0
722331.942858684,722391.942858684,650,215,266.213528715869,0,0
722391.942858684,722451.942858684,650,215,272.213528715869,0,0
722451.942858684,722511.942858684,650,215,278.213528715869,0,0
722511.942858684,722571.942858684,650,215,284.213528715869,0,0
722571.942858684,722631.942858684,650,215,290.213528715869,0,0
722631.942858684,722691.942858684,650,215,296.213528715869,0,0
722691.942858684,722751.942858684,650,215,300,0,0
722751.942858684,722811.942858684,650,215,300,0,0
722811.942858684,722871.942858684,650,215,300,0,0
722871.942858684,722931.942858684,650,215,300,0,0
722931.942858684,722991.942858684,650,215,300,0,0
722991.942858684,723051.942858684,650,215,300,0,0
723051.942858684,723111.942858684,650,215,300,0,0
723111.942858684,723113.094691865,650,215,300,0,0
723113.094691865,723173.094691865,650,215,300,0,0
723173.094691865,723233.094691865,650,215,300,0,0
723233.094691865,723293.094691865,650,215,300,0,0
723293.094691865,723353.094691865,650,215,300,0,0
723353.094691865,723413.094691865,650,215,300,0,0
723413.094691865,723473.094691865,650,215,300,0,0
723473.094691865,723533.094691865,650,215,300,0,0
723533.094691865,723593.094691865,650,215,300,0,0
723593.094691865,723653.094691865,650,215,300,0,0
723653.094691865,723713.094691865,650,215,300,0,0
723713.094691865,723773.094691865,650,215,300,0,0
723773.094691865,723833.094691865,650,215,300,0,0
723833.094691865,723893.094691865,650,215,300,0,0
723893.094691865,723953.094691865,650,215,300,0,0
723953.094691865,724013.094691865,650,215,300,0,0
724013.094691865,724073.094691865,650,215,300,0,0
724073.094691865,724133.094691865,650,215,300,0,0
724133.094691865,724193.094691865,650,215,300,0,0
724193.094691865,724253.094691865,650,215,300,0,0
724253.094691865,724313.094691865,650,215,300,0,0
724313.094691865,724373.094691865,650,215,300,0,0
724373.094691865,724433.094691865,650,215,300,0,0
724433.094691865,724493.094691865,650,215,300,0,0
724493.094691865,724553.094691865,650,215,300,0,0
724553.094691865,724613.094691865,650,215,300,0,0
724613.094691865,724673.094691865,650,215,300,0,0
724673.094691865,724733.094691865,650,215,300,0,0
724733.094691865,724793.094691865,650,215,300,0,0
724793.094691865,724853.094691865,650,215,300,0,0
724853.094691865,724913.094691865,650,215,300,0,0
724913.094691865,724914.246525045,650,215,300,0,0
724914.246525045,724974.246525045,0,215,296.018518518519,0,0
724974.246525045,725034.246525045,0,215,292.037037037037,0,0
725034.246525045,725094.246525045,0,215,288.055555555556,0,0
725094.246525045,725154.246525045,0,215,284.074074074074,0,0
725154.246525045,725214.246525045,0,215,280.092592592593,0,0
725214.246525045,725274.246525045,0,215,276.111111111111,0,0
725274.246525045,725334.246525045,0,215,272.12962962963,0,0
725334.246525045,725394.246525045,0,215,268.148148148148,0,0
725394.246525045,725454.246525045,0,215,264.166666666667,0,0
725454.246525045,725514.246525045,0,215,260.185185185185,0,0
725514.246525045,725574.246525045,0,215,256.203703703704,0,0
725574.246525045,725634.246525045,0,215,252.222222222222,0,0
725634.246525045,725694.246525045,0,215,248.240740740741,0,0
725694.246525045,725754.246525045,0,215,244.259259259259,0,0
725754.246525045,725814.246525045,0,215,240.277777777778,0,0
725814.246525045,725874.246525045,0,215,236.296296296296,0,0
725874.246525045,725934.246525045,0,215,232.314814814815,0,0
725934.246525045,725982.591099372,0,215,229.106764357931,0,0
725982.591099372,726042.591099372,0,215,225.125282876449,0,0
726042.591099372,726102.591099372,0,215,221.143801394968,0,0
726102.591099372,726162.591099372,0,215,217.162319913486,0,0
726162.591099372,726222.591099372,0,215,213.180838432005,0,0
726222.591099372,726282.591099372,0,215,209.199356950523,0,0
726282.591099372,726342.591099372,0,215,205.217875469042,0,0
726342.591099372,726402.591099372,0,215,201.23639398756,0,0
726402.591099372,726462.591099372,0,215,197.254912506079,0,0
726462.591099372,726522.591099372,0,215,193.273431024597,0,0
726522.591099372,726582.591099372,0,215,189.291949543116,0,0
726582.591099372,726642.591099372,0,215,185.310468061634,0,0
726642.591099372,726702.591099372,0,215,181.328986580153,0,0
726702.591099372,726762.591099372,0,215,177.347505098671,0,0
726762.591099372,726822.591099372,0,215,173.36602361719,0,0
726822.591099372,726882.591099372,0,215,169.384542135708,0,0
726882.591099372,726942.591099372,0,215,165.403060654227,0,0
726942.591099372,727002.591099372,0,215,161.421579172745,0,0
727002.591099372,727050.935673699,0,215,158.213528715869,0,0
727050.935673699,727110.935673699,650,215,164.213528715869,0,0
727110.935673699,727170.935673699,650,215,170.213528715869,0,0
727170.935673699,727230.935673699,650,215,176.213528715869,0,0
727230.935673699,727290.935673699,650,215,182.213528715869,0,0
727290.935673699,727350.935673699,650,215,188.213528715869,0,0
727350.935673699,727410.935673699,650,215,194.213528715869,0,0
727410.935673699,727470.935673699,650,215,200.213528715869,0,0
727470.935673699,727530.935673699,650,215,206.213528715869,0,0
727530.935673699,727590.935673699,650,215,212.213528715869,0,0
727590.935673699,727650.935673699,650,215,218.213528715869,0,0
727650.935673699,727710.935673699,650,215,224.213528715869,0,0
727710.935673699,727770.935673699,650,215,230.213528715869,0,0
727770.935673699,727830.935673699,650,215,236.213528715869,0,0
727830.935673699,727890.935673699,650,215,242.213528715869,0,0
727890.935673699,727950.935673699,650,215,248.213528715869,0,0
727950.935673699,728010.935673699,650,215,254.213528715869,0,0
728010.935673699,728070.935673699,650,215,260.213528715869,0,0
728070.935673699,728130.935673699,650,215,266.213528715869,0,0
728130.935673699,728190.935673699,650,215,272.213528715869,0,0
728190.935673699,728250.935673699,650,215,278.213528715869,0,0
728250.935673699,728310.935673699,650,215,284.213528715869,0,0
728310.935673699,728370.935673699,650,215,290.213528715869,0,0
728370.935673699,728430.935673699,650,215,296.213528715869,0,0
728430.935673699,728490.935673699,650,215,300,0,0
728490.935673699,728550.935673699,650,215,300,0,0
728550.935673699,728610.935673699,650,215,300,0,0
728610.935673699,728670.935673699,650,215,300,0,0
728670.935673699,728730.935673699,650,215,300,0,0
728730.935673699,728790.935673699,650,215,300,0,0
728790.935673699,728850.935673699,650,215,300,0,0
728850.935673699,728852.087506879,650,215,300,0,0
728852.087506879,728912.087506879,650,215,300,0,0
728912.087506879,728972.087506879,650,215,300,0,0
728972.087506879,729032.087506879,650,215,300,0,0
729032.087506879,729092.087506879,650,215,300,0,0
729092.087506879,729152.087506879,650,215,300,0,0
729152.087506879,729212.087506879,650,215,300,0,0
729212.087506879,729272.087506879,650,215,300,0,0
729272.087506879,729332.087506879,650,215,300,0,0
729332.087506879,729392.087506879,650,215,300,0,0
729392.087506879,729452.087506879,650,215,300,0,0
729452.087506879,729512.087506879,650,215,300,0,0
729512.087506879,729572.087506879,650,215,300,0,0
729572.087506879,729632.087506879,650,215,300,0,0
729632.087506879,729692.087506879,650,215,300,0,0
729692.087506879,729752.087506879,650,215,300,0,0
729752.087506879,729812.087506879,650,215,300,0,0
729812.087506879,729872.087506879,650,215,300,0,0
729872.087506879,729932.087506879,650,215,300,0,0
729932.087506879,729992.087506879,650,215,300,0,0
729992.087506879,730052.087506879,650,215,300,0,0
730052.087506879,730112.087506879,650,215,300,0,0
730112.087506879,730172.087506879,650,215,300,0,0
730172.087506879,730232.087506879,650,215,300,0,0
730232.087506879,730292.087506879,650,215,300,0,0
730292.087506879,730352.087506879,650,215,300,0,0
730352.087506879,730412.087506879,650,215,300,0,0
730412.087506879,730472.087506879,650,215,300,0,0
730472.087506879,730532.087506879,650,215,300,0,0
730532.087506879,730592.087506879,650,215,300,0,0
730592.087506879,730652.087506879,650,215,300,0,0
730652.087506879,730653.23934006,650,215,300,0,0
730653.23934006,730713.23934006,0,215,296.018518518519,0,0
730713.23934006,730773.23934006,0,215,292.037037037037,0,0
730773.23934006,730833.23934006,0,215,288.055555555556,0,0
730833.23934006,730893.23934006,0,215,284.074074074074,0,0
730893.23934006,730953.23934006,0,215,280.092592592593,0,0
730953.23934006,731013.23934006,0,215,276.111111111111,0,0
731013.23934006,731073.23934006,0,215,272.12962962963,0,0
731073.23934006,731133.23934006,0,215,268.148148148148,0,0
731133.23934006,731193.23934006,0,215,264.166666666667,0,0
731193.23934006,731253.23934006,0,215,260.185185185185,0,0
731253.23934006,731313.23934006,0,215,256.203703703704,0,0
731313.23934006,731373.23934006,0,215,252.222222222222,0,0
731373.23934006,731433.23934006,0,215,248.240740740741,0,0
731433.23934006,731493.23934006,0,215,244.259259259259,0,0
731493.23934006,731553.23934006,0,215,240.277777777778,0,0
731553.23934006,731613.23934006,0,215,236.296296296296,0,0
731613.23934006,731673.23934006,0,215,232.314814814815,0,0
731673.23934006,731721.583914387,0,215,229.106764357931,0,0
731721.583914387,731781.583914387,0,215,225.125282876449,0,0
731781.583914387,731841.583914387,0,215,221.143801394968,0,0
731841.583914387,731901.583914387,0,215,217.162319913486,0,0
731901.583914387,731961.583914387,0,215,213.180838432005,0,0
731961.583914387,732021.583914387,0,215,209.199356950523,0,0
732021.583914387,732081.583914387,0,215,205.217875469042,0,0
732081.583914387,732141.583914387,0,215,201.23639398756,0,0
732141.583914387,732201.583914387,0,215,197.254912506079,0,0
732201.583914387,732261.583914387,0,215,193.273431024597,0,0
732261.583914387,732321.583914387,0,215,189.291949543116,0,0
732321.583914387,732381.583914387,0,215,185.310468061634,0,0
732381.583914387,732441.583914387,0,215,181.328986580153,0,0
732441.583914387,732501.583914387,0,215,177.347505098671,0,0
732501.583914387,732561.583914387,0,215,173.36602361719,0,0
732561.583914387,732621.583914387,0,215,169.384542135708,0,0
732621.583914387,732681.583914387,0,215,165.403060654227,0,0
732681.583914387,732741.583914387,0,215,161.421579172745,0,0
732741.583914387,732789.928488714,0,215,158.213528715869,0,0
732789.928488714,732849.928488714,650,215,164.213528715869,0,0
732849.928488714,732909.928488714,650,215,170.213528715869,0,0
732909.928488714,732969.928488714,650,215,176.213528715869,0,0
732969.928488714,733029.928488714,650,215,182.213528715869,0,0
733029.928488714,733089.928488714,650,215,188.213528715869,0,0
733089.928488714,733149.928488714,650,215,194.213528715869,0,0
733149.928488714,733209.928488714,650,215,200.213528715869,0,0
733209.928488714,733269.928488714,650,215,206.213528715869,0,0
733269.928488714,733329.928488714,650,215,212.213528715869,0,0
733329.928488714,733389.928488714,650,215,218.213528715869,0,0
733389.928488714,733449.928488714,650,215,224.213528715869,0,0
733449.928488714,733509.928488714,650,215,230.213528715869,0,0
733509.928488714,733569.928488714,650,215,236.213528715869,0,0
733569.928488714,733629.928488714,650,215,242.213528715869,0,0
733629.928488714,733689.928488714,650,215,248.213528715869,0,0
733689.928488714,733749.928488714,650,215,254.213528715869,0,0
733749.928488714,733809.928488714,650,215,260.213528715869,0,0
733809.928488714,733869.928488714,650,215,266.213528715869,0,0
733869.928488714,733929.928488714,650,215,272.213528715869,0,0
733929.928488714,733989.928488714,650,215,278.213528715869,0,0
733989.928488714,734049.928488714,650,215,284.213528715869,0,0
734049.928488714,734109.928488714,650,215,290.213528715869,0,0
734109.928488714,734169.928488714,650,215,296.213528715869,0,0
734169.928488714,734229.928488714,650,215,300,0,0
734229.928488714,734289.928488714,650,215,300,0,0
734289.928488714,734349.928488714,650,215,300,0,0
734349.928488714,734409.928488714,650,215,300,0,0
734409.928488714,734469.928488714,650,215,300,0,0
734469.928488714,734529.928488714,650,215,300,0,0
734529.928488714,734589.928488714,650,215,300,0,0
734589.928488714,734591.080321894,650,215,300,0,0
734591.080321894,734651.080321894,650,215,300,0,0
734651.080321894,734711.080321894,650,215,300,0,0
734711.080321894,734771.080321894,650,215,300,0,0
734771.080321894,734831.080321894,650,215,300,0,0
734831.080321894,734891.080321894,650,215,300,0,0
734891.080321894,734951.080321894,650,215,300,0,0
734951.080321894,735011.080321894,650,215,300,0,0
735011.080321894,735071.080321894,650,215,300,0,0
735071.080321894,735131.080321894,650,215,300,0,0
735131.080321894,735191.080321894,650,215,300,0,0
735191.080321894,735251.080321894,650,215,300,0,0
735251.080321894,735311.080321894,650,215,300,0,0
735311.080321894,735371.080321894,650,215,300,0,0
735371.080321894,735431.080321894,650,215,300,0,0
735431.080321894,735491.080321894,650,215,300,0,0
735491.080321894,735551.080321894,650,215,300,0,0
735551.080321894,735611.080321894,650,215,300,0,0
735611.080321894,735671.080321894,650,215,300,0,0
735671.080321894,735731.080321894,650,215,300,0,0
735731.080321894,735791.080321894,650,215,300,0,0
735791.080321894,735851.080321894,650,215,300,0,0
735851.080321894,735911.080321894,650,215,300,0,0
735911.080321894,735971.080321894,650,215,300,0,0
735971.080321894,736031.080321894,650,215,300,0,0
736031.080321894,736091.080321894,650,215,300,0,0
736091.080321894,736151.080321894,650,215,300,0,0
736151.080321894,736211.080321894,650,215,300,0,0
736211.080321894,736271.080321894,650,215,300,0,0
736271.080321894,736331.080321894,650,215,300,0,0
736331.080321894,736391.080321894,650,215,300,0,0
736391.080321894,736392.232155075,650,215,300,0,0
736392.232155075,736452.232155075,0,215,296.018518518519,0,0
736452.232155075,736512.232155075,0,215,292.037037037037,0,0
736512.232155075,736572.232155075,0,215,288.055555555556,0,0
736572.232155075,736632.232155075,0,215,284.074074074074,0,0
736632.232155075,736692.232155075,0,215,280.092592592593,0,0
736692.232155075,736752.232155075,0,215,276.111111111111,0,0
736752.232155075,736812.232155075,0,215,272.12962962963,0,0
736812.232155075,736872.232155075,0,215,268.148148148148,0,0
736872.232155075,736932.232155075,0,215,264.166666666667,0,0
736932.232155075,736992.232155075,0,215,260.185185185185,0,0
736992.232155075,737052.232155075,0,215,256.203703703704,0,0
737052.232155075,737112.232155075,0,215,252.222222222222,0,0
737112.232155075,737172.232155075,0,215,248.240740740741,0,0
737172.232155075,737232.232155075,0,215,244.259259259259,0,0
737232.232155075,737292.232155075,0,215,240.277777777778,0,0
737292.232155075,737352.232155075,0,215,236.296296296296,0,0
737352.232155075,737412.232155075,0,215,232.314814814815,0,0
737412.232155075,737460.576729402,0,215,229.106764357931,0,0
737460.576729402,737520.576729402,0,215,225.125282876449,0,0
737520.576729402,737580.576729402,0,215,221.143801394968,0,0
737580.576729402,737640.576729402,0,215,217.162319913486,0,0
737640.576729402,737700.576729402,0,215,213.180838432005,0,0
737700.576729402,737760.576729402,0,215,209.199356950523,0,0
737760.576729402,737820.576729402,0,215,205.217875469042,0,0
737820.576729402,737880.576729402,0,215,201.23639398756,0,0
737880.576729402,737940.576729402,0,215,197.254912506079,0,0
737940.576729402,738000.576729402,0,215,193.273431024597,0,0
738000.576729402,738060.576729402,0,215,189.291949543116,0,0
738060.576729402,738120.576729402,0,215,185.310468061634,0,0
738120.576729402,738180.576729402,0,215,181.328986580153,0,0
738180.576729402,738240.576729402,0,215,177.347505098671,0,0
738240.576729402,738300.576729402,0,215,173.36602361719,0,0
738300.576729402,738360.576729402,0,215,169.384542135708,0,0
738360.576729402,738420.576729402,0,215,165.403060654227,0,0
738420.576729402,738480.576729402,0,215,161.421579172745,0,0
738480.576729402,738528.921303728,0,215,158.213528715869,0,0
738528.921303728,738588.921303728,650,215,164.213528715869,0,0
738588.921303728,738648.921303728,650,215,170.213528715869,0,0
738648.921303728,738708.921303728,650,215,176.213528715869,0,0
738708.921303728,738768.921303728,650,215,182.213528715869,0,0
738768.921303728,738828.921303728,650,215,188.213528715869,0,0
738828.921303728,738888.921303728,650,215,194.213528715869,0,0
738888.921303728,738948.921303728,650,215,200.213528715869,0,0
738948.921303728,739008.921303728,650,215,206.213528715869,0,0
739008.921303728,739068.921303728,650,215,212.213528715869,0,0
739068.921303728,739128.921303728,650,215,218.213528715869,0,0
739128.921303728,739188.921303728,650,215,224.213528715869,0,0
739188.921303728,739248.921303728,650,215,230.213528715869,0,0
739248.921303728,739308.921303728,650,215,236.213528715869,0,0
739308.921303728,739368.921303728,650,215,242.213528715869,0,0
739368.921303728,739428.921303728,650,215,248.213528715869,0,0
739428.921303728,739488.921303728,650,215,254.213528715869,0,0
739488.921303728,739548.921303728,650,215,260.213528715869,0,0
739548.921303728,739608.921303728,650,215,266.213528715869,0,0
739608.921303728,739668.921303728,650,215,272.213528715869,0,0
739668.921303728,739728.921303728,650,215,278.213528715869,0,0
739728.921303728,739788.921303728,650,215,284.213528715869,0,0
739788.921303728,739848.921303728,650,215,290.213528715869,0,0
739848.921303728,739908.921303728,650,215,296.213528715869,0,0
739908.921303728,739968.921303728,650,215,300,0,0
739968.921303728,740028.921303728,650,215,300,0,0
740028.921303728,740088.921303728,650,215,300,0,0
740088.921303728,740148.921303728,650,215,300,0,0
740148.921303728,740208.921303728,650,215,300,0,0
740208.921303728,740268.921303728,650,215,300,0,0
740268.921303728,740328.921303728,650,215,300,0,0
740328.921303728,740330.073136909,650,215,300,0,0
740330.073136909,740390.073136909,650,215,300,0,0
740390.073136909,740450.073136909,650,215,300,0,0
740450.073136909,740510.073136909,650,215,300,0,0
740510.073136909,740570.073136909,650,215,300,0,0
740570.073136909,740630.073136909,650,215,300,0,0
740630.073136909,740690.073136909,650,215,300,0,0
740690.073136909,740750.073136909,650,215,300,0,0
740750.073136909,740810.073136909,650,215,300,0,0
740810.073136909,740870.073136909,650,215,300,0,0
740870.073136909,740930.073136909,650,215,300,0,0
740930.073136909,740990.073136909,650,215,300,0,0
740990.073136909,741050.073136909,650,215,300,0,0
741050.073136909,741110.073136909,650,215,300,0,0
741110.073136909,741170.073136909,650,215,300,0,0
741170.073136909,741230.073136909,650,215,300,0,0
741230.073136909,741290.073136909,650,215,300,0,0
741290.073136909,741350.073136909,650,215,300,0,0
741350.073136909,741410.073136909,650,215,300,0,0
741410.073136909,741470.073136909,650,215,300,0,0
741470.073136909,741530.073136909,650,215,300,0,0
741530.073136909,741590.073136909,650,215,300,0,0
741590.073136909,741650.073136909,650,215,300,0,0
741650.073136909,741710.073136909,650,215,300,0,0
741710.073136909,741770.073136909,650,215,300,0,0
741770.073136909,741830.073136909,650,215,300,0,0
741830.073136909,741890.073136909,650,215,300,0,0
741890.073136909,741950.073136909,650,215,300,0,0
741950.073136909,742010.073136909,650,215,300,0,0
742010.073136909,742070.073136909,650,215,300,0,0
742070.073136909,742130.073136909,650,215,300,0,0
742130.073136909,742131.224970089,650,215,300,0,0
742131.224970089,742191.224970089,0,215,296.018518518519,0,0
742191.224970089,742251.224970089,0,215,292.037037037037,0,0
742251.224970089,742311.224970089,0,215,288.055555555556,0,0
742311.224970089,742371.224970089,0,215,284.074074074074,0,0
742371.224970089,742431.224970089,0,215,280.092592592593,0,0
742431.224970089,742491.224970089,0,215,276.111111111111,0,0
742491.224970089,742551.224970089,0,215,272.12962962963,0,0
742551.224970089,742611.224970089,0,215,268.148148148148,0,0
742611.224970089,742671.224970089,0,215,264.166666666667,0,0
742671.224970089,742731.224970089,0,215,260.185185185185,0,0
742731.224970089,742791.224970089,0,215,256.203703703704,0,0
742791.224970089,742851.224970089,0,215,252.222222222222,0,0
742851.224970089,742911.224970089,0,215,248.240740740741,0,0
742911.224970089,742971.224970089,0,215,244.259259259259,0,0
742971.224970089,743031.224970089,0,215,240.277777777778,0,0
743031.224970089,743091.224970089,0,215,236.296296296296,0,0
743091.224970089,743151.224970089,0,215,232.314814814815,0,0
743151.224970089,743199.569544416,0,215,229.106764357931,0,0
743199.569544416,743259.569544416,0,215,225.125282876449,0,0
743259.569544416,743319.569544416,0,215,221.143801394968,0,0
743319.569544416,743379.569544416,0,215,217.162319913486,0,0
743379.569544416,743439.569544416,0,215,213.180838432005,0,0
743439.569544416,743499.569544416,0,215,209.199356950523,0,0
743499.569544416,743559.569544416,0,215,205.217875469042,0,0
743559.569544416,743619.569544416,0,215,201.23639398756,0,0
743619.569544416,743679.569544416,0,215,197.254912506079,0,0
743679.569544416,743739.569544416,0,215,193.273431024597,0,0
743739.569544416,743799.569544416,0,215,189.291949543116,0,0
743799.569544416,743859.569544416,0,215,185.310468061634,0,0
743859.569544416,743919.569544416,0,215,181.328986580153,0,0
743919.569544416,743979.569544416,0,215,177.347505098671,0,0
743979.569544416,744039.569544416,0,215,173.36602361719,0,0
744039.569544416,744099.569544416,0,215,169.384542135708,0,0
744099.569544416,744159.569544416,0,215,165.403060654227,0,0
744159.569544416,744219.569544416,0,215,161.421579172745,0,0
744219.569544416,744267.914118743,0,215,158.213528715869,0,0
744267.914118743,744327.914118743,650,215,164.213528715869,0,0
744327.914118743,744387.914118743,650,215,170.213528715869,0,0
744387.914118743,744447.914118743,650,215,176.213528715869,0,0
744447.914118743,744507.914118743,650,215,182.213528715869,0,0
744507.914118743,744567.914118743,650,215,188.213528715869,0,0
744567.914118743,744627.914118743,650,215,194.213528715869,0,0
744627.914118743,744687.914118743,650,215,200.213528715869,0,0
744687.914118743,744747.914118743,650,215,206.213528715869,0,0
744747.914118743,744807.914118743,650,215,212.213528715869,0,0
744807.914118743,744867.914118743,650,215,218.213528715869,0,0
744867.914118743,744927.914118743,650,215,224.213528715869,0,0
744927.914118743,744987.914118743,650,215,230.213528715869,0,0
744987.914118743,745047.914118743,650,215,236.213528715869,0,0
745047.914118743,745107.914118743,650,215,242.213528715869,0,0
745107.914118743,745167.914118743,650,215,248.213528715869,0,0
745167.914118743,745227.914118743,650,215,254.213528715869,0,0
745227.914118743,745287.914118743,650,215,260.213528715869,0,0
745287.914118743,745347.914118743,650,215,266.213528715869,0,0
745347.914118743,745407.914118743,650,215,272.213528715869,0,0
745407.914118743,745467.914118743,650,215,278.213528715869,0,0
745467.914118743,745527.914118743,650,215,284.213528715869,0,0
745527.914118743,745587.914118743,650,215,290.213528715869,0,0
745587.914118743,745647.914118743,650,215,296.213528715869,0,0
745647.914118743,745707.914118743,650,215,300,0,0
745707.914118743,745767.914118743,650,215,300,0,0
745767.914118743,745827.914118743,650,215,300,0,0
745827.914118743,745887.914118743,650,215,300,0,0
745887.914118743,745947.914118743,650,215,300,0,0
745947.914118743,746007.914118743,650,215,300,0,0
746007.914118743,746067.914118743,650,215,300,0,0
746067.914118743,746069.065951924,650,215,300,0,0
746069.065951924,746129.065951924,650,215,300,0,0
746129.065951924,746189.065951924,650,215,300,0,0
746189.065951924,746249.065951924,650,215,300,0,0
746249.065951924,746309.065951924,650,215,300,0,0
746309.065951924,746369.065951924,650,215,300,0,0
746369.065951924,746429.065951924,650,215,300,0,0
746429.065951924,746489.065951924,650,215,300,0,0
746489.065951924,746549.065951924,650,215,300,0,0
746549.065951924,746609.065951924,650,215,300,0,0
746609.065951924,746669.065951924,650,215,300,0,0
746669.065951924,746729.065951924,650,215,300,0,0
746729.065951924,746789.065951924,650,215,300,0,0
746789.065951924,746849.065951924,650,215,300,0,0
746849.065951924,746909.065951924,650,215,300,0,0
746909.065951924,746969.065951924,650,215,300,0,0
746969.065951924,747029.065951924,650,215,300,0,0
747029.065951924,747089.065951924,650,215,300,0,0
747089.065951924,747149.065951924,650,215,300,0,0
747149.065951924,747209.065951924,650,215,300,0,0
747209.065951924,747269.065951924,650,215,300,0,0
747269.065951924,747329.065951924,650,215,300,0,0
747329.065951924,747389.065951924,650,215,300,0,0
747389.065951924,747449.065951924,650,215,300,0,0
747449.065951924,747509.065951924,650,215,300,0,0
747509.065951924,747569.065951924,650,215,300,0,0
747569.065951924,747629.065951924,650,215,300,0,0
747629.065951924,747689.065951924,650,215,300,0,0
747689.065951924,747749.065951924,650,215,300,0,0
747749.065951924,747809.065951924,650,215,300,0,0
747809.065951924,747869.065951924,650,215,300,0,0
747869.065951924,747870.217785104,650,215,300,0,0
747870.217785104,747930.217785104,0,215,296.018518518519,0,0
747930.217785104,747990.217785104,0,215,292.037037037037,0,0
747990.217785104,748050.217785104,0,215,288.055555555556,0,0
748050.217785104,748110.217785104,0,215,284.074074074074,0,0
748110.217785104,748170.217785104,0,215,280.092592592593,0,0
748170.217785104,748230.217785104,0,215,276.111111111111,0,0
748230.217785104,748290.217785104,0,215,272.12962962963,0,0
748290.217785104,748350.217785104,0,215,268.148148148148,0,0
748350.217785104,748410.217785104,0,215,264.166666666667,0,0
748410.217785104,748470.217785104,0,215,260.185185185185,0,0
748470.217785104,748530.217785104,0,215,256.203703703704,0,0
748530.217785104,748590.217785104,0,215,252.222222222222,0,0
748590.217785104,748650.217785104,0,215,248.240740740741,0,0
748650.217785104,748710.217785104,0,215,244.259259259259,0,0
748710.217785104,748770.217785104,0,215,240.277777777778,0,0
748770.217785104,748830.217785104,0,215,236.296296296296,0,0
748830.217785104,748890.217785104,0,215,232.314814814815,0,0
748890.217785104,748938.562359431,0,215,229.106764357931,0,0
748938.562359431,748998.562359431,0,215,225.125282876449,0,0
748998.562359431,749058.562359431,0,215,221.143801394968,0,0
749058.562359431,749118.562359431,0,215,217.162319913486,0,0
749118.562359431,749178.562359431,0,215,213.180838432005,0,0
749178.562359431,749238.562359431,0,215,209.199356950523,0,0
749238.562359431,749298.562359431,0,215,205.217875469042,0,0
749298.562359431,749358.562359431,0,215,201.23639398756,0,0
749358.562359431,749418.562359431,0,215,197.254912506079,0,0
749418.562359431,749478.562359431,0,215,193.273431024597,0,0
749478.562359431,749538.562359431,0,215,189.291949543116,0,0
749538.562359431,749598.562359431,0,215,185.310468061634,0,0
749598.562359431,749658.562359431,0,215,181.328986580153,0,0
749658.562359431,749718.562359431,0,215,177.347505098671,0,0
749718.562359431,749778.562359431,0,215,173.36602361719,0,0
749778.562359431,749838.562359431,0,215,169.384542135708,0,0
749838.562359431,749898.562359431,0,215,165.403060654227,0,0
749898.562359431,749958.562359431,0,215,161.421579172745,0,0
749958.562359431,750006.906933758,0,215,158.213528715869,0,0
750006.906933758,750066.906933758,650,215,164.213528715869,0,0
750066.906933758,750126.906933758,650,215,170.213528715869,0,0
750126.906933758,750186.906933758,650,215,176.213528715869,0,0
750186.906933758,750246.906933758,650,215,182.213528715869,0,0
750246.906933758,750306.906933758,650,215,188.213528715869,0,0
750306.906933758,750366.906933758,650,215,194.213528715869,0,0
750366.906933758,750426.906933758,650,215,200.213528715869,0,0
750426.906933758,750486.906933758,650,215,206.213528715869,0,0
750486.906933758,750546.906933758,650,215,212.213528715869,0,0
750546.906933758,750606.906933758,650,215,218.213528715869,0,0
750606.906933758,750666.906933758,650,215,224.213528715869,0,0
750666.906933758,750726.906933758,650,215,230.213528715869,0,0
750726.906933758,750786.906933758,650,215,236.213528715869,0,0
750786.906933758,750846.906933758,650,215,242.213528715869,0,0
750846.906933758,750906.906933758,650,215,248.213528715869,0,0
750906.906933758,750966.906933758,650,215,254.213528715869,0,0
750966.906933758,751026.906933758,650,215,260.213528715869,0,0
751026.906933758,751086.906933758,650,215,266.213528715869,0,0
751086.906933758,751146.906933758,650,215,272.213528715869,0,0
751146.906933758,751206.906933758,650,215,278.213528715869,0,0
751206.906933758,751266.906933758,650,215,284.213528715869,0,0
751266.906933758,751326.906933758,650,215,290.213528715869,0,0
751326.906933758,751386.906933758,650,215,296.213528715869,0,0
751386.906933758,751446.906933758,650,215,300,0,0
751446.906933758,751506.906933758,650,215,300,0,0
751506.906933758,751566.906933758,650,215,300,0,0
751566.906933758,751626.906933758,650,215,300,0,0
751626.906933758,751686.906933758,650,215,300,0,0
751686.906933758,751746.906933758,650,215,300,0,0
751746.906933758,751806.906933758,650,215,300,0,0
751806.906933758,751808.058766939,650,215,300,0,0
751808.058766939,751868.058766939,650,215,300,0,0
751868.058766939,751928.058766939,650,215,300,0,0
751928.058766939,751988.058766939,650,215,300,0,0
751988.058766939,752048.058766939,650,215,300,0,0
752048.058766939,752108.058766939,650,215,300,0,0
752108.058766939,752168.058766939,650,215,300,0,0
752168.058766939,752228.058766939,650,215,300,0,0
752228.058766939,752288.058766939,650,215,300,0,0
752288.058766939,752348.058766939,650,215,300,0,0
752348.058766939,752408.058766939,650,215,300,0,0
752408.058766939,752468.058766939,650,215,300,0,0
752468.058766939,752528.058766939,650,215,300,0,0
752528.058766939,752588.058766939,650,215,300,0,0
752588.058766939,752648.058766939,650,215,300,0,0
752648.058766939,752708.058766939,650,215,300,0,0
752708.058766939,752768.058766939,650,215,300,0,0
752768.058766939,752828.058766939,650,215,300,0,0
752828.058766939,752888.058766939,650,215,300,0,0
752888.058766939,752948.058766939,650,215,300,0,0
752948.058766939,753008.058766939,650,215,300,0,0
753008.058766939,753068.058766939,650,215,300,0,0
753068.058766939,753128.058766939,650,215,300,0,0
753128.058766939,753188.058766939,650,215,300,0,0
753188.058766939,753248.058766939,650,215,300,0,0
753248.058766939,753308.058766939,650,215,300,0,0
753308.058766939,753368.058766939,650,215,300,0,0
753368.058766939,753428.058766939,650,215,300,0,0
753428.058766939,753488.058766939,650,215,300,0,0
753488.058766939,753548.058766939,650,215,300,0,0
753548.058766939,753608.058766939,650,215,300,0,0
753608.058766939,753609.210600119,650,215,300,0,0
753609.210600119,753669.210600119,0,215,296.018518518519,0,0
753669.210600119,753729.210600119,0,215,292.037037037037,0,0
753729.210600119,753789.210600119,0,215,288.055555555556,0,0
753789.210600119,753849.210600119,0,215,284.074074074074,0,0
753849.210600119,753909.210600119,0,215,280.092592592593,0,0
753909.210600119,753969.210600119,0,215,276.111111111111,0,0
753969.210600119,754029.210600119,0,215,272.12962962963,0,0
754029.210600119,754089.210600119,0,215,268.148148148148,0,0
754089.210600119,754149.210600119,0,215,264.166666666667,0,0
754149.210600119,754209.210600119,0,215,260.185185185185,0,0
754209.210600119,754269.210600119,0,215,256.203703703704,0,0
754269.210600119,754329.210600119,0,215,252.222222222222,0,0
754329.210600119,754389.210600119,0,215,248.240740740741,0,0
754389.210600119,754449.210600119,0,215,244.259259259259,0,0
754449.210600119,754509.210600119,0,215,240.277777777778,0,0
754509.210600119,754569.210600119,0,215,236.296296296296,0,0
754569.210600119,754629.210600119,0,215,232.314814814815,0,0
754629.210600119,754677.555174446,0,215,229.106764357931,0,0
754677.555174446,754737.555174446,0,215,225.125282876449,0,0
754737.555174446,754797.555174446,0,215,221.143801394968,0,0
754797.555174446,754857.555174446,0,215,217.162319913486,0,0
754857.555174446,754917.555174446,0,215,213.180838432005,0,0
754917.555174446,754977.555174446,0,215,209.199356950523,0,0
754977.555174446,755037.555174446,0,215,205.217875469042,0,0
755037.555174446,755097.555174446,0,215,201.23639398756,0,0
755097.555174446,755157.555174446,0,215,197.254912506079,0,0
755157.555174446,755217.555174446,0,215,193.273431024597,0,0
755217.555174446,755277.555174446,0,215,189.291949543116,0,0
755277.555174446,755337.555174446,0,215,185.310468061634,0,0
755337.555174446,755397.555174446,0,215,181.328986580153,0,0
755397.555174446,755457.555174446,0,215,177.347505098671,0,0
755457.555174446,755517.555174446,0,215,173.36602361719,0,0
755517.555174446,755577.555174446,0,215,169.384542135708,0,0
755577.555174446,755637.555174446,0,215,165.403060654227,0,0
755637.555174446,755697.555174446,0,215,161.421579172745,0,0
755697.555174446,755745.899748773,0,215,158.213528715869,0,0
755745.899748773,755805.899748773,650,215,164.213528715869,0,0
755805.899748773,755865.899748773,650,215,170.213528715869,0,0
755865.899748773,755925.899748773,650,215,176.213528715869,0,0
755925.899748773,755985.899748773,650,215,182.213528715869,0,0
755985.899748773,756045.899748773,650,215,188.213528715869,0,0
756045.899748773,756105.899748773,650,215,194.213528715869,0,0
756105.899748773,756165.899748773,650,215,200.213528715869,0,0
756165.899748773,756225.899748773,650,215,206.213528715869,0,0
756225.899748773,756285.899748773,650,215,212.213528715869,0,0
756285.899748773,756345.899748773,650,215,218.213528715869,0,0
756345.899748773,756405.899748773,650,215,224.213528715869,0,0
756405.899748773,756465.899748773,650,215,230.213528715869,0,0
756465.899748773,756525.899748773,650,215,236.213528715869,0,0
756525.899748773,756585.899748773,650,215,242.213528715869,0,0
756585.899748773,756645.899748773,650,215,248.213528715869,0,0
756645.899748773,756705.899748773,650,215,254.213528715869,0,0
756705.899748773,756765.899748773,650,215,260.213528715869,0,0
756765.899748773,756825.899748773,650,215,266.213528715869,0,0
756825.899748773,756885.899748773,650,215,272.213528715869,0,0
756885.899748773,756945.899748773,650,215,278.213528715869,0,0
756945.899748773,757005.899748773,650,215,284.213528715869,0,0
757005.899748773,757065.899748773,650,215,290.213528715869,0,0
757065.899748773,757125.899748773,650,215,296.213528715869,0,0
757125.899748773,757185.899748773,650,215,300,0,0
757185.899748773,757245.899748773,650,215,300,0,0
757245.899748773,757305.899748773,650,215,300,0,0
757305.899748773,757365.899748773,650,215,300,0,0
757365.899748773,757425.899748773,650,215,300,0,0
757425.899748773,757485.899748773,650,215,300,0,0
757485.899748773,757545.899748773,650,215,300,0,0
757545.899748773,757547.051581953,650,215,300,0,0
757547.051581953,757607.051581953,650,215,300,0,0
757607.051581953,757667.051581953,650,215,300,0,0
757667.051581953,757727.051581953,650,215,300,0,0
757727.051581953,757787.051581953,650,215,300,0,0
757787.051581953,757847.051581953,650,215,300,0,0
757847.051581953,757907.051581953,650,215,300,0,0
757907.051581953,757967.051581953,650,215,300,0,0
757967.051581953,758027.051581953,650,215,300,0,0
758027.051581953,758087.051581953,650,215,300,0,0
758087.051581953,758147.051581953,650,215,300,0,0
758147.051581953,758207.051581953,650,215,300,0,0
758207.051581953,758267.051581953,650,215,300,0,0
758267.051581953,758327.051581953,650,215,300,0,0
758327.051581953,758387.051581953,650,215,300,0,0
758387.051581953,758447.051581953,650,215,300,0,0
758447.051581953,758507.051581953,650,215,300,0,0
758507.051581953,758567.051581953,650,215,300,0,0
758567.051581953,758627.051581953,650,215,300,0,0
758627.051581953,758687.051581953,650,215,300,0,0
758687.051581953,758747.051581953,650,215,300,0,0
758747.051581953,758807.051581953,650,215,300,0,0
758807.051581953,758867.051581953,650,215,300,0,0
758867.051581953,758927.051581953,650,215,300,0,0
758927.051581953,758987.051581953,650,215,300,0,0
758987.051581953,759047.051581953,650,215,300,0,0
759047.051581953,759107.051581953,650,215,300,0,0
759107.051581953,759167.051581953,650,215,300,0,0
759167.051581953,759227.051581953,650,215,300,0,0
759227.051581953,759287.051581953,650,215,300,0,0
759287.051581953,759347.051581953,650,215,300,0,0
759347.051581953,759348.203415134,650,215,300,0,0
759348.203415134,759408.203415134,0,215,296.018518518519,0,0
759408.203415134,759468.203415134,0,215,292.037037037037,0,0
759468.203415134,759528.203415134,0,215,288.055555555556,0,0
759528.203415134,759588.203415134,0,215,284.074074074074,0,0
759588.203415134,759648.203415134,0,215,280.092592592593,0,0
759648.203415134,759708.203415134,0,215,276.111111111111,0,0
759708.203415134,759768.203415134,0,215,272.12962962963,0,0
759768.203415134,759828.203415134,0,215,268.148148148148,0,0
759828.203415134,759888.203415134,0,215,264.166666666667,0,0
759888.203415134,759948.203415134,0,215,260.185185185185,0,0
759948.203415134,760008.203415134,0,215,256.203703703704,0,0
760008.203415134,760068.203415134,0,215,252.222222222222,0,0
760068.203415134,760128.203415134,0,215,248.240740740741,0,0
760128.203415134,760188.203415134,0,215,244.259259259259,0,0
760188.203415134,760248.203415134,0,215,240.277777777778,0,0
760248.203415134,760308.203415134,0,215,236.296296296296,0,0
760308.203415134,760368.203415134,0,215,232.314814814815,0,0
760368.203415134,760416.547989461,0,215,229.106764357931,0,0
760416.547989461,760476.547989461,0,215,225.125282876449,0,0
760476.547989461,760536.547989461,0,215,221.143801394968,0,0
760536.547989461,760596.547989461,0,215,217.162319913486,0,0
760596.547989461,760656.547989461,0,215,213.180838432005,0,0
760656.547989461,760716.547989461,0,215,209.199356950523,0,0
760716.547989461,760776.547989461,0,215,205.217875469042,0,0
760776.547989461,760836.547989461,0,215,201.23639398756,0,0
760836.547989461,760896.547989461,0,215,197.254912506079,0,0
760896.547989461,760956.547989461,0,215,193.273431024597,0,0
760956.547989461,761016.547989461,0,215,189.291949543116,0,0
761016.547989461,761076.547989461,0,215,185.310468061634,0,0
761076.547989461,761136.547989461,0,215,181.328986580153,0,0
761136.547989461,761196.547989461,0,215,177.347505098671,0,0
761196.547989461,761256.547989461,0,215,173.36602361719,0,0
761256.547989461,761316.547989461,0,215,169.384542135708,0,0
761316.547989461,761376.547989461,0,215,165.403060654227,0,0
761376.547989461,761436.547989461,0,215,161.421579172745,0,0
761436.547989461,761484.892563788,0,215,158.213528715869,0,0
761484.892563788,761544.892563788,650,215,164.213528715869,0,0
761544.892563788,761604.892563788,650,215,170.213528715869,0,0
761604.892563788,761664.892563788,650,215,176.213528715869,0,0
761664.892563788,761724.892563788,650,215,182.213528715869,0,0
761724.892563788,761784.892563788,650,215,188.213528715869,0,0
761784.892563788,761844.892563788,650,215,194.213528715869,0,0
761844.892563788,761904.892563788,650,215,200.213528715869,0,0
761904.892563788,761964.892563788,650,215,206.213528715869,0,0
761964.892563788,762024.892563788,650,215,212.213528715869,0,0
762024.892563788,762084.892563788,650,215,218.213528715869,0,0
762084.892563788,762144.892563788,650,215,224.213528715869,0,0
762144.892563788,762204.892563788,650,215,230.213528715869,0,0
762204.892563788,762264.892563788,650,215,236.213528715869,0,0
762264.892563788,762324.892563788,650,215,242.213528715869,0,0
762324.892563788,762384.892563788,650,215,248.213528715869,0,0
762384.892563788,762444.892563788,650,215,254.213528715869,0,0
762444.892563788,762504.892563788,650,215,260.213528715869,0,0
762504.892563788,762564.892563788,650,215,266.213528715869,0,0
762564.892563788,762624.892563788,650,215,272.213528715869,0,0
762624.892563788,762684.892563788,650,215,278.213528715869,0,0
762684.892563788,762744.892563788,650,215,284.213528715869,0,0
762744.892563788,762804.892563788,650,215,290.213528715869,0,0
762804.892563788,762864.892563788,650,215,296.213528715869,0,0
762864.892563788,762924.892563788,650,215,300,0,0
762924.892563788,762984.892563788,650,215,300,0,0
762984.892563788,763044.892563788,650,215,300,0,0
763044.892563788,763104.892563788,650,215,300,0,0
763104.892563788,763164.892563788,650,215,300,0,0
763164.892563788,763224.892563788,650,215,300,0,0
763224.892563788,763284.892563788,650,215,300,0,0
763284.892563788,763286.044396968,650,215,300,0,0
763286.044396968,763346.044396968,650,215,300,0,0
763346.044396968,763406.044396968,650,215,300,0,0
763406.044396968,763466.044396968,650,215,300,0,0
763466.044396968,763526.044396968,650,215,300,0,0
763526.044396968,763586.044396968,650,215,300,0,0
763586.044396968,763646.044396968,650,215,300,0,0
763646.044396968,763706.044396968,650,215,300,0,0
763706.044396968,763766.044396968,650,215,300,0,0
763766.044396968,763826.044396968,650,215,300,0,0
763826.044396968,763886.044396968,650,215,300,0,0
763886.044396968,763946.044396968,650,215,300,0,0
763946.044396968,764006.044396968,650,215,300,0,0
764006.044396968,764066.044396968,650,215,300,0,0
764066.044396968,764126.044396968,650,215,300,0,0
764126.044396968,764186.044396968,650,215,300,0,0
764186.044396968,764246.044396968,650,215,300,0,0
764246.044396968,764306.044396968,650,215,300,0,0
764306.044396968,764366.044396968,650,215,300,0,0
764366.044396968,764426.044396968,650,215,300,0,0
764426.044396968,764486.044396968,650,215,300,0,0
764486.044396968,764546.044396968,650,215,300,0,0
764546.044396968,764606.044396968,650,215,300,0,0
764606.044396968,764666.044396968,650,215,300,0,0
764666.044396968,764726.044396968,650,215,300,0,0
764726.044396968,764786.044396968,650,215,300,0,0
764786.044396968,764846.044396968,650,215,300,0,0
764846.044396968,764906.044396968,650,215,300,0,0
764906.044396968,764966.044396968,650,215,300,0,0
764966.044396968,765026.044396968,650,215,300,0,0
765026.044396968,765086.044396968,650,215,300,0,0
765086.044396968,765087.196230149,650,215,300,0,0
765087.196230149,765147.196230149,0,215,296.018518518519,0,0
765147.196230149,765207.196230149,0,215,292.037037037037,0,0
765207.196230149,765267.196230149,0,215,288.055555555556,0,0
765267.196230149,765327.196230149,0,215,284.074074074074,0,0
765327.196230149,765387.196230149,0,215,280.092592592593,0,0
765387.196230149,765447.196230149,0,215,276.111111111111,0,0
765447.196230149,765507.196230149,0,215,272.12962962963,0,0
765507.196230149,765567.196230149,0,215,268.148148148148,0,0
765567.196230149,765627.196230149,0,215,264.166666666667,0,0
765627.196230149,765687.196230149,0,215,260.185185185185,0,0
765687.196230149,765747.196230149,0,215,256.203703703704,0,0
765747.196230149,765807.196230149,0,215,252.222222222222,0,0
765807.196230149,765867.196230149,0,215,248.240740740741,0,0
765867.196230149,765927.196230149,0,215,244.259259259259,0,0
765927.196230149,765987.196230149,0,215,240.277777777778,0,0
765987.196230149,766047.196230149,0,215,236.296296296296,0,0
766047.196230149,766107.196230149,0,215,232.314814814815,0,0
766107.196230149,766155.540804476,0,215,229.106764357931,0,0
766155.540804476,766215.540804476,0,215,225.125282876449,0,0
766215.540804476,766275.540804476,0,215,221.143801394968,0,0
766275.540804476,766335.540804476,0,215,217.162319913486,0,0
766335.540804476,766395.540804476,0,215,213.180838432005,0,0
766395.540804476,766455.540804476,0,215,209.199356950523,0,0
766455.540804476,766515.540804476,0,215,205.217875469042,0,0
766515.540804476,766575.540804476,0,215,201.23639398756,0,0
766575.540804476,766635.540804476,0,215,197.254912506079,0,0
766635.540804476,766695.540804476,0,215,193.273431024597,0,0
766695.540804476,766755.540804476,0,215,189.291949543116,0,0
766755.540804476,766815.540804476,0,215,185.310468061634,0,0
766815.540804476,766875.540804476,0,215,181.328986580153,0,0
766875.540804476,766935.540804476,0,215,177.347505098671,0,0
766935.540804476,766995.540804476,0,215,173.36602361719,0,0
766995.540804476,767055.540804476,0,215,169.384542135708,0,0
767055.540804476,767115.540804476,0,215,165.403060654227,0,0
767115.540804476,767175.540804476,0,215,161.421579172745,0,0
767175.540804476,767223.885378802,0,215,158.213528715869,0,0
767223.885378802,767283.885378802,650,215,164.213528715869,0,0
767283.885378802,767343.885378802,650,215,170.213528715869,0,0
767343.885378802,767403.885378802,650,215,176.213528715869,0,0
767403.885378802,767463.885378802,650,215,182.213528715869,0,0
767463.885378802,767523.885378802,650,215,188.213528715869,0,0
767523.885378802,767583.885378802,650,215,194.213528715869,0,0
767583.885378802,767643.885378802,650,215,200.213528715869,0,0
767643.885378802,767703.885378802,650,215,206.213528715869,0,0
767703.885378802,767763.885378802,650,215,212.213528715869,0,0
767763.885378802,767823.885378802,650,215,218.213528715869,0,0
767823.885378802,767883.885378802,650,215,224.213528715869,0,0
767883.885378802,767943.885378802,650,215,230.213528715869,0,0
767943.885378802,768003.885378802,650,215,236.213528715869,0,0
768003.885378802,768063.885378802,650,215,242.213528715869,0,0
768063.885378802,768123.885378802,650,215,248.213528715869,0,0
768123.885378802,768183.885378802,650,215,254.213528715869,0,0
768183.885378802,768243.885378802,650,215,260.213528715869,0,0
768243.885378802,768303.885378802,650,215,266.213528715869,0,0
768303.885378802,768363.885378802,650,215,272.213528715869,0,0
768363.885378802,768423.885378802,650,215,278.213528715869,0,0
768423.885378802,768483.885378802,650,215,284.213528715869,0,0
768483.885378802,768543.885378802,650,215,290.213528715869,0,0
768543.885378802,768603.885378802,650,215,296.213528715869,0,0
768603.885378802,768663.885378802,650,215,300,0,0
768663.885378802,768723.885378802,650,215,300,0,0
768723.885378802,768783.885378802,650,215,300,0,0
768783.885378802,768843.885378802,650,215,300,0,0
768843.885378802,768903.885378802,650,215,300,0,0
768903.885378802,768963.885378802,650,215,300,0,0
768963.885378802,769023.885378802,650,215,300,0,0
769023.885378802,769025.037211983,650,215,300,0,0
769025.037211983,769085.037211983,650,215,300,0,0
769085.037211983,769145.037211983,650,215,300,0,0
769145.037211983,769205.037211983,650,215,300,0,0
769205.037211983,769265.037211983,650,215,300,0,0
769265.037211983,769325.037211983,650,215,300,0,0
769325.037211983,769385.037211983,650,215,300,0,0
769385.037211983,769445.037211983,650,215,300,0,0
769445.037211983,769505.037211983,650,215,300,0,0
769505.037211983,769565.037211983,650,215,300,0,0
769565.037211983,769625.037211983,650,215,300,0,0
769625.037211983,769685.037211983,650,215,300,0,0
769685.037211983,769745.037211983,650,215,300,0,0
769745.037211983,769805.037211983,650,215,300,0,0
769805.037211983,769865.037211983,650,215,300,0,0
769865.037211983,769925.037211983,650,215,300,0,0
769925.037211983,769985.037211983,650,215,300,0,0
769985.037211983,770045.037211983,650,215,300,0,0
770045.037211983,770105.037211983,650,215,300,0,0
770105.037211983,770165.037211983,650,215,300,0,0
770165.037211983,770225.037211983,650,215,300,0,0
770225.037211983,770285.037211983,650,215,300,0,0
770285.037211983,770345.037211983,650,215,300,0,0
770345.037211983,770405.037211983,650,215,300,0,0
770405.037211983,770465.037211983,650,215,300,0,0
770465.037211983,770525.037211983,650,215,300,0,0
770525.037211983,770585.037211983,650,215,300,0,0
770585.037211983,770645.037211983,650,215,300,0,0
770645.037211983,770705.037211983,650,215,300,0,0
770705.037211983,770765.037211983,650,215,300,0,0
770765.037211983,770825.037211983,650,215,300,0,0
770825.037211983,770826.189045163,650,215,300,0,0
770826.189045163,770886.189045163,0,215,296.018518518519,0,0
770886.189045163,770946.189045163,0,215,292.037037037037,0,0
770946.189045163,771006.189045163,0,215,288.055555555556,0,0
771006.189045163,771066.189045163,0,215,284.074074074074,0,0
771066.189045163,771126.189045163,0,215,280.092592592593,0,0
771126.189045163,771186.189045163,0,215,276.111111111111,0,0
771186.189045163,771246.189045163,0,215,272.12962962963,0,0
771246.189045163,771306.189045163,0,215,268.148148148148,0,0
771306.189045163,771366.189045163,0,215,264.166666666667,0,0
771366.189045163,771426.189045163,0,215,260.185185185185,0,0
771426.189045163,771486.189045163,0,215,256.203703703704,0,0
771486.189045163,771546.189045163,0,215,252.222222222222,0,0
771546.189045163,771606.189045163,0,215,248.240740740741,0,0
771606.189045163,771666.189045163,0,215,244.259259259259,0,0
771666.189045163,771726.189045163,0,215,240.277777777778,0,0
771726.189045163,771786.189045163,0,215,236.296296296296,0,0
771786.189045163,771846.189045163,0,215,232.314814814815,0,0
771846.189045163,771894.53361949,0,215,229.106764357931,0,0
771894.53361949,771954.53361949,0,215,225.125282876449,0,0
771954.53361949,772014.53361949,0,215,221.143801394968,0,0
772014.53361949,772074.53361949,0,215,217.162319913486,0,0
772074.53361949,772134.53361949,0,215,213.180838432005,0,0
772134.53361949,772194.53361949,0,215,209.199356950523,0,0
772194.53361949,772254.53361949,0,215,205.217875469042,0,0
772254.53361949,772314.53361949,0,215,201.23639398756,0,0
772314.53361949,772374.53361949,0,215,197.254912506079,0,0
772374.53361949,772434.53361949,0,215,193.273431024597,0,0
772434.53361949,772494.53361949,0,215,189.291949543116,0,0
772494.53361949,772554.53361949,0,215,185.310468061634,0,0
772554.53361949,772614.53361949,0,215,181.328986580153,0,0
772614.53361949,772674.53361949,0,215,177.347505098671,0,0
772674.53361949,772734.53361949,0,215,173.36602361719,0,0
772734.53361949,772794.53361949,0,215,169.384542135708,0,0
772794.53361949,772854.53361949,0,215,165.403060654227,0,0
772854.53361949,772914.53361949,0,215,161.421579172745,0,0
772914.53361949,772962.878193817,0,215,158.213528715869,0,0
772962.878193817,773022.878193817,650,215,164.213528715869,0,0
773022.878193817,773082.878193817,650,215,170.213528715869,0,0
773082.878193817,773142.878193817,650,215,176.213528715869,0,0
773142.878193817,773202.878193817,650,215,182.213528715869,0,0
773202.878193817,773262.878193817,650,215,188.213528715869,0,0
773262.878193817,773322.878193817,650,215,194.213528715869,0,0
773322.878193817,773382.878193817,650,215,200.213528715869,0,0
773382.878193817,773442.878193817,650,215,206.213528715869,0,0
773442.878193817,773502.878193817,650,215,212.213528715869,0,0
773502.878193817,773562.878193817,650,215,218.213528715869,0,0
773562.878193817,773622.878193817,650,215,224.213528715869,0,0
773622.878193817,773682.878193817,650,215,230.213528715869,0,0
773682.878193817,773742.878193817,650,215,236.213528715869,0,0
773742.878193817,773802.878193817,650,215,242.213528715869,0,0
773802.878193817,773862.878193817,650,215,248.213528715869,0,0
773862.878193817,773922.878193817,650,215,254.213528715869,0,0
773922.878193817,773982.878193817,650,215,260.213528715869,0,0
773982.878193817,774042.878193817,650,215,266.213528715869,0,0
774042.878193817,774102.878193817,650,215,272.213528715869,0,0
774102.878193817,774162.878193817,650,215,278.213528715869,0,0
774162.878193817,774222.878193817,650,215,284.213528715869,0,0
774222.878193817,774282.878193817,650,215,290.213528715869,0,0
774282.878193817,774342.878193817,650,215,296.213528715869,0,0
774342.878193817,774402.878193817,650,215,300,0,0
774402.878193817,774462.878193817,650,215,300,0,0
774462.878193817,774522.878193817,650,215,300,0,0
774522.878193817,774582.878193817,650,215,300,0,0
774582.878193817,774642.878193817,650,215,300,0,0
774642.878193817,774702.878193817,650,215,300,0,0
774702.878193817,774762.878193817,650,215,300,0,0
774762.878193817,774764.030026998,650,215,300,0,0
774764.030026998,774824.030026998,650,215,300,0,0
774824.030026998,774884.030026998,650,215,300,0,0
774884.030026998,774944.030026998,650,215,300,0,0
774944.030026998,775004.030026998,650,215,300,0,0
775004.030026998,775064.030026998,650,215,300,0,0
775064.030026998,775124.030026998,650,215,300,0,0
775124.030026998,775184.030026998,650,215,300,0,0
775184.030026998,775244.030026998,650,215,300,0,0
775244.030026998,775304.030026998,650,215,300,0,0
775304.030026998,775364.030026998,650,215,300,0,0
775364.030026998,775424.030026998,650,215,300,0,0
775424.030026998,775484.030026998,650,215,300,0,0
775484.030026998,775544.030026998,650,215,300,0,0
775544.030026998,775604.030026998,650,215,300,0,0
775604.030026998,775664.030026998,650,215,300,0,0
775664.030026998,775724.030026998,650,215,300,0,0
775724.030026998,775784.030026998,650,215,300,0,0
775784.030026998,775844.030026998,650,215,300,0,0
775844.030026998,775904.030026998,650,215,300,0,0
775904.030026998,775964.030026998,650,215,300,0,0
775964.030026998,776024.030026998,650,215,300,0,0
776024.030026998,776084.030026998,650,215,300,0,0
776084.030026998,776144.030026998,650,215,300,0,0
776144.030026998,776204.030026998,650,215,300,0,0
776204.030026998,776264.030026998,650,215,300,0,0
776264.030026998,776324.030026998,650,215,300,0,0
776324.030026998,776384.030026998,650,215,300,0,0
776384.030026998,776444.030026998,650,215,300,0,0
776444.030026998,776504.030026998,650,215,300,0,0
776504.030026998,776564.030026998,650,215,300,0,0
776564.030026998,776565.181860178,650,215,300,0,0
776565.181860178,776625.181860178,0,215,296.018518518519,0,0
776625.181860178,776685.181860178,0,215,292.037037037037,0,0
776685.181860178,776745.181860178,0,215,288.055555555556,0,0
776745.181860178,776805.181860178,0,215,284.074074074074,0,0
776805.181860178,776865.181860178,0,215,280.092592592593,0,0
776865.181860178,776925.181860178,0,215,276.111111111111,0,0
776925.181860178,776985.181860178,0,215,272.12962962963,0,0
776985.181860178,777045.181860178,0,215,268.148148148148,0,0
777045.181860178,777105.181860178,0,215,264.166666666667,0,0
777105.181860178,777165.181860178,0,215,260.185185185185,0,0
777165.181860178,777225.181860178,0,215,256.203703703704,0,0
777225.181860178,777285.181860178,0,215,252.222222222222,0,0
777285.181860178,777345.181860178,0,215,248.240740740741,0,0
777345.181860178,777405.181860178,0,215,244.259259259259,0,0
777405.181860178,777465.181860178,0,215,240.277777777778,0,0
777465.181860178,777525.181860178,0,215,236.296296296296,0,0
777525.181860178,777585.181860178,0,215,232.314814814815,0,0
777585.181860178,777633.526434505,0,215,229.106764357931,0,0
777633.526434505,777693.526434505,0,215,225.125282876449,0,0
777693.526434505,777753.526434505,0,215,221.143801394968,0,0
777753.526434505,777813.526434505,0,215,217.162319913486,0,0
777813.526434505,777873.526434505,0,215,213.180838432005,0,0
777873.526434505,777933.526434505,0,215,209.199356950523,0,0
777933.526434505,777993.526434505,0,215,205.217875469042,0,0
777993.526434505,778053.526434505,0,215,201.23639398756,0,0
778053.526434505,778113.526434505,0,215,197.254912506079,0,0
778113.526434505,778173.526434505,0,215,193.273431024597,0,0
778173.526434505,778233.526434505,0,215,189.291949543116,0,0
778233.526434505,778293.526434505,0,215,185.310468061634,0,0
778293.526434505,778353.526434505,0,215,181.328986580153,0,0
778353.526434505,778413.526434505,0,215,177.347505098671,0,0
778413.526434505,778473.526434505,0,215,173.36602361719,0,0
778473.526434505,778533.526434505,0,215,169.384542135708,0,0
778533.526434505,778593.526434505,0,215,165.403060654227,0,0
778593.526434505,778653.526434505,0,215,161.421579172745,0,0
778653.526434505,778701.871008832,0,215,158.213528715869,0,0
778701.871008832,778761.871008832,650,215,164.213528715869,0,0
778761.871008832,778821.871008832,650,215,170.213528715869,0,0
778821.871008832,778881.871008832,650,215,176.213528715869,0,0
778881.871008832,778941.871008832,650,215,182.213528715869,0,0
778941.871008832,779001.871008832,650,215,188.213528715869,0,0
779001.871008832,779061.871008832,650,215,194.213528715869,0,0
779061.871008832,779121.871008832,650,215,200.213528715869,0,0
779121.871008832,779181.871008832,650,215,206.213528715869,0,0
779181.871008832,779241.871008832,650,215,212.213528715869,0,0
779241.871008832,779301.871008832,650,215,218.213528715869,0,0
779301.871008832,779361.871008832,650,215,224.213528715869,0,0
779361.871008832,779421.871008832,650,215,230.213528715869,0,0
779421.871008832,779481.871008832,650,215,236.213528715869,0,0
779481.871008832,779541.871008832,650,215,242.213528715869,0,0
779541.871008832,779601.871008832,650,215,248.213528715869,0,0
779601.871008832,779661.871008832,650,215,254.213528715869,0,0
779661.871008832,779721.871008832,650,215,260.213528715869,0,0
779721.871008832,779781.871008832,650,215,266.213528715869,0,0
779781.871008832,779841.871008832,650,215,272.213528715869,0,0
779841.871008832,779901.871008832,650,215,278.213528715869,0,0
779901.871008832,779961.871008832,650,215,284.213528715869,0,0
779961.871008832,780021.871008832,650,215,290.213528715869,0,0
780021.871008832,780081.871008832,650,215,296.213528715869,0,0
780081.871008832,780141.871008832,650,215,300,0,0
780141.871008832,780201.871008832,650,215,300,0,0
780201.871008832,780261.871008832,650,215,300,0,0
780261.871008832,780321.871008832,650,215,300,0,0
780321.871008832,780381.871008832,650,215,300,0,0
780381.871008832,780441.871008832,650,215,300,0,0
780441.871008832,780501.871008832,650,215,300,0,0
780501.871008832,780503.022842012,650,215,300,0,0
780503.022842012,780563.022842012,650,215,300,0,0
780563.022842012,780623.022842012,650,215,300,0,0
780623.022842012,780683.022842012,650,215,300,0,0
780683.022842012,780743.022842012,650,215,300,0,0
780743.022842012,780803.022842012,650,215,300,0,0
780803.022842012,780863.022842012,650,215,300,0,0
780863.022842012,780923.022842012,650,215,300,0,0
780923.022842012,780983.022842012,650,215,300,0,0
780983.022842012,781043.022842012,650,215,300,0,0
781043.022842012,781103.022842012,650,215,300,0,0
781103.022842012,781163.022842012,650,215,300,0,0
781163.022842012,781223.022842012,650,215,300,0,0
781223.022842012,781283.022842012,650,215,300,0,0
781283.022842012,781343.022842012,650,215,300,0,0
781343.022842012,781403.022842012,650,215,300,0,0
781403.022842012,781463.022842012,650,215,300,0,0
781463.022842012,781523.022842012,650,215,300,0,0
781523.022842012,781583.022842012,650,215,300,0,0
781583.022842012,781643.022842012,650,215,300,0,0
781643.022842012,781703.022842012,650,215,300,0,0
781703.022842012,781763.022842012,650,215,300,0,0
781763.022842012,781823.022842012,650,215,300,0,0
781823.022842012,781883.022842012,650,215,300,0,0
781883.022842012,781943.022842012,650,215,300,0,0
781943.022842012,782003.022842012,650,215,300,0,0
782003.022842012,782063.022842012,650,215,300,0,0
782063.022842012,782123.022842012,650,215,300,0,0
782123.022842012,782183.022842012,650,215,300,0,0
782183.022842012,782243.022842012,650,215,300,0,0
782243.022842012,782303.022842012,650,215,300,0,0
782303.022842012,782304.174675193,650,215,300,0,0
782304.174675193,782364.174675193,0,215,296.018518518519,0,0
782364.174675193,782424.174675193,0,215,292.037037037037,0,0
782424.174675193,782484.174675193,0,215,288.055555555556,0,0
782484.174675193,782544.174675193,0,215,284.074074074074,0,0
782544.174675193,782604.174675193,0,215,280.092592592593,0,0
782604.174675193,782664.174675193,0,215,276.111111111111,0,0
782664.174675193,782724.174675193,0,215,272.12962962963,0,0
782724.174675193,782784.174675193,0,215,268.148148148148,0,0
782784.174675193,782844.174675193,0,215,264.166666666667,0,0
782844.174675193,782904.174675193,0,215,260.185185185185,0,0
782904.174675193,782964.174675193,0,215,256.203703703704,0,0
782964.174675193,783024.174675193,0,215,252.222222222222,0,0
783024.174675193,783084.174675193,0,215,248.240740740741,0,0
783084.174675193,783144.174675193,0,215,244.259259259259,0,0
783144.174675193,783204.174675193,0,215,240.277777777778,0,0
783204.174675193,783264.174675193,0,215,236.296296296296,0,0
783264.174675193,783324.174675193,0,215,232.314814814815,0,0
783324.174675193,783372.51924952,0,215,229.106764357931,0,0
783372.51924952,783432.51924952,0,215,225.125282876449,0,0
783432.51924952,783492.51924952,0,215,221.143801394968,0,0
783492.51924952,783552.51924952,0,215,217.162319913486,0,0
783552.51924952,783612.51924952,0,215,213.180838432005,0,0
783612.51924952,783672.51924952,0,215,209.199356950523,0,0
783672.51924952,783732.51924952,0,215,205.217875469042,0,0
783732.51924952,783792.51924952,0,215,201.23639398756,0,0
783792.51924952,783852.51924952,0,215,197.254912506079,0,0
783852.51924952,783912.51924952,0,215,193.273431024597,0,0
783912.51924952,783972.51924952,0,215,189.291949543116,0,0
783972.51924952,784032.51924952,0,215,185.310468061634,0,0
784032.51924952,784092.51924952,0,215,181.328986580153,0,0
784092.51924952,784152.51924952,0,215,177.347505098671,0,0
784152.51924952,784212.51924952,0,215,173.36602361719,0,0
784212.51924952,784272.51924952,0,215,169.384542135708,0,0
784272.51924952,784332.51924952,0,215,165.403060654227,0,0
784332.51924952,784392.51924952,0,215,161.421579172745,0,0
784392.51924952,784440.863823847,0,215,158.213528715869,0,0
784440.863823847,784500.863823847,650,215,164.213528715869,0,0
784500.863823847,784560.863823847,650,215,170.213528715869,0,0
784560.863823847,784620.863823847,650,215,176.213528715869,0,0
784620.863823847,784680.863823847,650,215,182.213528715869,0,0
784680.863823847,784740.863823847,650,215,188.213528715869,0,0
784740.863823847,784800.863823847,650,215,194.213528715869,0,0
784800.863823847,784860.863823847,650,215,200.213528715869,0,0
784860.863823847,784920.863823847,650,215,206.213528715869,0,0
784920.863823847,784980.863823847,650,215,212.213528715869,0,0
784980.863823847,785040.863823847,650,215,218.213528715869,0,0
785040.863823847,785100.863823847,650,215,224.213528715869,0,0
785100.863823847,785160.863823847,650,215,230.213528715869,0,0
785160.863823847,785220.863823847,650,215,236.213528715869,0,0
785220.863823847,785280.863823847,650,215,242.213528715869,0,0
785280.863823847,785340.863823847,650,215,248.213528715869,0,0
785340.863823847,785400.863823847,650,215,254.213528715869,0,0
785400.863823847,785460.863823847,650,215,260.213528715869,0,0
785460.863823847,785520.863823847,650,215,266.213528715869,0,0
785520.863823847,785580.863823847,650,215,272.213528715869,0,0
785580.863823847,785640.863823847,650,215,278.213528715869,0,0
785640.863823847,785700.863823847,650,215,284.213528715869,0,0
785700.863823847,785760.863823847,650,215,290.213528715869,0,0
785760.863823847,785820.863823847,650,215,296.213528715869,0,0
785820.863823847,785880.863823847,650,215,300,0,0
785880.863823847,785940.863823847,650,215,300,0,0
785940.863823847,786000.863823847,650,215,300,0,0
786000.863823847,786060.863823847,650,215,300,0,0
786060.863823847,786120.863823847,650,215,300,0,0
786120.863823847,786180.863823847,650,215,300,0,0
786180.863823847,786240.863823847,650,215,300,0,0
786240.863823847,786242.015657027,650,215,300,0,0
786242.015657027,786302.015657027,650,215,300,0,0
786302.015657027,786362.015657027,650,215,300,0,0
786362.015657027,786422.015657027,650,215,300,0,0
786422.015657027,786482.015657027,650,215,300,0,0
786482.015657027,786542.015657027,650,215,300,0,0
786542.015657027,786602.015657027,650,215,300,0,0
786602.015657027,786662.015657027,650,215,300,0,0
786662.015657027,786722.015657027,650,215,300,0,0
786722.015657027,786782.015657027,650,215,300,0,0
786782.015657027,786842.015657027,650,215,300,0,0
786842.015657027,786902.015657027,650,215,300,0,0
786902.015657027,786962.015657027,650,215,300,0,0
786962.015657027,787022.015657027,650,215,300,0,0
787022.015657027,787082.015657027,650,215,300,0,0
787082.015657027,787142.015657027,650,215,300,0,0
787142.015657027,787202.015657027,650,215,300,0,0
787202.015657027,787262.015657027,650,215,300,0,0
787262.015657027,787322.015657027,650,215,300,0,0
787322.015657027,787382.015657027,650,215,300,0,0
787382.015657027,787442.015657027,650,215,300,0,0
787442.015657027,787502.015657027,650,215,300,0,0
787502.015657027,787562.015657027,650,215,300,0,0
787562.015657027,787622.015657027,650,215,300,0,0
787622.015657027,787682.015657027,650,215,300,0,0
787682.015657027,787742.015657027,650,215,300,0,0
787742.015657027,787802.015657027,650,215,300,0,0
787802.015657027,787862.015657027,650,215,300,0,0
787862.015657027,787922.015657027,650,215,300,0,0
787922.015657027,787982.015657027,650,215,300,0,0
787982.015657027,788042.015657027,650,215,300,0,0
788042.015657027,788043.167490208,650,215,300,0,0
788043.167490208,788103.167490208,0,215,296.018518518519,0,0
788103.167490208,788163.167490208,0,215,292.037037037037,0,0
788163.167490208,788223.167490208,0,215,288.055555555556,0,0
788223.167490208,788283.167490208,0,215,284.074074074074,0,0
788283.167490208,788343.167490208,0,215,280.092592592593,0,0
788343.167490208,788403.167490208,0,215,276.111111111111,0,0
788403.167490208,788463.167490208,0,215,272.12962962963,0,0
788463.167490208,788523.167490208,0,215,268.148148148148,0,0
788523.167490208,788583.167490208,0,215,264.166666666667,0,0
788583.167490208,788643.167490208,0,215,260.185185185185,0,0
788643.167490208,788703.167490208,0,215,256.203703703704,0,0
788703.167490208,788763.167490208,0,215,252.222222222222,0,0
788763.167490208,788823.167490208,0,215,248.240740740741,0,0
788823.167490208,788883.167490208,0,215,244.259259259259,0,0
788883.167490208,788943.167490208,0,215,240.277777777778,0,0
788943.167490208,789003.167490208,0,215,236.296296296296,0,0
789003.167490208,789063.167490208,0,215,232.314814814815,0,0
789063.167490208,789111.512064535,0,215,229.106764357931,0,0
789111.512064535,789171.512064535,0,215,225.125282876449,0,0
789171.512064535,789231.512064535,0,215,221.143801394968,0,0
789231.512064535,789291.512064535,0,215,217.162319913486,0,0
789291.512064535,789351.512064535,0,215,213.180838432005,0,0
789351.512064535,789411.512064535,0,215,209.199356950523,0,0
789411.512064535,789471.512064535,0,215,205.217875469042,0,0
789471.512064535,789531.512064535,0,215,201.23639398756,0,0
789531.512064535,789591.512064535,0,215,197.254912506079,0,0
789591.512064535,789651.512064535,0,215,193.273431024597,0,0
789651.512064535,789711.512064535,0,215,189.291949543116,0,0
789711.512064535,789771.512064535,0,215,185.310468061634,0,0
789771.512064535,789831.512064535,0,215,181.328986580153,0,0
789831.512064535,789891.512064535,0,215,177.347505098671,0,0
789891.512064535,789951.512064535,0,215,173.36602361719,0,0
789951.512064535,790011.512064535,0,215,169.384542135708,0,0
790011.512064535,790071.512064535,0,215,165.403060654227,0,0
790071.512064535,790131.512064535,0,215,161.421579172745,0,0
790131.512064535,790179.856638862,0,215,158.213528715869,0,0
790179.856638862,790239.856638862,650,215,164.213528715869,0,0
790239.856638862,790299.856638862,650,215,170.213528715869,0,0
790299.856638862,790359.856638862,650,215,176.213528715869,0,0
790359.856638862,790419.856638862,650,215,182.213528715869,0,0
790419.856638862,790479.856638862,650,215,188.213528715869,0,0
790479.856638862,790539.856638862,650,215,194.213528715869,0,0
790539.856638862,790599.856638862,650,215,200.213528715869,0,0
790599.856638862,790659.856638862,650,215,206.213528715869,0,0
790659.856638862,790719.856638862,650,215,212.213528715869,0,0
790719.856638862,790779.856638862,650,215,218.213528715869,0,0
790779.856638862,790839.856638862,650,215,224.213528715869,0,0
790839.856638862,790899.856638862,650,215,230.213528715869,0,0
790899.856638862,790959.856638862,650,215,236.213528715869,0,0
790959.856638862,791019.856638862,650,215,242.213528715869,0,0
791019.856638862,791079.856638862,650,215,248.213528715869,0,0
791079.856638862,791139.856638862,650,215,254.213528715869,0,0
791139.856638862,791199.856638862,650,215,260.213528715869,0,0
791199.856638862,791259.856638862,650,215,266.213528715869,0,0
791259.856638862,791319.856638862,650,215,272.213528715869,0,0
791319.856638862,791379.856638862,650,215,278.213528715869,0,0
791379.856638862,791439.856638862,650,215,284.213528715869,0,0
791439.856638862,791499.856638862,650,215,290.213528715869,0,0
791499.856638862,791559.856638862,650,215,296.213528715869,0,0
791559.856638862,791619.856638862,650,215,300,0,0
791619.856638862,791679.856638862,650,215,300,0,0
791679.856638862,791739.856638862,650,215,300,0,0
791739.856638862,791799.856638862,650,215,300,0,0
791799.856638862,791859.856638862,650,215,300,0,0
791859.856638862,791919.856638862,650,215,300,0,0
791919.856638862,791979.856638862,650,215,300,0,0
791979.856638862,791981.008472042,650,215,300,0,0
791981.008472042,792041.008472042,650,215,300,0,0
792041.008472042,792101.008472042,650,215,300,0,0
792101.008472042,792161.008472042,650,215,300,0,0
792161.008472042,792221.008472042,650,215,300,0,0
792221.008472042,792281.008472042,650,215,300,0,0
792281.008472042,792341.008472042,650,215,300,0,0
792341.008472042,792401.008472042,650,215,300,0,0
792401.008472042,792461.008472042,650,215,300,0,0
792461.008472042,792521.008472042,650,215,300,0,0
792521.008472042,792581.008472042,650,215,300,0,0
792581.008472042,792641.008472042,650,215,300,0,0
792641.008472042,792701.008472042,650,215,300,0,0
792701.008472042,792761.008472042,650,215,300,0,0
792761.008472042,792821.008472042,650,215,300,0,0
792821.008472042,792881.008472042,650,215,300,0,0
792881.008472042,792941.008472042,650,215,300,0,0
792941.008472042,793001.008472042,650,215,300,0,0
793001.008472042,793061.008472042,650,215,300,0,0
793061.008472042,793121.008472042,650,215,300,0,0
793121.008472042,793181.008472042,650,215,300,0,0
793181.008472042,793241.008472042,650,215,300,0,0
793241.008472042,793301.008472042,650,215,300,0,0
793301.008472042,793361.008472042,650,215,300,0,0
793361.008472042,793421.008472042,650,215,300,0,0
793421.008472042,793481.008472042,650,215,300,0,0
793481.008472042,793541.008472042,650,215,300,0,0
793541.008472042,793601.008472042,650,215,300,0,0
793601.008472042,793661.008472042,650,215,300,0,0
793661.008472042,793721.008472042,650,215,300,0,0
793721.008472042,793781.008472042,650,215,300,0,0
793781.008472042,793782.160305223,650,215,300,0,0
793782.160305223,793842.160305223,0,215,296.018518518519,0,0
793842.160305223,793902.160305223,0,215,292.037037037037,0,0
793902.160305223,793962.160305223,0,215,288.055555555556,0,0
793962.160305223,794022.160305223,0,215,284.074074074074,0,0
794022.160305223,794082.160305223,0,215,280.092592592593,0,0
794082.160305223,794142.160305223,0,215,276.111111111111,0,0
794142.160305223,794202.160305223,0,215,272.12962962963,0,0
794202.160305223,794262.160305223,0,215,268.148148148148,0,0
794262.160305223,794322.160305223,0,215,264.166666666667,0,0
794322.160305223,794382.160305223,0,215,260.185185185185,0,0
794382.160305223,794442.160305223,0,215,256.203703703704,0,0
794442.160305223,794502.160305223,0,215,252.222222222222,0,0
794502.160305223,794562.160305223,0,215,248.240740740741,0,0
794562.160305223,794622.160305223,0,215,244.259259259259,0,0
794622.160305223,794682.160305223,0,215,240.277777777778,0,0
794682.160305223,794742.160305223,0,215,236.296296296296,0,0
794742.160305223,794802.160305223,0,215,232.314814814815,0,0
794802.160305223,794850.50487955,0,215,229.106764357931,0,0
794850.50487955,794910.50487955,0,215,225.125282876449,0,0
794910.50487955,794970.50487955,0,215,221.143801394968,0,0
794970.50487955,795030.50487955,0,215,217.162319913486,0,0
795030.50487955,795090.50487955,0,215,213.180838432005,0,0
795090.50487955,795150.50487955,0,215,209.199356950523,0,0
795150.50487955,795210.50487955,0,215,205.217875469042,0,0
795210.50487955,795270.50487955,0,215,201.23639398756,0,0
795270.50487955,795330.50487955,0,215,197.254912506079,0,0
795330.50487955,795390.50487955,0,215,193.273431024597,0,0
795390.50487955,795450.50487955,0,215,189.291949543116,0,0
795450.50487955,795510.50487955,0,215,185.310468061634,0,0
795510.50487955,795570.50487955,0,215,181.328986580153,0,0
795570.50487955,795630.50487955,0,215,177.347505098671,0,0
795630.50487955,795690.50487955,0,215,173.36602361719,0,0
795690.50487955,795750.50487955,0,215,169.384542135708,0,0
795750.50487955,795810.50487955,0,215,165.403060654227,0,0
795810.50487955,795870.50487955,0,215,161.421579172745,0,0
795870.50487955,795918.849453876,0,215,158.213528715869,0,0
795918.849453876,795978.849453876,650,215,164.213528715869,0,0
795978.849453876,796038.849453876,650,215,170.213528715869,0,0
796038.849453876,796098.849453876,650,215,176.213528715869,0,0
796098.849453876,796158.849453876,650,215,182.213528715869,0,0
796158.849453876,796218.849453876,650,215,188.213528715869,0,0
796218.849453876,796278.849453876,650,215,194.213528715869,0,0
796278.849453876,796338.849453876,650,215,200.213528715869,0,0
796338.849453876,796398.849453876,650,215,206.213528715869,0,0
796398.849453876,796458.849453876,650,215,212.213528715869,0,0
796458.849453876,796518.849453876,650,215,218.213528715869,0,0
796518.849453876,796578.849453876,650,215,224.213528715869,0,0
796578.849453876,796638.849453876,650,215,230.213528715869,0,0
796638.849453876,796698.849453876,650,215,236.213528715869,0,0
796698.849453876,796758.849453876,650,215,242.213528715869,0,0
796758.849453876,796818.849453876,650,215,248.213528715869,0,0
796818.849453876,796878.849453876,650,215,254.213528715869,0,0
796878.849453876,796938.849453876,650,215,260.213528715869,0,0
796938.849453876,796998.849453876,650,215,266.213528715869,0,0
796998.849453876,797058.849453876,650,215,272.213528715869,0,0
797058.849453876,797118.849453876,650,215,278.213528715869,0,0
797118.849453876,797178.849453876,650,215,284.213528715869,0,0
797178.849453876,797238.849453876,650,215,290.213528715869,0,0
797238.849453876,797298.849453876,650,215,296.213528715869,0,0
797298.849453876,797358.849453876,650,215,300,0,0
797358.849453876,797418.849453876,650,215,300,0,0
797418.849453876,797478.849453876,650,215,300,0,0
797478.849453876,797538.849453876,650,215,300,0,0
797538.849453876,797598.849453876,650,215,300,0,0
797598.849453876,797658.849453876,650,215,300,0,0
797658.849453876,797718.849453876,650,215,300,0,0
797718.849453876,797720.001287057,650,215,300,0,0
797720.001287057,797780.001287057,650,215,300,0,0
797780.001287057,797840.001287057,650,215,300,0,0
797840.001287057,797900.001287057,650,215,300,0,0
797900.001287057,797960.001287057,650,215,300,0,0
797960.001287057,798020.001287057,650,215,300,0,0
798020.001287057,798080.001287057,650,215,300,0,0
798080.001287057,798140.001287057,650,215,300,0,0
798140.001287057,798200.001287057,650,215,300,0,0
798200.001287057,798260.001287057,650,215,300,0,0
798260.001287057,798320.001287057,650,215,300,0,0
798320.001287057,798380.001287057,650,215,300,0,0
798380.001287057,798440.001287057,650,215,300,0,0
798440.001287057,798500.001287057,650,215,300,0,0
798500.001287057,798560.001287057,650,215,300,0,0
798560.001287057,798620.001287057,650,215,300,0,0
798620.001287057,798680.001287057,650,215,300,0,0
798680.001287057,798740.001287057,650,215,300,0,0
798740.001287057,798800.001287057,650,215,300,0,0
798800.001287057,798860.001287057,650,215,300,0,0
798860.001287057,798920.001287057,650,215,300,0,0
798920.001287057,798980.001287057,650,215,300,0,0
798980.001287057,799040.001287057,650,215,300,0,0
799040.001287057,799100.001287057,650,215,300,0,0
799100.001287057,799160.001287057,650,215,300,0,0
799160.001287057,799220.001287057,650,215,300,0,0
799220.001287057,799280.001287057,650,215,300,0,0
799280.001287057,799340.001287057,650,215,300,0,0
799340.001287057,799400.001287057,650,215,300,0,0
799400.001287057,799460.001287057,650,215,300,0,0
799460.001287057,799520.001287057,650,215,300,0,0
799520.001287057,799521.153120237,650,215,300,0,0
799521.153120237,799581.153120237,0,215,296.018518518519,0,0
799581.153120237,799641.153120237,0,215,292.037037037037,0,0
799641.153120237,799701.153120237,0,215,288.055555555556,0,0
799701.153120237,799761.153120237,0,215,284.074074074074,0,0
799761.153120237,799821.153120237,0,215,280.092592592593,0,0
799821.153120237,799881.153120237,0,215,276.111111111111,0,0
799881.153120237,799941.153120237,0,215,272.12962962963,0,0
799941.153120237,800001.153120237,0,215,268.148148148148,0,0
800001.153120237,800061.153120237,0,215,264.166666666667,0,0
800061.153120237,800121.153120237,0,215,260.185185185185,0,0
800121.153120237,800181.153120237,0,215,256.203703703704,0,0
800181.153120237,800241.153120237,0,215,252.222222222222,0,0
800241.153120237,800301.153120237,0,215,248.240740740741,0,0
800301.153120237,800361.153120237,0,215,244.259259259259,0,0
800361.153120237,800421.153120237,0,215,240.277777777778,0,0
800421.153120237,800481.153120237,0,215,236.296296296296,0,0
800481.153120237,800541.153120237,0,215,232.314814814815,0,0
800541.153120237,800589.497694564,0,215,229.106764357931,0,0
800589.497694564,800649.497694564,0,215,225.125282876449,0,0
800649.497694564,800709.497694564,0,215,221.143801394968,0,0
800709.497694564,800769.497694564,0,215,217.162319913486,0,0
800769.497694564,800829.497694564,0,215,213.180838432005,0,0
800829.497694564,800889.497694564,0,215,209.199356950523,0,0
800889.497694564,800949.497694564,0,215,205.217875469042,0,0
800949.497694564,801009.497694564,0,215,201.23639398756,0,0
801009.497694564,801069.497694564,0,215,197.254912506079,0,0
801069.497694564,801129.497694564,0,215,193.273431024597,0,0
801129.497694564,801189.497694564,0,215,189.291949543116,0,0
801189.497694564,801249.497694564,0,215,185.310468061634,0,0
801249.497694564,801309.497694564,0,215,181.328986580153,0,0
801309.497694564,801369.497694564,0,215,177.347505098671,0,0
801369.497694564,801429.497694564,0,215,173.36602361719,0,0
801429.497694564,801489.497694564,0,215,169.384542135708,0,0
801489.497694564,801549.497694564,0,215,165.403060654227,0,0
801549.497694564,801609.497694564,0,215,161.421579172745,0,0
801609.497694564,801657.842268891,0,215,158.213528715869,0,0
801657.842268891,801717.842268891,650,215,164.213528715869,0,0
801717.842268891,801777.842268891,650,215,170.213528715869,0,0
801777.842268891,801837.842268891,650,215,176.213528715869,0,0
801837.842268891,801897.842268891,650,215,182.213528715869,0,0
801897.842268891,801957.842268891,650,215,188.213528715869,0,0
801957.842268891,802017.842268891,650,215,194.213528715869,0,0
802017.842268891,802077.842268891,650,215,200.213528715869,0,0
802077.842268891,802137.842268891,650,215,206.213528715869,0,0
802137.842268891,802197.842268891,650,215,212.213528715869,0,0
802197.842268891,802257.842268891,650,215,218.213528715869,0,0
802257.842268891,802317.842268891,650,215,224.213528715869,0,0
802317.842268891,802377.842268891,650,215,230.213528715869,0,0
802377.842268891,802437.842268891,650,215,236.213528715869,0,0
802437.842268891,802497.842268891,650,215,242.213528715869,0,0
802497.842268891,802557.842268891,650,215,248.213528715869,0,0
802557.842268891,802617.842268891,650,215,254.213528715869,0,0
802617.842268891,802677.842268891,650,215,260.213528715869,0,0
802677.842268891,802737.842268891,650,215,266.213528715869,0,0
802737.842268891,802797.842268891,650,215,272.213528715869,0,0
802797.842268891,802857.842268891,650,215,278.213528715869,0,0
802857.842268891,802917.842268891,650,215,284.213528715869,0,0
802917.842268891,802977.842268891,650,215,290.213528715869,0,0
802977.842268891,803037.842268891,650,215,296.213528715869,0,0
803037.842268891,803097.842268891,650,215,300,0,0
803097.842268891,803157.842268891,650,215,300,0,0
803157.842268891,803217.842268891,650,215,300,0,0
803217.842268891,803277.842268891,650,215,300,0,0
803277.842268891,803337.842268891,650,215,300,0,0
803337.842268891,803397.842268891,650,215,300,0,0
803397.842268891,803457.842268891,650,215,300,0,0
803457.842268891,803458.994102072,650,215,300,0,0
803458.994102072,803518.994102072,650,215,300,0,0
803518.994102072,803578.994102072,650,215,300,0,0
803578.994102072,803638.994102072,650,215,300,0,0
803638.994102072,803698.994102072,650,215,300,0,0
803698.994102072,803758.994102072,650,215,300,0,0
803758.994102072,803818.994102072,650,215,300,0,0
803818.994102072,803878.994102072,650,215,300,0,0
803878.994102072,803938.994102072,650,215,300,0,0
803938.994102072,803998.994102072,650,215,300,0,0
803998.994102072,804058.994102072,650,215,300,0,0
804058.994102072,804118.994102072,650,215,300,0,0
804118.994102072,804178.994102072,650,215,300,0,0
804178.994102072,804238.994102072,650,215,300,0,0
804238.994102072,804298.994102072,650,215,300,0,0
804298.994102072,804358.994102072,650,215,300,0,0
804358.994102072,804418.994102072,650,215,300,0,0
804418.994102072,804478.994102072,650,215,300,0,0
804478.994102072,804538.994102072,650,215,300,0,0
804538.994102072,804598.994102072,650,215,300,0,0
804598.994102072,804658.994102072,650,215,300,0,0
804658.994102072,804718.994102072,650,215,300,0,0
804718.994102072,804778.994102072,650,215,300,0,0
804778.994102072,804838.994102072,650,215,300,0,0
804838.994102072,804898.994102072,650,215,300,0,0
804898.994102072,804958.994102072,650,215,300,0,0
804958.994102072,805018.994102072,650,215,300,0,0
805018.994102072,805078.994102072,650,215,300,0,0
805078.994102072,805138.994102072,650,215,300,0,0
805138.994102072,805198.994102072,650,215,300,0,0
805198.994102072,805258.994102072,650,215,300,0,0
805258.994102072,805260.145935252,650,215,300,0,0
805260.145935252,805320.145935252,0,215,296.018518518519,0,0
805320.145935252,805380.145935252,0,215,292.037037037037,0,0
805380.145935252,805440.145935252,0,215,288.055555555556,0,0
805440.145935252,805500.145935252,0,215,284.074074074074,0,0
805500.145935252,805560.145935252,0,215,280.092592592593,0,0
805560.145935252,805620.145935252,0,215,276.111111111111,0,0
805620.145935252,805680.145935252,0,215,272.12962962963,0,0
805680.145935252,805740.145935252,0,215,268.148148148148,0,0
805740.145935252,805800.145935252,0,215,264.166666666667,0,0
805800.145935252,805860.145935252,0,215,260.185185185185,0,0
805860.145935252,805920.145935252,0,215,256.203703703704,0,0
805920.145935252,805980.145935252,0,215,252.222222222222,0,0
805980.145935252,806040.145935252,0,215,248.240740740741,0,0
806040.145935252,806100.145935252,0,215,244.259259259259,0,0
806100.145935252,806160.145935252,0,215,240.277777777778,0,0
806160.145935252,806220.145935252,0,215,236.296296296296,0,0
806220.145935252,806280.145935252,0,215,232.314814814815,0,0
806280.145935252,806328.490509579,0,215,229.106764357931,0,0
806328.490509579,806388.490509579,0,215,225.125282876449,0,0
806388.490509579,806448.490509579,0,215,221.143801394968,0,0
806448.490509579,806508.490509579,0,215,217.162319913486,0,0
806508.490509579,806568.490509579,0,215,213.180838432005,0,0
806568.490509579,806628.490509579,0,215,209.199356950523,0,0
806628.490509579,806688.490509579,0,215,205.217875469042,0,0
806688.490509579,806748.490509579,0,215,201.23639398756,0,0
806748.490509579,806808.490509579,0,215,197.254912506079,0,0
806808.490509579,806868.490509579,0,215,193.273431024597,0,0
806868.490509579,806928.490509579,0,215,189.291949543116,0,0
806928.490509579,806988.490509579,0,215,185.310468061634,0,0
806988.490509579,807048.490509579,0,215,181.328986580153,0,0
807048.490509579,807108.490509579,0,215,177.347505098671,0,0
807108.490509579,807168.490509579,0,215,173.36602361719,0,0
807168.490509579,807228.490509579,0,215,169.384542135708,0,0
807228.490509579,807288.490509579,0,215,165.403060654227,0,0
807288.490509579,807348.490509579,0,215,161.421579172745,0,0
807348.490509579,807396.835083906,0,215,158.213528715869,0,0
807396.835083906,807456.835083906,650,215,164.213528715869,0,0
807456.835083906,807516.835083906,650,215,170.213528715869,0,0
807516.835083906,807576.835083906,650,215,176.213528715869,0,0
807576.835083906,807636.835083906,650,215,182.213528715869,0,0
807636.835083906,807696.835083906,650,215,188.213528715869,0,0
807696.835083906,807756.835083906,650,215,194.213528715869,0,0
807756.835083906,807816.835083906,650,215,200.213528715869,0,0
807816.835083906,807876.835083906,650,215,206.213528715869,0,0
807876.835083906,807936.835083906,650,215,212.213528715869,0,0
807936.835083906,807996.835083906,650,215,218.213528715869,0,0
807996.835083906,808056.835083906,650,215,224.213528715869,0,0
808056.835083906,808116.835083906,650,215,230.213528715869,0,0
808116.835083906,808176.835083906,650,215,236.213528715869,0,0
808176.835083906,808236.835083906,650,215,242.213528715869,0,0
808236.835083906,808296.835083906,650,215,248.213528715869,0,0
808296.835083906,808356.835083906,650,215,254.213528715869,0,0
808356.835083906,808416.835083906,650,215,260.213528715869,0,0
808416.835083906,808476.835083906,650,215,266.213528715869,0,0
808476.835083906,808536.835083906,650,215,272.213528715869,0,0
808536.835083906,808596.835083906,650,215,278.213528715869,0,0
808596.835083906,808656.835083906,650,215,284.213528715869,0,0
808656.835083906,808716.835083906,650,215,290.213528715869,0,0
808716.835083906,808776.835083906,650,215,296.213528715869,0,0
808776.835083906,808836.835083906,650,215,300,0,0
808836.835083906,808896.835083906,650,215,300,0,0
808896.835083906,808956.835083906,650,215,300,0,0
808956.835083906,809016.835083906,650,215,300,0,0
809016.835083906,809076.835083906,650,215,300,0,0
809076.835083906,809136.835083906,650,215,300,0,0
809136.835083906,809196.835083906,650,215,300,0,0
809196.835083906,809197.986917087,650,215,300,0,0
809197.986917087,809257.986917087,650,215,300,0,0
809257.986917087,809317.986917087,650,215,300,0,0
809317.986917087,809377.986917087,650,215,300,0,0
809377.986917087,809437.986917087,650,215,300,0,0
809437.986917087,809497.986917087,650,215,300,0,0
809497.986917087,809557.986917087,650,215,300,0,0
809557.986917087,809617.986917087,650,215,300,0,0
809617.986917087,809677.986917087,650,215,300,0,0
809677.986917087,809737.986917087,650,215,300,0,0
809737.986917087,809797.986917087,650,215,300,0,0
809797.986917087,809857.986917087,650,215,300,0,0
809857.986917087,809917.986917087,650,215,300,0,0
809917.986917087,809977.986917087,650,215,300,0,0
809977.986917087,810037.986917087,650,215,300,0,0
810037.986917087,810097.986917087,650,215,300,0,0
810097.986917087,810157.986917087,650,215,300,0,0
810157.986917087,810217.986917087,650,215,300,0,0
810217.986917087,810277.986917087,650,215,300,0,0
810277.986917087,810337.986917087,650,215,300,0,0
810337.986917087,810397.986917087,650,215,300,0,0
810397.986917087,810457.986917087,650,215,300,0,0
810457.986917087,810517.986917087,650,215,300,0,0
810517.986917087,810577.986917087,650,215,300,0,0
810577.986917087,810637.986917087,650,215,300,0,0
810637.986917087,810697.986917087,650,215,300,0,0
810697.986917087,810757.986917087,650,215,300,0,0
810757.986917087,810817.986917087,650,215,300,0,0
810817.986917087,810877.986917087,650,215,300,0,0
810877.986917087,810937.986917087,650,215,300,0,0
810937.986917087,810997.986917087,650,215,300,0,0
810997.986917087,810999.138750267,650,215,300,0,0
810999.138750267,811059.138750267,0,215,296.018518518519,0,0
811059.138750267,811119.138750267,0,215,292.037037037037,0,0
811119.138750267,811179.138750267,0,215,288.055555555556,0,0
811179.138750267,811239.138750267,0,215,284.074074074074,0,0
811239.138750267,811299.138750267,0,215,280.092592592593,0,0
811299.138750267,811359.138750267,0,215,276.111111111111,0,0
811359.138750267,811419.138750267,0,215,272.12962962963,0,0
811419.138750267,811479.138750267,0,215,268.148148148148,0,0
811479.138750267,811539.138750267,0,215,264.166666666667,0,0
811539.138750267,811599.138750267,0,215,260.185185185185,0,0
811599.138750267,811659.138750267,0,215,256.203703703704,0,0
811659.138750267,811719.138750267,0,215,252.222222222222,0,0
811719.138750267,811779.138750267,0,215,248.240740740741,0,0
811779.138750267,811839.138750267,0,215,244.259259259259,0,0
811839.138750267,811899.138750267,0,215,240.277777777778,0,0
811899.138750267,811959.138750267,0,215,236.296296296296,0,0
811959.138750267,812019.138750267,0,215,232.314814814815,0,0
812019.138750267,812067.483324594,0,215,229.106764357931,0,0
812067.483324594,812127.483324594,0,215,225.125282876449,0,0
812127.483324594,812187.483324594,0,215,221.143801394968,0,0
812187.483324594,812247.483324594,0,215,217.162319913486,0,0
812247.483324594,812307.483324594,0,215,213.180838432005,0,0
812307.483324594,812367.483324594,0,215,209.199356950523,0,0
812367.483324594,812427.483324594,0,215,205.217875469042,0,0
812427.483324594,812487.483324594,0,215,201.23639398756,0,0
812487.483324594,812547.483324594,0,215,197.254912506079,0,0
812547.483324594,812607.483324594,0,215,193.273431024597,0,0
812607.483324594,812667.483324594,0,215,189.291949543116,0,0
812667.483324594,812727.483324594,0,215,185.310468061634,0,0
812727.483324594,812787.483324594,0,215,181.328986580153,0,0
812787.483324594,812847.483324594,0,215,177.347505098671,0,0
812847.483324594,812907.483324594,0,215,173.36602361719,0,0
812907.483324594,812967.483324594,0,215,169.384542135708,0,0
812967.483324594,813027.483324594,0,215,165.403060654227,0,0
813027.483324594,813087.483324594,0,215,161.421579172745,0,0
813087.483324594,813135.827898921,0,215,158.213528715869,0,0
813135.827898921,813195.827898921,650,215,164.213528715869,0,0
813195.827898921,813255.827898921,650,215,170.213528715869,0,0
813255.827898921,813315.827898921,650,215,176.213528715869,0,0
813315.827898921,813375.827898921,650,215,182.213528715869,0,0
813375.827898921,813435.827898921,650,215,188.213528715869,0,0
813435.827898921,813495.827898921,650,215,194.213528715869,0,0
813495.827898921,813555.827898921,650,215,200.213528715869,0,0
813555.827898921,813615.827898921,650,215,206.213528715869,0,0
813615.827898921,813675.827898921,650,215,212.213528715869,0,0
813675.827898921,813735.827898921,650,215,218.213528715869,0,0
813735.827898921,813795.827898921,650,215,224.213528715869,0,0
813795.827898921,813855.827898921,650,215,230.213528715869,0,0
813855.827898921,813915.827898921,650,215,236.213528715869,0,0
813915.827898921,813975.827898921,650,215,242.213528715869,0,0
813975.827898921,814035.827898921,650,215,248.213528715869,0,0
814035.827898921,814095.827898921,650,215,254.213528715869,0,0
814095.827898921,814155.827898921,650,215,260.213528715869,0,0
814155.827898921,814215.827898921,650,215,266.213528715869,0,0
814215.827898921,814275.827898921,650,215,272.213528715869,0,0
814275.827898921,814335.827898921,650,215,278.213528715869,0,0
814335.827898921,814395.827898921,650,215,284.213528715869,0,0
814395.827898921,814455.827898921,650,215,290.213528715869,0,0
814455.827898921,814515.827898921,650,215,296.213528715869,0,0
814515.827898921,814575.827898921,650,215,300,0,0
814575.827898921,814635.827898921,650,215,300,0,0
814635.827898921,814695.827898921,650,215,300,0,0
814695.827898921,814755.827898921,650,215,300,0,0
814755.827898921,814815.827898921,650,215,300,0,0
814815.827898921,814875.827898921,650,215,300,0,0
814875.827898921,814935.827898921,650,215,300,0,0
814935.827898921,814936.979732101,650,215,300,0,0
814936.979732101,814996.979732101,650,215,300,0,0
814996.979732101,815056.979732101,650,215,300,0,0
815056.979732101,815116.979732101,650,215,300,0,0
815116.979732101,815176.979732101,650,215,300,0,0
815176.979732101,815236.979732101,650,215,300,0,0
815236.979732101,815296.979732101,650,215,300,0,0
815296.979732101,815356.979732101,650,215,300,0,0
815356.979732101,815416.979732101,650,215,300,0,0
815416.979732101,815476.979732101,650,215,300,0,0
815476.979732101,815536.979732101,650,215,300,0,0
815536.979732101,815596.979732101,650,215,300,0,0
815596.979732101,815656.979732101,650,215,300,0,0
815656.979732101,815716.979732101,650,215,300,0,0
815716.979732101,815776.979732101,650,215,300,0,0
815776.979732101,815836.979732101,650,215,300,0,0
815836.979732101,815896.979732101,650,215,300,0,0
815896.979732101,815956.979732101,650,215,300,0,0
815956.979732101,816016.979732101,650,215,300,0,0
816016.979732101,816076.979732101,650,215,300,0,0
816076.979732101,816136.979732101,650,215,300,0,0
816136.979732101,816196.979732101,650,215,300,0,0
816196.979732101,816256.979732101,650,215,300,0,0
816256.979732101,816316.979732101,650,215,300,0,0
816316.979732101,816376.979732101,650,215,300,0,0
816376.979732101,816436.979732101,650,215,300,0,0
816436.979732101,816496.979732101,650,215,300,0,0
816496.979732101,816556.979732101,650,215,300,0,0
816556.979732101,816616.979732101,650,215,300,0,0
816616.979732101,816676.979732101,650,215,300,0,0
816676.979732101,816736.979732101,650,215,300,0,0
816736.979732101,816738.131565282,650,215,300,0,0
816738.131565282,816798.131565282,0,215,296.018518518519,0,0
816798.131565282,816858.131565282,0,215,292.037037037037,0,0
816858.131565282,816918.131565282,0,215,288.055555555556,0,0
816918.131565282,816978.131565282,0,215,284.074074074074,0,0
816978.131565282,817038.131565282,0,215,280.092592592593,0,0
817038.131565282,817098.131565282,0,215,276.111111111111,0,0
817098.131565282,817158.131565282,0,215,272.12962962963,0,0
817158.131565282,817218.131565282,0,215,268.148148148148,0,0
817218.131565282,817278.131565282,0,215,264.166666666667,0,0
817278.131565282,817338.131565282,0,215,260.185185185185,0,0
817338.131565282,817398.131565282,0,215,256.203703703704,0,0
817398.131565282,817458.131565282,0,215,252.222222222222,0,0
817458.131565282,817518.131565282,0,215,248.240740740741,0,0
817518.131565282,817578.131565282,0,215,244.259259259259,0,0
817578.131565282,817638.131565282,0,215,240.277777777778,0,0
817638.131565282,817698.131565282,0,215,236.296296296296,0,0
817698.131565282,817758.131565282,0,215,232.314814814815,0,0
817758.131565282,817806.476139609,0,215,229.106764357931,0,0
817806.476139609,817866.476139609,0,215,225.125282876449,0,0
817866.476139609,817926.476139609,0,215,221.143801394968,0,0
817926.476139609,817986.476139609,0,215,217.162319913486,0,0
817986.476139609,818046.476139609,0,215,213.180838432005,0,0
818046.476139609,818106.476139609,0,215,209.199356950523,0,0
818106.476139609,818166.476139609,0,215,205.217875469042,0,0
818166.476139609,818226.476139609,0,215,201.23639398756,0,0
818226.476139609,818286.476139609,0,215,197.254912506079,0,0
818286.476139609,818346.476139609,0,215,193.273431024597,0,0
818346.476139609,818406.476139609,0,215,189.291949543116,0,0
818406.476139609,818466.476139609,0,215,185.310468061634,0,0
818466.476139609,818526.476139609,0,215,181.328986580153,0,0
818526.476139609,818586.476139609,0,215,177.347505098671,0,0
818586.476139609,818646.476139609,0,215,173.36602361719,0,0
818646.476139609,818706.476139609,0,215,169.384542135708,0,0
818706.476139609,818766.476139609,0,215,165.403060654227,0,0
818766.476139609,818826.476139609,0,215,161.421579172745,0,0
818826.476139609,818874.820713936,0,215,158.213528715869,0,0
818874.820713936,818934.820713936,650,215,164.213528715869,0,0
818934.820713936,818994.820713936,650,215,170.213528715869,0,0
818994.820713936,819054.820713936,650,215,176.213528715869,0,0
819054.820713936,819114.820713936,650,215,182.213528715869,0,0
819114.820713936,819174.820713936,650,215,188.213528715869,0,0
819174.820713936,819234.820713936,650,215,194.213528715869,0,0
819234.820713936,819294.820713936,650,215,200.213528715869,0,0
819294.820713936,819354.820713936,650,215,206.213528715869,0,0
819354.820713936,819414.820713936,650,215,212.213528715869,0,0
819414.820713936,819474.820713936,650,215,218.213528715869,0,0
819474.820713936,819534.820713936,650,215,224.213528715869,0,0
819534.820713936,819594.820713936,650,215,230.213528715869,0,0
819594.820713936,819654.820713936,650,215,236.213528715869,0,0
819654.820713936,819714.820713936,650,215,242.213528715869,0,0
819714.820713936,819774.820713936,650,215,248.213528715869,0,0
819774.820713936,819834.820713936,650,215,254.213528715869,0,0
819834.820713936,819894.820713936,650,215,260.213528715869,0,0
819894.820713936,819954.820713936,650,215,266.213528715869,0,0
819954.820713936,820014.820713936,650,215,272.213528715869,0,0
820014.820713936,820074.820713936,650,215,278.213528715869,0,0
820074.820713936,820134.820713936,650,215,284.213528715869,0,0
820134.820713936,820194.820713936,650,215,290.213528715869,0,0
820194.820713936,820254.820713936,650,215,296.213528715869,0,0
820254.820713936,820314.820713936,650,215,300,0,0
820314.820713936,820374.820713936,650,215,300,0,0
820374.820713936,820434.820713936,650,215,300,0,0
820434.820713936,820494.820713936,650,215,300,0,0
820494.820713936,820554.820713936,650,215,300,0,0
820554.820713936,820614.820713936,650,215,300,0,0
820614.820713936,820674.820713936,650,215,300,0,0
820674.820713936,820675.972547116,650,215,300,0,0
820675.972547116,820735.972547116,650,215,300,0,0
820735.972547116,820795.972547116,650,215,300,0,0
820795.972547116,820855.972547116,650,215,300,0,0
820855.972547116,820915.972547116,650,215,300,0,0
820915.972547116,820975.972547116,650,215,300,0,0
820975.972547116,821035.972547116,650,215,300,0,0
821035.972547116,821095.972547116,650,215,300,0,0
821095.972547116,821155.972547116,650,215,300,0,0
821155.972547116,821215.972547116,650,215,300,0,0
821215.972547116,821275.972547116,650,215,300,0,0
821275.972547116,821335.972547116,650,215,300,0,0
821335.972547116,821395.972547116,650,215,300,0,0
821395.972547116,821455.972547116,650,215,300,0,0
821455.972547116,821515.972547116,650,215,300,0,0
821515.972547116,821575.972547116,650,215,300,0,0
821575.972547116,821635.972547116,650,215,300,0,0
821635.972547116,821695.972547116,650,215,300,0,0
821695.972547116,821755.972547116,650,215,300,0,0
821755.972547116,821815.972547116,650,215,300,0,0
821815.972547116,821875.972547116,650,215,300,0,0
821875.972547116,821935.972547116,650,215,300,0,0
821935.972547116,821995.972547116,650,215,300,0,0
821995.972547116,822055.972547116,650,215,300,0,0
822055.972547116,822115.972547116,650,215,300,0,0
822115.972547116,822175.972547116,650,215,300,0,0
822175.972547116,822235.972547116,650,215,300,0,0
822235.972547116,822295.972547116,650,215,300,0,0
822295.972547116,822355.972547116,650,215,300,0,0
822355.972547116,822415.972547116,650,215,300,0,0
822415.972547116,822475.972547116,650,215,300,0,0
822475.972547116,822477.124380297,650,215,300,0,0
822477.124380297,822537.124380297,0,215,296.018518518519,0,0
822537.124380297,822597.124380297,0,215,292.037037037037,0,0
822597.124380297,822657.124380297,0,215,288.055555555556,0,0
822657.124380297,822717.124380297,0,215,284.074074074074,0,0
822717.124380297,822777.124380297,0,215,280.092592592593,0,0
822777.124380297,822837.124380297,0,215,276.111111111111,0,0
822837.124380297,822897.124380297,0,215,272.12962962963,0,0
822897.124380297,822957.124380297,0,215,268.148148148148,0,0
822957.124380297,823017.124380297,0,215,264.166666666667,0,0
823017.124380297,823077.124380297,0,215,260.185185185185,0,0
823077.124380297,823137.124380297,0,215,256.203703703704,0,0
823137.124380297,823197.124380297,0,215,252.222222222222,0,0
823197.124380297,823257.124380297,0,215,248.240740740741,0,0
823257.124380297,823317.124380297,0,215,244.259259259259,0,0
823317.124380297,823377.124380297,0,215,240.277777777778,0,0
823377.124380297,823437.124380297,0,215,236.296296296296,0,0
823437.124380297,823497.124380297,0,215,232.314814814815,0,0
823497.124380297,823545.468954624,0,215,229.106764357931,0,0
823545.468954624,823605.468954624,0,215,225.125282876449,0,0
823605.468954624,823665.468954624,0,215,221.143801394968,0,0
823665.468954624,823725.468954624,0,215,217.162319913486,0,0
823725.468954624,823785.468954624,0,215,213.180838432005,0,0
823785.468954624,823845.468954624,0,215,209.199356950523,0,0
823845.468954624,823905.468954624,0,215,205.217875469042,0,0
823905.468954624,823965.468954624,0,215,201.23639398756,0,0
823965.468954624,824025.468954624,0,215,197.254912506079,0,0
824025.468954624,824085.468954624,0,215,193.273431024597,0,0
824085.468954624,824145.468954624,0,215,189.291949543116,0,0
824145.468954624,824205.468954624,0,215,185.310468061634,0,0
824205.468954624,824265.468954624,0,215,181.328986580153,0,0
824265.468954624,824325.468954624,0,215,177.347505098671,0,0
824325.468954624,824385.468954624,0,215,173.36602361719,0,0
824385.468954624,824445.468954624,0,215,169.384542135708,0,0
824445.468954624,824505.468954624,0,215,165.403060654227,0,0
824505.468954624,824565.468954624,0,215,161.421579172745,0,0
824565.468954624,824613.81352895,0,215,158.213528715869,0,0
824613.81352895,824673.81352895,650,215,164.213528715869,0,0
824673.81352895,824733.81352895,650,215,170.213528715869,0,0
824733.81352895,824793.81352895,650,215,176.213528715869,0,0
824793.81352895,824853.81352895,650,215,182.213528715869,0,0
824853.81352895,824913.81352895,650,215,188.213528715869,0,0
824913.81352895,824973.81352895,650,215,194.213528715869,0,0
824973.81352895,825033.81352895,650,215,200.213528715869,0,0
825033.81352895,825093.81352895,650,215,206.213528715869,0,0
825093.81352895,825153.81352895,650,215,212.213528715869,0,0
825153.81352895,825213.81352895,650,215,218.213528715869,0,0
825213.81352895,825273.81352895,650,215,224.213528715869,0,0
825273.81352895,825333.81352895,650,215,230.213528715869,0,0
825333.81352895,825393.81352895,650,215,236.213528715869,0,0
825393.81352895,825453.81352895,650,215,242.213528715869,0,0
825453.81352895,825513.81352895,650,215,248.213528715869,0,0
825513.81352895,825573.81352895,650,215,254.213528715869,0,0
825573.81352895,825633.81352895,650,215,260.213528715869,0,0
825633.81352895,825693.81352895,650,215,266.213528715869,0,0
825693.81352895,825753.81352895,650,215,272.213528715869,0,0
825753.81352895,825813.81352895,650,215,278.213528715869,0,0
825813.81352895,825873.81352895,650,215,284.213528715869,0,0
825873.81352895,825933.81352895,650,215,290.213528715869,0,0
825933.81352895,825993.81352895,650,215,296.213528715869,0,0
825993.81352895,826053.81352895,650,215,300,0,0
826053.81352895,826113.81352895,650,215,300,0,0
826113.81352895,826173.81352895,650,215,300,0,0
826173.81352895,826233.81352895,650,215,300,0,0
826233.81352895,826293.81352895,650,215,300,0,0
826293.81352895,826353.81352895,650,215,300,0,0
826353.81352895,826413.81352895,650,215,300,0,0
826413.81352895,826414.965362131,650,215,300,0,0
826414.965362131,826474.965362131,650,215,300,0,0
826474.965362131,826534.965362131,650,215,300,0,0
826534.965362131,826594.965362131,650,215,300,0,0
826594.965362131,826654.965362131,650,215,300,0,0
826654.965362131,826714.965362131,650,215,300,0,0
826714.965362131,826774.965362131,650,215,300,0,0
826774.965362131,826834.965362131,650,215,300,0,0
826834.965362131,826894.965362131,650,215,300,0,0
826894.965362131,826954.965362131,650,215,300,0,0
826954.965362131,827014.965362131,650,215,300,0,0
827014.965362131,827074.965362131,650,215,300,0,0
827074.965362131,827134.965362131,650,215,300,0,0
827134.965362131,827194.965362131,650,215,300,0,0
827194.965362131,827254.965362131,650,215,300,0,0
827254.965362131,827314.965362131,650,215,300,0,0
827314.965362131,827374.965362131,650,215,300,0,0
827374.965362131,827434.965362131,650,215,300,0,0
827434.965362131,827494.965362131,650,215,300,0,0
827494.965362131,827554.965362131,650,215,300,0,0
827554.965362131,827614.965362131,650,215,300,0,0
827614.965362131,827674.965362131,650,215,300,0,0
827674.965362131,827734.965362131,650,215,300,0,0
827734.965362131,827794.965362131,650,215,300,0,0
827794.965362131,827854.965362131,650,215,300,0,0
827854.965362131,827914.965362131,650,215,300,0,0
827914.965362131,827974.965362131,650,215,300,0,0
827974.965362131,828034.965362131,650,215,300,0,0
828034.965362131,828094.965362131,650,215,300,0,0
828094.965362131,828154.965362131,650,215,300,0,0
828154.965362131,828214.965362131,650,215,300,0,0
828214.965362131,828216.117195311,650,215,300,0,0
828216.117195311,828276.117195311,0,215,296.018518518519,0,0
828276.117195311,828336.117195311,0,215,292.037037037037,0,0
828336.117195311,828396.117195311,0,215,288.055555555556,0,0
828396.117195311,828456.117195311,0,215,284.074074074074,0,0
828456.117195311,828516.117195311,0,215,280.092592592593,0,0
828516.117195311,828576.117195311,0,215,276.111111111111,0,0
828576.117195311,828636.117195311,0,215,272.12962962963,0,0
828636.117195311,828696.117195311,0,215,268.148148148148,0,0
828696.117195311,828756.117195311,0,215,264.166666666667,0,0
828756.117195311,828816.117195311,0,215,260.185185185185,0,0
828816.117195311,828876.117195311,0,215,256.203703703704,0,0
828876.117195311,828936.117195311,0,215,252.222222222222,0,0
828936.117195311,828996.117195311,0,215,248.240740740741,0,0
828996.117195311,829056.117195311,0,215,244.259259259259,0,0
829056.117195311,829116.117195311,0,215,240.277777777778,0,0
829116.117195311,829176.117195311,0,215,236.296296296296,0,0
829176.117195311,829236.117195311,0,215,232.314814814815,0,0
829236.117195311,829284.461769638,0,215,229.106764357931,0,0
829284.461769638,829344.461769638,0,215,225.125282876449,0,0
829344.461769638,829404.461769638,0,215,221.143801394968,0,0
829404.461769638,829464.461769638,0,215,217.162319913486,0,0
829464.461769638,829524.461769638,0,215,213.180838432005,0,0
829524.461769638,829584.461769638,0,215,209.199356950523,0,0
829584.461769638,829644.461769638,0,215,205.217875469042,0,0
829644.461769638,829704.461769638,0,215,201.23639398756,0,0
829704.461769638,829764.461769638,0,215,197.254912506079,0,0
829764.461769638,829824.461769638,0,215,193.273431024597,0,0
829824.461769638,829884.461769638,0,215,189.291949543116,0,0
829884.461769638,829944.461769638,0,215,185.310468061634,0,0
829944.461769638,830004.461769638,0,215,181.328986580153,0,0
830004.461769638,830064.461769638,0,215,177.347505098671,0,0
830064.461769638,830124.461769638,0,215,173.36602361719,0,0
830124.461769638,830184.461769638,0,215,169.384542135708,0,0
830184.461769638,830244.461769638,0,215,165.403060654227,0,0
830244.461769638,830304.461769638,0,215,161.421579172745,0,0
830304.461769638,830352.806343965,0,215,158.213528715869,0,0
830352.806343965,830412.806343965,650,215,164.213528715869,0,0
830412.806343965,830472.806343965,650,215,170.213528715869,0,0
830472.806343965,830532.806343965,650,215,176.213528715869,0,0
830532.806343965,830592.806343965,650,215,182.213528715869,0,0
830592.806343965,830652.806343965,650,215,188.213528715869,0,0
830652.806343965,830712.806343965,650,215,194.213528715869,0,0
830712.806343965,830772.806343965,650,215,200.213528715869,0,0
830772.806343965,830832.806343965,650,215,206.213528715869,0,0
830832.806343965,830892.806343965,650,215,212.213528715869,0,0
830892.806343965,830952.806343965,650,215,218.213528715869,0,0
830952.806343965,831012.806343965,650,215,224.213528715869,0,0
831012.806343965,831072.806343965,650,215,230.213528715869,0,0
831072.806343965,831132.806343965,650,215,236.213528715869,0,0
831132.806343965,831192.806343965,650,215,242.213528715869,0,0
831192.806343965,831252.806343965,650,215,248.213528715869,0,0
831252.806343965,831312.806343965,650,215,254.213528715869,0,0
831312.806343965,831372.806343965,650,215,260.213528715869,0,0
831372.806343965,831432.806343965,650,215,266.213528715869,0,0
831432.806343965,831492.806343965,650,215,272.213528715869,0,0
831492.806343965,831552.806343965,650,215,278.213528715869,0,0
831552.806343965,831612.806343965,650,215,284.213528715869,0,0
831612.806343965,831672.806343965,650,215,290.213528715869,0,0
831672.806343965,831732.806343965,650,215,296.213528715869,0,0
831732.806343965,831792.806343965,650,215,300,0,0
831792.806343965,831852.806343965,650,215,300,0,0
831852.806343965,831912.806343965,650,215,300,0,0
831912.806343965,831972.806343965,650,215,300,0,0
831972.806343965,832032.806343965,650,215,300,0,0
832032.806343965,832092.806343965,650,215,300,0,0
832092.806343965,832152.806343965,650,215,300,0,0
832152.806343965,832153.958177146,650,215,300,0,0
832153.958177146,832213.958177146,650,215,300,0,0
832213.958177146,832273.958177146,650,215,300,0,0
832273.958177146,832333.958177146,650,215,300,0,0
832333.958177146,832393.958177146,650,215,300,0,0
832393.958177146,832453.958177146,650,215,300,0,0
832453.958177146,832513.958177146,650,215,300,0,0
832513.958177146,832573.958177146,650,215,300,0,0
832573.958177146,832633.958177146,650,215,300,0,0
832633.958177146,832693.958177146,650,215,300,0,0
832693.958177146,832753.958177146,650,215,300,0,0
832753.958177146,832813.958177146,650,215,300,0,0
832813.958177146,832873.958177146,650,215,300,0,0
832873.958177146,832933.958177146,650,215,300,0,0
832933.958177146,832993.958177146,650,215,300,0,0
832993.958177146,833053.958177146,650,215,300,0,0
833053.958177146,833113.958177146,650,215,300,0,0
833113.958177146,833173.958177146,650,215,300,0,0
833173.958177146,833233.958177146,650,215,300,0,0
833233.958177146,833293.958177146,650,215,300,0,0
833293.958177146,833353.958177146,650,215,300,0,0
833353.958177146,833413.958177146,650,215,300,0,0
833413.958177146,833473.958177146,650,215,300,0,0
833473.958177146,833533.958177146,650,215,300,0,0
833533.958177146,833593.958177146,650,215,300,0,0
833593.958177146,833653.958177146,650,215,300,0,0
833653.958177146,833713.958177146,650,215,300,0,0
833713.958177146,833773.958177146,650,215,300,0,0
833773.958177146,833833.958177146,650,215,300,0,0
833833.958177146,833893.958177146,650,215,300,0,0
833893.958177146,833953.958177146,650,215,300,0,0
833953.958177146,833955.110010326,650,215,300,0,0
833955.110010326,834015.110010326,0,215,296.018518518519,0,0
834015.110010326,834075.110010326,0,215,292.037037037037,0,0
834075.110010326,834135.110010326,0,215,288.055555555556,0,0
834135.110010326,834195.110010326,0,215,284.074074074074,0,0
834195.110010326,834255.110010326,0,215,280.092592592593,0,0
834255.110010326,834315.110010326,0,215,276.111111111111,0,0
834315.110010326,834375.110010326,0,215,272.12962962963,0,0
834375.110010326,834435.110010326,0,215,268.148148148148,0,0
834435.110010326,834495.110010326,0,215,264.166666666667,0,0
834495.110010326,834555.110010326,0,215,260.185185185185,0,0
834555.110010326,834615.110010326,0,215,256.203703703704,0,0
834615.110010326,834675.110010326,0,215,252.222222222222,0,0
834675.110010326,834735.110010326,0,215,248.240740740741,0,0
834735.110010326,834795.110010326,0,215,244.259259259259,0,0
834795.110010326,834855.110010326,0,215,240.277777777778,0,0
834855.110010326,834915.110010326,0,215,236.296296296296,0,0
834915.110010326,834975.110010326,0,215,232.314814814815,0,0
834975.110010326,835023.454584653,0,215,229.106764357931,0,0
835023.454584653,835083.454584653,0,215,225.125282876449,0,0
835083.454584653,835143.454584653,0,215,221.143801394968,0,0
835143.454584653,835203.454584653,0,215,217.162319913486,0,0
835203.454584653,835263.454584653,0,215,213.180838432005,0,0
835263.454584653,835323.454584653,0,215,209.199356950523,0,0
835323.454584653,835383.454584653,0,215,205.217875469042,0,0
835383.454584653,835443.454584653,0,215,201.23639398756,0,0
835443.454584653,835503.454584653,0,215,197.254912506079,0,0
835503.454584653,835563.454584653,0,215,193.273431024597,0,0
835563.454584653,835623.454584653,0,215,189.291949543116,0,0
835623.454584653,835683.454584653,0,215,185.310468061634,0,0
835683.454584653,835743.454584653,0,215,181.328986580153,0,0
835743.454584653,835803.454584653,0,215,177.347505098671,0,0
835803.454584653,835863.454584653,0,215,173.36602361719,0,0
835863.454584653,835923.454584653,0,215,169.384542135708,0,0
835923.454584653,835983.454584653,0,215,165.403060654227,0,0
835983.454584653,836043.454584653,0,215,161.421579172745,0,0
836043.454584653,836091.79915898,0,215,158.213528715869,0,0
836091.79915898,836151.79915898,650,215,164.213528715869,0,0
836151.79915898,836211.79915898,650,215,170.213528715869,0,0
836211.79915898,836271.79915898,650,215,176.213528715869,0,0
836271.79915898,836331.79915898,650,215,182.213528715869,0,0
836331.79915898,836391.79915898,650,215,188.213528715869,0,0
836391.79915898,836451.79915898,650,215,194.213528715869,0,0
836451.79915898,836511.79915898,650,215,200.213528715869,0,0
836511.79915898,836571.79915898,650,215,206.213528715869,0,0
836571.79915898,836631.79915898,650,215,212.213528715869,0,0
836631.79915898,836691.79915898,650,215,218.213528715869,0,0
836691.79915898,836751.79915898,650,215,224.213528715869,0,0
836751.79915898,836811.79915898,650,215,230.213528715869,0,0
836811.79915898,836871.79915898,650,215,236.213528715869,0,0
836871.79915898,836931.79915898,650,215,242.213528715869,0,0
836931.79915898,836991.79915898,650,215,248.213528715869,0,0
836991.79915898,837051.79915898,650,215,254.213528715869,0,0
837051.79915898,837111.79915898,650,215,260.213528715869,0,0
837111.79915898,837171.79915898,650,215,266.213528715869,0,0
837171.79915898,837231.79915898,650,215,272.213528715869,0,0
837231.79915898,837291.79915898,650,215,278.213528715869,0,0
837291.79915898,837351.79915898,650,215,284.213528715869,0,0
837351.79915898,837411.79915898,650,215,290.213528715869,0,0
837411.79915898,837471.79915898,650,215,296.213528715869,0,0
837471.79915898,837531.79915898,650,215,300,0,0
837531.79915898,837591.79915898,650,215,300,0,0
837591.79915898,837651.79915898,650,215,300,0,0
837651.79915898,837711.79915898,650,215,300,0,0
837711.79915898,837771.79915898,650,215,300,0,0
837771.79915898,837831.79915898,650,215,300,0,0
837831.79915898,837891.79915898,650,215,300,0,0
837891.79915898,837892.95099216,650,215,300,0,0
837892.95099216,837952.95099216,650,215,300,0,0
837952.95099216,838012.95099216,650,215,300,0,0
838012.95099216,838072.95099216,650,215,300,0,0
838072.95099216,838132.95099216,650,215,300,0,0
838132.95099216,838192.95099216,650,215,300,0,0
838192.95099216,838252.95099216,650,215,300,0,0
838252.95099216,838312.95099216,650,215,300,0,0
838312.95099216,838372.95099216,650,215,300,0,0
838372.95099216,838432.95099216,650,215,300,0,0
838432.95099216,838492.95099216,650,215,300,0,0
838492.95099216,838552.95099216,650,215,300,0,0
838552.95099216,838612.95099216,650,215,300,0,0
838612.95099216,838672.95099216,650,215,300,0,0
838672.95099216,838732.95099216,650,215,300,0,0
838732.95099216,838792.95099216,650,215,300,0,0
838792.95099216,838852.95099216,650,215,300,0,0
838852.95099216,838912.95099216,650,215,300,0,0
838912.95099216,838972.95099216,650,215,300,0,0
838972.95099216,839032.95099216,650,215,300,0,0
839032.95099216,839092.95099216,650,215,300,0,0
839092.95099216,839152.95099216,650,215,300,0,0
839152.95099216,839212.95099216,650,215,300,0,0
839212.95099216,839272.95099216,650,215,300,0,0
839272.95099216,839332.95099216,650,215,300,0,0
839332.95099216,839392.95099216,650,215,300,0,0
839392.95099216,839452.95099216,650,215,300,0,0
839452.95099216,839512.95099216,650,215,300,0,0
839512.95099216,839572.95099216,650,215,300,0,0
839572.95099216,839632.95099216,650,215,300,0,0
839632.95099216,839692.95099216,650,215,300,0,0
839692.95099216,839694.102825341,650,215,300,0,0
839694.102825341,839754.102825341,0,215,296.018518518519,0,0
839754.102825341,839814.102825341,0,215,292.037037037037,0,0
839814.102825341,839874.102825341,0,215,288.055555555556,0,0
839874.102825341,839934.102825341,0,215,284.074074074074,0,0
839934.102825341,839994.102825341,0,215,280.092592592593,0,0
839994.102825341,840054.102825341,0,215,276.111111111111,0,0
840054.102825341,840114.102825341,0,215,272.12962962963,0,0
840114.102825341,840174.102825341,0,215,268.148148148148,0,0
840174.102825341,840234.102825341,0,215,264.166666666667,0,0
840234.102825341,840294.102825341,0,215,260.185185185185,0,0
840294.102825341,840354.102825341,0,215,256.203703703704,0,0
840354.102825341,840414.102825341,0,215,252.222222222222,0,0
840414.102825341,840474.102825341,0,215,248.240740740741,0,0
840474.102825341,840534.102825341,0,215,244.259259259259,0,0
840534.102825341,840594.102825341,0,215,240.277777777778,0,0
840594.102825341,840654.102825341,0,215,236.296296296296,0,0
840654.102825341,840714.102825341,0,215,232.314814814815,0,0
840714.102825341,840762.447399668,0,215,229.106764357931,0,0
840762.447399668,840822.447399668,0,215,225.125282876449,0,0
840822.447399668,840882.447399668,0,215,221.143801394968,0,0
840882.447399668,840942.447399668,0,215,217.162319913486,0,0
840942.447399668,841002.447399668,0,215,213.180838432005,0,0
841002.447399668,841062.447399668,0,215,209.199356950523,0,0
841062.447399668,841122.447399668,0,215,205.217875469042,0,0
841122.447399668,841182.447399668,0,215,201.23639398756,0,0
841182.447399668,841242.447399668,0,215,197.254912506079,0,0
841242.447399668,841302.447399668,0,215,193.273431024597,0,0
841302.447399668,841362.447399668,0,215,189.291949543116,0,0
841362.447399668,841422.447399668,0,215,185.310468061634,0,0
841422.447399668,841482.447399668,0,215,181.328986580153,0,0
841482.447399668,841542.447399668,0,215,177.347505098671,0,0
841542.447399668,841602.447399668,0,215,173.36602361719,0,0
841602.447399668,841662.447399668,0,215,169.384542135708,0,0
841662.447399668,841722.447399668,0,215,165.403060654227,0,0
841722.447399668,841782.447399668,0,215,161.421579172745,0,0
841782.447399668,841830.791973995,0,215,158.213528715869,0,0
841830.791973995,841890.791973995,650,215,164.213528715869,0,0
841890.791973995,841950.791973995,650,215,170.213528715869,0,0
841950.791973995,842010.791973995,650,215,176.213528715869,0,0
842010.791973995,842070.791973995,650,215,182.213528715869,0,0
842070.791973995,842130.791973995,650,215,188.213528715869,0,0
842130.791973995,842190.791973995,650,215,194.213528715869,0,0
842190.791973995,842250.791973995,650,215,200.213528715869,0,0
842250.791973995,842310.791973995,650,215,206.213528715869,0,0
842310.791973995,842370.791973995,650,215,212.213528715869,0,0
842370.791973995,842430.791973995,650,215,218.213528715869,0,0
842430.791973995,842490.791973995,650,215,224.213528715869,0,0
842490.791973995,842550.791973995,650,215,230.213528715869,0,0
842550.791973995,842610.791973995,650,215,236.213528715869,0,0
842610.791973995,842670.791973995,650,215,242.213528715869,0,0
842670.791973995,842730.791973995,650,215,248.213528715869,0,0
842730.791973995,842790.791973995,650,215,254.213528715869,0,0
842790.791973995,842850.791973995,650,215,260.213528715869,0,0
842850.791973995,842910.791973995,650,215,266.213528715869,0,0
842910.791973995,842970.791973995,650,215,272.213528715869,0,0
842970.791973995,843030.791973995,650,215,278.213528715869,0,0
843030.791973995,843090.791973995,650,215,284.213528715869,0,0
843090.791973995,843150.791973995,650,215,290.213528715869,0,0
843150.791973995,843210.791973995,650,215,296.213528715869,0,0
843210.791973995,843270.791973995,650,215,300,0,0
843270.791973995,843330.791973995,650,215,300,0,0
843330.791973995,843390.791973995,650,215,300,0,0
843390.791973995,843450.791973995,650,215,300,0,0
843450.791973995,843510.791973995,650,215,300,0,0
843510.791973995,843570.791973995,650,215,300,0,0
843570.791973995,843630.791973995,650,215,300,0,0
843630.791973995,843631.943807175,650,215,300,0,0
843631.943807175,843691.943807175,650,215,300,0,0
843691.943807175,843751.943807175,650,215,300,0,0
843751.943807175,843811.943807175,650,215,300,0,0
843811.943807175,843871.943807175,650,215,300,0,0
843871.943807175,843931.943807175,650,215,300,0,0
843931.943807175,843991.943807175,650,215,300,0,0
843991.943807175,844051.943807175,650,215,300,0,0
844051.943807175,844111.943807175,650,215,300,0,0
844111.943807175,844171.943807175,650,215,300,0,0
844171.943807175,844231.943807175,650,215,300,0,0
844231.943807175,844291.943807175,650,215,300,0,0
844291.943807175,844351.943807175,650,215,300,0,0
844351.943807175,844411.943807175,650,215,300,0,0
844411.943807175,844471.943807175,650,215,300,0,0
844471.943807175,844531.943807175,650,215,300,0,0
844531.943807175,844591.943807175,650,215,300,0,0
844591.943807175,844651.943807175,650,215,300,0,0
844651.943807175,844711.943807175,650,215,300,0,0
844711.943807175,844771.943807175,650,215,300,0,0
844771.943807175,844831.943807175,650,215,300,0,0
844831.943807175,844891.943807175,650,215,300,0,0
844891.943807175,844951.943807175,650,215,300,0,0
844951.943807175,845011.943807175,650,215,300,0,0
845011.943807175,845071.943807175,650,215,300,0,0
845071.943807175,845131.943807175,650,215,300,0,0
845131.943807175,845191.943807175,650,215,300,0,0
845191.943807175,845251.943807175,650,215,300,0,0
845251.943807175,845311.943807175,650,215,300,0,0
845311.943807175,845371.943807175,650,215,300,0,0
845371.943807175,845431.943807175,650,215,300,0,0
845431.943807175,845433.095640356,650,215,300,0,0
845433.095640356,845493.095640356,0,215,296.018518518519,0,0
845493.095640356,845553.095640356,0,215,292.037037037037,0,0
845553.095640356,845613.095640356,0,215,288.055555555556,0,0
845613.095640356,845673.095640356,0,215,284.074074074074,0,0
845673.095640356,845733.095640356,0,215,280.092592592593,0,0
845733.095640356,845793.095640356,0,215,276.111111111111,0,0
845793.095640356,845853.095640356,0,215,272.12962962963,0,0
845853.095640356,845913.095640356,0,215,268.148148148148,0,0
845913.095640356,845973.095640356,0,215,264.166666666667,0,0
845973.095640356,846033.095640356,0,215,260.185185185185,0,0
846033.095640356,846093.095640356,0,215,256.203703703704,0,0
846093.095640356,846153.095640356,0,215,252.222222222222,0,0
846153.095640356,846213.095640356,0,215,248.240740740741,0,0
846213.095640356,846273.095640356,0,215,244.259259259259,0,0
846273.095640356,846333.095640356,0,215,240.277777777778,0,0
846333.095640356,846393.095640356,0,215,236.296296296296,0,0
846393.095640356,846453.095640356,0,215,232.314814814815,0,0
846453.095640356,846501.440214683,0,215,229.106764357931,0,0
846501.440214683,846561.440214683,0,215,225.125282876449,0,0
846561.440214683,846621.440214683,0,215,221.143801394968,0,0
846621.440214683,846681.440214683,0,215,217.162319913486,0,0
846681.440214683,846741.440214683,0,215,213.180838432005,0,0
846741.440214683,846801.440214683,0,215,209.199356950523,0,0
846801.440214683,846861.440214683,0,215,205.217875469042,0,0
846861.440214683,846921.440214683,0,215,201.23639398756,0,0
846921.440214683,846981.440214683,0,215,197.254912506079,0,0
846981.440214683,847041.440214683,0,215,193.273431024597,0,0
847041.440214683,847101.440214683,0,215,189.291949543116,0,0
847101.440214683,847161.440214683,0,215,185.310468061634,0,0
847161.440214683,847221.440214683,0,215,181.328986580153,0,0
847221.440214683,847281.440214683,0,215,177.347505098671,0,0
847281.440214683,847341.440214683,0,215,173.36602361719,0,0
847341.440214683,847401.440214683,0,215,169.384542135708,0,0
847401.440214683,847461.440214683,0,215,165.403060654227,0,0
847461.440214683,847521.440214683,0,215,161.421579172745,0,0
847521.440214683,847569.78478901,0,215,158.213528715869,0,0
847569.78478901,847629.78478901,650,215,164.213528715869,0,0
847629.78478901,847689.78478901,650,215,170.213528715869,0,0
847689.78478901,847749.78478901,650,215,176.213528715869,0,0
847749.78478901,847809.78478901,650,215,182.213528715869,0,0
847809.78478901,847869.78478901,650,215,188.213528715869,0,0
847869.78478901,847929.78478901,650,215,194.213528715869,0,0
847929.78478901,847989.78478901,650,215,200.213528715869,0,0
847989.78478901,848049.78478901,650,215,206.213528715869,0,0
848049.78478901,848109.78478901,650,215,212.213528715869,0,0
848109.78478901,848169.78478901,650,215,218.213528715869,0,0
848169.78478901,848229.78478901,650,215,224.213528715869,0,0
848229.78478901,848289.78478901,650,215,230.213528715869,0,0
848289.78478901,848349.78478901,650,215,236.213528715869,0,0
848349.78478901,848409.78478901,650,215,242.213528715869,0,0
848409.78478901,848469.78478901,650,215,248.213528715869,0,0
848469.78478901,848529.78478901,650,215,254.213528715869,0,0
848529.78478901,848589.78478901,650,215,260.213528715869,0,0
848589.78478901,848649.78478901,650,215,266.213528715869,0,0
848649.78478901,848709.78478901,650,215,272.213528715869,0,0
848709.78478901,848769.78478901,650,215,278.213528715869,0,0
848769.78478901,848829.78478901,650,215,284.213528715869,0,0
848829.78478901,848889.78478901,650,215,290.213528715869,0,0
848889.78478901,848949.78478901,650,215,296.213528715869,0,0
848949.78478901,849009.78478901,650,215,300,0,0
849009.78478901,849069.78478901,650,215,300,0,0
849069.78478901,849129.78478901,650,215,300,0,0
849129.78478901,849189.78478901,650,215,300,0,0
849189.78478901,849249.78478901,650,215,300,0,0
849249.78478901,849309.78478901,650,215,300,0,0
849309.78478901,849369.78478901,650,215,300,0,0
849369.78478901,849370.93662219,650,215,300,0,0
849370.93662219,849430.93662219,650,215,300,0,0
849430.93662219,849490.93662219,650,215,300,0,0
849490.93662219,849550.93662219,650,215,300,0,0
849550.93662219,849610.93662219,650,215,300,0,0
849610.93662219,849670.93662219,650,215,300,0,0
849670.93662219,849730.93662219,650,215,300,0,0
849730.93662219,849790.93662219,650,215,300,0,0
849790.93662219,849850.93662219,650,215,300,0,0
849850.93662219,849910.93662219,650,215,300,0,0
849910.93662219,849970.93662219,650,215,300,0,0
849970.93662219,850030.93662219,650,215,300,0,0
850030.93662219,850090.93662219,650,215,300,0,0
850090.93662219,850150.93662219,650,215,300,0,0
850150.93662219,850210.93662219,650,215,300,0,0
850210.93662219,850270.93662219,650,215,300,0,0
850270.93662219,850330.93662219,650,215,300,0,0
850330.93662219,850390.93662219,650,215,300,0,0
850390.93662219,850450.93662219,650,215,300,0,0
850450.93662219,850510.93662219,650,215,300,0,0
850510.93662219,850570.93662219,650,215,300,0,0
850570.93662219,850630.93662219,650,215,300,0,0
850630.93662219,850690.93662219,650,215,300,0,0
850690.93662219,850750.93662219,650,215,300,0,0
850750.93662219,850810.93662219,650,215,300,0,0
850810.93662219,850870.93662219,650,215,300,0,0
850870.93662219,850930.93662219,650,215,300,0,0
850930.93662219,850990.93662219,650,215,300,0,0
850990.93662219,851050.93662219,650,215,300,0,0
851050.93662219,851110.93662219,650,215,300,0,0
851110.93662219,851170.93662219,650,215,300,0,0
851170.93662219,851172.088455371,650,215,300,0,0
851172.088455371,851232.088455371,0,215,296.018518518519,0,0
851232.088455371,851292.088455371,0,215,292.037037037037,0,0
851292.088455371,851352.088455371,0,215,288.055555555556,0,0
851352.088455371,851412.088455371,0,215,284.074074074074,0,0
851412.088455371,851472.088455371,0,215,280.092592592593,0,0
851472.088455371,851532.088455371,0,215,276.111111111111,0,0
851532.088455371,851592.088455371,0,215,272.12962962963,0,0
851592.088455371,851652.088455371,0,215,268.148148148148,0,0
851652.088455371,851712.088455371,0,215,264.166666666667,0,0
851712.088455371,851772.088455371,0,215,260.185185185185,0,0
851772.088455371,851832.088455371,0,215,256.203703703704,0,0
851832.088455371,851892.088455371,0,215,252.222222222222,0,0
851892.088455371,851952.088455371,0,215,248.240740740741,0,0
851952.088455371,852012.088455371,0,215,244.259259259259,0,0
852012.088455371,852072.088455371,0,215,240.277777777778,0,0
852072.088455371,852132.088455371,0,215,236.296296296296,0,0
852132.088455371,852192.088455371,0,215,232.314814814815,0,0
852192.088455371,852240.433029698,0,215,229.106764357931,0,0
852240.433029698,852300.433029698,0,215,225.125282876449,0,0
852300.433029698,852360.433029698,0,215,221.143801394968,0,0
852360.433029698,852420.433029698,0,215,217.162319913486,0,0
852420.433029698,852480.433029698,0,215,213.180838432005,0,0
852480.433029698,852540.433029698,0,215,209.199356950523,0,0
852540.433029698,852600.433029698,0,215,205.217875469042,0,0
852600.433029698,852660.433029698,0,215,201.23639398756,0,0
852660.433029698,852720.433029698,0,215,197.254912506079,0,0
852720.433029698,852780.433029698,0,215,193.273431024597,0,0
852780.433029698,852840.433029698,0,215,189.291949543116,0,0
852840.433029698,852900.433029698,0,215,185.310468061634,0,0
852900.433029698,852960.433029698,0,215,181.328986580153,0,0
852960.433029698,853020.433029698,0,215,177.347505098671,0,0
853020.433029698,853080.433029698,0,215,173.36602361719,0,0
853080.433029698,853140.433029698,0,215,169.384542135708,0,0
853140.433029698,853200.433029698,0,215,165.403060654227,0,0
853200.433029698,853260.433029698,0,215,161.421579172745,0,0
853260.433029698,853308.777604024,0,215,158.213528715869,0,0
853308.777604024,853368.777604024,650,215,164.213528715869,0,0
853368.777604024,853428.777604024,650,215,170.213528715869,0,0
853428.777604024,853488.777604024,650,215,176.213528715869,0,0
853488.777604024,853548.777604024,650,215,182.213528715869,0,0
853548.777604024,853608.777604024,650,215,188.213528715869,0,0
853608.777604024,853668.777604024,650,215,194.213528715869,0,0
853668.777604024,853728.777604024,650,215,200.213528715869,0,0
853728.777604024,853788.777604024,650,215,206.213528715869,0,0
853788.777604024,853848.777604024,650,215,212.213528715869,0,0
853848.777604024,853908.777604024,650,215,218.213528715869,0,0
853908.777604024,853968.777604024,650,215,224.213528715869,0,0
853968.777604024,854028.777604024,650,215,230.213528715869,0,0
854028.777604024,854088.777604024,650,215,236.213528715869,0,0
854088.777604024,854148.777604024,650,215,242.213528715869,0,0
854148.777604024,854208.777604024,650,215,248.213528715869,0,0
854208.777604024,854268.777604024,650,215,254.213528715869,0,0
854268.777604024,854328.777604024,650,215,260.213528715869,0,0
854328.777604024,854388.777604024,650,215,266.213528715869,0,0
854388.777604024,854448.777604024,650,215,272.213528715869,0,0
854448.777604024,854508.777604024,650,215,278.213528715869,0,0
854508.777604024,854568.777604024,650,215,284.213528715869,0,0
854568.777604024,854628.777604024,650,215,290.213528715869,0,0
854628.777604024,854688.777604024,650,215,296.213528715869,0,0
854688.777604024,854748.777604024,650,215,300,0,0
854748.777604024,854808.777604024,650,215,300,0,0
854808.777604024,854868.777604024,650,215,300,0,0
854868.777604024,854928.777604024,650,215,300,0,0
854928.777604024,854988.777604024,650,215,300,0,0
854988.777604024,855048.777604024,650,215,300,0,0
855048.777604024,855108.777604024,650,215,300,0,0
855108.777604024,855109.929437205,650,215,300,0,0
855109.929437205,855169.929437205,650,215,300,0,0
855169.929437205,855229.929437205,650,215,300,0,0
855229.929437205,855289.929437205,650,215,300,0,0
855289.929437205,855349.929437205,650,215,300,0,0
855349.929437205,855409.929437205,650,215,300,0,0
855409.929437205,855469.929437205,650,215,300,0,0
855469.929437205,855529.929437205,650,215,300,0,0
855529.929437205,855589.929437205,650,215,300,0,0
855589.929437205,855649.929437205,650,215,300,0,0
855649.929437205,855709.929437205,650,215,300,0,0
855709.929437205,855769.929437205,650,215,300,0,0
855769.929437205,855829.929437205,650,215,300,0,0
855829.929437205,855889.929437205,650,215,300,0,0
855889.929437205,855949.929437205,650,215,300,0,0
855949.929437205,856009.929437205,650,215,300,0,0
856009.929437205,856069.929437205,650,215,300,0,0
856069.929437205,856129.929437205,650,215,300,0,0
856129.929437205,856189.929437205,650,215,300,0,0
856189.929437205,856249.929437205,650,215,300,0,0
856249.929437205,856309.929437205,650,215,300,0,0
856309.929437205,856369.929437205,650,215,300,0,0
856369.929437205,856429.929437205,650,215,300,0,0
856429.929437205,856489.929437205,650,215,300,0,0
856489.929437205,856549.929437205,650,215,300,0,0
856549.929437205,856609.929437205,650,215,300,0,0
856609.929437205,856669.929437205,650,215,300,0,0
856669.929437205,856729.929437205,650,215,300,0,0
856729.929437205,856789.929437205,650,215,300,0,0
856789.929437205,856849.929437205,650,215,300,0,0
856849.929437205,856909.929437205,650,215,300,0,0
856909.929437205,856911.081270385,650,215,300,0,0
856911.081270385,856971.081270385,0,215,296.018518518519,0,0
856971.081270385,857031.081270385,0,215,292.037037037037,0,0
857031.081270385,857091.081270385,0,215,288.055555555556,0,0
857091.081270385,857151.081270385,0,215,284.074074074074,0,0
857151.081270385,857211.081270385,0,215,280.092592592593,0,0
857211.081270385,857271.081270385,0,215,276.111111111111,0,0
857271.081270385,857331.081270385,0,215,272.12962962963,0,0
857331.081270385,857391.081270385,0,215,268.148148148148,0,0
857391.081270385,857451.081270385,0,215,264.166666666667,0,0
857451.081270385,857511.081270385,0,215,260.185185185185,0,0
857511.081270385,857571.081270385,0,215,256.203703703704,0,0
857571.081270385,857631.081270385,0,215,252.222222222222,0,0
857631.081270385,857691.081270385,0,215,248.240740740741,0,0
857691.081270385,857751.081270385,0,215,244.259259259259,0,0
857751.081270385,857811.081270385,0,215,240.277777777778,0,0
857811.081270385,857871.081270385,0,215,236.296296296296,0,0
857871.081270385,857931.081270385,0,215,232.314814814815,0,0
857931.081270385,857979.425844712,0,215,229.106764357931,0,0
857979.425844712,858039.425844712,0,215,225.125282876449,0,0
858039.425844712,858099.425844712,0,215,221.143801394968,0,0
858099.425844712,858159.425844712,0,215,217.162319913486,0,0
858159.425844712,858219.425844712,0,215,213.180838432005,0,0
858219.425844712,858279.425844712,0,215,209.199356950523,0,0
858279.425844712,858339.425844712,0,215,205.217875469042,0,0
858339.425844712,858399.425844712,0,215,201.23639398756,0,0
858399.425844712,858459.425844712,0,215,197.254912506079,0,0
858459.425844712,858519.425844712,0,215,193.273431024597,0,0
858519.425844712,858579.425844712,0,215,189.291949543116,0,0
858579.425844712,858639.425844712,0,215,185.310468061634,0,0
858639.425844712,858699.425844712,0,215,181.328986580153,0,0
858699.425844712,858759.425844712,0,215,177.347505098671,0,0
858759.425844712,858819.425844712,0,215,173.36602361719,0,0
858819.425844712,858879.425844712,0,215,169.384542135708,0,0
858879.425844712,858939.425844712,0,215,165.403060654227,0,0
858939.425844712,858999.425844712,0,215,161.421579172745,0,0
858999.425844712,859047.770419039,0,215,158.213528715869,0,0
859047.770419039,859107.770419039,650,215,164.213528715869,0,0
859107.770419039,859167.770419039,650,215,170.213528715869,0,0
859167.770419039,859227.770419039,650,215,176.213528715869,0,0
859227.770419039,859287.770419039,650,215,182.213528715869,0,0
859287.770419039,859347.770419039,650,215,188.213528715869,0,0
859347.770419039,859407.770419039,650,215,194.213528715869,0,0
859407.770419039,859467.770419039,650,215,200.213528715869,0,0
859467.770419039,859527.770419039,650,215,206.213528715869,0,0
859527.770419039,859587.770419039,650,215,212.213528715869,0,0
859587.770419039,859647.770419039,650,215,218.213528715869,0,0
859647.770419039,859707.770419039,650,215,224.213528715869,0,0
859707.770419039,859767.770419039,650,215,230.213528715869,0,0
859767.770419039,859827.770419039,650,215,236.213528715869,0,0
859827.770419039,859887.770419039,650,215,242.213528715869,0,0
859887.770419039,859947.770419039,650,215,248.213528715869,0,0
859947.770419039,860007.770419039,650,215,254.213528715869,0,0
860007.770419039,860067.770419039,650,215,260.213528715869,0,0
860067.770419039,860127.770419039,650,215,266.213528715869,0,0
860127.770419039,860187.770419039,650,215,272.213528715869,0,0
860187.770419039,860247.770419039,650,215,278.213528715869,0,0
860247.770419039,860307.770419039,650,215,284.213528715869,0,0
860307.770419039,860367.770419039,650,215,290.213528715869,0,0
860367.770419039,860427.770419039,650,215,296.213528715869,0,0
860427.770419039,860487.770419039,650,215,300,0,0
860487.770419039,860547.770419039,650,215,300,0,0
860547.770419039,860607.770419039,650,215,300,0,0
860607.770419039,860667.770419039,650,215,300,0,0
860667.770419039,860727.770419039,650,215,300,0,0
860727.770419039,860787.770419039,650,215,300,0,0
860787.770419039,860847.770419039,650,215,300,0,0
860847.770419039,860848.92225222,650,215,300,0,0
860848.92225222,860908.92225222,650,215,300,0,0
860908.92225222,860968.92225222,650,215,300,0,0
860968.92225222,861028.92225222,650,215,300,0,0
861028.92225222,861088.92225222,650,215,300,0,0
861088.92225222,861148.92225222,650,215,300,0,0
861148.92225222,861208.92225222,650,215,300,0,0
861208.92225222,861268.92225222,650,215,300,0,0
861268.92225222,861328.92225222,650,215,300,0,0
861328.92225222,861388.92225222,650,215,300,0,0
861388.92225222,861448.92225222,650,215,300,0,0
861448.92225222,861508.92225222,650,215,300,0,0
861508.92225222,861568.92225222,650,215,300,0,0
861568.92225222,861628.92225222,650,215,300,0,0
861628.92225222,861688.92225222,650,215,300,0,0
861688.92225222,861748.92225222,650,215,300,0,0
861748.92225222,861808.92225222,650,215,300,0,0
861808.92225222,861868.92225222,650,215,300,0,0
861868.92225222,861928.92225222,650,215,300,0,0
861928.92225222,861988.92225222,650,215,300,0,0
861988.92225222,862048.92225222,650,215,300,0,0
862048.92225222,862108.92225222,650,215,300,0,0
862108.92225222,862168.92225222,650,215,300,0,0
862168.92225222,862228.92225222,650,215,300,0,0
862228.92225222,862288.92225222,650,215,300,0,0
862288.92225222,862348.92225222,650,215,300,0,0
862348.92225222,862408.92225222,650,215,300,0,0
862408.92225222,862468.92225222,650,215,300,0,0
862468.92225222,862528.92225222,650,215,300,0,0
862528.92225222,862588.92225222,650,215,300,0,0
862588.92225222,862648.92225222,650,215,300,0,0
862648.92225222,862650.0740854,650,215,300,0,0
862650.0740854,862710.0740854,0,215,296.018518518519,0,0
862710.0740854,862770.0740854,0,215,292.037037037037,0,0
862770.0740854,862830.0740854,0,215,288.055555555556,0,0
862830.0740854,862890.0740854,0,215,284.074074074074,0,0
862890.0740854,862950.0740854,0,215,280.092592592593,0,0
862950.0740854,863010.0740854,0,215,276.111111111111,0,0
863010.0740854,863070.0740854,0,215,272.12962962963,0,0
863070.0740854,863130.0740854,0,215,268.148148148148,0,0
863130.0740854,863190.0740854,0,215,264.166666666667,0,0
863190.0740854,863250.0740854,0,215,260.185185185185,0,0
863250.0740854,863310.0740854,0,215,256.203703703704,0,0
863310.0740854,863370.0740854,0,215,252.222222222222,0,0
863370.0740854,863430.0740854,0,215,248.240740740741,0,0
863430.0740854,863490.0740854,0,215,244.259259259259,0,0
863490.0740854,863550.0740854,0,215,240.277777777778,0,0
863550.0740854,863610.0740854,0,215,236.296296296296,0,0
863610.0740854,863670.0740854,0,215,232.314814814815,0,0
863670.0740854,863718.418659727,0,215,229.106764357931,0,0
863718.418659727,863778.418659727,0,215,225.125282876449,0,0
863778.418659727,863838.418659727,0,215,221.143801394968,0,0
863838.418659727,863898.418659727,0,215,217.162319913486,0,0
863898.418659727,863958.418659727,0,215,213.180838432005,0,0
863958.418659727,864018.418659727,0,215,209.199356950523,0,0
864018.418659727,864078.418659727,0,215,205.217875469042,0,0
864078.418659727,864138.418659727,0,215,201.23639398756,0,0
864138.418659727,864198.418659727,0,215,197.254912506079,0,0
864198.418659727,864258.418659727,0,215,193.273431024597,0,0
864258.418659727,864318.418659727,0,215,189.291949543116,0,0
864318.418659727,864378.418659727,0,215,185.310468061634,0,0
864378.418659727,864438.418659727,0,215,181.328986580153,0,0
864438.418659727,864498.418659727,0,215,177.347505098671,0,0
864498.418659727,864558.418659727,0,215,173.36602361719,0,0
864558.418659727,864618.418659727,0,215,169.384542135708,0,0
864618.418659727,864678.418659727,0,215,165.403060654227,0,0
864678.418659727,864738.418659727,0,215,161.421579172745,0,0
864738.418659727,864786.763234054,0,215,158.213528715869,0,0
864786.763234054,864846.763234054,650,215,164.213528715869,0,0
864846.763234054,864906.763234054,650,215,170.213528715869,0,0
864906.763234054,864966.763234054,650,215,176.213528715869,0,0
864966.763234054,865026.763234054,650,215,182.213528715869,0,0
865026.763234054,865086.763234054,650,215,188.213528715869,0,0
865086.763234054,865146.763234054,650,215,194.213528715869,0,0
865146.763234054,865206.763234054,650,215,200.213528715869,0,0
865206.763234054,865266.763234054,650,215,206.213528715869,0,0
865266.763234054,865326.763234054,650,215,212.213528715869,0,0
865326.763234054,865386.763234054,650,215,218.213528715869,0,0
865386.763234054,865446.763234054,650,215,224.213528715869,0,0
865446.763234054,865506.763234054,650,215,230.213528715869,0,0
865506.763234054,865566.763234054,650,215,236.213528715869,0,0
865566.763234054,865626.763234054,650,215,242.213528715869,0,0
865626.763234054,865686.763234054,650,215,248.213528715869,0,0
865686.763234054,865746.763234054,650,215,254.213528715869,0,0
865746.763234054,865806.763234054,650,215,260.213528715869,0,0
865806.763234054,865866.763234054,650,215,266.213528715869,0,0
865866.763234054,865926.763234054,650,215,272.213528715869,0,0
865926.763234054,865986.763234054,650,215,278.213528715869,0,0
865986.763234054,866046.763234054,650,215,284.213528715869,0,0
866046.763234054,866106.763234054,650,215,290.213528715869,0,0
866106.763234054,866166.763234054,650,215,296.213528715869,0,0
866166.763234054,866226.763234054,650,215,300,0,0
866226.763234054,866286.763234054,650,215,300,0,0
866286.763234054,866346.763234054,650,215,300,0,0
866346.763234054,866406.763234054,650,215,300,0,0
866406.763234054,866466.763234054,650,215,300,0,0
866466.763234054,866526.763234054,650,215,300,0,0
866526.763234054,866586.763234054,650,215,300,0,0
866586.763234054,866587.915067235,650,215,300,0,0
866587.915067235,866647.915067235,650,215,300,0,0
866647.915067235,866707.915067235,650,215,300,0,0
866707.915067235,866767.915067235,650,215,300,0,0
866767.915067235,866827.915067235,650,215,300,0,0
866827.915067235,866887.915067235,650,215,300,0,0
866887.915067235,866947.915067235,650,215,300,0,0
866947.915067235,867007.915067235,650,215,300,0,0
867007.915067235,867067.915067235,650,215,300,0,0
867067.915067235,867127.915067235,650,215,300,0,0
867127.915067235,867187.915067235,650,215,300,0,0
867187.915067235,867247.915067235,650,215,300,0,0
867247.915067235,867307.915067235,650,215,300,0,0
867307.915067235,867367.915067235,650,215,300,0,0
867367.915067235,867427.915067235,650,215,300,0,0
867427.915067235,867487.915067235,650,215,300,0,0
867487.915067235,867547.915067235,650,215,300,0,0
867547.915067235,867607.915067235,650,215,300,0,0
867607.915067235,867667.915067235,650,215,300,0,0
867667.915067235,867727.915067235,650,215,300,0,0
867727.915067235,867787.915067235,650,215,300,0,0
867787.915067235,867847.915067235,650,215,300,0,0
867847.915067235,867907.915067235,650,215,300,0,0
867907.915067235,867967.915067235,650,215,300,0,0
867967.915067235,868027.915067235,650,215,300,0,0
868027.915067235,868087.915067235,650,215,300,0,0
868087.915067235,868147.915067235,650,215,300,0,0
868147.915067235,868207.915067235,650,215,300,0,0
868207.915067235,868267.915067235,650,215,300,0,0
868267.915067235,868327.915067235,650,215,300,0,0
868327.915067235,868387.915067235,650,215,300,0,0
868387.915067235,868389.066900415,650,215,300,0,0
868389.066900415,868449.066900415,0,215,296.018518518519,0,0
868449.066900415,868509.066900415,0,215,292.037037037037,0,0
868509.066900415,868569.066900415,0,215,288.055555555556,0,0
868569.066900415,868629.066900415,0,215,284.074074074074,0,0
868629.066900415,868689.066900415,0,215,280.092592592593,0,0
868689.066900415,868749.066900415,0,215,276.111111111111,0,0
868749.066900415,868809.066900415,0,215,272.12962962963,0,0
868809.066900415,868869.066900415,0,215,268.148148148148,0,0
868869.066900415,868929.066900415,0,215,264.166666666667,0,0
868929.066900415,868989.066900415,0,215,260.185185185185,0,0
868989.066900415,869049.066900415,0,215,256.203703703704,0,0
869049.066900415,869109.066900415,0,215,252.222222222222,0,0
869109.066900415,869169.066900415,0,215,248.240740740741,0,0
869169.066900415,869229.066900415,0,215,244.259259259259,0,0
869229.066900415,869289.066900415,0,215,240.277777777778,0,0
869289.066900415,869349.066900415,0,215,236.296296296296,0,0
869349.066900415,869409.066900415,0,215,232.314814814815,0,0
869409.066900415,869457.411474742,0,215,229.106764357931,0,0
869457.411474742,869517.411474742,0,215,225.125282876449,0,0
869517.411474742,869577.411474742,0,215,221.143801394968,0,0
869577.411474742,869637.411474742,0,215,217.162319913486,0,0
869637.411474742,869697.411474742,0,215,213.180838432005,0,0
869697.411474742,869757.411474742,0,215,209.199356950523,0,0
869757.411474742,869817.411474742,0,215,205.217875469042,0,0
869817.411474742,869877.411474742,0,215,201.23639398756,0,0
869877.411474742,869937.411474742,0,215,197.254912506079,0,0
869937.411474742,869997.411474742,0,215,193.273431024597,0,0
869997.411474742,870057.411474742,0,215,189.291949543116,0,0
870057.411474742,870117.411474742,0,215,185.310468061634,0,0
870117.411474742,870177.411474742,0,215,181.328986580153,0,0
870177.411474742,870237.411474742,0,215,177.347505098671,0,0
870237.411474742,870297.411474742,0,215,173.36602361719,0,0
870297.411474742,870357.411474742,0,215,169.384542135708,0,0
870357.411474742,870417.411474742,0,215,165.403060654227,0,0
870417.411474742,870477.411474742,0,215,161.421579172745,0,0
870477.411474742,870525.756049069,0,215,158.213528715869,0,0
870525.756049069,870585.756049069,650,215,164.213528715869,0,0
870585.756049069,870645.756049069,650,215,170.213528715869,0,0
870645.756049069,870705.756049069,650,215,176.213528715869,0,0
870705.756049069,870765.756049069,650,215,182.213528715869,0,0
870765.756049069,870825.756049069,650,215,188.213528715869,0,0
870825.756049069,870885.756049069,650,215,194.213528715869,0,0
870885.756049069,870945.756049069,650,215,200.213528715869,0,0
870945.756049069,871005.756049069,650,215,206.213528715869,0,0
871005.756049069,871065.756049069,650,215,212.213528715869,0,0
871065.756049069,871125.756049069,650,215,218.213528715869,0,0
871125.756049069,871185.756049069,650,215,224.213528715869,0,0
871185.756049069,871245.756049069,650,215,230.213528715869,0,0
871245.756049069,871305.756049069,650,215,236.213528715869,0,0
871305.756049069,871365.756049069,650,215,242.213528715869,0,0
871365.756049069,871425.756049069,650,215,248.213528715869,0,0
871425.756049069,871485.756049069,650,215,254.213528715869,0,0
871485.756049069,871545.756049069,650,215,260.213528715869,0,0
871545.756049069,871605.756049069,650,215,266.213528715869,0,0
871605.756049069,871665.756049069,650,215,272.213528715869,0,0
871665.756049069,871725.756049069,650,215,278.213528715869,0,0
871725.756049069,871785.756049069,650,215,284.213528715869,0,0
871785.756049069,871845.756049069,650,215,290.213528715869,0,0
871845.756049069,871905.756049069,650,215,296.213528715869,0,0
871905.756049069,871965.756049069,650,215,300,0,0
871965.756049069,872025.756049069,650,215,300,0,0
872025.756049069,872085.756049069,650,215,300,0,0
872085.756049069,872145.756049069,650,215,300,0,0
872145.756049069,872205.756049069,650,215,300,0,0
872205.756049069,872265.756049069,650,215,300,0,0
872265.756049069,872325.756049069,650,215,300,0,0
872325.756049069,872326.907882249,650,215,300,0,0
872326.907882249,872386.907882249,650,215,300,0,0
872386.907882249,872446.907882249,650,215,300,0,0
872446.907882249,872506.907882249,650,215,300,0,0
872506.907882249,872566.907882249,650,215,300,0,0
872566.907882249,872626.907882249,650,215,300,0,0
872626.907882249,872686.907882249,650,215,300,0,0
872686.907882249,872746.907882249,650,215,300,0,0
872746.907882249,872806.907882249,650,215,300,0,0
872806.907882249,872866.907882249,650,215,300,0,0
872866.907882249,872926.907882249,650,215,300,0,0
872926.907882249,872986.907882249,650,215,300,0,0
872986.907882249,873046.907882249,650,215,300,0,0
873046.907882249,873106.907882249,650,215,300,0,0
873106.907882249,873166.907882249,650,215,300,0,0
873166.907882249,873226.907882249,650,215,300,0,0
873226.907882249,873286.907882249,650,215,300,0,0
873286.907882249,873346.907882249,650,215,300,0,0
873346.907882249,873406.907882249,650,215,300,0,0
873406.907882249,873466.907882249,650,215,300,0,0
873466.907882249,873526.907882249,650,215,300,0,0
873526.907882249,873586.907882249,650,215,300,0,0
873586.907882249,873646.907882249,650,215,300,0,0
873646.907882249,873706.907882249,650,215,300,0,0
873706.907882249,873766.907882249,650,215,300,0,0
873766.907882249,873826.907882249,650,215,300,0,0
873826.907882249,873886.907882249,650,215,300,0,0
873886.907882249,873946.907882249,650,215,300,0,0
873946.907882249,874006.907882249,650,215,300,0,0
874006.907882249,874066.907882249,650,215,300,0,0
874066.907882249,874126.907882249,650,215,300,0,0
874126.907882249,874128.05971543,650,215,300,0,0
874128.05971543,874188.05971543,0,215,296.018518518519,0,0
874188.05971543,874248.05971543,0,215,292.037037037037,0,0
874248.05971543,874308.05971543,0,215,288.055555555556,0,0
874308.05971543,874368.05971543,0,215,284.074074074074,0,0
874368.05971543,874428.05971543,0,215,280.092592592593,0,0
874428.05971543,874488.05971543,0,215,276.111111111111,0,0
874488.05971543,874548.05971543,0,215,272.12962962963,0,0
874548.05971543,874608.05971543,0,215,268.148148148148,0,0
874608.05971543,874668.05971543,0,215,264.166666666667,0,0
874668.05971543,874728.05971543,0,215,260.185185185185,0,0
874728.05971543,874788.05971543,0,215,256.203703703704,0,0
874788.05971543,874848.05971543,0,215,252.222222222222,0,0
874848.05971543,874908.05971543,0,215,248.240740740741,0,0
874908.05971543,874968.05971543,0,215,244.259259259259,0,0
874968.05971543,875028.05971543,0,215,240.277777777778,0,0
875028.05971543,875088.05971543,0,215,236.296296296296,0,0
875088.05971543,875148.05971543,0,215,232.314814814815,0,0
875148.05971543,875196.404289757,0,215,229.106764357931,0,0
875196.404289757,875256.404289757,0,215,225.125282876449,0,0
875256.404289757,875316.404289757,0,215,221.143801394968,0,0
875316.404289757,875376.404289757,0,215,217.162319913486,0,0
875376.404289757,875436.404289757,0,215,213.180838432005,0,0
875436.404289757,875496.404289757,0,215,209.199356950523,0,0
875496.404289757,875556.404289757,0,215,205.217875469042,0,0
875556.404289757,875616.404289757,0,215,201.23639398756,0,0
875616.404289757,875676.404289757,0,215,197.254912506079,0,0
875676.404289757,875736.404289757,0,215,193.273431024597,0,0
875736.404289757,875796.404289757,0,215,189.291949543116,0,0
875796.404289757,875856.404289757,0,215,185.310468061634,0,0
875856.404289757,875916.404289757,0,215,181.328986580153,0,0
875916.404289757,875976.404289757,0,215,177.347505098671,0,0
875976.404289757,876036.404289757,0,215,173.36602361719,0,0
876036.404289757,876096.404289757,0,215,169.384542135708,0,0
876096.404289757,876156.404289757,0,215,165.403060654227,0,0
876156.404289757,876216.404289757,0,215,161.421579172745,0,0
876216.404289757,876264.748864084,0,215,158.213528715869,0,0
876264.748864084,876324.748864084,650,215,164.213528715869,0,0
876324.748864084,876384.748864084,650,215,170.213528715869,0,0
876384.748864084,876444.748864084,650,215,176.213528715869,0,0
876444.748864084,876504.748864084,650,215,182.213528715869,0,0
876504.748864084,876564.748864084,650,215,188.213528715869,0,0
876564.748864084,876624.748864084,650,215,194.213528715869,0,0
876624.748864084,876684.748864084,650,215,200.213528715869,0,0
876684.748864084,876744.748864084,650,215,206.213528715869,0,0
876744.748864084,876804.748864084,650,215,212.213528715869,0,0
876804.748864084,876864.748864084,650,215,218.213528715869,0,0
876864.748864084,876924.748864084,650,215,224.213528715869,0,0
876924.748864084,876984.748864084,650,215,230.213528715869,0,0
876984.748864084,877044.748864084,650,215,236.213528715869,0,0
877044.748864084,877104.748864084,650,215,242.213528715869,0,0
877104.748864084,877164.748864084,650,215,248.213528715869,0,0
877164.748864084,877224.748864084,650,215,254.213528715869,0,0
877224.748864084,877284.748864084,650,215,260.213528715869,0,0
877284.748864084,877344.748864084,650,215,266.213528715869,0,0
877344.748864084,877404.748864084,650,215,272.213528715869,0,0
877404.748864084,877464.748864084,650,215,278.213528715869,0,0
877464.748864084,877524.748864084,650,215,284.213528715869,0,0
877524.748864084,877584.748864084,650,215,290.213528715869,0,0
877584.748864084,877644.748864084,650,215,296.213528715869,0,0
877644.748864084,877704.748864084,650,215,300,0,0
877704.748864084,877764.748864084,650,215,300,0,0
877764.748864084,877824.748864084,650,215,300,0,0
877824.748864084,877884.748864084,650,215,300,0,0
877884.748864084,877944.748864084,650,215,300,0,0
877944.748864084,878004.748864084,650,215,300,0,0
878004.748864084,878064.748864084,650,215,300,0,0
878064.748864084,878065.900697264,650,215,300,0,0
878065.900697264,878125.900697264,650,215,300,0,0
878125.900697264,878185.900697264,650,215,300,0,0
878185.900697264,878245.900697264,650,215,300,0,0
878245.900697264,878305.900697264,650,215,300,0,0
878305.900697264,878365.900697264,650,215,300,0,0
878365.900697264,878425.900697264,650,215,300,0,0
878425.900697264,878485.900697264,650,215,300,0,0
878485.900697264,878545.900697264,650,215,300,0,0
878545.900697264,878605.900697264,650,215,300,0,0
878605.900697264,878665.900697264,650,215,300,0,0
878665.900697264,878725.900697264,650,215,300,0,0
878725.900697264,878785.900697264,650,215,300,0,0
878785.900697264,878845.900697264,650,215,300,0,0
878845.900697264,878905.900697264,650,215,300,0,0
878905.900697264,878965.900697264,650,215,300,0,0
878965.900697264,879025.900697264,650,215,300,0,0
879025.900697264,879085.900697264,650,215,300,0,0
879085.900697264,879145.900697264,650,215,300,0,0
879145.900697264,879205.900697264,650,215,300,0,0
879205.900697264,879265.900697264,650,215,300,0,0
879265.900697264,879325.900697264,650,215,300,0,0
879325.900697264,879385.900697264,650,215,300,0,0
879385.900697264,879445.900697264,650,215,300,0,0
879445.900697264,879505.900697264,650,215,300,0,0
879505.900697264,879565.900697264,650,215,300,0,0
879565.900697264,879625.900697264,650,215,300,0,0
879625.900697264,879685.900697264,650,215,300,0,0
879685.900697264,879745.900697264,650,215,300,0,0
879745.900697264,879805.900697264,650,215,300,0,0
879805.900697264,879865.900697264,650,215,300,0,0
879865.900697264,879867.052530445,650,215,300,0,0
879867.052530445,879927.052530445,0,215,296.018518518519,0,0
879927.052530445,879987.052530445,0,215,292.037037037037,0,0
879987.052530445,880047.052530445,0,215,288.055555555556,0,0
880047.052530445,880107.052530445,0,215,284.074074074074,0,0
880107.052530445,880167.052530445,0,215,280.092592592593,0,0
880167.052530445,880227.052530445,0,215,276.111111111111,0,0
880227.052530445,880287.052530445,0,215,272.12962962963,0,0
880287.052530445,880347.052530445,0,215,268.148148148148,0,0
880347.052530445,880407.052530445,0,215,264.166666666667,0,0
880407.052530445,880467.052530445,0,215,260.185185185185,0,0
880467.052530445,880527.052530445,0,215,256.203703703704,0,0
880527.052530445,880587.052530445,0,215,252.222222222222,0,0
880587.052530445,880647.052530445,0,215,248.240740740741,0,0
880647.052530445,880707.052530445,0,215,244.259259259259,0,0
880707.052530445,880767.052530445,0,215,240.277777777778,0,0
880767.052530445,880827.052530445,0,215,236.296296296296,0,0
880827.052530445,880887.052530445,0,215,232.314814814815,0,0
880887.052530445,880935.397104772,0,215,229.106764357931,0,0
880935.397104772,880995.397104772,0,215,225.125282876449,0,0
880995.397104772,881055.397104772,0,215,221.143801394968,0,0
881055.397104772,881115.397104772,0,215,217.162319913486,0,0
881115.397104772,881175.397104772,0,215,213.180838432005,0,0
881175.397104772,881235.397104772,0,215,209.199356950523,0,0
881235.397104772,881295.397104772,0,215,205.217875469042,0,0
881295.397104772,881355.397104772,0,215,201.23639398756,0,0
881355.397104772,881415.397104772,0,215,197.254912506079,0,0
881415.397104772,881475.397104772,0,215,193.273431024597,0,0
881475.397104772,881535.397104772,0,215,189.291949543116,0,0
881535.397104772,881595.397104772,0,215,185.310468061634,0,0
881595.397104772,881655.397104772,0,215,181.328986580153,0,0
881655.397104772,881715.397104772,0,215,177.347505098671,0,0
881715.397104772,881775.397104772,0,215,173.36602361719,0,0
881775.397104772,881835.397104772,0,215,169.384542135708,0,0
881835.397104772,881895.397104772,0,215,165.403060654227,0,0
881895.397104772,881955.397104772,0,215,161.421579172745,0,0
881955.397104772,882003.741679098,0,215,158.213528715869,0,0
882003.741679098,882063.741679098,650,215,164.213528715869,0,0
882063.741679098,882121.697756404,650,215,170.009136446429,0,0
